user_id,w1_sessions,w2_sessions,engagement_velocity,total_sessions_30d,total_active_days_30d,consistency_rate,streak_to_days_ratio,sessions_per_active_day,session_gap_std,max_streak_30d,workout_density,duration_per_session,feature_adoption_score,workouts_logged,social_ratio,social_actions,milestone_rate,milestones_hit,routine_encoded,age,habit_score,churned_30d,retained_long_term,persona
1,6.0,3.0,-0.42857142857142855,15,12,0.4,0.15384615384615385,1.1538461538461537,1.1281521496355325,2,0.8125,36.56,2.2512917986064953,13,0.9375,15,0.16666666666666666,1,5,65,0.6002083333333333,0,1,power_user
2,1.0,0.0,-0.5,1,1,0.03333333333333333,0.5,0.5,10.0,1,0.0,7.48,0.6931471805599453,0,0.0,0,0.0,0,5,64,0.11397207708399179,0,0,at_risk_user
3,2.0,5.0,1.0,11,11,0.36666666666666664,0.16666666666666666,0.9166666666666666,1.8408935028645435,2,0.5833333333333334,22.19,2.0149030205422647,7,0.75,9,0.16666666666666666,1,2,51,0.5141666666666667,0,1,consistent_user
4,1.0,0.0,-0.5,6,5,0.16666666666666666,0.3333333333333333,1.0,5.887840577551898,2,0.2857142857142857,10.39,1.0986122886681098,2,0.14285714285714285,1,0.0,0,4,52,0.2857142857142857,0,0,casual_user
5,4.0,0.0,-0.8,4,3,0.1,0.25,1.0,0.7071067811865476,1,0.2,9.34,1.55814461804655,1,0.6,3,0.0,0,5,38,0.29000000000000004,1,0,casual_user
6,1.0,2.0,0.5,10,9,0.3,0.2,1.0,2.416461403433896,2,0.36363636363636365,10.54,1.791759469228055,4,0.5454545454545454,6,0.16666666666666666,1,0,34,0.4187878787878788,0,0,casual_user
7,0.0,0.0,0.0,0,0,0.0,0.0,0.0,10.0,0,0.0,0.0,0.0,0,0.0,0,0.0,0,5,35,0.0,1,0,at_risk_user
8,5.0,4.0,-0.16666666666666666,19,17,0.5666666666666667,0.2222222222222222,1.0555555555555556,0.9105858919765157,4,0.7,34.77,2.322387720290225,14,0.95,19,0.3333333333333333,2,3,50,0.6566666666666666,0,1,power_user
9,0.0,0.0,0.0,1,1,0.03333333333333333,0.5,0.5,10.0,1,0.0,3.68,0.0,0,0.0,0,0.0,0,2,35,0.01,0,0,at_risk_user
10,3.0,2.0,-0.25,12,11,0.36666666666666664,0.16666666666666666,1.0,1.7919573407620817,2,0.46153846153846156,17.97,1.8458266904983307,6,0.7692307692307693,10,0.16666666666666666,1,1,44,0.4856410256410256,0,1,consistent_user
11,0.0,0.0,0.0,0,0,0.0,0.0,0.0,10.0,0,0.0,0.0,0.0,0,0.0,0,0.0,0,3,31,0.0,1,0,at_risk_user
12,1.0,0.0,-0.5,3,3,0.1,0.5,0.75,11.313708498984761,2,0.25,9.25,1.791759469228055,1,0.25,1,0.0,0,0,35,0.26749999999999996,0,0,casual_user
13,4.0,3.0,-0.2,15,12,0.4,0.3076923076923077,1.1538461538461537,2.769968821616459,4,0.375,23.91,2.0149030205422647,6,0.4375,7,0.3333333333333333,2,1,25,0.4741666666666666,0,1,consistent_user
14,2.0,2.0,0.0,7,7,0.23333333333333334,0.25,0.875,4.875106836436168,2,0.25,10.94,1.791759469228055,2,0.5,4,0.0,0,5,34,0.3325,0,0,casual_user
15,5.0,2.0,-0.5,9,8,0.26666666666666666,0.2222222222222222,1.0,1.3801311186847083,2,0.2,11.24,1.5686159179138452,2,0.5,5,0.0,0,1,33,0.32999999999999996,0,0,casual_user
16,2.0,4.0,0.6666666666666666,18,13,0.43333333333333335,0.2857142857142857,1.2857142857142858,2.059714602177749,4,0.7368421052631579,34.86,2.4849066497880004,14,0.8421052631578947,16,0.3333333333333333,2,4,46,0.6150877192982456,0,1,power_user
17,0.0,2.0,2.0,3,3,0.1,0.5,0.75,2.8284271247461903,2,0.25,9.54,0.0,1,0.0,0,0.0,0,3,53,0.0925,1,0,casual_user
18,0.0,0.0,0.0,0,0,0.0,0.0,0.0,10.0,0,0.0,0.0,0.0,0,0.0,0,0.0,0,4,41,0.0,1,0,at_risk_user
19,4.0,2.0,-0.4,11,10,0.3333333333333333,0.18181818181818182,1.0,1.5811388300841898,2,0.3333333333333333,21.92,1.9810014688665833,4,0.5833333333333334,7,0.16666666666666666,1,0,31,0.42499999999999993,0,1,consistent_user
20,3.0,4.0,0.25,7,5,0.16666666666666666,0.16666666666666666,1.1666666666666667,0.816496580927726,1,0.375,25.29,2.0794415416798357,3,0.25,2,0.0,0,2,35,0.31875,1,0,consistent_user
21,6.0,2.0,-0.5714285714285714,18,15,0.5,0.25,1.125,1.439245834257849,4,0.631578947368421,20.64,2.1785324443240666,12,0.631578947368421,12,0.5,3,0,29,0.6210526315789473,0,1,consistent_user
22,2.0,1.0,-0.3333333333333333,3,3,0.1,0.25,0.75,0.0,1,0.5,9.31,1.6094379124341003,2,0.5,2,0.0,0,1,42,0.355,1,0,casual_user
23,0.0,3.0,3.0,7,7,0.23333333333333334,0.5,0.875,2.401388487243717,4,0.5,9.74,0.0,4,0.375,3,0.16666666666666666,1,5,49,0.26583333333333337,0,0,casual_user
24,4.0,2.0,-0.4,16,14,0.4666666666666667,0.2,1.0666666666666667,0.9128709291752769,3,0.5882352941176471,34.62,2.327277705584417,10,0.8823529411764706,15,0.16666666666666666,1,3,27,0.5586274509803921,0,1,power_user
25,4.0,3.0,-0.2,17,16,0.5333333333333333,0.35294117647058826,1.0,0.9611501047232549,6,0.7222222222222222,37.41,2.3513752571634776,13,0.8888888888888888,16,0.3333333333333333,2,2,42,0.6461111111111111,0,1,power_user
26,4.0,3.0,-0.2,17,13,0.43333333333333335,0.21428571428571427,1.2142857142857142,1.1934162828797101,3,0.5555555555555556,22.34,2.0149030205422647,10,0.4444444444444444,8,0.3333333333333333,2,5,52,0.53,0,1,consistent_user
27,2.0,0.0,-0.6666666666666666,5,5,0.16666666666666666,0.3333333333333333,0.8333333333333334,3.593976442141304,2,0.16666666666666666,11.36,1.7047480922384253,1,0.5,3,0.0,0,5,63,0.29166666666666663,0,0,casual_user
28,2.0,5.0,1.0,11,10,0.3333333333333333,0.18181818181818182,1.0,2.758824226207808,2,0.6666666666666666,25.08,2.1400661634962708,8,0.6666666666666666,8,0.16666666666666666,1,0,61,0.5166666666666666,0,1,consistent_user
29,0.0,2.0,2.0,2,1,0.03333333333333333,0.5,1.0,10.0,1,0.0,5.34,0.0,0,0.0,0,0.0,0,3,33,0.01,1,0,at_risk_user
30,1.0,4.0,1.5,12,11,0.36666666666666664,0.25,1.0,1.3374935098492586,3,0.23076923076923078,9.89,1.6094379124341003,3,0.7692307692307693,10,0.3333333333333333,2,0,53,0.46128205128205124,0,0,casual_user
31,1.0,0.0,-0.5,1,1,0.03333333333333333,0.5,0.5,10.0,1,0.5,5.03,1.3862943611198906,1,0.5,1,0.0,0,4,60,0.33499999999999996,1,0,at_risk_user
32,1.0,0.0,-0.5,1,1,0.03333333333333333,0.5,0.5,10.0,1,0.5,3.08,1.3862943611198906,1,0.0,0,0.0,0,5,48,0.28500000000000003,1,0,at_risk_user
33,2.0,2.0,0.0,4,4,0.13333333333333333,0.2,0.8,1.5275252316519465,1,0.2,10.72,1.791759469228055,1,0.6,3,0.0,0,0,24,0.3,1,0,casual_user
34,1.0,0.0,-0.5,1,1,0.03333333333333333,0.5,0.5,10.0,1,0.0,2.68,1.0986122886681098,0,0.0,0,0.0,0,1,30,0.16,1,0,at_risk_user
35,3.0,0.0,-0.75,10,9,0.3,0.2,1.0,3.3273756282434617,2,0.2727272727272727,9.35,1.2039728043259361,3,0.36363636363636365,4,0.16666666666666666,1,1,36,0.37787878787878787,0,0,casual_user
36,2.0,4.0,0.6666666666666666,11,11,0.36666666666666664,0.16666666666666666,0.9166666666666666,1.6193277068654826,2,0.25,22.4,1.791759469228055,3,0.5833333333333334,7,0.16666666666666666,1,0,38,0.4141666666666667,0,1,consistent_user
37,3.0,0.0,-0.75,4,3,0.1,0.25,1.0,3.5355339059327378,1,0.4,9.25,1.6094379124341003,2,0.2,1,0.0,0,3,20,0.30000000000000004,1,0,casual_user
38,7.0,5.0,-0.25,25,22,0.7333333333333333,0.2608695652173913,1.0869565217391304,0.5773502691896257,6,0.8076923076923077,34.64,2.316769727986002,21,0.9615384615384616,25,0.6666666666666666,4,1,23,0.8014102564102564,0,1,power_user
39,1.0,1.0,0.0,17,13,0.43333333333333335,0.42857142857142855,1.2142857142857142,2.1033883198882757,6,0.6666666666666666,20.32,2.0794415416798357,12,0.7222222222222222,13,0.3333333333333333,2,2,20,0.5855555555555555,0,1,consistent_user
40,3.0,4.0,0.25,16,14,0.4666666666666667,0.2,1.0666666666666667,1.9215378456610455,3,0.8235294117647058,35.61,2.3978952727983707,14,0.9411764705882353,16,0.6666666666666666,4,0,63,0.7233333333333333,0,1,power_user
41,0.0,1.0,1.0,2,2,0.06666666666666667,0.3333333333333333,0.6666666666666666,10.0,1,0.3333333333333333,10.99,0.0,1,0.6666666666666666,2,0.0,0,5,39,0.16999999999999998,1,0,casual_user
42,6.0,3.0,-0.42857142857142855,15,10,0.3333333333333333,0.18181818181818182,1.3636363636363635,3.5355339059327378,2,0.5,21.04,1.8458266904983307,8,0.4375,7,0.16666666666666666,1,1,64,0.4520833333333333,0,1,consistent_user
43,2.0,3.0,0.3333333333333333,12,11,0.36666666666666664,0.25,1.0,2.057506581601462,3,0.6923076923076923,22.99,1.791759469228055,9,0.6153846153846154,8,0.3333333333333333,2,5,20,0.5612820512820512,0,1,consistent_user
44,6.0,3.0,-0.42857142857142855,18,16,0.5333333333333333,0.23529411764705882,1.0588235294117647,0.6324555320336759,4,0.631578947368421,34.65,2.4277482359480516,12,0.8947368421052632,17,0.3333333333333333,2,3,39,0.6240350877192982,0,1,power_user
45,0.0,3.0,3.0,6,6,0.2,0.2857142857142857,0.8571428571428571,3.7815340802378072,2,0.2857142857142857,7.85,0.0,2,0.5714285714285714,4,0.0,0,4,44,0.18857142857142856,0,0,casual_user
46,1.0,0.0,-0.5,6,6,0.2,0.14285714285714285,0.8571428571428571,3.768288736283355,1,0.2857142857142857,9.82,1.3862943611198906,2,0.5714285714285714,4,0.0,0,5,18,0.3385714285714285,0,0,casual_user
47,5.0,4.0,-0.16666666666666666,15,13,0.43333333333333335,0.2857142857142857,1.0714285714285714,1.4222261679238197,4,0.5625,21.22,1.8562979903656263,9,0.5625,9,0.3333333333333333,2,2,19,0.5435416666666667,0,1,consistent_user
48,6.0,4.0,-0.2857142857142857,18,15,0.5,0.25,1.125,1.6854255666327542,4,0.5263157894736842,21.06,2.03688192726104,10,0.8421052631578947,16,0.6666666666666666,4,3,42,0.6491228070175438,0,1,consistent_user
49,1.0,1.0,0.0,2,2,0.06666666666666667,0.3333333333333333,0.6666666666666666,10.0,1,0.0,6.71,1.3862943611198906,0,0.0,0,0.0,0,4,55,0.16999999999999998,1,0,at_risk_user
50,1.0,1.0,0.0,2,2,0.06666666666666667,0.3333333333333333,0.6666666666666666,10.0,1,0.0,13.25,1.0986122886681098,0,0.3333333333333333,1,0.0,0,2,31,0.2033333333333333,1,0,casual_user
51,0.0,1.0,1.0,2,2,0.06666666666666667,0.3333333333333333,0.6666666666666666,10.0,1,0.0,5.09,0.0,0,0.3333333333333333,1,0.0,0,5,18,0.05333333333333333,1,0,at_risk_user
52,0.0,0.0,0.0,0,0,0.0,0.0,0.0,10.0,0,0.0,0.0,0.0,0,0.0,0,0.0,0,1,65,0.0,1,0,at_risk_user
53,2.0,1.0,-0.3333333333333333,3,3,0.1,0.5,0.75,3.5355339059327378,2,0.0,12.07,1.252762968495368,0,0.5,2,0.0,0,5,23,0.22999999999999998,1,0,casual_user
54,3.0,3.0,0.0,13,9,0.3,0.2,1.3,1.7677669529663689,2,0.21428571428571427,22.07,1.9459101490553132,3,0.8571428571428571,12,0.0,0,3,32,0.3792857142857143,0,1,consistent_user
55,2.0,1.0,-0.3333333333333333,4,4,0.13333333333333333,0.4,0.8,5.507570547286102,2,0.0,4.2,1.252762968495368,0,0.4,2,0.0,0,3,20,0.23,1,0,at_risk_user
56,0.0,3.0,3.0,9,9,0.3,0.3,0.9,1.8468119248354136,3,0.2,9.95,0.0,2,0.8,8,0.16666666666666666,1,1,39,0.25333333333333335,0,0,casual_user
57,1.0,1.0,0.0,5,5,0.16666666666666666,0.16666666666666666,0.8333333333333334,2.3804761428476167,1,0.0,9.32,1.0986122886681098,0,0.3333333333333333,2,0.0,0,2,18,0.23333333333333334,0,0,casual_user
58,3.0,5.0,0.5,17,15,0.5,0.1875,1.0625,1.2688144505364485,3,0.5555555555555556,31.76,2.302585092994046,10,0.8333333333333334,15,0.5,3,1,32,0.6222222222222222,0,1,power_user
59,1.0,0.0,-0.5,5,5,0.16666666666666666,0.16666666666666666,0.8333333333333334,4.5,1,0.0,4.85,1.3862943611198906,0,0.5,3,0.0,0,0,49,0.25,0,0,at_risk_user
60,1.0,0.0,-0.5,1,1,0.03333333333333333,0.5,0.5,10.0,1,0.0,6.96,1.3862943611198906,0,0.0,0,0.0,0,3,54,0.16,1,0,casual_user
61,3.0,6.0,0.75,15,12,0.4,0.23076923076923078,1.1538461538461537,2.292279532375023,3,0.5,35.22,2.4277482359480516,8,0.8125,13,0.3333333333333333,2,2,61,0.5429166666666666,0,1,power_user
62,3.0,0.0,-0.75,11,10,0.3333333333333333,0.18181818181818182,1.0,3.100179206289712,2,0.5833333333333334,23.47,2.0794415416798357,7,0.6666666666666666,8,0.16666666666666666,1,0,33,0.49583333333333335,0,1,consistent_user
63,4.0,2.0,-0.4,7,7,0.23333333333333334,0.25,0.875,1.9407902170679516,2,0.375,21.28,1.9810014688665833,3,0.875,7,0.0,0,5,37,0.40125,1,0,consistent_user
64,1.0,5.0,2.0,13,11,0.36666666666666664,0.3333333333333333,1.0833333333333333,2.0575065816014617,4,0.35714285714285715,24.12,1.6094379124341003,5,0.5714285714285714,8,0.16666666666666666,1,3,44,0.4397619047619048,0,1,consistent_user
65,1.0,2.0,0.5,3,3,0.1,0.5,0.75,2.1213203435596424,2,0.25,7.53,1.0986122886681098,1,0.5,2,0.0,0,3,44,0.2925,1,0,at_risk_user
66,2.0,3.0,0.3333333333333333,5,4,0.13333333333333333,0.4,1.0,1.5275252316519465,2,0.0,10.46,1.0986122886681098,0,0.3333333333333333,2,0.0,0,0,32,0.22333333333333333,1,0,casual_user
67,4.0,6.0,0.4,16,16,0.5333333333333333,0.4117647058823529,0.9411764705882353,2.31352133173242,7,0.7058823529411765,33.95,2.3978952727983707,12,0.9411764705882353,16,0.6666666666666666,4,0,32,0.713921568627451,0,1,power_user
68,1.0,1.0,0.0,8,7,0.23333333333333334,0.25,1.0,2.588435821108957,2,0.0,9.89,1.0986122886681098,0,0.3333333333333333,3,0.0,0,3,51,0.2533333333333333,0,0,casual_user
69,1.0,1.0,0.0,2,2,0.06666666666666667,0.3333333333333333,0.6666666666666666,10.0,1,0.3333333333333333,8.28,1.6094379124341003,1,0.0,0,0.0,0,1,43,0.2533333333333333,1,0,casual_user
70,2.0,1.0,-0.3333333333333333,6,6,0.2,0.2857142857142857,0.8571428571428571,3.96232255123179,2,0.42857142857142855,9.46,1.6094379124341003,3,0.42857142857142855,3,0.0,0,2,18,0.36,0,0,casual_user
71,4.0,2.0,-0.4,14,12,0.4,0.23076923076923078,1.0769230769230769,1.689540012709215,3,0.4,22.13,2.0476928433652555,6,0.8,12,0.3333333333333333,2,2,36,0.5166666666666667,0,1,consistent_user
72,0.0,1.0,1.0,2,2,0.06666666666666667,0.3333333333333333,0.6666666666666666,10.0,1,0.0,5.03,0.0,0,0.0,0,0.0,0,1,47,0.02,0,0,at_risk_user
73,2.0,1.0,-0.3333333333333333,3,3,0.1,0.5,0.75,3.5355339059327378,2,0.25,11.18,1.5040773967762742,1,0.25,1,0.0,0,4,29,0.26749999999999996,1,0,casual_user
74,4.0,4.0,0.0,14,11,0.36666666666666664,0.16666666666666666,1.1666666666666667,1.8287822299126937,2,0.13333333333333333,21.42,1.791759469228055,2,0.7333333333333333,11,0.16666666666666666,1,2,18,0.39999999999999997,0,1,consistent_user
75,3.0,3.0,0.0,6,6,0.2,0.2857142857142857,0.8571428571428571,0.8366600265340756,2,0.2857142857142857,23.38,1.791759469228055,2,0.5714285714285714,4,0.0,0,2,33,0.3385714285714285,1,0,consistent_user
76,3.0,2.0,-0.25,6,6,0.2,0.2857142857142857,0.8571428571428571,1.3038404810405297,2,0.14285714285714285,21.9,2.1594842493533726,1,0.7142857142857143,5,0.0,0,3,31,0.31714285714285717,1,0,consistent_user
77,2.0,3.0,0.3333333333333333,12,10,0.3333333333333333,0.2727272727272727,1.0909090909090908,1.7320508075688772,3,0.3076923076923077,9.9,1.5040773967762742,4,0.46153846153846156,6,0.16666666666666666,1,0,55,0.4064102564102564,0,0,casual_user
78,2.0,2.0,0.0,4,4,0.13333333333333333,0.2,0.8,1.7320508075688772,1,0.4,12.24,1.6094379124341003,2,0.0,0,0.0,0,4,45,0.29000000000000004,1,0,casual_user
79,1.0,1.0,0.0,6,6,0.2,0.14285714285714285,0.8571428571428571,2.588435821108957,1,0.2857142857142857,8.53,1.0986122886681098,2,0.2857142857142857,2,0.0,0,5,34,0.31,0,0,casual_user
80,5.0,2.0,-0.5,12,11,0.36666666666666664,0.3333333333333333,1.0,2.5407785333546005,4,0.6923076923076923,32.45,2.341805806147327,9,0.8461538461538461,11,0.3333333333333333,2,5,64,0.5843589743589743,0,1,power_user
81,2.0,3.0,0.3333333333333333,6,6,0.2,0.2857142857142857,0.8571428571428571,1.0,2,0.42857142857142855,11.38,1.5040773967762742,3,0.7142857142857143,5,0.0,0,0,55,0.38857142857142857,1,0,casual_user
82,0.0,1.0,1.0,1,1,0.03333333333333333,0.5,0.5,10.0,1,0.0,12.47,0.0,0,0.5,1,0.0,0,0,36,0.060000000000000005,1,0,casual_user
83,3.0,3.0,0.0,7,6,0.2,0.2857142857142857,1.0,2.280350850198276,2,0.125,10.78,1.3862943611198906,1,0.5,4,0.0,0,5,42,0.29125,1,0,casual_user
84,1.0,0.0,-0.5,3,2,0.06666666666666667,0.3333333333333333,1.0,10.0,1,0.0,3.62,1.0986122886681098,0,0.0,0,0.0,0,1,19,0.16999999999999998,1,0,at_risk_user
85,8.0,5.0,-0.3333333333333333,22,17,0.5666666666666667,0.2777777777777778,1.2222222222222223,1.2230426539304888,5,0.7391304347826086,34.72,2.3632097148104805,17,0.9130434782608695,21,0.3333333333333333,2,0,43,0.6627536231884058,0,1,power_user
86,4.0,1.0,-0.6,13,10,0.3333333333333333,0.18181818181818182,1.1818181818181819,2.5,2,0.21428571428571427,22.4,2.0149030205422647,3,0.5,7,0.16666666666666666,1,3,37,0.38690476190476186,0,1,consistent_user
87,2.0,1.0,-0.3333333333333333,7,7,0.23333333333333334,0.25,0.875,3.386246693120078,2,0.375,10.01,1.0986122886681098,3,0.5,4,0.0,0,2,51,0.36375,0,0,casual_user
88,0.0,3.0,3.0,7,7,0.23333333333333334,0.25,0.875,2.5298221281347035,2,0.0,8.84,0.0,0,0.375,3,0.0,0,4,48,0.1075,0,0,casual_user
89,2.0,6.0,1.3333333333333333,17,15,0.5,0.1875,1.0625,1.8171950369175573,3,0.7222222222222222,34.05,2.4849066497880004,13,0.9444444444444444,17,0.5,3,4,64,0.675,0,1,power_user
90,0.0,1.0,1.0,5,5,0.16666666666666666,0.3333333333333333,0.8333333333333334,2.581988897471611,2,0.3333333333333333,10.75,0.0,2,0.3333333333333333,2,0.0,0,0,33,0.16666666666666666,0,0,casual_user
91,6.0,3.0,-0.42857142857142855,19,16,0.5333333333333333,0.23529411764705882,1.1176470588235294,0.9411239481143203,4,0.4,20.98,2.0583881324820035,8,0.65,13,0.3333333333333333,2,2,49,0.5416666666666666,0,1,consistent_user
92,4.0,1.0,-0.6,5,4,0.13333333333333333,0.4,1.0,2.0,2,0.16666666666666666,9.99,1.7047480922384253,1,0.5,3,0.0,0,3,65,0.2816666666666666,1,0,casual_user
93,2.0,0.0,-0.6666666666666666,2,2,0.06666666666666667,0.3333333333333333,0.6666666666666666,10.0,1,0.0,8.93,1.0986122886681098,0,0.3333333333333333,1,0.0,0,3,39,0.2033333333333333,1,0,casual_user
94,2.0,2.0,0.0,13,10,0.3333333333333333,0.45454545454545453,1.1818181818181819,2.4209731743889917,5,0.5714285714285714,22.16,1.8718021769015913,8,0.5714285714285714,8,0.3333333333333333,2,2,42,0.5166666666666666,0,1,consistent_user
95,4.0,2.0,-0.4,13,9,0.3,0.3,1.3,1.5059406173077154,3,0.35714285714285715,21.84,1.9095425048844386,5,0.6428571428571429,9,0.3333333333333333,2,3,43,0.4602380952380952,0,1,consistent_user
96,2.0,0.0,-0.6666666666666666,3,3,0.1,0.25,0.75,4.949747468305833,1,0.25,24.07,1.791759469228055,1,0.5,2,0.0,0,3,49,0.2925,1,0,consistent_user
97,0.0,2.0,2.0,5,3,0.1,0.25,1.25,1.4142135623730951,1,0.0,8.54,0.0,0,0.6666666666666666,4,0.0,0,3,40,0.09666666666666666,1,0,casual_user
98,2.0,1.0,-0.3333333333333333,4,4,0.13333333333333333,0.2,0.8,4.725815626252609,1,0.2,9.35,1.7047480922384253,1,0.6,3,0.0,0,4,43,0.3,1,0,casual_user
99,0.0,0.0,0.0,0,0,0.0,0.0,0.0,10.0,0,0.0,0.0,0.0,0,0.0,0,0.0,0,3,65,0.0,1,0,at_risk_user
100,4.0,2.0,-0.4,9,7,0.23333333333333334,0.25,1.125,2.5625508125043424,2,0.4,11.6,1.749199854809259,4,0.5,5,0.0,0,3,36,0.37,0,0,casual_user
101,1.0,2.0,0.5,6,6,0.2,0.14285714285714285,0.8571428571428571,1.0,1,0.14285714285714285,12.18,1.0986122886681098,1,0.7142857142857143,5,0.0,0,4,25,0.31714285714285717,0,0,casual_user
102,2.0,1.0,-0.3333333333333333,9,8,0.26666666666666666,0.2222222222222222,1.0,1.5735915849388864,2,0.6,22.56,2.0794415416798357,6,0.7,7,0.0,0,5,35,0.44999999999999996,0,1,consistent_user
103,1.0,1.0,0.0,2,2,0.06666666666666667,0.3333333333333333,0.6666666666666666,10.0,1,0.3333333333333333,6.32,1.0986122886681098,1,0.3333333333333333,1,0.0,0,0,36,0.2866666666666666,1,0,at_risk_user
104,3.0,3.0,0.0,8,8,0.26666666666666666,0.3333333333333333,0.8888888888888888,5.131601439446884,3,0.4444444444444444,10.24,1.2992829841302609,4,0.5555555555555556,5,0.16666666666666666,1,3,49,0.43000000000000005,0,0,casual_user
105,1.0,2.0,0.5,5,5,0.16666666666666666,0.16666666666666666,0.8333333333333334,1.707825127659933,1,0.3333333333333333,9.71,1.3862943611198906,2,0.3333333333333333,2,0.0,0,1,39,0.31666666666666665,0,0,casual_user
106,1.0,1.0,0.0,4,4,0.13333333333333333,0.2,0.8,5.131601439446884,1,0.4,10.22,1.791759469228055,2,0.4,2,0.0,0,2,21,0.33,0,0,casual_user
107,1.0,0.0,-0.5,1,1,0.03333333333333333,0.5,0.5,10.0,1,0.0,3.84,1.0986122886681098,0,0.0,0,0.0,0,1,38,0.16,1,0,at_risk_user
108,4.0,0.0,-0.8,4,4,0.13333333333333333,0.4,0.8,0.5773502691896257,2,0.2,4.47,1.3217558399823195,1,0.2,1,0.0,0,2,33,0.26,0,0,at_risk_user
109,6.0,3.0,-0.42857142857142855,17,14,0.4666666666666667,0.2,1.1333333333333333,1.3445044840729643,3,0.6666666666666666,22.49,1.7047480922384253,12,0.8333333333333334,15,0.5,3,0,62,0.64,0,1,consistent_user
110,4.0,2.0,-0.4,12,11,0.36666666666666664,0.16666666666666666,1.0,1.3374935098492586,2,0.6153846153846154,21.13,1.791759469228055,8,0.7692307692307693,10,0.0,0,4,37,0.49076923076923074,0,1,consistent_user
111,3.0,6.0,0.75,16,13,0.43333333333333335,0.35714285714285715,1.1428571428571428,1.4433756729740643,5,0.47058823529411764,22.95,1.8971199848858813,8,0.9411764705882353,16,0.3333333333333333,2,2,18,0.5584313725490196,0,1,consistent_user
112,4.0,5.0,0.2,15,13,0.43333333333333335,0.21428571428571427,1.0714285714285714,1.6143297699232972,3,0.375,20.93,2.0149030205422647,6,0.75,12,0.3333333333333333,2,5,27,0.5154166666666666,0,1,consistent_user
113,1.0,2.0,0.5,9,8,0.26666666666666666,0.2222222222222222,1.0,2.7516228977511745,2,0.3,12.45,1.791759469228055,3,0.4,4,0.0,0,2,51,0.345,0,0,casual_user
114,3.0,5.0,0.5,15,11,0.36666666666666664,0.25,1.25,1.0327955589886444,3,0.375,21.81,1.791759469228055,6,0.6875,11,0.3333333333333333,2,3,46,0.48916666666666664,0,1,consistent_user
115,1.0,3.0,1.0,8,7,0.23333333333333334,0.25,1.0,2.5298221281347035,2,0.2222222222222222,10.09,1.6094379124341003,2,0.4444444444444444,4,0.0,0,1,38,0.31999999999999995,0,0,casual_user
116,3.0,5.0,0.5,11,8,0.26666666666666666,0.2222222222222222,1.2222222222222223,4.353433237386437,2,0.5833333333333334,21.31,2.03688192726104,7,0.5833333333333334,7,0.16666666666666666,1,0,29,0.4675,0,1,consistent_user
117,1.0,0.0,-0.5,4,4,0.13333333333333333,0.4,0.8,4.041451884327381,2,0.4,10.11,1.3862943611198906,2,0.2,1,0.0,0,3,24,0.31000000000000005,0,0,casual_user
118,2.0,2.0,0.0,4,4,0.13333333333333333,0.2,0.8,2.0816659994661326,1,0.4,10.84,1.3862943611198906,2,0.4,2,0.0,0,5,25,0.33,1,0,casual_user
119,3.0,3.0,0.0,10,9,0.3,0.2,1.0,3.070597894314954,2,0.2727272727272727,10.43,1.6739764335716716,3,0.5454545454545454,6,0.16666666666666666,1,0,31,0.396060606060606,0,0,casual_user
120,1.0,4.0,1.5,12,10,0.3333333333333333,0.2727272727272727,1.0909090909090908,2.758824226207808,3,0.15384615384615385,10.33,1.6094379124341003,2,0.3076923076923077,4,0.3333333333333333,2,1,44,0.38589743589743586,0,0,casual_user
121,1.0,1.0,0.0,2,2,0.06666666666666667,0.3333333333333333,0.6666666666666666,10.0,1,0.0,3.13,0.6931471805599453,0,0.0,0,0.0,0,3,35,0.1239720770839918,1,0,at_risk_user
122,3.0,2.0,-0.25,12,11,0.36666666666666664,0.25,1.0,2.378141197564929,3,0.38461538461538464,21.05,1.7346010553881064,5,0.8461538461538461,11,0.3333333333333333,2,5,39,0.5074358974358975,0,1,consistent_user
123,2.0,3.0,0.3333333333333333,10,9,0.3,0.2,1.0,1.5118578920369088,2,0.09090909090909091,9.98,1.7047480922384253,1,0.5454545454545454,6,0.16666666666666666,1,4,49,0.3506060606060606,0,0,casual_user
124,4.0,3.0,-0.2,14,11,0.36666666666666664,0.3333333333333333,1.1666666666666667,2.270584848790187,4,0.4,10.15,1.5040773967762742,6,0.5333333333333333,8,0.16666666666666666,1,4,62,0.44666666666666666,0,0,casual_user
125,5.0,2.0,-0.5,10,9,0.3,0.3,1.0,2.5071326821120348,3,0.2727272727272727,22.88,1.9740810260220096,3,0.7272727272727273,8,0.3333333333333333,2,4,21,0.4475757575757576,0,1,consistent_user
126,1.0,0.0,-0.5,1,1,0.03333333333333333,0.5,0.5,10.0,1,0.5,7.88,1.3862943611198906,1,0.0,0,0.0,0,4,25,0.28500000000000003,1,0,at_risk_user
127,1.0,2.0,0.5,3,3,0.1,0.5,0.75,2.8284271247461903,2,0.0,25.04,1.6094379124341003,0,0.25,1,0.0,0,0,56,0.205,1,0,consistent_user
128,0.0,0.0,0.0,4,4,0.13333333333333333,0.2,0.8,0.5773502691896258,1,0.2,13.97,0.0,1,0.2,1,0.0,0,3,44,0.11,0,0,casual_user
129,2.0,1.0,-0.3333333333333333,3,3,0.1,0.25,0.75,2.8284271247461903,1,0.0,5.12,1.0986122886681098,0,0.25,1,0.0,0,1,18,0.205,1,0,at_risk_user
130,3.0,3.0,0.0,17,16,0.5333333333333333,0.29411764705882354,1.0,1.3020130933435712,5,0.7222222222222222,36.34,2.3978952727983707,13,0.9444444444444444,17,0.6666666666666666,4,0,50,0.7183333333333334,0,1,power_user
131,6.0,3.0,-0.42857142857142855,17,13,0.43333333333333335,0.14285714285714285,1.2142857142857142,1.4222261679238197,2,0.8333333333333334,34.25,2.512305623976115,15,0.8888888888888888,16,0.16666666666666666,1,2,52,0.6105555555555556,0,1,power_user
132,4.0,1.0,-0.6,9,8,0.26666666666666666,0.3333333333333333,1.0,2.340126166724879,3,0.2,9.0,1.55814461804655,2,0.6,6,0.16666666666666666,1,4,18,0.3733333333333333,0,0,casual_user
133,1.0,1.0,0.0,2,2,0.06666666666666667,0.3333333333333333,0.6666666666666666,10.0,1,0.0,5.04,1.3862943611198906,0,0.3333333333333333,1,0.0,0,0,56,0.2033333333333333,1,0,at_risk_user
134,1.0,4.0,1.5,8,7,0.23333333333333334,0.25,1.0,2.449489742783178,2,0.6666666666666666,20.82,2.1972245773362196,6,0.6666666666666666,6,0.0,0,5,26,0.45333333333333325,0,1,consistent_user
135,3.0,3.0,0.0,11,9,0.3,0.3,1.1,1.8468119248354136,3,0.16666666666666666,9.8,1.4663370687934272,2,0.75,9,0.16666666666666666,1,2,47,0.39,0,0,casual_user
136,1.0,1.0,0.0,2,2,0.06666666666666667,0.3333333333333333,0.6666666666666666,10.0,1,0.3333333333333333,9.54,1.6094379124341003,1,0.0,0,0.0,0,4,58,0.2533333333333333,1,0,casual_user
137,3.0,2.0,-0.25,9,9,0.3,0.2,0.9,2.1671244937540095,2,0.2,10.78,1.791759469228055,2,0.3,3,0.0,0,4,45,0.32,0,0,casual_user
138,3.0,1.0,-0.5,4,4,0.13333333333333333,0.2,0.8,3.4641016151377544,1,0.0,11.13,1.5404450409471488,0,0.4,2,0.0,0,4,53,0.23,1,0,casual_user
139,1.0,1.0,0.0,2,2,0.06666666666666667,0.3333333333333333,0.6666666666666666,10.0,1,0.0,7.85,1.6094379124341003,0,0.6666666666666666,2,0.0,0,0,23,0.23666666666666666,1,0,casual_user
140,0.0,1.0,1.0,3,2,0.06666666666666667,0.3333333333333333,1.0,10.0,1,0.0,7.07,0.0,0,0.25,1,0.0,0,2,58,0.045,1,0,casual_user
141,0.0,1.0,1.0,1,1,0.03333333333333333,0.5,0.5,10.0,1,0.5,12.82,0.0,1,0.5,1,0.0,0,2,57,0.185,1,0,casual_user
142,2.0,2.0,0.0,9,8,0.26666666666666666,0.1111111111111111,1.0,1.6035674514745462,1,0.4,8.75,1.6094379124341003,4,0.0,0,0.0,0,0,43,0.32999999999999996,0,0,casual_user
143,0.0,0.0,0.0,0,0,0.0,0.0,0.0,10.0,0,0.0,0.0,0.0,0,0.0,0,0.0,0,0,37,0.0,1,0,at_risk_user
144,1.0,0.0,-0.5,4,4,0.13333333333333333,0.2,0.8,5.507570547286102,1,0.2,10.44,1.0986122886681098,1,0.4,2,0.0,0,0,27,0.28,0,0,casual_user
145,2.0,5.0,1.0,13,11,0.36666666666666664,0.16666666666666666,1.0833333333333333,0.7378647873726218,2,0.42857142857142855,21.84,2.0794415416798357,6,0.7857142857142857,11,0.16666666666666666,1,3,61,0.47904761904761906,0,1,consistent_user
146,0.0,0.0,0.0,0,0,0.0,0.0,0.0,10.0,0,0.0,0.0,0.0,0,0.0,0,0.0,0,5,20,0.0,1,0,at_risk_user
147,0.0,0.0,0.0,0,0,0.0,0.0,0.0,10.0,0,0.0,0.0,0.0,0,0.0,0,0.0,0,3,44,0.0,1,0,at_risk_user
148,3.0,5.0,0.5,14,12,0.4,0.23076923076923078,1.0769230769230769,1.1908743922772957,3,0.9333333333333333,33.14,2.456735772821304,14,0.8,12,0.3333333333333333,2,0,47,0.65,0,1,power_user
149,2.0,2.0,0.0,5,5,0.16666666666666666,0.3333333333333333,0.8333333333333334,2.309401076758503,2,0.3333333333333333,21.58,2.0794415416798357,2,0.5,3,0.0,0,3,42,0.33333333333333337,1,0,consistent_user
150,3.0,2.0,-0.25,9,9,0.3,0.2,0.9,2.815771906346718,2,0.1,9.35,1.2992829841302609,1,0.6,6,0.0,0,1,45,0.32499999999999996,0,0,casual_user
151,3.0,3.0,0.0,15,14,0.4666666666666667,0.3333333333333333,1.0,1.4632243987255134,5,0.6875,34.17,2.512305623976115,11,0.9375,15,0.5,3,4,60,0.655625,0,1,power_user
152,3.0,3.0,0.0,14,13,0.43333333333333335,0.21428571428571427,1.0,1.4354811251305468,3,0.3333333333333333,23.48,1.8971199848858813,5,0.5333333333333333,8,0.3333333333333333,2,2,41,0.4833333333333333,0,1,consistent_user
153,1.0,1.0,0.0,3,3,0.1,0.25,0.75,1.4142135623730951,1,0.0,6.03,0.6931471805599453,0,0.25,1,0.0,0,0,21,0.1589720770839918,1,0,at_risk_user
154,0.0,3.0,3.0,3,3,0.1,0.25,0.75,0.0,1,0.0,8.55,0.0,0,0.5,2,0.0,0,5,33,0.08,1,0,casual_user
155,2.0,0.0,-0.6666666666666666,2,2,0.06666666666666667,0.3333333333333333,0.6666666666666666,10.0,1,0.3333333333333333,4.91,0.9162907318741551,1,0.3333333333333333,1,0.0,0,1,42,0.27411027644778996,1,0,at_risk_user
156,2.0,1.0,-0.3333333333333333,4,3,0.1,0.25,1.0,0.7071067811865476,1,0.2,7.03,1.6094379124341003,1,0.8,4,0.0,0,0,53,0.31000000000000005,1,0,casual_user
157,1.0,1.0,0.0,5,5,0.16666666666666666,0.16666666666666666,0.8333333333333334,3.696845502136472,1,0.3333333333333333,11.36,1.6094379124341003,2,0.16666666666666666,1,0.0,0,1,39,0.3,0,0,casual_user
158,2.0,3.0,0.3333333333333333,7,6,0.2,0.42857142857142855,1.0,3.420526275297414,3,0.25,11.19,1.791759469228055,2,0.875,7,0.16666666666666666,1,3,54,0.3933333333333333,0,0,casual_user
159,1.0,1.0,0.0,2,2,0.06666666666666667,0.3333333333333333,0.6666666666666666,10.0,1,0.0,5.46,0.6931471805599453,0,0.0,0,0.0,0,1,33,0.1239720770839918,1,0,at_risk_user
160,1.0,1.0,0.0,4,3,0.1,0.25,1.0,3.5355339059327378,1,0.2,7.36,1.791759469228055,1,0.6,3,0.0,0,4,35,0.29000000000000004,1,0,casual_user
161,0.0,2.0,2.0,5,5,0.16666666666666666,0.3333333333333333,0.8333333333333334,4.546060565661952,2,0.0,12.94,0.0,0,0.5,3,0.0,0,1,25,0.1,0,0,casual_user
162,3.0,2.0,-0.25,16,14,0.4666666666666667,0.26666666666666666,1.0666666666666667,1.3821202589704016,4,0.5882352941176471,22.2,1.9459101490553132,10,0.7058823529411765,12,0.3333333333333333,2,3,53,0.5743137254901961,0,1,consistent_user
163,0.0,0.0,0.0,0,0,0.0,0.0,0.0,10.0,0,0.0,0.0,0.0,0,0.0,0,0.0,0,4,53,0.0,1,0,at_risk_user
164,0.0,0.0,0.0,0,0,0.0,0.0,0.0,10.0,0,0.0,0.0,0.0,0,0.0,0,0.0,0,1,54,0.0,1,0,at_risk_user
165,2.0,2.0,0.0,4,4,0.13333333333333333,0.2,0.8,2.6457513110645907,1,0.0,6.22,1.0986122886681098,0,0.2,1,0.0,0,5,33,0.21,1,0,at_risk_user
166,3.0,2.0,-0.25,10,10,0.3333333333333333,0.2727272727272727,0.9090909090909091,2.5,3,0.36363636363636365,22.52,1.7346010553881064,4,0.6363636363636364,7,0.3333333333333333,2,0,53,0.4712121212121212,0,1,consistent_user
167,2.0,2.0,0.0,9,7,0.23333333333333334,0.25,1.125,2.562550812504343,2,0.1,11.53,1.252762968495368,1,0.3,3,0.0,0,3,49,0.275,0,0,casual_user
168,2.0,2.0,0.0,15,11,0.36666666666666664,0.25,1.25,2.2010098692292237,3,0.625,10.26,1.7047480922384253,10,0.4375,7,0.3333333333333333,2,4,43,0.5266666666666666,0,0,casual_user
169,3.0,2.0,-0.25,5,5,0.16666666666666666,0.3333333333333333,0.8333333333333334,1.2909944487358056,2,0.3333333333333333,21.55,1.8458266904983307,2,0.5,3,0.0,0,3,54,0.33333333333333337,1,0,consistent_user
170,0.0,2.0,2.0,4,3,0.1,0.25,1.0,2.8284271247461903,1,0.2,11.19,0.0,1,0.2,1,0.0,0,2,41,0.1,1,0,casual_user
171,0.0,1.0,1.0,2,2,0.06666666666666667,0.3333333333333333,0.6666666666666666,10.0,1,0.0,3.75,0.0,0,0.3333333333333333,1,0.0,0,0,37,0.05333333333333333,0,0,at_risk_user
172,1.0,2.0,0.5,5,5,0.16666666666666666,0.16666666666666666,0.8333333333333334,1.707825127659933,1,0.3333333333333333,10.45,1.6094379124341003,2,0.3333333333333333,2,0.0,0,1,24,0.31666666666666665,1,0,casual_user
173,2.0,0.0,-0.6666666666666666,3,3,0.1,0.5,0.75,6.363961030678928,2,0.5,7.92,1.791759469228055,2,0.5,2,0.0,0,1,60,0.355,1,0,casual_user
174,1.0,0.0,-0.5,4,3,0.1,0.25,1.0,4.242640687119285,1,0.4,8.77,1.791759469228055,2,0.8,4,0.0,0,0,43,0.36,1,0,casual_user
175,5.0,6.0,0.16666666666666666,20,15,0.5,0.3125,1.25,1.2688144505364485,5,0.2857142857142857,22.18,1.824549292051046,6,0.6666666666666666,14,0.5,3,1,18,0.5380952380952381,0,1,consistent_user
176,0.0,3.0,3.0,10,8,0.26666666666666666,0.3333333333333333,1.1111111111111112,1.3801311186847085,3,0.09090909090909091,10.47,0.0,1,0.8181818181818182,9,0.3333333333333333,2,1,64,0.2512121212121212,0,0,casual_user
177,6.0,6.0,0.0,21,17,0.5666666666666667,0.2777777777777778,1.1666666666666667,0.7302967433402214,5,0.7272727272727273,35.22,2.3826278006675823,16,0.9090909090909091,20,0.5,3,3,56,0.6927272727272727,0,1,power_user
178,1.0,0.0,-0.5,1,1,0.03333333333333333,0.5,0.5,10.0,1,0.0,9.71,1.0986122886681098,0,0.0,0,0.0,0,1,58,0.16,1,0,casual_user
179,1.0,1.0,0.0,2,2,0.06666666666666667,0.3333333333333333,0.6666666666666666,10.0,1,0.3333333333333333,3.62,1.0986122886681098,1,0.3333333333333333,1,0.0,0,3,48,0.2866666666666666,1,0,at_risk_user
180,5.0,3.0,-0.3333333333333333,19,15,0.5,0.25,1.1875,1.4238934396479703,4,0.75,36.89,2.341805806147327,15,0.95,19,0.8333333333333334,5,3,26,0.7491666666666666,0,1,power_user
181,0.0,2.0,2.0,2,2,0.06666666666666667,0.3333333333333333,0.6666666666666666,10.0,1,0.3333333333333333,6.17,0.0,1,0.0,0,0.0,0,1,42,0.10333333333333333,1,0,casual_user
182,2.0,2.0,0.0,14,11,0.36666666666666664,0.16666666666666666,1.1666666666666667,1.5670212364724212,2,0.6,32.1,2.302585092994046,9,0.9333333333333333,14,0.0,0,2,42,0.5033333333333333,0,1,power_user
183,1.0,1.0,0.0,6,6,0.2,0.2857142857142857,0.8571428571428571,2.5099800796022267,2,0.14285714285714285,10.79,1.0986122886681098,1,0.5714285714285714,4,0.0,0,2,27,0.3028571428571428,0,0,casual_user
184,3.0,1.0,-0.5,7,6,0.2,0.14285714285714285,1.0,1.9493588689617927,1,0.125,10.96,1.3862943611198906,1,0.75,6,0.0,0,4,22,0.31625000000000003,0,0,casual_user
185,2.0,2.0,0.0,5,5,0.16666666666666666,0.16666666666666666,0.8333333333333334,2.516611478423583,1,0.3333333333333333,9.49,1.6094379124341003,2,0.3333333333333333,2,0.0,0,1,56,0.31666666666666665,1,0,casual_user
186,0.0,2.0,2.0,3,3,0.1,0.25,0.75,2.1213203435596424,1,0.0,11.18,0.0,0,0.5,2,0.0,0,2,63,0.08,1,0,casual_user
187,7.0,4.0,-0.375,20,17,0.5666666666666667,0.2777777777777778,1.1111111111111112,1.2230426539304888,5,0.5714285714285714,35.23,2.4107986776342782,12,0.9047619047619048,19,0.5,3,4,64,0.6533333333333333,0,1,power_user
188,2.0,0.0,-0.6666666666666666,7,6,0.2,0.2857142857142857,1.0,4.183300132670378,2,0.375,9.28,1.6094379124341003,3,0.25,2,0.0,0,1,39,0.32875,0,0,casual_user
189,3.0,4.0,0.25,11,11,0.36666666666666664,0.25,0.9166666666666666,2.378141197564929,3,0.16666666666666666,10.71,1.5404450409471488,2,0.5,6,0.3333333333333333,2,4,52,0.41833333333333333,0,0,casual_user
190,4.0,1.0,-0.6,7,5,0.16666666666666666,0.16666666666666666,1.1666666666666667,2.943920288775949,1,0.5,7.93,1.5040773967762742,4,0.625,5,0.0,0,1,37,0.38749999999999996,0,0,casual_user
191,0.0,1.0,1.0,1,1,0.03333333333333333,0.5,0.5,10.0,1,0.0,6.96,0.0,0,0.0,0,0.0,0,5,63,0.01,1,0,at_risk_user
192,2.0,1.0,-0.3333333333333333,7,7,0.23333333333333334,0.25,0.875,2.588435821108957,2,0.375,23.45,1.7047480922384253,3,0.875,7,0.0,0,1,25,0.40125,0,1,consistent_user
193,4.0,4.0,0.0,19,16,0.5333333333333333,0.11764705882352941,1.1176470588235294,0.5936168397046637,2,0.85,35.35,2.4203681286504293,17,0.9,18,0.16666666666666666,1,4,46,0.6458333333333334,0,1,power_user
194,2.0,1.0,-0.3333333333333333,8,6,0.2,0.2857142857142857,1.1428571428571428,2.5495097567963922,2,0.2222222222222222,11.19,1.791759469228055,2,0.1111111111111111,1,0.0,0,1,26,0.2766666666666666,0,0,casual_user
195,3.0,5.0,0.5,16,12,0.4,0.23076923076923078,1.2307692307692308,1.2862913567871996,3,0.8235294117647058,33.4,2.456735772821304,14,0.9411764705882353,16,0.16666666666666666,1,1,55,0.6033333333333333,0,1,power_user
196,0.0,2.0,2.0,3,3,0.1,0.5,0.75,8.48528137423857,2,0.25,11.42,0.0,1,0.25,1,0.0,0,4,45,0.1175,0,0,casual_user
197,4.0,1.0,-0.6,12,10,0.3333333333333333,0.18181818181818182,1.0909090909090908,1.7320508075688772,2,0.15384615384615385,20.6,1.791759469228055,2,0.6153846153846154,8,0.16666666666666666,1,0,65,0.3833333333333333,0,1,consistent_user
198,5.0,6.0,0.16666666666666666,23,19,0.6333333333333333,0.2,1.15,0.7775443160352296,4,0.5833333333333334,34.69,2.322387720290225,14,0.9583333333333334,23,0.6666666666666666,4,1,41,0.715,0,1,power_user
199,3.0,2.0,-0.25,15,13,0.43333333333333335,0.21428571428571427,1.0714285714285714,1.403458930534474,3,0.5,21.96,2.03688192726104,8,0.8125,13,0.3333333333333333,2,2,41,0.5529166666666666,0,1,consistent_user
200,2.0,3.0,0.3333333333333333,8,7,0.23333333333333334,0.25,1.0,3.386246693120078,2,0.4444444444444444,11.31,1.252762968495368,4,0.5555555555555556,5,0.0,0,4,48,0.38666666666666666,0,0,casual_user
201,0.0,1.0,1.0,1,1,0.03333333333333333,0.5,0.5,10.0,1,0.0,4.7,0.0,0,0.0,0,0.0,0,0,52,0.01,1,0,at_risk_user
202,0.0,0.0,0.0,0,0,0.0,0.0,0.0,10.0,0,0.0,0.0,0.0,0,0.0,0,0.0,0,3,30,0.0,1,0,at_risk_user
203,3.0,2.0,-0.25,5,4,0.13333333333333333,0.4,1.0,1.5275252316519465,2,0.3333333333333333,8.33,1.6739764335716716,2,0.16666666666666666,1,0.0,0,1,23,0.29,1,0,casual_user
204,2.0,0.0,-0.6666666666666666,10,9,0.3,0.2,1.0,2.9277002188455996,2,0.5454545454545454,20.83,2.1400661634962708,6,0.6363636363636364,7,0.16666666666666666,1,3,39,0.4733333333333334,0,1,consistent_user
205,2.0,3.0,0.3333333333333333,9,8,0.26666666666666666,0.2222222222222222,1.0,1.5735915849388864,2,0.5,19.87,1.9459101490553132,5,0.7,7,0.0,0,1,33,0.42500000000000004,0,1,consistent_user
206,1.0,0.0,-0.5,1,1,0.03333333333333333,0.5,0.5,10.0,1,0.0,5.07,1.3862943611198906,0,0.0,0,0.0,0,5,39,0.16,0,0,at_risk_user
207,4.0,4.0,0.0,13,10,0.3333333333333333,0.18181818181818182,1.1818181818181819,2.4888640871780128,2,0.35714285714285715,21.36,1.8718021769015913,5,0.6428571428571429,9,0.16666666666666666,1,3,45,0.4369047619047619,0,1,consistent_user
208,0.0,1.0,1.0,1,1,0.03333333333333333,0.5,0.5,10.0,1,0.0,4.76,0.0,0,0.5,1,0.0,0,0,40,0.060000000000000005,1,0,at_risk_user
209,4.0,4.0,0.0,14,13,0.43333333333333335,0.21428571428571427,1.0,1.6583123951777,3,0.4,21.49,1.9095425048844386,6,0.8,12,0.5,3,5,38,0.56,0,1,consistent_user
210,2.0,2.0,0.0,6,6,0.2,0.2857142857142857,0.8571428571428571,2.0,2,0.14285714285714285,8.77,1.3862943611198906,1,0.7142857142857143,5,0.0,0,0,26,0.31714285714285717,0,0,casual_user
211,1.0,1.0,0.0,3,3,0.1,0.25,0.75,3.5355339059327378,1,0.25,5.67,1.0986122886681098,1,0.25,1,0.0,0,4,37,0.26749999999999996,1,0,at_risk_user
212,2.0,0.0,-0.6666666666666666,8,6,0.2,0.14285714285714285,1.1428571428571428,3.4928498393145966,1,0.5555555555555556,22.39,2.0149030205422647,5,0.8888888888888888,8,0.0,0,1,57,0.4377777777777778,0,1,consistent_user
213,4.0,2.0,-0.4,13,12,0.4,0.15384615384615385,1.0,1.9116865471476894,2,0.21428571428571427,11.3,1.6094379124341003,3,0.5,7,0.16666666666666666,1,3,23,0.4069047619047619,0,0,casual_user
214,0.0,0.0,0.0,0,0,0.0,0.0,0.0,10.0,0,0.0,0.0,0.0,0,0.0,0,0.0,0,2,43,0.0,1,0,at_risk_user
215,1.0,2.0,0.5,5,5,0.16666666666666666,0.3333333333333333,0.8333333333333334,6.60807586719967,2,0.3333333333333333,9.72,1.3862943611198906,2,0.3333333333333333,2,0.0,0,4,50,0.31666666666666665,0,0,casual_user
216,1.0,3.0,1.0,11,11,0.36666666666666664,0.16666666666666666,0.9166666666666666,1.3984117975602022,2,0.6666666666666666,34.01,2.0794415416798357,8,0.9166666666666666,11,0.16666666666666666,1,0,46,0.5516666666666666,0,1,power_user
217,2.0,1.0,-0.3333333333333333,5,4,0.13333333333333333,0.2,1.0,2.6457513110645907,1,0.3333333333333333,6.22,1.3862943611198906,2,0.3333333333333333,2,0.0,0,2,35,0.30666666666666664,0,0,at_risk_user
218,3.0,1.0,-0.5,8,8,0.26666666666666666,0.2222222222222222,0.8888888888888888,3.0472470011002204,2,0.1111111111111111,10.07,1.2992829841302609,1,0.2222222222222222,2,0.0,0,5,36,0.28,0,0,casual_user
219,0.0,4.0,4.0,12,12,0.4,0.23076923076923078,0.9230769230769231,1.2210278829367864,3,0.3076923076923077,22.39,0.0,4,0.6923076923076923,9,0.3333333333333333,2,1,39,0.33282051282051284,0,1,consistent_user
220,3.0,0.0,-0.75,3,2,0.06666666666666667,0.3333333333333333,1.0,10.0,1,0.5,9.48,1.5404450409471488,2,0.25,1,0.0,0,0,23,0.31999999999999995,1,0,casual_user
221,1.0,0.0,-0.5,1,1,0.03333333333333333,0.5,0.5,10.0,1,0.0,14.11,1.6094379124341003,0,0.0,0,0.0,0,1,21,0.16,1,0,casual_user
222,2.0,2.0,0.0,16,12,0.4,0.23076923076923078,1.2307692307692308,1.5075567228888183,3,0.6470588235294118,33.35,2.5257286443082556,11,0.9411764705882353,16,0.3333333333333333,2,3,31,0.5925490196078431,0,1,power_user
223,2.0,3.0,0.3333333333333333,8,8,0.26666666666666666,0.2222222222222222,0.8888888888888888,2.410295378065479,2,0.7777777777777778,22.36,1.9459101490553132,7,0.6666666666666666,6,0.0,0,0,26,0.49111111111111105,0,1,consistent_user
224,4.0,2.0,-0.4,15,14,0.4666666666666667,0.2,1.0,1.9215378456610455,3,0.4375,22.73,1.7047480922384253,7,0.5625,9,0.3333333333333333,2,3,37,0.5222916666666667,0,1,consistent_user
225,2.0,2.0,0.0,7,6,0.2,0.2857142857142857,1.0,1.949358868961793,2,0.0,8.84,1.0986122886681098,0,0.5,4,0.0,0,4,62,0.26,0,0,casual_user
226,1.0,4.0,1.5,11,9,0.3,0.2,1.1,2.5634797778466227,2,0.4166666666666667,10.01,1.0986122886681098,5,0.3333333333333333,4,0.16666666666666666,1,5,48,0.4108333333333333,0,0,casual_user
227,2.0,1.0,-0.3333333333333333,8,8,0.26666666666666666,0.3333333333333333,0.8888888888888888,2.138089935299395,3,0.1111111111111111,10.01,1.252762968495368,1,0.3333333333333333,3,0.16666666666666666,1,4,40,0.3244444444444444,0,0,casual_user
228,2.0,5.0,1.0,12,10,0.3333333333333333,0.18181818181818182,1.0909090909090908,1.964971020425266,2,0.7692307692307693,38.35,2.5649493574615367,10,0.8461538461538461,11,0.16666666666666666,1,3,44,0.5602564102564103,0,1,power_user
229,3.0,2.0,-0.25,6,4,0.13333333333333333,0.2,1.2,2.516611478423583,1,0.14285714285714285,5.25,1.3862943611198906,1,0.42857142857142855,3,0.0,0,2,19,0.26857142857142857,1,0,at_risk_user
230,0.0,0.0,0.0,5,3,0.1,0.5,1.25,1.4142135623730951,2,0.3333333333333333,8.08,0.0,2,0.6666666666666666,4,0.0,0,4,45,0.18,0,0,casual_user
231,2.0,2.0,0.0,10,8,0.26666666666666666,0.2222222222222222,1.1111111111111112,2.7945525240230884,2,0.18181818181818182,23.12,1.9459101490553132,2,0.45454545454545453,5,0.16666666666666666,1,2,45,0.35424242424242425,0,1,consistent_user
232,3.0,3.0,0.0,12,11,0.36666666666666664,0.25,1.0,1.766981104093143,3,0.0,10.59,1.6094379124341003,0,0.15384615384615385,2,0.3333333333333333,2,1,58,0.342051282051282,0,0,casual_user
233,5.0,4.0,-0.16666666666666666,20,15,0.5,0.4375,1.25,1.542439911024374,7,0.8571428571428571,34.18,2.3978952727983707,18,0.9523809523809523,20,0.5,3,4,53,0.7095238095238096,0,1,power_user
234,5.0,3.0,-0.3333333333333333,19,18,0.6,0.3157894736842105,1.0,0.8617697249402125,6,0.6,23.28,1.8562979903656263,12,0.7,14,0.5,3,3,22,0.6499999999999999,0,1,consistent_user
235,3.0,0.0,-0.75,7,6,0.2,0.2857142857142857,1.0,3.2710854467592254,2,0.125,10.28,1.4663370687934272,1,0.5,4,0.0,0,4,58,0.29125,0,0,casual_user
236,2.0,2.0,0.0,12,11,0.36666666666666664,0.4166666666666667,1.0,2.406010991015812,5,0.23076923076923078,10.36,1.6094379124341003,3,0.38461538461538464,5,0.3333333333333333,2,2,45,0.4228205128205128,0,0,casual_user
237,1.0,2.0,0.5,5,4,0.13333333333333333,0.2,1.0,2.6457513110645907,1,0.6666666666666666,23.57,2.1972245773362196,4,0.8333333333333334,5,0.0,0,5,28,0.44000000000000006,1,0,consistent_user
238,3.0,0.0,-0.75,6,6,0.2,0.14285714285714285,0.8571428571428571,3.5777087639996634,1,0.42857142857142855,9.64,1.6094379124341003,3,0.42857142857142855,3,0.0,0,2,41,0.36,0,0,casual_user
239,0.0,0.0,0.0,0,0,0.0,0.0,0.0,10.0,0,0.0,0.0,0.0,0,0.0,0,0.0,0,2,51,0.0,0,0,at_risk_user
240,2.0,1.0,-0.3333333333333333,8,7,0.23333333333333334,0.25,1.0,2.0976176963403033,2,0.1111111111111111,10.78,1.3862943611198906,1,0.4444444444444444,4,0.0,0,3,38,0.2922222222222222,0,0,casual_user
241,1.0,4.0,1.5,12,9,0.3,0.2,1.2,1.7677669529663689,2,0.3076923076923077,23.63,1.791759469228055,4,0.6923076923076923,9,0.0,0,1,58,0.3861538461538462,0,1,consistent_user
242,3.0,0.0,-0.75,9,8,0.26666666666666666,0.4444444444444444,1.0,5.830951894845301,4,0.0,11.16,1.5404450409471488,0,0.6,6,0.16666666666666666,1,3,34,0.32333333333333336,0,0,casual_user
243,4.0,1.0,-0.6,14,12,0.4,0.23076923076923078,1.0769230769230769,1.6348477827391983,3,0.26666666666666666,8.87,1.5040773967762742,4,0.7333333333333333,11,0.3333333333333333,2,4,55,0.4766666666666667,0,0,casual_user
244,0.0,1.0,1.0,6,6,0.2,0.2857142857142857,0.8571428571428571,2.8809720581775866,2,0.42857142857142855,22.73,0.0,3,0.7142857142857143,5,0.0,0,1,53,0.2385714285714286,0,1,consistent_user
245,4.0,8.0,0.8,16,13,0.43333333333333335,0.2857142857142857,1.1428571428571428,2.151461800448216,4,0.47058823529411764,21.14,1.8325814637483102,8,0.7058823529411765,12,0.3333333333333333,2,0,57,0.5349019607843137,0,1,consistent_user
246,3.0,1.0,-0.5,5,5,0.16666666666666666,0.5,0.8333333333333334,2.0615528128088303,3,0.3333333333333333,9.99,1.4663370687934272,2,0.5,3,0.16666666666666666,1,4,19,0.3666666666666667,1,0,casual_user
247,0.0,0.0,0.0,0,0,0.0,0.0,0.0,10.0,0,0.0,0.0,0.0,0,0.0,0,0.0,0,3,54,0.0,1,0,at_risk_user
248,4.0,1.0,-0.6,5,4,0.13333333333333333,0.2,1.0,2.516611478423583,1,0.3333333333333333,9.76,1.5040773967762742,2,0.16666666666666666,1,0.0,0,4,33,0.29,0,0,casual_user
249,7.0,3.0,-0.5,11,9,0.3,0.2,1.1,0.9910312089651149,2,0.5833333333333334,22.88,1.9459101490553132,7,0.8333333333333334,10,0.16666666666666666,1,1,34,0.5025000000000001,1,0,consistent_user
250,5.0,4.0,-0.16666666666666666,16,12,0.4,0.3076923076923077,1.2307692307692308,1.4396969378057567,4,0.8235294117647058,34.61,2.0794415416798357,14,0.8823529411764706,15,0.3333333333333333,2,2,47,0.6307843137254902,0,1,power_user
251,2.0,0.0,-0.6666666666666666,2,2,0.06666666666666667,0.3333333333333333,0.6666666666666666,10.0,1,0.3333333333333333,10.48,1.5040773967762742,1,0.3333333333333333,1,0.0,0,1,58,0.2866666666666666,1,0,casual_user
252,4.0,4.0,0.0,21,16,0.5333333333333333,0.29411764705882354,1.2352941176470589,1.8309508328682536,5,0.5,35.05,2.1972245773362196,11,0.9545454545454546,21,0.8333333333333334,5,5,34,0.6971212121212121,0,1,power_user
253,3.0,2.0,-0.25,11,11,0.36666666666666664,0.25,0.9166666666666666,2.118699810942761,3,0.5,21.47,1.6094379124341003,6,0.6666666666666666,8,0.3333333333333333,2,5,44,0.5183333333333333,0,1,consistent_user
254,2.0,2.0,0.0,7,7,0.23333333333333334,0.125,0.875,3.669695718539436,1,0.25,22.36,1.8718021769015913,2,0.5,4,0.0,0,0,58,0.3325,0,1,consistent_user
255,3.0,1.0,-0.5,5,4,0.13333333333333333,0.2,1.0,1.1547005383792515,1,0.5,4.11,0.6931471805599453,3,0.16666666666666666,1,0.0,0,2,22,0.28563874375065845,0,0,at_risk_user
256,3.0,0.0,-0.75,3,3,0.1,0.25,0.75,1.4142135623730951,1,0.0,3.94,1.2992829841302609,0,0.5,2,0.0,0,2,31,0.22999999999999998,0,0,at_risk_user
257,3.0,0.0,-0.75,4,4,0.13333333333333333,0.6,0.8,5.196152422706632,3,0.4,8.57,1.6739764335716716,2,0.6,3,0.16666666666666666,1,3,42,0.3833333333333333,1,0,casual_user
258,1.0,1.0,0.0,2,2,0.06666666666666667,0.3333333333333333,0.6666666666666666,10.0,1,0.0,5.74,1.0986122886681098,0,0.0,0,0.0,0,2,55,0.16999999999999998,1,0,at_risk_user
259,1.0,1.0,0.0,4,3,0.1,0.25,1.0,4.949747468305833,1,0.6,13.08,1.791759469228055,3,0.4,2,0.0,0,2,54,0.37,1,0,casual_user
260,3.0,2.0,-0.25,5,4,0.13333333333333333,0.2,1.0,2.516611478423583,1,0.5,9.65,1.6739764335716716,3,0.3333333333333333,2,0.0,0,3,60,0.34833333333333333,1,0,casual_user
261,0.0,1.0,1.0,2,2,0.06666666666666667,0.3333333333333333,0.6666666666666666,10.0,1,0.3333333333333333,3.9,0.0,1,0.0,0,0.0,0,0,50,0.10333333333333333,0,0,at_risk_user
262,4.0,1.0,-0.6,15,12,0.4,0.15384615384615385,1.1538461538461537,1.8090680674665818,2,0.75,33.68,2.1972245773362196,12,0.9375,15,0.16666666666666666,1,1,29,0.5845833333333333,0,1,power_user
263,1.0,0.0,-0.5,1,1,0.03333333333333333,0.5,0.5,10.0,1,0.0,7.92,0.6931471805599453,0,0.0,0,0.0,0,1,24,0.11397207708399179,1,0,at_risk_user
264,2.0,0.0,-0.6666666666666666,5,5,0.16666666666666666,0.3333333333333333,0.8333333333333334,2.886751345948129,2,0.3333333333333333,10.86,1.3862943611198906,2,0.8333333333333334,5,0.0,0,4,59,0.3666666666666667,0,0,casual_user
265,3.0,1.0,-0.5,7,7,0.23333333333333334,0.25,0.875,3.8297084310253524,2,0.375,5.25,1.0986122886681098,3,0.0,0,0.0,0,5,59,0.31375,0,0,at_risk_user
266,5.0,6.0,0.16666666666666666,20,15,0.5,0.1875,1.25,0.9168747682531898,3,0.7142857142857143,35.55,2.302585092994046,15,0.9047619047619048,19,0.3333333333333333,2,3,28,0.6357142857142857,0,1,power_user
267,4.0,6.0,0.4,25,18,0.6,0.2631578947368421,1.3157894736842106,0.7998161553463028,5,0.7692307692307693,36.51,2.1102132003465894,20,0.9615384615384616,25,0.5,3,1,64,0.7184615384615385,0,1,power_user
268,1.0,0.0,-0.5,1,1,0.03333333333333333,0.5,0.5,10.0,1,0.0,6.24,1.3862943611198906,0,0.5,1,0.0,0,4,60,0.21,1,0,at_risk_user
269,3.0,0.0,-0.75,6,6,0.2,0.42857142857142855,0.8571428571428571,7.429670248402684,3,0.5714285714285714,9.1,1.6094379124341003,4,0.7142857142857143,5,0.16666666666666666,1,5,43,0.4576190476190476,0,0,casual_user
270,0.0,3.0,3.0,4,4,0.13333333333333333,0.2,0.8,6.928203230275509,1,0.0,4.44,0.0,0,0.0,0,0.0,0,0,28,0.04,0,0,at_risk_user
271,0.0,3.0,3.0,10,10,0.3333333333333333,0.2727272727272727,0.9090909090909091,2.242270674512285,3,0.8181818181818182,33.87,0.0,9,0.8181818181818182,9,0.3333333333333333,2,4,35,0.45303030303030306,0,1,power_user
272,3.0,1.0,-0.5,11,9,0.3,0.2,1.1,1.8468119248354136,2,0.5833333333333334,23.13,2.03688192726104,7,0.6666666666666666,8,0.16666666666666666,1,0,53,0.48583333333333334,0,1,consistent_user
273,7.0,2.0,-0.625,17,14,0.4666666666666667,0.26666666666666666,1.1333333333333333,2.1152680620571416,4,0.3888888888888889,21.41,1.9661128563728327,7,0.8333333333333334,15,0.6666666666666666,4,4,60,0.6038888888888889,0,1,consistent_user
274,5.0,6.0,0.16666666666666666,18,15,0.5,0.4375,1.125,1.3506205330054124,7,0.7894736842105263,34.59,2.451005098112319,15,0.9473684210526315,18,0.6666666666666666,4,4,28,0.725438596491228,0,1,power_user
275,4.0,3.0,-0.2,10,8,0.26666666666666666,0.4444444444444444,1.1111111111111112,1.8126539343499315,4,0.7272727272727273,21.78,1.8718021769015913,8,0.8181818181818182,9,0.3333333333333333,2,4,21,0.5603030303030303,1,0,consistent_user
276,2.0,0.0,-0.6666666666666666,2,2,0.06666666666666667,0.6666666666666666,0.6666666666666666,10.0,2,0.3333333333333333,11.05,1.3862943611198906,1,0.3333333333333333,1,0.0,0,0,64,0.2866666666666666,1,0,casual_user
277,1.0,1.0,0.0,2,2,0.06666666666666667,0.3333333333333333,0.6666666666666666,10.0,1,0.0,2.26,0.6931471805599453,0,0.3333333333333333,1,0.0,0,0,29,0.15730541041732513,1,0,at_risk_user
278,4.0,2.0,-0.4,6,5,0.16666666666666666,0.3333333333333333,1.0,1.707825127659933,2,0.14285714285714285,8.68,1.3217558399823195,1,0.2857142857142857,2,0.0,0,0,22,0.2642857142857143,1,0,casual_user
279,2.0,4.0,0.6666666666666666,15,12,0.4,0.3076923076923077,1.1538461538461537,1.8586407545691703,4,0.6875,20.88,2.1972245773362196,11,0.8125,13,0.5,3,4,46,0.6231249999999999,0,1,consistent_user
280,1.0,6.0,2.5,18,16,0.5333333333333333,0.4117647058823529,1.0588235294117647,1.3870146083619752,7,0.7368421052631579,36.85,2.302585092994046,14,0.8947368421052632,17,0.6666666666666666,4,4,29,0.7170175438596492,0,1,power_user
281,4.0,1.0,-0.6,7,6,0.2,0.14285714285714285,1.0,3.082207001484488,1,0.5,9.88,1.3862943611198906,4,0.25,2,0.0,0,3,50,0.36,0,0,casual_user
282,1.0,2.0,0.5,10,9,0.3,0.2,1.0,1.8322507626258087,2,0.36363636363636365,24.3,1.9459101490553132,4,0.5454545454545454,6,0.16666666666666666,1,3,52,0.4187878787878788,0,1,consistent_user
283,0.0,1.0,1.0,1,1,0.03333333333333333,0.5,0.5,10.0,1,0.5,3.74,0.0,1,0.0,0,0.0,0,1,25,0.135,1,0,at_risk_user
284,4.0,7.0,0.6,21,16,0.5333333333333333,0.29411764705882354,1.2352941176470589,1.2227992865708155,5,0.6818181818181818,35.08,2.5649493574615367,15,0.9545454545454546,21,0.3333333333333333,2,3,40,0.6425757575757576,0,1,power_user
285,1.0,5.0,2.0,19,15,0.5,0.5,1.1875,1.7478401113789144,8,0.5,36.86,2.5649493574615367,10,0.95,19,0.6666666666666666,4,3,22,0.6533333333333333,0,1,power_user
286,1.0,4.0,1.5,7,6,0.2,0.14285714285714285,1.0,1.9235384061671346,1,0.125,10.71,1.3862943611198906,1,0.375,3,0.0,0,3,57,0.27875,0,0,casual_user
287,5.0,5.0,0.0,20,14,0.4666666666666667,0.26666666666666666,1.3333333333333333,1.1151635501529555,4,0.8095238095238095,34.92,2.3608540011180215,17,0.9523809523809523,20,0.3333333333333333,2,1,54,0.6542857142857142,0,1,power_user
288,0.0,1.0,1.0,1,1,0.03333333333333333,0.5,0.5,10.0,1,0.0,6.3,0.0,0,0.5,1,0.0,0,4,25,0.060000000000000005,1,0,at_risk_user
289,2.0,0.0,-0.6666666666666666,4,4,0.13333333333333333,0.2,0.8,5.507570547286102,1,0.4,11.32,1.252762968495368,2,0.2,1,0.0,0,5,28,0.31000000000000005,1,0,casual_user
290,4.0,1.0,-0.6,12,10,0.3333333333333333,0.18181818181818182,1.0909090909090908,2.7131367660166177,2,0.3076923076923077,8.85,1.55814461804655,4,0.38461538461538464,5,0.16666666666666666,1,3,46,0.3987179487179487,0,0,casual_user
291,2.0,1.0,-0.3333333333333333,5,4,0.13333333333333333,0.2,1.0,8.082903768654761,1,0.16666666666666666,5.95,1.0986122886681098,1,0.0,0,0.0,0,5,34,0.23166666666666666,0,0,at_risk_user
292,0.0,2.0,2.0,2,2,0.06666666666666667,0.3333333333333333,0.6666666666666666,10.0,1,0.3333333333333333,11.77,0.0,1,0.0,0,0.0,0,0,48,0.10333333333333333,1,0,casual_user
293,0.0,0.0,0.0,0,0,0.0,0.0,0.0,10.0,0,0.0,0.0,0.0,0,0.0,0,0.0,0,2,18,0.0,1,0,at_risk_user
294,1.0,6.0,2.5,19,18,0.6,0.42105263157894735,1.0,1.227743027337753,8,0.7,33.55,2.1972245773362196,14,0.9,18,1.0,6,2,19,0.7949999999999999,0,1,power_user
295,3.0,2.0,-0.25,11,11,0.36666666666666664,0.16666666666666666,0.9166666666666666,1.5951314818673865,2,0.4166666666666667,22.72,1.8458266904983307,5,0.75,9,0.16666666666666666,1,5,64,0.47250000000000003,0,1,consistent_user
296,1.0,0.0,-0.5,3,3,0.1,0.25,0.75,7.0710678118654755,1,0.25,9.65,1.0986122886681098,1,0.0,0,0.0,0,1,65,0.2425,0,0,casual_user
297,1.0,0.0,-0.5,1,1,0.03333333333333333,0.5,0.5,10.0,1,0.5,7.14,0.6931471805599453,1,0.0,0,0.0,0,4,25,0.23897207708399182,1,0,at_risk_user
298,1.0,2.0,0.5,5,4,0.13333333333333333,0.4,1.0,8.717797887081348,2,0.5,11.68,1.0986122886681098,3,0.5,3,0.0,0,2,53,0.365,0,0,casual_user
299,2.0,0.0,-0.6666666666666666,5,5,0.16666666666666666,0.3333333333333333,0.8333333333333334,6.238322424070967,2,0.0,9.93,1.3862943611198906,0,0.3333333333333333,2,0.0,0,3,40,0.23333333333333334,0,0,casual_user
300,2.0,1.0,-0.3333333333333333,3,3,0.1,0.25,0.75,4.242640687119285,1,0.5,4.38,1.0986122886681098,2,0.25,1,0.0,0,2,46,0.32999999999999996,1,0,at_risk_user
301,2.0,2.0,0.0,7,7,0.23333333333333334,0.25,0.875,4.08656334834051,2,0.25,9.31,1.3862943611198906,2,0.5,4,0.0,0,2,33,0.3325,0,0,casual_user
302,0.0,2.0,2.0,5,5,0.16666666666666666,0.3333333333333333,0.8333333333333334,4.203173404306164,2,0.3333333333333333,9.54,0.0,2,0.5,3,0.0,0,4,56,0.18333333333333335,0,0,casual_user
303,0.0,4.0,4.0,13,10,0.3333333333333333,0.2727272727272727,1.1818181818181819,1.69148192751537,3,0.14285714285714285,9.25,0.0,2,0.2857142857142857,4,0.3333333333333333,2,1,55,0.23095238095238096,0,0,casual_user
304,5.0,5.0,0.0,26,20,0.6666666666666666,0.3333333333333333,1.2380952380952381,0.8411910241920598,7,0.8518518518518519,36.04,2.3978952727983707,23,0.9259259259259259,25,1.0,6,5,38,0.8555555555555555,0,1,power_user
305,3.0,5.0,0.5,11,10,0.3333333333333333,0.36363636363636365,1.0,3.0413812651491097,4,0.75,21.51,1.992430164690206,9,0.75,9,0.3333333333333333,2,0,23,0.5791666666666666,0,1,consistent_user
306,5.0,6.0,0.16666666666666666,19,17,0.5666666666666667,0.2222222222222222,1.0555555555555556,0.9574271077563381,4,0.9,35.28,2.3608540011180215,18,0.95,19,0.6666666666666666,4,0,64,0.7733333333333333,0,1,power_user
307,0.0,4.0,4.0,10,8,0.26666666666666666,0.2222222222222222,1.1111111111111112,1.5735915849388864,2,0.7272727272727273,21.98,0.0,8,0.5454545454545454,6,0.16666666666666666,1,3,31,0.34969696969696973,0,1,consistent_user
308,3.0,1.0,-0.5,5,5,0.16666666666666666,0.3333333333333333,0.8333333333333334,4.795831523312719,2,0.16666666666666666,9.44,1.2039728043259361,1,0.3333333333333333,2,0.0,0,5,33,0.275,0,0,casual_user
309,0.0,2.0,2.0,5,5,0.16666666666666666,0.16666666666666666,0.8333333333333334,2.309401076758503,1,0.16666666666666666,4.99,0.0,1,0.0,0,0.0,0,1,65,0.09166666666666666,0,0,at_risk_user
310,2.0,0.0,-0.6666666666666666,2,2,0.06666666666666667,0.6666666666666666,0.6666666666666666,10.0,2,0.0,6.01,1.0986122886681098,0,0.0,0,0.0,0,1,30,0.16999999999999998,1,0,at_risk_user
311,4.0,3.0,-0.2,8,8,0.26666666666666666,0.3333333333333333,0.8888888888888888,5.0568200058365305,3,0.4444444444444444,9.44,1.4469189829363254,4,0.2222222222222222,2,0.16666666666666666,1,0,29,0.39666666666666667,0,0,casual_user
312,2.0,1.0,-0.3333333333333333,3,3,0.1,0.25,0.75,0.0,1,0.0,5.58,0.6931471805599453,0,0.0,0,0.0,0,3,26,0.13397207708399178,0,0,at_risk_user
313,3.0,3.0,0.0,12,11,0.36666666666666664,0.25,1.0,2.8067379246694513,3,0.7692307692307693,24.71,1.7346010553881064,10,0.6923076923076923,9,0.5,3,1,35,0.6215384615384615,0,1,consistent_user
314,3.0,2.0,-0.25,13,11,0.36666666666666664,0.16666666666666666,1.0833333333333333,1.4298407059684812,2,0.5,22.1,2.0794415416798357,7,0.7142857142857143,10,0.16666666666666666,1,0,31,0.48976190476190473,0,1,consistent_user
315,6.0,0.0,-0.8571428571428571,8,7,0.23333333333333334,0.75,1.0,3.265986323710904,6,0.8888888888888888,35.5,2.412933150162911,8,0.7777777777777778,7,0.16666666666666666,1,0,21,0.5533333333333333,1,0,power_user
316,2.0,1.0,-0.3333333333333333,7,7,0.23333333333333334,0.125,0.875,2.562550812504343,1,0.25,10.21,1.6094379124341003,2,0.75,6,0.0,0,2,62,0.35750000000000004,0,0,casual_user
317,2.0,2.0,0.0,14,12,0.4,0.15384615384615385,1.0769230769230769,1.5666989036012806,2,0.4666666666666667,23.02,2.0149030205422647,7,0.8,12,0.0,0,1,28,0.4666666666666667,0,1,consistent_user
318,3.0,2.0,-0.25,5,4,0.13333333333333333,0.2,1.0,1.1547005383792515,1,0.5,23.25,2.0794415416798357,3,0.5,3,0.0,0,3,63,0.365,1,0,consistent_user
319,1.0,0.0,-0.5,1,1,0.03333333333333333,0.5,0.5,10.0,1,0.0,6.33,1.3862943611198906,0,0.5,1,0.0,0,4,40,0.21,1,0,at_risk_user
320,0.0,2.0,2.0,3,3,0.1,0.25,0.75,0.7071067811865476,1,0.5,11.42,0.0,2,0.0,0,0.0,0,4,50,0.155,1,0,casual_user
321,3.0,2.0,-0.25,5,5,0.16666666666666666,0.3333333333333333,0.8333333333333334,1.2909944487358056,2,0.6666666666666666,21.83,2.120263536200091,4,0.8333333333333334,5,0.0,0,4,52,0.44999999999999996,1,0,consistent_user
322,2.0,1.0,-0.3333333333333333,7,6,0.2,0.14285714285714285,1.0,4.560701700396551,1,0.25,8.59,1.3862943611198906,2,0.5,4,0.0,0,4,62,0.3225,0,0,casual_user
323,4.0,3.0,-0.2,16,13,0.43333333333333335,0.21428571428571427,1.1428571428571428,1.2309149097933274,3,0.8235294117647058,34.77,2.169053700369523,14,0.8823529411764706,15,0.3333333333333333,2,2,42,0.6407843137254902,0,1,power_user
324,3.0,4.0,0.25,13,12,0.4,0.15384615384615385,1.0,1.3684762594679063,2,0.35714285714285715,21.52,1.8458266904983307,5,0.5714285714285714,8,0.16666666666666666,1,3,61,0.4497619047619048,0,1,consistent_user
325,0.0,2.0,2.0,5,5,0.16666666666666666,0.3333333333333333,0.8333333333333334,4.509249752822894,2,0.3333333333333333,9.74,0.0,2,0.6666666666666666,4,0.0,0,0,26,0.2,0,0,casual_user
326,4.0,2.0,-0.4,17,16,0.5333333333333333,0.29411764705882354,1.0,1.4573295865416043,5,0.6666666666666666,36.88,2.169053700369523,12,0.8333333333333334,15,0.6666666666666666,4,5,24,0.6933333333333334,0,1,power_user
327,1.0,2.0,0.5,4,4,0.13333333333333333,0.2,0.8,1.5275252316519465,1,0.0,8.92,1.6094379124341003,0,0.2,1,0.0,0,3,52,0.21,1,0,casual_user
328,1.0,1.0,0.0,2,2,0.06666666666666667,0.3333333333333333,0.6666666666666666,10.0,1,0.3333333333333333,6.43,1.3862943611198906,1,0.3333333333333333,1,0.0,0,2,38,0.2866666666666666,1,0,casual_user
329,1.0,2.0,0.5,11,10,0.3333333333333333,0.45454545454545453,1.0,2.5,5,0.5833333333333334,23.4,2.0794415416798357,7,0.6666666666666666,8,0.3333333333333333,2,4,18,0.5291666666666667,0,1,consistent_user
330,2.0,1.0,-0.3333333333333333,3,3,0.1,0.25,0.75,0.0,1,0.0,4.86,0.9162907318741551,0,0.25,1,0.0,0,5,26,0.19244360978112326,1,0,at_risk_user
331,4.0,8.0,0.8,22,19,0.6333333333333333,0.3,1.1,0.9164438231805327,6,0.782608695652174,34.47,2.4423470353692043,18,0.8695652173913043,20,0.5,3,3,51,0.7226086956521739,0,1,power_user
332,1.0,7.0,3.0,8,5,0.16666666666666666,0.5,1.3333333333333333,2.0615528128088303,3,0.7777777777777778,23.86,2.1972245773362196,7,0.6666666666666666,6,0.16666666666666666,1,5,20,0.49444444444444446,1,0,consistent_user
333,1.0,0.0,-0.5,1,1,0.03333333333333333,0.5,0.5,10.0,1,0.5,6.98,1.3862943611198906,1,0.0,0,0.0,0,3,56,0.28500000000000003,1,0,at_risk_user
334,3.0,0.0,-0.75,3,3,0.1,0.5,0.75,2.1213203435596424,2,0.25,5.06,1.2039728043259361,1,0.25,1,0.0,0,4,36,0.26749999999999996,1,0,at_risk_user
335,4.0,2.0,-0.4,8,7,0.23333333333333334,0.25,1.0,2.786873995477131,2,0.1111111111111111,8.38,1.6094379124341003,1,0.5555555555555556,5,0.0,0,0,38,0.30333333333333334,0,0,casual_user
336,0.0,0.0,0.0,0,0,0.0,0.0,0.0,10.0,0,0.0,0.0,0.0,0,0.0,0,0.0,0,2,37,0.0,1,0,at_risk_user
337,2.0,2.0,0.0,7,7,0.23333333333333334,0.25,0.875,2.7141603981096374,2,0.375,9.81,1.7047480922384253,3,0.375,3,0.0,0,3,21,0.35125,0,0,casual_user
338,1.0,0.0,-0.5,1,1,0.03333333333333333,0.5,0.5,10.0,1,0.5,5.53,1.3862943611198906,1,0.5,1,0.0,0,3,33,0.33499999999999996,1,0,casual_user
339,2.0,0.0,-0.6666666666666666,7,7,0.23333333333333334,0.25,0.875,3.4302575219167823,2,0.5,20.93,2.1972245773362196,4,0.75,6,0.0,0,0,33,0.42000000000000004,0,1,consistent_user
340,4.0,5.0,0.2,18,14,0.4666666666666667,0.2,1.2,1.344504484072964,3,0.10526315789473684,23.68,2.0149030205422647,2,0.8421052631578947,16,0.3333333333333333,2,0,35,0.46719298245614027,0,1,consistent_user
341,2.0,0.0,-0.6666666666666666,3,3,0.1,0.5,0.75,6.363961030678928,2,0.5,11.15,1.791759469228055,2,0.5,2,0.0,0,1,62,0.355,1,0,casual_user
342,1.0,0.0,-0.5,1,1,0.03333333333333333,0.5,0.5,10.0,1,0.0,2.66,0.6931471805599453,0,0.0,0,0.0,0,2,34,0.11397207708399179,0,0,at_risk_user
343,2.0,3.0,0.3333333333333333,7,6,0.2,0.2857142857142857,1.0,2.7748873851023217,2,0.25,10.07,1.3862943611198906,2,0.375,3,0.0,0,2,33,0.31,0,0,casual_user
344,0.0,4.0,4.0,10,9,0.3,0.2,1.0,3.370036032024414,2,0.45454545454545453,11.07,0.0,5,0.6363636363636364,7,0.16666666666666666,1,2,63,0.3006060606060606,0,0,casual_user
345,5.0,5.0,0.0,18,15,0.5,0.25,1.125,1.6172150801252798,4,0.6842105263157895,36.17,2.4159137783010487,13,0.8421052631578947,16,0.6666666666666666,4,3,26,0.6885964912280702,0,1,power_user
346,2.0,0.0,-0.6666666666666666,5,4,0.13333333333333333,0.4,1.0,6.506407098647712,2,0.3333333333333333,9.1,1.3862943611198906,2,0.6666666666666666,4,0.0,0,5,25,0.33999999999999997,0,0,casual_user
347,3.0,5.0,0.5,13,11,0.36666666666666664,0.16666666666666666,1.0833333333333333,1.9321835661585915,2,0.5,23.54,1.7346010553881064,7,0.7857142857142857,11,0.16666666666666666,1,4,56,0.49690476190476185,0,1,consistent_user
348,1.0,2.0,0.5,6,6,0.2,0.14285714285714285,0.8571428571428571,2.8809720581775866,1,0.2857142857142857,9.74,1.6094379124341003,2,0.42857142857142855,3,0.0,0,1,40,0.3242857142857143,0,0,casual_user
349,3.0,3.0,0.0,14,11,0.36666666666666664,0.25,1.1666666666666667,2.273030282830976,3,0.7333333333333333,33.89,2.268683541318364,11,0.9333333333333333,14,0.3333333333333333,2,0,38,0.6033333333333333,0,1,power_user
350,2.0,6.0,1.3333333333333333,11,10,0.3333333333333333,0.36363636363636365,1.0,3.1797973380564857,4,0.5,20.92,1.8718021769015913,6,0.8333333333333334,10,0.3333333333333333,2,5,26,0.525,0,1,consistent_user
351,4.0,0.0,-0.8,9,8,0.26666666666666666,0.3333333333333333,1.0,3.8297084310253524,3,0.4,8.96,1.55814461804655,4,0.4,4,0.16666666666666666,1,4,24,0.4033333333333333,0,0,casual_user
352,3.0,2.0,-0.25,10,9,0.3,0.1,1.0,1.5059406173077154,1,0.36363636363636365,22.82,1.9459101490553132,4,0.8181818181818182,9,0.16666666666666666,1,1,26,0.44606060606060605,0,1,consistent_user
353,2.0,1.0,-0.3333333333333333,3,3,0.1,0.25,0.75,0.7071067811865476,1,0.0,4.07,0.9162907318741551,0,0.0,0,0.0,0,0,32,0.16744360978112327,1,0,at_risk_user
354,1.0,1.0,0.0,3,3,0.1,0.25,0.75,4.949747468305833,1,0.0,10.5,1.3862943611198906,0,0.5,2,0.0,0,5,26,0.22999999999999998,1,0,casual_user
355,3.0,2.0,-0.25,5,5,0.16666666666666666,0.3333333333333333,0.8333333333333334,0.5773502691896257,2,0.3333333333333333,9.06,1.5404450409471488,2,0.5,3,0.0,0,0,52,0.33333333333333337,1,0,casual_user
356,5.0,5.0,0.0,18,15,0.5,0.1875,1.125,1.4142135623730951,3,0.6842105263157895,34.46,2.174751721484161,13,0.8421052631578947,16,0.5,3,1,43,0.6552631578947369,0,1,power_user
357,1.0,3.0,1.0,12,11,0.36666666666666664,0.25,1.0,1.286683937707919,3,0.6153846153846154,23.88,2.0794415416798357,8,0.6923076923076923,9,0.3333333333333333,2,0,38,0.5497435897435897,0,1,consistent_user
358,4.0,6.0,0.4,14,11,0.36666666666666664,0.3333333333333333,1.1666666666666667,2.2705848487901865,4,0.6666666666666666,35.15,2.169053700369523,10,0.8,12,0.5,3,4,39,0.6066666666666666,0,1,power_user
359,1.0,1.0,0.0,4,4,0.13333333333333333,0.2,0.8,5.033222956847167,1,0.2,5.38,0.6931471805599453,1,0.0,0,0.0,0,2,37,0.19397207708399178,0,0,at_risk_user
360,4.0,0.0,-0.8,5,5,0.16666666666666666,0.3333333333333333,0.8333333333333334,11.84271928232701,2,0.16666666666666666,5.43,1.252762968495368,1,0.6666666666666666,4,0.0,0,4,47,0.30833333333333335,0,0,at_risk_user
361,2.0,1.0,-0.3333333333333333,6,5,0.16666666666666666,0.16666666666666666,1.0,3.1091263510296048,1,0.42857142857142855,20.17,1.8718021769015913,3,0.42857142857142855,3,0.0,0,3,51,0.35,0,1,consistent_user
362,2.0,0.0,-0.6666666666666666,2,2,0.06666666666666667,0.3333333333333333,0.6666666666666666,10.0,1,0.3333333333333333,3.94,1.0986122886681098,1,0.0,0,0.0,0,5,42,0.2533333333333333,1,0,at_risk_user
363,1.0,4.0,1.5,12,12,0.4,0.23076923076923078,0.9230769230769231,1.887759614897078,3,0.38461538461538464,23.98,1.6094379124341003,5,0.7692307692307693,10,0.3333333333333333,2,1,30,0.5097435897435897,0,1,consistent_user
364,0.0,0.0,0.0,0,0,0.0,0.0,0.0,10.0,0,0.0,0.0,0.0,0,0.0,0,0.0,0,1,59,0.0,0,0,casual_user
365,2.0,1.0,-0.3333333333333333,3,3,0.1,0.25,0.75,4.949747468305833,1,0.5,7.22,1.5040773967762742,2,0.25,1,0.0,0,3,60,0.32999999999999996,1,0,casual_user
366,2.0,0.0,-0.6666666666666666,5,5,0.16666666666666666,0.3333333333333333,0.8333333333333334,8.920949127381757,2,0.3333333333333333,7.79,1.5040773967762742,2,0.5,3,0.0,0,3,62,0.33333333333333337,0,0,casual_user
367,1.0,0.0,-0.5,1,1,0.03333333333333333,0.5,0.5,10.0,1,0.0,3.15,0.6931471805599453,0,0.0,0,0.0,0,0,34,0.11397207708399179,1,0,at_risk_user
368,3.0,5.0,0.5,18,16,0.5333333333333333,0.29411764705882354,1.0588235294117647,1.1872336794093272,5,0.8947368421052632,35.26,2.302585092994046,17,0.9473684210526315,18,0.16666666666666666,1,2,34,0.6617543859649123,0,1,power_user
369,3.0,4.0,0.25,14,13,0.43333333333333335,0.21428571428571427,1.0,1.3371158468430429,3,0.6,20.35,1.8458266904983307,9,0.8,12,0.3333333333333333,2,3,56,0.5766666666666667,0,1,consistent_user
370,0.0,5.0,5.0,10,9,0.3,0.4,1.0,1.7677669529663689,4,0.18181818181818182,22.1,0.0,2,0.9090909090909091,10,0.3333333333333333,2,1,41,0.293030303030303,0,1,consistent_user
371,0.0,1.0,1.0,6,6,0.2,0.2857142857142857,0.8571428571428571,2.6076809620810595,2,0.2857142857142857,10.29,0.0,2,0.8571428571428571,6,0.0,0,3,29,0.21714285714285714,0,0,casual_user
372,1.0,2.0,0.5,8,8,0.26666666666666666,0.3333333333333333,0.8888888888888888,2.627691364061218,3,0.4444444444444444,9.52,1.3862943611198906,4,0.1111111111111111,1,0.16666666666666666,1,0,54,0.38555555555555554,0,0,casual_user
373,5.0,2.0,-0.5,11,9,0.3,0.2,1.1,1.8516401995451028,2,0.16666666666666666,10.0,1.6486586255873816,2,0.5833333333333334,7,0.16666666666666666,1,1,54,0.3733333333333333,0,0,casual_user
374,0.0,1.0,1.0,4,4,0.13333333333333333,0.4,0.8,5.033222956847167,2,0.0,6.35,0.0,0,0.2,1,0.0,0,2,31,0.060000000000000005,0,0,at_risk_user
375,3.0,1.0,-0.5,7,6,0.2,0.2857142857142857,1.0,5.263078946776306,2,0.0,24.05,2.1972245773362196,0,0.75,6,0.0,0,3,40,0.28500000000000003,0,1,consistent_user
376,3.0,0.0,-0.75,15,13,0.43333333333333335,0.2857142857142857,1.0714285714285714,2.5346089292516947,4,0.5,22.87,1.9459101490553132,8,0.625,10,0.5,3,0,24,0.5675,0,1,consistent_user
377,2.0,7.0,1.6666666666666667,11,8,0.26666666666666666,0.5555555555555556,1.2222222222222223,3.4641016151377544,5,0.8333333333333334,32.99,2.0794415416798357,10,0.75,9,0.3333333333333333,2,2,65,0.58,0,1,power_user
378,0.0,1.0,1.0,1,1,0.03333333333333333,0.5,0.5,10.0,1,0.0,5.8,0.0,0,0.0,0,0.0,0,2,65,0.01,1,0,at_risk_user
379,0.0,5.0,5.0,13,12,0.4,0.38461538461538464,1.0,1.2649110640673518,5,0.5714285714285714,22.25,0.0,8,0.7857142857142857,11,0.3333333333333333,2,2,52,0.40809523809523807,0,1,consistent_user
380,0.0,1.0,1.0,3,3,0.1,0.5,0.75,5.656854249492381,2,0.5,11.62,0.0,2,0.25,1,0.0,0,4,32,0.18,0,0,casual_user
381,0.0,2.0,2.0,2,2,0.06666666666666667,0.3333333333333333,0.6666666666666666,10.0,1,0.0,4.56,0.0,0,0.3333333333333333,1,0.0,0,0,41,0.05333333333333333,0,0,at_risk_user
382,0.0,1.0,1.0,7,6,0.2,0.2857142857142857,1.0,3.9370039370059056,2,0.25,11.54,0.0,2,0.75,6,0.0,0,1,23,0.1975,0,0,casual_user
383,3.0,1.0,-0.5,7,5,0.16666666666666666,0.3333333333333333,1.1666666666666667,4.9916597106239795,2,0.5,10.45,1.791759469228055,4,0.25,2,0.0,0,0,19,0.35,0,0,casual_user
384,2.0,4.0,0.6666666666666666,15,14,0.4666666666666667,0.3333333333333333,1.0,1.6563785025137654,5,0.4375,24.04,1.8718021769015913,7,0.6875,11,0.5,3,3,40,0.568125,0,1,consistent_user
385,1.0,0.0,-0.5,1,1,0.03333333333333333,0.5,0.5,10.0,1,0.0,5.19,0.6931471805599453,0,0.0,0,0.0,0,5,22,0.11397207708399179,1,0,at_risk_user
386,3.0,1.0,-0.5,4,4,0.13333333333333333,0.4,0.8,4.932882862316247,2,0.2,9.87,1.2992829841302609,1,0.2,1,0.0,0,5,23,0.26,1,0,casual_user
387,4.0,5.0,0.2,17,13,0.43333333333333335,0.2857142857142857,1.2142857142857142,1.403458930534474,4,0.8888888888888888,33.6,2.3749057545736716,16,0.8333333333333334,15,0.5,3,0,38,0.6855555555555556,0,1,power_user
388,4.0,3.0,-0.2,19,14,0.4666666666666667,0.2,1.2666666666666666,1.535895295576609,3,0.45,23.22,1.8325814637483102,9,0.75,15,0.5,3,5,44,0.5775,0,1,consistent_user
389,3.0,3.0,0.0,10,10,0.3333333333333333,0.18181818181818182,0.9090909090909091,1.4142135623730951,2,0.18181818181818182,10.48,1.3862943611198906,2,0.45454545454545453,5,0.16666666666666666,1,2,28,0.37424242424242427,0,0,casual_user
390,2.0,2.0,0.0,12,9,0.3,0.3,1.2,2.9001231500945415,3,0.3076923076923077,21.31,1.6094379124341003,4,0.8461538461538461,11,0.3333333333333333,2,1,28,0.4682051282051283,0,1,consistent_user
391,2.0,1.0,-0.3333333333333333,3,3,0.1,0.25,0.75,0.7071067811865476,1,0.5,10.52,1.3862943611198906,2,0.25,1,0.0,0,1,51,0.32999999999999996,1,0,casual_user
392,3.0,3.0,0.0,19,15,0.5,0.3125,1.1875,1.5191090506254998,5,0.65,35.98,2.367123614131617,13,0.85,17,0.5,3,1,28,0.6475,0,1,power_user
393,2.0,3.0,0.3333333333333333,9,9,0.3,0.4,0.9,4.27617987059879,4,0.7,21.04,1.9459101490553132,7,0.6,6,0.3333333333333333,2,4,36,0.5416666666666666,0,1,consistent_user
394,7.0,3.0,-0.5,22,17,0.5666666666666667,0.3888888888888889,1.2222222222222223,1.1832159566199232,7,0.782608695652174,35.81,2.316769727986002,18,0.9130434782608695,21,0.8333333333333334,5,0,52,0.7736231884057971,0,1,power_user
395,2.0,0.0,-0.6666666666666666,2,2,0.06666666666666667,0.3333333333333333,0.6666666666666666,10.0,1,0.0,6.51,1.0986122886681098,0,0.3333333333333333,1,0.0,0,2,43,0.2033333333333333,1,0,at_risk_user
396,3.0,5.0,0.5,12,10,0.3333333333333333,0.18181818181818182,1.0909090909090908,1.6666666666666667,2,0.6923076923076923,22.4,2.03688192726104,9,0.5384615384615384,7,0.0,0,2,45,0.4769230769230769,0,1,consistent_user
397,1.0,2.0,0.5,3,2,0.06666666666666667,0.3333333333333333,1.0,10.0,1,0.75,8.46,1.791759469228055,3,0.75,3,0.0,0,0,38,0.4325,1,0,casual_user
398,0.0,0.0,0.0,0,0,0.0,0.0,0.0,10.0,0,0.0,0.0,0.0,0,0.0,0,0.0,0,0,36,0.0,1,0,at_risk_user
399,8.0,2.0,-0.6666666666666666,21,17,0.5666666666666667,0.3888888888888889,1.1666666666666667,1.5275252316519468,7,0.8181818181818182,37.08,2.2900063107871858,18,0.7727272727272727,17,0.8333333333333334,5,0,59,0.7684848484848485,0,1,power_user
400,0.0,2.0,2.0,8,6,0.2,0.42857142857142855,1.1428571428571428,3.2093613071762426,3,0.7777777777777778,10.93,0.0,7,0.4444444444444444,4,0.16666666666666666,1,3,26,0.33222222222222225,0,0,casual_user
401,4.0,2.0,-0.4,18,17,0.5666666666666667,0.2777777777777778,1.0,1.1672617529928753,5,0.5789473684210527,37.83,2.3513752571634776,11,0.9473684210526315,18,0.5,3,4,21,0.6594736842105263,0,1,power_user
402,2.0,3.0,0.3333333333333333,13,11,0.36666666666666664,0.25,1.0833333333333333,1.636391694484477,3,0.35714285714285715,21.26,1.9459101490553132,5,0.7142857142857143,10,0.3333333333333333,2,1,39,0.48738095238095236,0,1,consistent_user
403,0.0,2.0,2.0,8,8,0.26666666666666666,0.3333333333333333,0.8888888888888888,2.3603873774083293,3,0.2222222222222222,7.48,0.0,2,0.6666666666666666,6,0.16666666666666666,1,5,35,0.23555555555555552,0,0,casual_user
404,1.0,1.0,0.0,2,2,0.06666666666666667,0.3333333333333333,0.6666666666666666,10.0,1,0.0,5.78,1.0986122886681098,0,0.6666666666666666,2,0.0,0,4,38,0.23666666666666666,0,0,at_risk_user
405,3.0,6.0,0.75,18,16,0.5333333333333333,0.17647058823529413,1.0588235294117647,0.6761234037828133,3,0.8421052631578947,34.79,2.3353749158170367,16,0.9473684210526315,18,0.3333333333333333,2,3,33,0.6819298245614035,0,1,power_user
406,1.0,0.0,-0.5,2,2,0.06666666666666667,0.3333333333333333,0.6666666666666666,10.0,1,0.0,2.95,0.6931471805599453,0,0.3333333333333333,1,0.0,0,4,33,0.15730541041732513,1,0,at_risk_user
407,4.0,3.0,-0.2,17,15,0.5,0.375,1.0625,1.489892687336984,6,0.3333333333333333,21.37,1.791759469228055,6,0.5,9,0.5,3,0,36,0.5333333333333333,0,1,consistent_user
408,2.0,3.0,0.3333333333333333,11,10,0.3333333333333333,0.18181818181818182,1.0,1.7159383568311668,2,0.5833333333333334,20.77,1.9459101490553132,7,0.5,6,0.16666666666666666,1,4,32,0.47916666666666663,0,1,consistent_user
409,4.0,1.0,-0.6,7,6,0.2,0.42857142857142855,1.0,2.4899799195977463,3,0.375,8.19,1.6094379124341003,3,0.25,2,0.16666666666666666,1,4,31,0.3620833333333333,1,0,casual_user
410,3.0,6.0,0.75,18,15,0.5,0.25,1.125,1.4675987714106855,4,0.6842105263157895,35.03,2.302585092994046,13,0.8947368421052632,17,0.3333333333333333,2,5,46,0.6271929824561403,0,1,power_user
411,1.0,3.0,1.0,9,9,0.3,0.2,0.9,1.5811388300841898,2,0.3,11.34,1.3862943611198906,3,0.3,3,0.0,0,1,43,0.345,0,0,casual_user
412,0.0,0.0,0.0,0,0,0.0,0.0,0.0,10.0,0,0.0,0.0,0.0,0,0.0,0,0.0,0,2,54,0.0,1,0,at_risk_user
413,4.0,2.0,-0.4,6,6,0.2,0.42857142857142855,0.8571428571428571,1.51657508881031,3,0.42857142857142855,21.81,1.8718021769015913,3,0.7142857142857143,5,0.16666666666666666,1,3,54,0.4219047619047619,1,0,consistent_user
414,7.0,3.0,-0.5,21,15,0.5,0.1875,1.3125,1.2403473458920846,3,0.9090909090909091,35.1,2.330755969960742,20,0.9545454545454546,21,0.5,3,2,38,0.7227272727272728,0,1,power_user
415,1.0,2.0,0.5,6,5,0.16666666666666666,0.3333333333333333,1.0,3.1091263510296048,2,0.8571428571428571,20.02,1.9459101490553132,6,0.7142857142857143,5,0.0,0,0,33,0.48571428571428577,0,1,consistent_user
416,2.0,0.0,-0.6666666666666666,2,2,0.06666666666666667,0.3333333333333333,0.6666666666666666,10.0,1,0.0,13.1,1.7047480922384253,0,0.6666666666666666,2,0.0,0,1,63,0.23666666666666666,1,0,casual_user
417,2.0,5.0,1.0,13,12,0.4,0.23076923076923078,1.0,1.3618169680781096,3,0.7142857142857143,36.21,2.302585092994046,10,0.9285714285714286,13,0.3333333333333333,2,5,46,0.6080952380952381,0,1,power_user
418,1.0,3.0,1.0,7,6,0.2,0.2857142857142857,1.0,3.3166247903554,2,0.25,10.96,1.3862943611198906,2,0.375,3,0.0,0,0,55,0.31,0,0,casual_user
419,0.0,0.0,0.0,0,0,0.0,0.0,0.0,10.0,0,0.0,0.0,0.0,0,0.0,0,0.0,0,5,31,0.0,1,0,at_risk_user
420,2.0,0.0,-0.6666666666666666,2,2,0.06666666666666667,0.3333333333333333,0.6666666666666666,10.0,1,0.3333333333333333,6.51,1.7047480922384253,1,0.3333333333333333,1,0.0,0,5,22,0.2866666666666666,1,0,casual_user
421,3.0,4.0,0.25,13,11,0.36666666666666664,0.3333333333333333,1.0833333333333333,1.9578900207451218,4,0.7857142857142857,22.12,1.992430164690206,11,0.6428571428571429,9,0.3333333333333333,2,1,36,0.5873809523809523,0,1,consistent_user
422,6.0,3.0,-0.42857142857142855,28,20,0.6666666666666666,0.38095238095238093,1.3333333333333333,1.1722922015640782,8,0.7586206896551724,36.27,2.3978952727983707,22,0.8620689655172413,25,0.8333333333333334,5,5,18,0.7925287356321841,0,1,power_user
423,0.0,0.0,0.0,3,3,0.1,0.25,0.75,2.8284271247461903,1,0.25,7.51,0.0,1,0.75,3,0.0,0,3,59,0.1675,0,0,casual_user
424,2.0,1.0,-0.3333333333333333,13,10,0.3333333333333333,0.18181818181818182,1.1818181818181819,1.5898986690282426,2,0.7857142857142857,24.44,2.0794415416798357,11,0.8571428571428571,12,0.16666666666666666,1,3,40,0.5654761904761905,0,1,consistent_user
425,2.0,2.0,0.0,11,8,0.26666666666666666,0.2222222222222222,1.2222222222222223,2.3804761428476167,2,0.0,10.69,1.252762968495368,0,0.3333333333333333,4,0.0,0,3,21,0.2633333333333333,0,0,casual_user
426,2.0,2.0,0.0,7,6,0.2,0.2857142857142857,1.0,3.63318042491699,2,0.125,8.97,1.3862943611198906,1,0.375,3,0.0,0,5,53,0.27875,0,0,casual_user
427,1.0,1.0,0.0,4,3,0.1,0.25,1.0,7.0710678118654755,1,0.2,6.12,1.3862943611198906,1,0.4,2,0.0,0,3,26,0.27,0,0,at_risk_user
428,1.0,1.0,0.0,2,2,0.06666666666666667,0.3333333333333333,0.6666666666666666,10.0,1,0.3333333333333333,4.8,1.3862943611198906,1,0.0,0,0.0,0,4,47,0.2533333333333333,1,0,at_risk_user
429,2.0,0.0,-0.6666666666666666,2,2,0.06666666666666667,0.3333333333333333,0.6666666666666666,10.0,1,0.0,6.55,1.252762968495368,0,0.6666666666666666,2,0.0,0,2,60,0.23666666666666666,1,0,at_risk_user
430,0.0,3.0,3.0,6,6,0.2,0.42857142857142855,0.8571428571428571,4.09878030638384,3,0.2857142857142857,9.16,0.0,2,0.42857142857142855,3,0.16666666666666666,1,5,32,0.2076190476190476,0,0,casual_user
431,1.0,3.0,1.0,4,3,0.1,0.5,1.0,6.363961030678928,2,0.4,8.86,1.791759469228055,2,0.6,3,0.0,0,5,27,0.33999999999999997,1,0,casual_user
432,3.0,7.0,1.0,21,17,0.5666666666666667,0.16666666666666666,1.1666666666666667,0.6191391873668903,3,0.7272727272727273,35.51,2.367123614131617,16,0.9090909090909091,20,0.5,3,4,44,0.6927272727272727,0,1,power_user
433,5.0,3.0,-0.3333333333333333,10,9,0.3,0.2,1.0,1.0350983390135313,2,0.9090909090909091,30.86,2.451005098112319,10,0.9090909090909091,10,0.16666666666666666,1,0,25,0.5915151515151515,1,0,power_user
434,2.0,1.0,-0.3333333333333333,6,6,0.2,0.14285714285714285,0.8571428571428571,4.0,1,0.0,10.77,1.5040773967762742,0,0.5714285714285714,4,0.0,0,5,22,0.2671428571428571,0,0,casual_user
435,5.0,2.0,-0.5,19,15,0.5,0.25,1.1875,1.027105182026191,4,0.35,20.85,1.9459101490553132,7,0.6,12,0.5,3,0,25,0.5475,0,1,consistent_user
436,3.0,3.0,0.0,6,4,0.13333333333333333,0.2,1.2,2.3094010767585034,1,0.7142857142857143,26.05,2.03688192726104,5,0.8571428571428571,6,0.0,0,4,45,0.4542857142857143,1,0,consistent_user
437,1.0,0.0,-0.5,2,2,0.06666666666666667,0.3333333333333333,0.6666666666666666,10.0,1,0.0,4.86,1.3862943611198906,0,0.6666666666666666,2,0.0,0,5,34,0.23666666666666666,1,0,at_risk_user
438,5.0,0.0,-0.8333333333333334,5,4,0.13333333333333333,0.2,1.0,0.0,1,0.16666666666666666,11.36,1.6094379124341003,1,0.3333333333333333,2,0.0,0,2,27,0.265,1,0,casual_user
439,2.0,3.0,0.3333333333333333,14,11,0.36666666666666664,0.08333333333333333,1.1666666666666667,0.7888106377466155,1,0.4,21.73,2.1972245773362196,6,0.8666666666666667,13,0.16666666666666666,1,3,64,0.48,0,1,consistent_user
440,2.0,1.0,-0.3333333333333333,5,4,0.13333333333333333,0.2,1.0,3.055050463303893,1,0.3333333333333333,4.57,1.0986122886681098,2,0.5,3,0.0,0,2,29,0.32333333333333336,1,0,at_risk_user
441,5.0,2.0,-0.5,18,14,0.4666666666666667,0.2,1.2,1.3445044840729643,3,0.3157894736842105,22.48,1.916922612182061,6,0.7894736842105263,15,0.5,3,2,58,0.5478947368421053,0,1,consistent_user
442,4.0,2.0,-0.4,14,12,0.4,0.3076923076923077,1.0769230769230769,2.769968821616458,4,0.3333333333333333,22.81,2.0149030205422647,5,0.9333333333333333,14,0.3333333333333333,2,5,51,0.5133333333333333,0,1,consistent_user
443,4.0,5.0,0.2,17,16,0.5333333333333333,0.17647058823529413,1.0,1.1629191512658792,3,0.7222222222222222,35.57,2.3978952727983707,13,0.9444444444444444,17,0.6666666666666666,4,3,27,0.7183333333333334,0,1,power_user
444,5.0,2.0,-0.5,11,10,0.3333333333333333,0.2727272727272727,1.0,1.964971020425266,3,0.5833333333333334,9.48,1.5260563034950492,7,0.4166666666666667,5,0.16666666666666666,1,1,61,0.4708333333333333,0,0,casual_user
445,3.0,5.0,0.5,11,10,0.3333333333333333,0.36363636363636365,1.0,2.877112750272011,4,0.6666666666666666,23.72,1.9459101490553132,8,0.5833333333333334,7,0.3333333333333333,2,1,54,0.5416666666666666,0,1,consistent_user
446,3.0,1.0,-0.5,6,6,0.2,0.42857142857142855,0.8571428571428571,4.919349550499537,3,0.42857142857142855,9.49,1.6094379124341003,3,0.14285714285714285,1,0.16666666666666666,1,2,61,0.36476190476190473,0,0,casual_user
447,5.0,6.0,0.16666666666666666,18,16,0.5333333333333333,0.23529411764705882,1.0588235294117647,1.3345232785352157,4,0.8421052631578947,36.04,2.341805806147327,16,0.8947368421052632,17,0.5,3,4,27,0.7100000000000001,0,1,power_user
448,4.0,0.0,-0.8,11,11,0.36666666666666664,0.25,0.9166666666666666,2.6687491868330793,3,0.3333333333333333,21.24,1.8718021769015913,4,0.5833333333333334,7,0.3333333333333333,2,0,60,0.46833333333333327,0,1,consistent_user
449,6.0,1.0,-0.7142857142857143,13,11,0.36666666666666664,0.25,1.0833333333333333,2.2335820757001272,3,0.35714285714285715,22.37,2.0149030205422647,5,0.7142857142857143,10,0.3333333333333333,2,4,25,0.48738095238095236,0,1,consistent_user
450,2.0,3.0,0.3333333333333333,5,4,0.13333333333333333,0.2,1.0,2.6457513110645907,1,0.6666666666666666,8.58,1.7047480922384253,4,0.5,3,0.0,0,0,37,0.4066666666666666,1,0,casual_user
451,1.0,1.0,0.0,2,2,0.06666666666666667,0.3333333333333333,0.6666666666666666,10.0,1,0.0,5.21,0.6931471805599453,0,0.0,0,0.0,0,1,40,0.1239720770839918,1,0,at_risk_user
452,7.0,3.0,-0.5,20,18,0.6,0.3157894736842105,1.0526315789473684,1.2126781251816647,6,0.5714285714285714,22.42,2.1316272948504063,12,0.7142857142857143,15,0.6666666666666666,4,3,63,0.6776190476190476,0,1,consistent_user
453,0.0,0.0,0.0,3,3,0.1,0.5,0.75,4.242640687119285,2,0.25,10.51,0.0,1,0.25,1,0.0,0,1,28,0.1175,0,0,casual_user
454,2.0,5.0,1.0,14,12,0.4,0.46153846153846156,1.0769230769230769,1.9540168418367887,6,0.5333333333333333,22.05,2.1400661634962708,8,0.6666666666666666,10,0.3333333333333333,2,1,39,0.5366666666666666,0,1,consistent_user
455,4.0,2.0,-0.4,9,8,0.26666666666666666,0.2222222222222222,1.0,2.070196678027063,2,0.6,21.11,1.749199854809259,6,0.8,8,0.0,0,2,65,0.45999999999999996,1,0,consistent_user
456,7.0,4.0,-0.375,22,17,0.5666666666666667,0.16666666666666666,1.2222222222222223,0.7745966692414834,3,0.6521739130434783,21.52,1.8382794848629478,15,0.782608695652174,18,0.5,3,4,47,0.6613043478260869,0,1,consistent_user
457,5.0,4.0,-0.16666666666666666,9,8,0.26666666666666666,0.5555555555555556,1.0,0.7867957924694432,5,0.4,21.74,1.8870696490323797,4,0.4,4,0.16666666666666666,1,0,18,0.4033333333333333,1,0,consistent_user
458,0.0,0.0,0.0,0,0,0.0,0.0,0.0,10.0,0,0.0,0.0,0.0,0,0.0,0,0.0,0,2,36,0.0,1,0,at_risk_user
459,0.0,2.0,2.0,5,4,0.13333333333333333,0.2,1.0,3.4641016151377544,1,0.3333333333333333,9.39,0.0,2,0.3333333333333333,2,0.0,0,2,36,0.15666666666666665,0,0,casual_user
460,0.0,0.0,0.0,0,0,0.0,0.0,0.0,10.0,0,0.0,0.0,0.0,0,0.0,0,0.0,0,1,27,0.0,1,0,at_risk_user
461,3.0,3.0,0.0,12,10,0.3333333333333333,0.36363636363636365,1.0909090909090908,3.278719262151,4,0.38461538461538464,10.03,1.3862943611198906,5,0.6153846153846154,8,0.5,3,1,55,0.5076923076923077,0,0,casual_user
462,2.0,1.0,-0.3333333333333333,4,4,0.13333333333333333,0.2,0.8,1.5275252316519468,1,0.0,8.49,1.6094379124341003,0,0.4,2,0.0,0,1,44,0.23,1,0,casual_user
463,4.0,1.0,-0.6,10,9,0.3,0.3,1.0,3.2841611235921855,3,0.2727272727272727,9.97,1.3217558399823195,3,0.5454545454545454,6,0.3333333333333333,2,0,18,0.42939393939393944,0,0,casual_user
464,2.0,0.0,-0.6666666666666666,8,7,0.23333333333333334,0.25,1.0,4.589843860815601,2,0.4444444444444444,10.14,1.5040773967762742,4,0.6666666666666666,6,0.0,0,3,38,0.3977777777777778,0,0,casual_user
465,5.0,1.0,-0.6666666666666666,15,10,0.3333333333333333,0.36363636363636365,1.3636363636363635,3.0731814857642954,4,0.6875,22.38,2.151762203259462,11,0.875,14,0.16666666666666666,1,1,34,0.5427083333333333,0,1,consistent_user
466,2.0,2.0,0.0,8,8,0.26666666666666666,0.2222222222222222,0.8888888888888888,2.6367367999823097,2,0.2222222222222222,8.36,1.5040773967762742,2,0.6666666666666666,6,0.0,0,3,48,0.3522222222222222,0,0,casual_user
467,3.0,2.0,-0.25,14,11,0.36666666666666664,0.25,1.1666666666666667,1.8529256146249728,3,0.5333333333333333,22.06,1.8971199848858813,8,0.5333333333333333,8,0.3333333333333333,2,5,27,0.5133333333333333,0,1,consistent_user
468,3.0,2.0,-0.25,16,13,0.43333333333333335,0.35714285714285715,1.1428571428571428,1.775250729197189,5,0.7647058823529411,36.23,2.367123614131617,13,0.7647058823529411,13,0.3333333333333333,2,0,56,0.614313725490196,0,1,power_user
469,1.0,0.0,-0.5,6,5,0.16666666666666666,0.3333333333333333,1.0,5.686240703077327,2,0.2857142857142857,8.96,1.0986122886681098,2,0.42857142857142855,3,0.0,0,4,54,0.3142857142857143,0,0,casual_user
470,3.0,5.0,0.5,13,10,0.3333333333333333,0.18181818181818182,1.1818181818181819,2.848001248439177,2,0.7857142857142857,34.68,2.512305623976115,11,0.9285714285714286,13,0.16666666666666666,1,1,39,0.5726190476190476,0,1,power_user
471,5.0,2.0,-0.5,16,12,0.4,0.3076923076923077,1.2307692307692308,1.9632996344280857,4,0.8823529411764706,33.88,2.2617630984737906,15,0.9411764705882353,16,0.3333333333333333,2,2,29,0.6513725490196078,0,1,power_user
472,5.0,1.0,-0.6666666666666666,15,13,0.43333333333333335,0.21428571428571427,1.0714285714285714,1.775250729197189,3,0.5,22.54,1.824549292051046,8,0.6875,11,0.5,3,0,61,0.57375,0,1,consistent_user
473,2.0,5.0,1.0,9,8,0.26666666666666666,0.3333333333333333,1.0,1.9148542155126762,3,0.3,10.14,1.3862943611198906,3,0.4,4,0.16666666666666666,1,0,53,0.3783333333333333,0,0,casual_user
474,2.0,0.0,-0.6666666666666666,2,2,0.06666666666666667,0.3333333333333333,0.6666666666666666,10.0,1,0.0,10.38,1.5040773967762742,0,0.3333333333333333,1,0.0,0,5,62,0.2033333333333333,1,0,casual_user
475,5.0,0.0,-0.8333333333333334,9,9,0.3,0.3,0.9,3.1594529363709247,3,0.5,10.76,1.4816045409242156,5,0.8,8,0.16666666666666666,1,3,27,0.4783333333333334,0,0,casual_user
476,5.0,3.0,-0.3333333333333333,12,11,0.36666666666666664,0.25,1.0,1.4757295747452437,3,0.07692307692307693,11.03,1.5260563034950492,1,0.46153846153846156,6,0.3333333333333333,2,3,56,0.39205128205128204,0,0,casual_user
477,1.0,1.0,0.0,2,2,0.06666666666666667,0.3333333333333333,0.6666666666666666,10.0,1,0.3333333333333333,10.25,1.3862943611198906,1,0.3333333333333333,1,0.0,0,3,29,0.2866666666666666,1,0,casual_user
478,2.0,2.0,0.0,4,4,0.13333333333333333,0.2,0.8,0.5773502691896258,1,0.4,10.9,1.0986122886681098,2,0.4,2,0.0,0,4,57,0.33,1,0,casual_user
479,2.0,0.0,-0.6666666666666666,4,4,0.13333333333333333,0.4,0.8,6.6583281184793925,2,0.2,6.49,0.9162907318741551,1,0.2,1,0.0,0,0,38,0.24744360978112329,0,0,at_risk_user
480,6.0,7.0,0.14285714285714285,24,18,0.6,0.21052631578947367,1.263157894736842,0.7952062255644574,4,0.56,34.74,2.2512917986064953,14,0.92,23,0.6666666666666666,4,0,20,0.6953333333333334,0,1,power_user
481,2.0,1.0,-0.3333333333333333,8,7,0.23333333333333334,0.25,1.0,3.0166206257996713,2,0.3333333333333333,9.28,1.0986122886681098,3,0.2222222222222222,2,0.0,0,5,57,0.32555555555555554,0,0,casual_user
482,3.0,4.0,0.25,12,11,0.36666666666666664,0.3333333333333333,1.0,1.8973665961010278,4,0.38461538461538464,22.58,1.6094379124341003,5,0.46153846153846156,6,0.5,3,5,28,0.5023076923076922,0,1,consistent_user
483,6.0,2.0,-0.5714285714285714,16,13,0.43333333333333335,0.14285714285714285,1.1428571428571428,1.337115846843043,2,0.5294117647058824,35.73,2.3191143949452564,9,0.9411764705882353,16,0.16666666666666666,1,5,39,0.5398039215686274,0,1,power_user
484,3.0,7.0,1.0,15,14,0.4666666666666667,0.26666666666666666,1.0,2.743290182543769,4,0.4375,22.98,1.8971199848858813,7,0.75,12,0.5,3,5,53,0.574375,0,1,consistent_user
485,3.0,3.0,0.0,8,8,0.26666666666666666,0.3333333333333333,0.8888888888888888,2.516611478423583,3,0.2222222222222222,9.73,1.3862943611198906,2,0.5555555555555556,5,0.16666666666666666,1,5,60,0.3744444444444444,0,0,casual_user
486,3.0,3.0,0.0,8,7,0.23333333333333334,0.25,1.0,3.559026084010437,2,0.3333333333333333,22.43,1.9459101490553132,3,0.6666666666666666,6,0.0,0,3,32,0.37,0,1,consistent_user
487,1.0,0.0,-0.5,1,1,0.03333333333333333,0.5,0.5,10.0,1,0.0,7.65,0.6931471805599453,0,0.0,0,0.0,0,1,21,0.11397207708399179,1,0,at_risk_user
488,2.0,4.0,0.6666666666666666,7,7,0.23333333333333334,0.25,0.875,2.786873995477131,2,0.0,4.12,0.9162907318741551,0,0.125,1,0.0,0,4,36,0.21994360978112326,1,0,at_risk_user
489,4.0,3.0,-0.2,14,10,0.3333333333333333,0.18181818181818182,1.2727272727272727,1.8708286933869707,2,0.13333333333333333,9.73,1.5040773967762742,2,0.5333333333333333,8,0.16666666666666666,1,5,45,0.37,0,0,casual_user
490,1.0,2.0,0.5,4,4,0.13333333333333333,0.2,0.8,1.5275252316519465,1,0.4,7.64,1.6094379124341003,2,0.6,3,0.0,0,2,50,0.35,1,0,casual_user
491,2.0,3.0,0.3333333333333333,5,5,0.16666666666666666,0.3333333333333333,0.8333333333333334,1.7320508075688772,2,0.0,10.01,1.7047480922384253,0,0.16666666666666666,1,0.0,0,5,37,0.21666666666666667,1,0,casual_user
492,1.0,0.0,-0.5,1,1,0.03333333333333333,0.5,0.5,10.0,1,0.5,3.89,1.0986122886681098,1,0.0,0,0.0,0,4,48,0.28500000000000003,1,0,at_risk_user
493,1.0,2.0,0.5,3,2,0.06666666666666667,0.3333333333333333,1.0,10.0,1,0.75,10.63,1.0986122886681098,3,0.5,2,0.0,0,3,41,0.4075,1,0,casual_user
494,2.0,1.0,-0.3333333333333333,8,7,0.23333333333333334,0.25,1.0,2.16794833886788,2,0.0,25.48,2.0794415416798357,0,0.7777777777777778,7,0.0,0,2,27,0.2977777777777778,0,1,consistent_user
495,6.0,5.0,-0.14285714285714285,16,16,0.5333333333333333,0.47058823529411764,0.9411764705882353,1.3732131246511905,8,0.5882352941176471,22.27,2.0583881324820035,10,0.7647058823529411,13,0.5,3,2,61,0.6335294117647059,0,1,consistent_user
496,0.0,0.0,0.0,1,1,0.03333333333333333,0.5,0.5,10.0,1,0.0,5.71,0.0,0,0.0,0,0.0,0,5,39,0.01,1,0,at_risk_user
497,3.0,1.0,-0.5,8,8,0.26666666666666666,0.2222222222222222,0.8888888888888888,3.2877840272018792,2,0.4444444444444444,11.06,1.5404450409471488,4,0.4444444444444444,4,0.0,0,1,23,0.38555555555555554,0,0,casual_user
498,5.0,3.0,-0.3333333333333333,9,6,0.2,0.2857142857142857,1.2857142857142858,1.9235384061671346,2,0.1,24.52,1.9740810260220096,1,0.8,8,0.0,0,0,41,0.315,1,0,consistent_user
499,2.0,3.0,0.3333333333333333,5,3,0.1,0.25,1.25,0.7071067811865476,1,0.5,20.7,2.0794415416798357,3,0.6666666666666666,4,0.0,0,5,26,0.3716666666666667,1,0,consistent_user
500,2.0,2.0,0.0,11,10,0.3333333333333333,0.2727272727272727,1.0,2.6822461565718467,3,0.16666666666666666,9.23,1.7047480922384253,2,0.5833333333333334,7,0.3333333333333333,2,3,31,0.41666666666666663,0,0,casual_user
501,2.0,2.0,0.0,4,4,0.13333333333333333,0.4,0.8,2.0,2,0.4,9.22,1.5040773967762742,2,0.4,2,0.0,0,1,35,0.33,1,0,casual_user
502,2.0,0.0,-0.6666666666666666,2,2,0.06666666666666667,0.3333333333333333,0.6666666666666666,10.0,1,0.3333333333333333,5.38,0.9162907318741551,1,0.3333333333333333,1,0.0,0,4,53,0.27411027644778996,1,0,at_risk_user
503,1.0,3.0,1.0,6,6,0.2,0.2857142857142857,0.8571428571428571,3.361547262794322,2,0.2857142857142857,10.85,1.791759469228055,2,0.2857142857142857,2,0.0,0,0,34,0.31,0,0,casual_user
504,2.0,0.0,-0.6666666666666666,2,2,0.06666666666666667,0.3333333333333333,0.6666666666666666,10.0,1,0.0,3.94,1.0986122886681098,0,0.3333333333333333,1,0.0,0,5,30,0.2033333333333333,1,0,at_risk_user
505,3.0,0.0,-0.75,5,5,0.16666666666666666,0.3333333333333333,0.8333333333333334,4.43471156521669,2,0.5,23.72,1.992430164690206,3,0.8333333333333334,5,0.0,0,0,19,0.4083333333333333,1,0,consistent_user
506,1.0,2.0,0.5,3,2,0.06666666666666667,0.3333333333333333,1.0,10.0,1,0.5,7.21,1.0986122886681098,2,0.75,3,0.0,0,0,22,0.37,1,0,casual_user
507,1.0,4.0,1.5,19,16,0.5333333333333333,0.35294117647058826,1.1176470588235294,0.9154754164341269,6,0.75,34.2,2.3978952727983707,15,0.95,19,0.6666666666666666,4,5,35,0.7258333333333333,0,1,power_user
508,4.0,2.0,-0.4,6,6,0.2,0.2857142857142857,0.8571428571428571,1.0954451150103321,2,0.2857142857142857,12.1,1.55814461804655,2,0.7142857142857143,5,0.0,0,1,50,0.35285714285714287,1,0,casual_user
509,1.0,0.0,-0.5,8,8,0.26666666666666666,0.2222222222222222,0.8888888888888888,5.047394424471944,2,0.2222222222222222,10.25,1.0986122886681098,2,0.2222222222222222,2,0.0,0,2,22,0.30777777777777776,0,0,casual_user
510,1.0,0.0,-0.5,1,1,0.03333333333333333,0.5,0.5,10.0,1,0.0,6.64,1.791759469228055,0,0.5,1,0.0,0,2,57,0.21,1,0,casual_user
511,1.0,1.0,0.0,3,3,0.1,0.25,0.75,4.949747468305833,1,0.0,5.53,0.6931471805599453,0,0.0,0,0.0,0,3,49,0.13397207708399178,1,0,at_risk_user
512,2.0,5.0,1.0,10,8,0.26666666666666666,0.2222222222222222,1.1111111111111112,2.115700942049815,2,0.5454545454545454,33.22,2.302585092994046,6,0.8181818181818182,9,0.16666666666666666,1,5,26,0.48151515151515156,0,1,power_user
513,1.0,0.0,-0.5,1,1,0.03333333333333333,0.5,0.5,10.0,1,0.5,2.36,1.3862943611198906,1,0.0,0,0.0,0,3,42,0.28500000000000003,1,0,at_risk_user
514,2.0,1.0,-0.3333333333333333,3,3,0.1,0.25,0.75,2.1213203435596424,1,0.0,10.83,1.6094379124341003,0,0.5,2,0.0,0,2,53,0.22999999999999998,1,0,casual_user
515,1.0,1.0,0.0,2,2,0.06666666666666667,0.3333333333333333,0.6666666666666666,10.0,1,0.0,5.2,0.6931471805599453,0,0.0,0,0.0,0,5,51,0.1239720770839918,1,0,at_risk_user
516,4.0,1.0,-0.6,11,11,0.36666666666666664,0.25,0.9166666666666666,2.0976176963403033,3,0.6666666666666666,10.07,1.4469189829363254,8,0.4166666666666667,5,0.3333333333333333,2,3,65,0.5349999999999999,0,0,casual_user
517,1.0,3.0,1.0,15,11,0.36666666666666664,0.3333333333333333,1.25,2.3687784005919825,4,0.125,22.82,1.791759469228055,2,0.75,12,0.5,3,1,65,0.46625000000000005,0,1,consistent_user
518,3.0,0.0,-0.75,8,8,0.26666666666666666,0.2222222222222222,0.8888888888888888,3.251373336211726,2,0.3333333333333333,8.2,1.5404450409471488,3,0.2222222222222222,2,0.0,0,3,50,0.33555555555555555,0,0,casual_user
519,0.0,0.0,0.0,0,0,0.0,0.0,0.0,10.0,0,0.0,0.0,0.0,0,0.0,0,0.0,0,1,18,0.0,0,0,at_risk_user
520,1.0,0.0,-0.5,1,1,0.03333333333333333,0.5,0.5,10.0,1,0.0,6.26,1.0986122886681098,0,0.0,0,0.0,0,1,28,0.16,1,0,at_risk_user
521,6.0,4.0,-0.2857142857142857,21,16,0.5333333333333333,0.17647058823529413,1.2352941176470589,0.8837151016885368,3,0.6818181818181818,35.67,2.367123614131617,15,0.9545454545454546,21,0.3333333333333333,2,3,29,0.6425757575757576,0,1,power_user
522,4.0,2.0,-0.4,9,8,0.26666666666666666,0.2222222222222222,1.0,2.751622897751175,2,0.5,22.67,1.8325814637483102,5,0.7,7,0.0,0,4,33,0.42500000000000004,0,1,consistent_user
523,0.0,1.0,1.0,1,1,0.03333333333333333,0.5,0.5,10.0,1,0.0,7.75,0.0,0,0.5,1,0.0,0,4,58,0.060000000000000005,1,0,at_risk_user
524,2.0,2.0,0.0,10,10,0.3333333333333333,0.18181818181818182,0.9090909090909091,1.3017082793177759,2,0.5454545454545454,22.71,2.1972245773362196,6,0.7272727272727273,8,0.16666666666666666,1,3,62,0.49242424242424243,0,1,consistent_user
525,3.0,1.0,-0.5,12,12,0.4,0.3076923076923077,0.9230769230769231,2.1148823307047775,4,0.38461538461538464,21.94,1.992430164690206,5,0.8461538461538461,11,0.5,3,1,44,0.5507692307692308,0,1,consistent_user
526,1.0,0.0,-0.5,1,1,0.03333333333333333,0.5,0.5,10.0,1,0.0,2.53,1.3862943611198906,0,0.5,1,0.0,0,0,30,0.21,0,0,at_risk_user
527,1.0,3.0,1.0,9,9,0.3,0.2,0.9,1.4142135623730951,2,0.3,21.76,1.6094379124341003,3,0.5,5,0.0,0,2,64,0.365,0,1,consistent_user
528,2.0,0.0,-0.6666666666666666,2,2,0.06666666666666667,0.3333333333333333,0.6666666666666666,10.0,1,0.3333333333333333,4.91,0.9162907318741551,1,0.3333333333333333,1,0.0,0,5,31,0.27411027644778996,1,0,at_risk_user
529,6.0,4.0,-0.2857142857142857,10,7,0.23333333333333334,0.5,1.25,0.408248290463863,4,0.2727272727272727,10.1,1.252762968495368,3,0.36363636363636365,4,0.5,3,3,52,0.42454545454545456,1,0,casual_user
530,2.0,2.0,0.0,14,11,0.36666666666666664,0.25,1.1666666666666667,1.4337208778404378,3,0.3333333333333333,20.46,2.0149030205422647,5,0.6666666666666666,10,0.3333333333333333,2,2,34,0.47666666666666657,0,1,consistent_user
531,1.0,1.0,0.0,2,2,0.06666666666666667,0.3333333333333333,0.6666666666666666,10.0,1,0.0,6.28,0.6931471805599453,0,0.0,0,0.0,0,3,55,0.1239720770839918,1,0,at_risk_user
532,3.0,4.0,0.25,19,17,0.5666666666666667,0.16666666666666666,1.0555555555555556,0.8139410298049853,3,0.6,35.77,2.3978952727983707,12,0.95,19,0.6666666666666666,4,4,53,0.6983333333333333,0,1,power_user
533,2.0,6.0,1.3333333333333333,12,10,0.3333333333333333,0.18181818181818182,1.0909090909090908,0.8660254037844386,2,0.5384615384615384,22.6,2.1400661634962708,7,0.8461538461538461,11,0.16666666666666666,1,3,64,0.5025641025641026,0,1,consistent_user
534,1.0,1.0,0.0,8,8,0.26666666666666666,0.2222222222222222,0.8888888888888888,1.4960264830861911,2,0.3333333333333333,9.73,1.3862943611198906,3,0.5555555555555556,5,0.0,0,2,47,0.3688888888888889,0,0,casual_user
535,3.0,5.0,0.5,13,11,0.36666666666666664,0.25,1.0833333333333333,1.8287822299126937,3,0.6428571428571429,22.42,1.992430164690206,9,0.7142857142857143,10,0.3333333333333333,2,1,27,0.5588095238095238,0,1,consistent_user
536,1.0,3.0,1.0,7,7,0.23333333333333334,0.25,0.875,3.188521078284832,2,0.25,8.36,1.791759469228055,2,0.625,5,0.0,0,4,59,0.345,0,0,casual_user
537,2.0,2.0,0.0,12,10,0.3333333333333333,0.18181818181818182,1.0909090909090908,1.7320508075688772,2,0.15384615384615385,9.6,1.791759469228055,2,0.6153846153846154,8,0.0,0,4,41,0.35,0,0,casual_user
538,3.0,0.0,-0.75,3,3,0.1,0.5,0.75,0.7071067811865476,2,0.25,4.47,0.9808292530117262,1,0.0,0,0.0,0,5,45,0.23962438795175892,1,0,at_risk_user
539,2.0,2.0,0.0,5,5,0.16666666666666666,0.3333333333333333,0.8333333333333334,1.2909944487358056,2,0.0,4.38,1.0986122886681098,0,0.0,0,0.0,0,0,22,0.19999999999999998,0,0,at_risk_user
540,0.0,1.0,1.0,1,1,0.03333333333333333,0.5,0.5,10.0,1,0.0,4.11,0.0,0,0.0,0,0.0,0,3,50,0.01,1,0,at_risk_user
541,5.0,6.0,0.16666666666666666,19,15,0.5,0.25,1.1875,1.071611705960535,4,0.3,23.0,1.8562979903656263,6,0.8,16,0.16666666666666666,1,0,30,0.4883333333333333,0,1,consistent_user
542,1.0,4.0,1.5,6,5,0.16666666666666666,0.3333333333333333,1.0,2.0615528128088303,2,0.14285714285714285,8.82,1.0986122886681098,1,0.5714285714285714,4,0.0,0,5,34,0.2928571428571428,1,0,casual_user
543,3.0,1.0,-0.5,8,8,0.26666666666666666,0.2222222222222222,0.8888888888888888,3.670993118515816,2,0.1111111111111111,10.99,1.5404450409471488,1,0.4444444444444444,4,0.0,0,2,22,0.3022222222222222,0,0,casual_user
544,2.0,0.0,-0.6666666666666666,2,2,0.06666666666666667,0.3333333333333333,0.6666666666666666,10.0,1,0.3333333333333333,22.12,2.0149030205422647,1,0.6666666666666666,2,0.0,0,4,26,0.31999999999999995,1,0,consistent_user
545,3.0,2.0,-0.25,5,5,0.16666666666666666,0.3333333333333333,0.8333333333333334,1.9148542155126762,2,0.3333333333333333,10.39,1.4663370687934272,2,0.16666666666666666,1,0.0,0,1,55,0.3,1,0,casual_user
546,1.0,1.0,0.0,8,7,0.23333333333333334,0.25,1.0,2.1908902300206643,2,0.5555555555555556,20.95,2.1972245773362196,5,0.8888888888888888,8,0.0,0,5,32,0.44777777777777783,0,1,consistent_user
547,0.0,0.0,0.0,0,0,0.0,0.0,0.0,10.0,0,0.0,0.0,0.0,0,0.0,0,0.0,0,1,43,0.0,1,0,at_risk_user
548,3.0,2.0,-0.25,8,7,0.23333333333333334,0.125,1.0,3.250640962435973,1,0.0,9.4,1.5404450409471488,0,0.6666666666666666,6,0.0,0,0,24,0.2866666666666666,0,0,casual_user
549,3.0,4.0,0.25,14,12,0.4,0.23076923076923078,1.0769230769230769,1.0954451150103321,3,0.4,23.94,2.1972245773362196,6,0.8,12,0.3333333333333333,2,3,26,0.5166666666666667,0,1,consistent_user
550,4.0,1.0,-0.6,5,4,0.13333333333333333,0.2,1.0,0.5773502691896258,1,0.5,3.46,0.9162907318741551,3,0.16666666666666666,1,0.0,0,0,54,0.31911027644778994,1,0,at_risk_user
551,4.0,0.0,-0.8,11,9,0.3,0.3,1.1,2.9730936268953445,3,0.4166666666666667,21.73,2.1102132003465894,5,0.6666666666666666,8,0.3333333333333333,2,1,39,0.4774999999999999,0,1,consistent_user
552,3.0,2.0,-0.25,5,4,0.13333333333333333,0.2,1.0,1.1547005383792515,1,0.16666666666666666,10.75,1.4663370687934272,1,0.0,0,0.0,0,2,19,0.23166666666666666,1,0,casual_user
553,1.0,3.0,1.0,6,5,0.16666666666666666,0.16666666666666666,1.0,2.217355782608345,1,0.0,9.4,1.3862943611198906,0,0.14285714285714285,1,0.0,0,1,27,0.21428571428571427,1,0,casual_user
554,3.0,0.0,-0.75,3,3,0.1,0.5,0.75,2.1213203435596424,2,0.0,10.8,1.2039728043259361,0,0.25,1,0.0,0,4,52,0.205,1,0,casual_user
555,2.0,1.0,-0.3333333333333333,3,3,0.1,0.25,0.75,1.4142135623730951,1,0.5,9.42,1.252762968495368,2,0.25,1,0.0,0,2,40,0.32999999999999996,1,0,casual_user
556,3.0,2.0,-0.25,5,5,0.16666666666666666,0.3333333333333333,0.8333333333333334,1.707825127659933,2,0.5,9.17,1.6094379124341003,3,0.3333333333333333,2,0.0,0,3,45,0.3583333333333333,0,0,casual_user
557,2.0,0.0,-0.6666666666666666,3,2,0.06666666666666667,0.3333333333333333,1.0,10.0,1,0.0,9.73,1.0986122886681098,0,0.75,3,0.0,0,3,20,0.245,1,0,casual_user
558,0.0,0.0,0.0,0,0,0.0,0.0,0.0,10.0,0,0.0,0.0,0.0,0,0.0,0,0.0,0,2,63,0.0,1,0,at_risk_user
559,1.0,2.0,0.5,3,3,0.1,0.5,0.75,2.1213203435596424,2,0.25,10.63,1.791759469228055,1,0.25,1,0.0,0,2,28,0.26749999999999996,1,0,casual_user
560,4.0,7.0,0.6,19,16,0.5333333333333333,0.29411764705882354,1.1176470588235294,0.9856107606091622,5,0.85,33.74,2.327277705584417,17,0.8,16,0.6666666666666666,4,2,56,0.7358333333333335,0,1,power_user
561,2.0,1.0,-0.3333333333333333,3,3,0.1,0.5,0.75,3.5355339059327378,2,0.0,4.12,0.9162907318741551,0,0.5,2,0.0,0,1,54,0.21744360978112326,1,0,at_risk_user
562,3.0,1.0,-0.5,6,5,0.16666666666666666,0.3333333333333333,1.0,4.69041575982343,2,0.8571428571428571,9.75,1.3862943611198906,6,0.2857142857142857,2,0.0,0,2,43,0.44285714285714284,0,0,casual_user
563,2.0,0.0,-0.6666666666666666,2,1,0.03333333333333333,0.5,1.0,10.0,1,0.0,3.34,0.6931471805599453,0,0.0,0,0.0,0,5,49,0.11397207708399179,1,0,at_risk_user
564,1.0,2.0,0.5,3,3,0.1,0.25,0.75,0.7071067811865476,1,0.25,4.36,0.6931471805599453,1,0.5,2,0.0,0,3,49,0.24647207708399183,1,0,at_risk_user
565,3.0,2.0,-0.25,8,7,0.23333333333333334,0.25,1.0,2.280350850198276,2,0.3333333333333333,8.76,1.4663370687934272,3,0.5555555555555556,5,0.0,0,5,36,0.35888888888888887,0,0,casual_user
566,8.0,3.0,-0.5555555555555556,17,14,0.4666666666666667,0.3333333333333333,1.1333333333333333,1.4232501627054275,5,0.7777777777777778,35.62,2.2900063107871858,14,0.8888888888888888,16,0.3333333333333333,2,2,36,0.64,0,1,power_user
567,0.0,2.0,2.0,8,7,0.23333333333333334,0.375,1.0,2.5625508125043424,3,0.1111111111111111,9.16,0.0,1,0.2222222222222222,2,0.16666666666666666,1,0,36,0.15333333333333332,0,0,casual_user
568,1.0,2.0,0.5,3,3,0.1,0.25,0.75,1.4142135623730951,1,0.0,11.31,1.6094379124341003,0,0.25,1,0.0,0,4,59,0.205,0,0,casual_user
569,0.0,2.0,2.0,2,1,0.03333333333333333,0.5,1.0,10.0,1,0.0,5.02,0.0,0,0.0,0,0.0,0,5,65,0.01,1,0,at_risk_user
570,4.0,4.0,0.0,13,13,0.43333333333333335,0.21428571428571427,0.9285714285714286,1.0298573010888743,3,0.5,21.91,2.0476928433652555,7,0.7142857142857143,10,0.3333333333333333,2,0,64,0.5430952380952381,0,1,consistent_user
571,2.0,1.0,-0.3333333333333333,3,3,0.1,0.5,0.75,2.1213203435596424,2,0.0,5.07,1.252762968495368,0,0.5,2,0.0,0,2,63,0.22999999999999998,1,0,at_risk_user
572,1.0,4.0,1.5,6,5,0.16666666666666666,0.16666666666666666,1.0,3.4641016151377544,1,0.0,4.62,1.3862943611198906,0,0.2857142857142857,2,0.0,0,1,25,0.22857142857142856,0,0,at_risk_user
573,3.0,3.0,0.0,14,10,0.3333333333333333,0.2727272727272727,1.2727272727272727,2.048034287907418,3,0.8666666666666667,22.58,2.1972245773362196,13,0.8666666666666667,13,0.3333333333333333,2,5,32,0.62,0,1,consistent_user
574,5.0,7.0,0.3333333333333333,22,19,0.6333333333333333,0.35,1.1,1.0981267472114393,7,0.6956521739130435,35.47,2.379546134130174,16,0.9565217391304348,22,0.8333333333333334,5,1,24,0.7762318840579709,0,1,power_user
575,6.0,5.0,-0.14285714285714285,21,17,0.5666666666666667,0.16666666666666666,1.1666666666666667,1.1086778913041726,3,0.8181818181818182,35.57,2.4277482359480516,18,0.9545454545454546,21,0.5,3,2,60,0.72,0,1,power_user
576,0.0,0.0,0.0,1,1,0.03333333333333333,0.5,0.5,10.0,1,0.0,4.52,0.0,0,0.0,0,0.0,0,1,56,0.01,0,0,at_risk_user
577,3.0,4.0,0.25,15,13,0.43333333333333335,0.21428571428571427,1.0714285714285714,1.712255291076124,3,0.375,21.75,1.8971199848858813,6,0.6875,11,0.3333333333333333,2,5,22,0.5091666666666667,0,1,consistent_user
578,2.0,1.0,-0.3333333333333333,3,3,0.1,0.25,0.75,2.8284271247461903,1,0.0,5.1,1.0986122886681098,0,0.25,1,0.0,0,0,48,0.205,1,0,at_risk_user
579,1.0,1.0,0.0,6,6,0.2,0.14285714285714285,0.8571428571428571,2.04939015319192,1,0.2857142857142857,9.91,1.3862943611198906,2,0.5714285714285714,4,0.0,0,0,35,0.3385714285714285,0,0,casual_user
580,5.0,6.0,0.16666666666666666,21,16,0.5333333333333333,0.23529411764705882,1.2352941176470589,1.0600988273786194,4,0.8181818181818182,36.39,2.2192034840549946,18,0.7727272727272727,17,0.3333333333333333,2,3,20,0.6584848484848486,0,1,power_user
581,3.0,0.0,-0.75,8,8,0.26666666666666666,0.3333333333333333,0.8888888888888888,3.848314411469495,3,0.6666666666666666,21.5,2.03688192726104,6,0.4444444444444444,4,0.16666666666666666,1,1,29,0.47444444444444445,0,1,consistent_user
582,4.0,0.0,-0.8,8,7,0.23333333333333334,0.25,1.0,3.0983866769659336,2,0.1111111111111111,10.06,1.3862943611198906,1,0.6666666666666666,6,0.0,0,1,48,0.3144444444444444,0,0,casual_user
583,1.0,1.0,0.0,9,8,0.26666666666666666,0.2222222222222222,1.0,1.4960264830861911,2,0.8,24.68,2.0794415416798357,8,0.5,5,0.0,0,5,55,0.48,0,1,consistent_user
584,0.0,4.0,4.0,8,8,0.26666666666666666,0.2222222222222222,0.8888888888888888,1.0690449676496976,2,0.1111111111111111,10.92,0.0,1,0.3333333333333333,3,0.0,0,0,30,0.1411111111111111,0,0,casual_user
585,2.0,0.0,-0.6666666666666666,2,2,0.06666666666666667,0.3333333333333333,0.6666666666666666,10.0,1,0.0,6.05,1.252762968495368,0,0.3333333333333333,1,0.0,0,3,59,0.2033333333333333,1,0,at_risk_user
586,5.0,8.0,0.5,20,14,0.4666666666666667,0.26666666666666666,1.3333333333333333,1.1151635501529555,4,0.6190476190476191,34.41,2.4336133554004498,13,0.8095238095238095,17,0.3333333333333333,2,5,52,0.5923809523809523,0,1,power_user
587,4.0,1.0,-0.6,5,4,0.13333333333333333,0.4,1.0,2.081665999466133,2,0.5,22.41,2.0794415416798357,3,0.6666666666666666,4,0.0,0,3,20,0.3816666666666667,1,0,consistent_user
588,3.0,6.0,0.75,18,13,0.43333333333333335,0.21428571428571427,1.2857142857142858,1.2792042981336627,3,0.5789473684210527,23.32,1.9459101490553132,11,0.6842105263157895,13,0.5,3,0,26,0.5931578947368421,0,1,consistent_user
589,6.0,5.0,-0.14285714285714285,25,21,0.7,0.22727272727272727,1.1363636363636365,0.7591546545162482,5,0.8461538461538461,35.5,2.4709204078132605,22,0.9615384615384616,25,0.8333333333333334,5,4,37,0.8343589743589743,0,1,power_user
590,2.0,1.0,-0.3333333333333333,6,6,0.2,0.14285714285714285,0.8571428571428571,2.6832815729997477,1,0.14285714285714285,12.59,1.5040773967762742,1,0.2857142857142857,2,0.0,0,1,49,0.27428571428571424,0,0,casual_user
591,2.0,2.0,0.0,4,4,0.13333333333333333,0.2,0.8,2.3094010767585034,1,0.2,3.87,0.9162907318741551,1,0.2,1,0.0,0,4,19,0.24744360978112329,1,0,at_risk_user
592,2.0,2.0,0.0,7,5,0.16666666666666666,0.16666666666666666,1.1666666666666667,2.0615528128088303,1,0.125,22.28,1.8718021769015913,1,0.75,6,0.0,0,0,58,0.30625,1,0,consistent_user
593,1.0,0.0,-0.5,1,1,0.03333333333333333,0.5,0.5,10.0,1,0.0,3.0,1.3862943611198906,0,0.5,1,0.0,0,2,65,0.21,1,0,at_risk_user
594,1.0,1.0,0.0,3,3,0.1,0.25,0.75,7.7781745930520225,1,0.0,6.26,0.6931471805599453,0,0.25,1,0.0,0,1,49,0.1589720770839918,0,0,at_risk_user
595,1.0,2.0,0.5,6,6,0.2,0.2857142857142857,0.8571428571428571,3.5637059362410928,2,0.42857142857142855,9.81,1.791759469228055,3,0.42857142857142855,3,0.0,0,4,35,0.36,0,0,casual_user
596,3.0,3.0,0.0,9,8,0.26666666666666666,0.3333333333333333,1.0,4.423960733486292,3,0.5,19.06,2.120263536200091,5,0.7,7,0.16666666666666666,1,4,26,0.45833333333333337,0,1,consistent_user
597,0.0,0.0,0.0,0,0,0.0,0.0,0.0,10.0,0,0.0,0.0,0.0,0,0.0,0,0.0,0,5,42,0.0,1,0,at_risk_user
598,3.0,1.0,-0.5,4,3,0.1,0.5,1.0,3.5355339059327378,2,0.2,10.97,1.6739764335716716,1,0.4,2,0.0,0,0,50,0.27,1,0,casual_user
599,2.0,0.0,-0.6666666666666666,2,2,0.06666666666666667,0.6666666666666666,0.6666666666666666,10.0,2,0.0,3.96,1.0986122886681098,0,0.3333333333333333,1,0.0,0,4,59,0.2033333333333333,1,0,at_risk_user
600,7.0,6.0,-0.125,24,21,0.7,0.22727272727272727,1.0909090909090908,0.5104177855340405,5,0.68,33.29,2.344549292093078,17,0.92,23,0.6666666666666666,4,3,47,0.7553333333333333,0,1,power_user
601,1.0,4.0,1.5,8,7,0.23333333333333334,0.5,1.0,3.2041639575194445,4,0.2222222222222222,11.13,1.3862943611198906,2,0.5555555555555556,5,0.16666666666666666,1,0,22,0.3644444444444444,0,0,casual_user
602,0.0,0.0,0.0,0,0,0.0,0.0,0.0,10.0,0,0.0,0.0,0.0,0,0.0,0,0.0,0,2,60,0.0,1,0,at_risk_user
603,0.0,1.0,1.0,1,1,0.03333333333333333,0.5,0.5,10.0,1,0.5,7.9,0.0,1,0.5,1,0.0,0,0,49,0.185,1,0,at_risk_user
604,2.0,1.0,-0.3333333333333333,8,8,0.26666666666666666,0.2222222222222222,0.8888888888888888,2.8284271247461903,2,0.3333333333333333,10.59,1.252762968495368,3,0.3333333333333333,3,0.0,0,2,38,0.3466666666666667,0,0,casual_user
605,5.0,4.0,-0.16666666666666666,20,16,0.5333333333333333,0.23529411764705882,1.1764705882352942,1.2798809468443688,4,0.7619047619047619,22.81,1.8562979903656263,16,0.8095238095238095,17,0.6666666666666666,4,2,30,0.7147619047619048,0,1,consistent_user
606,0.0,3.0,3.0,10,9,0.3,0.2,1.0,1.5811388300841898,2,0.36363636363636365,10.09,0.0,4,0.0,0,0.16666666666666666,1,3,61,0.21424242424242423,0,0,casual_user
607,1.0,0.0,-0.5,1,1,0.03333333333333333,0.5,0.5,10.0,1,0.0,6.99,1.3862943611198906,0,0.5,1,0.0,0,2,64,0.21,1,0,at_risk_user
608,3.0,1.0,-0.5,6,6,0.2,0.2857142857142857,0.8571428571428571,2.5099800796022267,2,0.5714285714285714,8.15,1.6739764335716716,4,0.2857142857142857,2,0.0,0,2,20,0.38142857142857145,1,0,casual_user
609,0.0,1.0,1.0,8,6,0.2,0.2857142857142857,1.1428571428571428,1.6733200530681511,2,0.1111111111111111,9.18,0.0,1,0.5555555555555556,5,0.0,0,1,40,0.14333333333333334,0,0,casual_user
610,2.0,2.0,0.0,13,10,0.3333333333333333,0.18181818181818182,1.1818181818181819,2.2607766610417563,2,0.7142857142857143,24.24,2.1972245773362196,10,0.7857142857142857,11,0.16666666666666666,1,4,39,0.5404761904761904,0,1,consistent_user
611,0.0,2.0,2.0,7,6,0.2,0.2857142857142857,1.0,2.1213203435596424,2,0.0,9.74,0.0,0,0.75,6,0.0,0,1,41,0.135,0,0,casual_user
612,1.0,6.0,2.5,18,13,0.43333333333333335,0.14285714285714285,1.2857142857142858,1.6143297699232972,2,0.2631578947368421,23.85,1.791759469228055,5,0.6842105263157895,13,0.16666666666666666,1,1,46,0.4475438596491228,0,1,consistent_user
613,5.0,2.0,-0.5,10,8,0.26666666666666666,0.2222222222222222,1.1111111111111112,1.7728105208558367,2,0.18181818181818182,22.86,1.7227665977411035,2,0.7272727272727273,8,0.16666666666666666,1,4,45,0.3815151515151515,0,1,consistent_user
614,3.0,1.0,-0.5,10,9,0.3,0.2,1.0,1.8468119248354136,2,0.36363636363636365,8.82,1.2992829841302609,4,0.45454545454545453,5,0.16666666666666666,1,0,62,0.40969696969696967,0,0,casual_user
615,1.0,3.0,1.0,11,10,0.3333333333333333,0.36363636363636365,1.0,2.9767618499152917,4,0.3333333333333333,24.22,2.1972245773362196,4,0.6666666666666666,8,0.3333333333333333,2,3,50,0.4666666666666667,0,1,consistent_user
616,2.0,0.0,-0.6666666666666666,3,3,0.1,0.25,0.75,3.5355339059327378,1,0.0,5.29,1.252762968495368,0,0.5,2,0.0,0,1,26,0.22999999999999998,1,0,at_risk_user
617,5.0,1.0,-0.6666666666666666,12,10,0.3333333333333333,0.2727272727272727,1.0909090909090908,2.4037008503093262,3,0.7692307692307693,20.86,1.824549292051046,10,0.8461538461538461,11,0.16666666666666666,1,2,55,0.5602564102564103,0,1,consistent_user
618,5.0,3.0,-0.3333333333333333,16,15,0.5,0.1875,1.0,0.8770580193070292,3,0.6470588235294118,34.91,2.2407096892759584,11,0.9411764705882353,16,0.5,3,3,19,0.6558823529411765,0,1,power_user
619,3.0,3.0,0.0,13,10,0.3333333333333333,0.18181818181818182,1.1818181818181819,1.536590742882148,2,0.2857142857142857,23.14,1.8458266904983307,4,0.7857142857142857,11,0.16666666666666666,1,2,35,0.43333333333333335,0,1,consistent_user
620,3.0,3.0,0.0,13,10,0.3333333333333333,0.18181818181818182,1.1818181818181819,1.0,2,0.6428571428571429,22.52,2.1594842493533726,9,0.7142857142857143,10,0.0,0,0,24,0.4821428571428572,0,1,consistent_user
621,2.0,2.0,0.0,8,7,0.23333333333333334,0.125,1.0,1.0488088481701516,1,0.4444444444444444,21.99,2.1972245773362196,4,0.7777777777777778,7,0.0,0,1,51,0.40888888888888886,0,1,consistent_user
622,0.0,1.0,1.0,1,1,0.03333333333333333,0.5,0.5,10.0,1,0.5,3.68,0.0,1,0.5,1,0.0,0,0,49,0.185,1,0,at_risk_user
623,1.0,3.0,1.0,5,5,0.16666666666666666,0.16666666666666666,0.8333333333333334,5.315072906367325,1,0.3333333333333333,9.93,1.791759469228055,2,0.6666666666666666,4,0.0,0,5,60,0.35,0,0,casual_user
624,2.0,3.0,0.3333333333333333,14,12,0.4,0.23076923076923078,1.0769230769230769,1.2862913567871996,3,0.5333333333333333,22.07,2.0794415416798357,8,0.8,12,0.3333333333333333,2,2,32,0.5499999999999999,0,1,consistent_user
625,3.0,2.0,-0.25,13,12,0.4,0.23076923076923078,1.0,2.157439559882375,3,0.7142857142857143,23.12,2.03688192726104,10,0.8571428571428571,12,0.5,3,3,52,0.6342857142857143,0,1,consistent_user
626,2.0,1.0,-0.3333333333333333,7,7,0.23333333333333334,0.125,0.875,2.3166067138525404,1,0.625,22.09,2.0794415416798357,5,0.75,6,0.0,0,1,65,0.45125000000000004,0,1,consistent_user
627,2.0,4.0,0.6666666666666666,7,7,0.23333333333333334,0.5,0.875,1.0954451150103321,4,0.125,9.08,1.791759469228055,1,0.75,6,0.16666666666666666,1,2,46,0.35958333333333337,1,0,casual_user
628,4.0,1.0,-0.6,5,4,0.13333333333333333,0.6,1.0,2.886751345948129,3,0.16666666666666666,5.36,1.0116009116784799,1,0.0,0,0.16666666666666666,1,3,58,0.265,1,0,at_risk_user
629,1.0,4.0,1.5,5,3,0.1,0.5,1.25,4.949747468305833,2,0.0,5.11,1.0986122886681098,0,0.16666666666666666,1,0.0,0,3,32,0.19666666666666666,0,0,at_risk_user
630,3.0,0.0,-0.75,7,6,0.2,0.2857142857142857,1.0,5.06951674225463,2,0.25,9.52,1.4663370687934272,2,0.25,2,0.0,0,2,59,0.2975,0,0,casual_user
631,2.0,3.0,0.3333333333333333,10,10,0.3333333333333333,0.2727272727272727,0.9090909090909091,1.8104634152000358,3,0.8181818181818182,34.61,2.5257286443082556,9,0.9090909090909091,10,0.3333333333333333,2,1,51,0.6121212121212122,0,1,power_user
632,1.0,3.0,1.0,7,7,0.23333333333333334,0.5,0.875,3.0767948691238205,4,0.25,20.76,1.791759469228055,2,0.625,5,0.16666666666666666,1,2,47,0.3783333333333333,0,1,consistent_user
633,0.0,0.0,0.0,0,0,0.0,0.0,0.0,10.0,0,0.0,0.0,0.0,0,0.0,0,0.0,0,2,38,0.0,1,0,at_risk_user
634,2.0,0.0,-0.6666666666666666,2,2,0.06666666666666667,0.6666666666666666,0.6666666666666666,10.0,2,0.3333333333333333,5.33,1.0986122886681098,1,0.3333333333333333,1,0.0,0,4,20,0.2866666666666666,1,0,at_risk_user
635,0.0,4.0,4.0,5,3,0.1,0.5,1.25,2.8284271247461903,2,0.5,8.37,0.0,3,0.5,3,0.0,0,2,21,0.20500000000000002,1,0,casual_user
636,2.0,2.0,0.0,10,8,0.26666666666666666,0.2222222222222222,1.1111111111111112,1.5735915849388864,2,0.36363636363636365,10.91,1.3862943611198906,4,0.09090909090909091,1,0.16666666666666666,1,4,20,0.3633333333333333,0,0,casual_user
637,1.0,0.0,-0.5,6,6,0.2,0.14285714285714285,0.8571428571428571,2.701851217221259,1,0.5714285714285714,12.92,1.791759469228055,4,0.42857142857142855,3,0.0,0,0,25,0.3957142857142857,0,0,casual_user
638,1.0,1.0,0.0,6,5,0.16666666666666666,0.16666666666666666,1.0,4.396968652757639,1,0.42857142857142855,21.62,2.1972245773362196,3,0.42857142857142855,3,0.0,0,0,46,0.35,0,1,consistent_user
639,5.0,1.0,-0.6666666666666666,9,7,0.23333333333333334,0.375,1.125,3.8686776379877745,3,0.4,21.36,1.8562979903656263,4,0.3,3,0.16666666666666666,1,2,44,0.3833333333333333,0,1,consistent_user
640,3.0,8.0,1.25,26,19,0.6333333333333333,0.25,1.3,0.7047921864945659,5,0.7407407407407407,35.85,2.268683541318364,20,0.8888888888888888,24,0.5,3,3,43,0.7140740740740741,0,1,power_user
641,1.0,2.0,0.5,12,11,0.36666666666666664,0.25,1.0,2.3118054512532935,3,0.46153846153846156,21.68,1.791759469228055,6,0.8461538461538461,11,0.3333333333333333,2,3,38,0.5266666666666667,0,1,consistent_user
642,2.0,6.0,1.3333333333333333,14,11,0.36666666666666664,0.16666666666666666,1.1666666666666667,1.35400640077266,2,0.26666666666666666,22.09,1.791759469228055,4,0.3333333333333333,5,0.0,0,5,28,0.36,0,1,consistent_user
643,1.0,0.0,-0.5,1,1,0.03333333333333333,0.5,0.5,10.0,1,0.0,5.48,1.3862943611198906,0,0.0,0,0.0,0,2,29,0.16,1,0,at_risk_user
644,1.0,3.0,1.0,10,10,0.3333333333333333,0.18181818181818182,0.9090909090909091,1.5811388300841898,2,0.6363636363636364,23.25,1.791759469228055,7,0.7272727272727273,8,0.16666666666666666,1,2,28,0.5151515151515151,0,1,consistent_user
645,6.0,2.0,-0.5714285714285714,15,12,0.4,0.15384615384615385,1.1538461538461537,1.3618169680781094,2,0.3125,21.4,1.8971199848858813,5,0.625,10,0.16666666666666666,1,0,48,0.44395833333333334,0,1,consistent_user
646,0.0,0.0,0.0,0,0,0.0,0.0,0.0,10.0,0,0.0,0.0,0.0,0,0.0,0,0.0,0,5,63,0.0,1,0,at_risk_user
647,4.0,7.0,0.6,14,12,0.4,0.38461538461538464,1.0769230769230769,2.114882330704778,5,0.7333333333333333,21.98,1.9095425048844386,11,0.8,12,0.16666666666666666,1,4,22,0.5666666666666667,0,1,consistent_user
648,0.0,0.0,0.0,0,0,0.0,0.0,0.0,10.0,0,0.0,0.0,0.0,0,0.0,0,0.0,0,5,29,0.0,1,0,at_risk_user
649,5.0,4.0,-0.16666666666666666,22,19,0.6333333333333333,0.25,1.1,1.0369008625190792,5,0.782608695652174,34.62,2.3608540011180215,18,0.9565217391304348,22,0.8333333333333334,5,5,45,0.7979710144927536,0,1,power_user
650,1.0,0.0,-0.5,1,1,0.03333333333333333,0.5,0.5,10.0,1,0.5,4.96,1.3862943611198906,1,0.5,1,0.0,0,5,49,0.33499999999999996,1,0,at_risk_user
651,2.0,1.0,-0.3333333333333333,8,7,0.23333333333333334,0.375,1.0,5.932958789676531,3,0.0,11.18,1.3862943611198906,0,0.6666666666666666,6,0.16666666666666666,1,0,20,0.31999999999999995,0,0,casual_user
652,1.0,1.0,0.0,3,3,0.1,0.25,0.75,2.8284271247461903,1,0.0,3.84,1.0986122886681098,0,0.5,2,0.0,0,3,42,0.22999999999999998,1,0,at_risk_user
653,2.0,5.0,1.0,20,17,0.5666666666666667,0.2777777777777778,1.1111111111111112,0.8139410298049853,5,0.5238095238095238,34.58,2.302585092994046,11,0.9047619047619048,19,0.6666666666666666,4,5,34,0.6747619047619048,0,1,power_user
654,2.0,2.0,0.0,8,8,0.26666666666666666,0.3333333333333333,0.8888888888888888,2.984084768360628,3,0.6666666666666666,22.99,2.0794415416798357,6,0.7777777777777778,7,0.16666666666666666,1,5,34,0.5077777777777778,0,1,consistent_user
655,7.0,3.0,-0.5,14,10,0.3333333333333333,0.36363636363636365,1.2727272727272727,2.803767306876787,4,0.4,22.92,2.0243817644968085,6,0.5333333333333333,8,0.3333333333333333,2,2,45,0.47,0,1,consistent_user
656,0.0,2.0,2.0,7,6,0.2,0.2857142857142857,1.0,3.1144823004794877,2,0.125,9.88,0.0,1,0.375,3,0.0,0,1,39,0.12875,0,0,casual_user
657,2.0,2.0,0.0,6,6,0.2,0.14285714285714285,0.8571428571428571,2.8809720581775866,1,0.14285714285714285,22.88,1.9459101490553132,1,0.8571428571428571,6,0.0,0,4,56,0.3314285714285714,0,1,consistent_user
658,3.0,2.0,-0.25,10,8,0.26666666666666666,0.2222222222222222,1.1111111111111112,2.2886885410853175,2,0.18181818181818182,9.83,1.3862943611198906,2,0.5454545454545454,6,0.16666666666666666,1,1,54,0.3633333333333333,0,0,casual_user
659,2.0,5.0,1.0,21,18,0.6,0.2631578947368421,1.105263157894737,0.9963167462326072,5,0.8636363636363636,35.28,2.5257286443082556,19,0.9545454545454546,21,0.5,3,4,63,0.7413636363636363,0,1,power_user
660,2.0,0.0,-0.6666666666666666,8,7,0.23333333333333334,0.25,1.0,2.8809720581775866,2,0.5555555555555556,9.43,1.7047480922384253,5,0.3333333333333333,3,0.0,0,4,61,0.39222222222222225,0,0,casual_user
661,2.0,6.0,1.3333333333333333,12,10,0.3333333333333333,0.2727272727272727,1.0909090909090908,1.2018504251546631,3,0.38461538461538464,10.64,1.7047480922384253,5,0.46153846153846156,6,0.3333333333333333,2,2,44,0.458974358974359,0,0,casual_user
662,3.0,1.0,-0.5,4,4,0.13333333333333333,0.2,0.8,0.5773502691896258,1,0.0,12.19,1.2039728043259361,0,0.2,1,0.0,0,2,54,0.21,1,0,casual_user
663,5.0,2.0,-0.5,11,11,0.36666666666666664,0.25,0.9166666666666666,1.4181364924121764,3,0.16666666666666666,10.06,1.33500106673234,2,0.4166666666666667,5,0.3333333333333333,2,3,42,0.41000000000000003,0,0,casual_user
664,2.0,2.0,0.0,8,8,0.26666666666666666,0.2222222222222222,0.8888888888888888,2.3603873774083297,2,0.5555555555555556,23.8,1.8718021769015913,5,0.6666666666666666,6,0.0,0,3,40,0.4355555555555556,0,1,consistent_user
665,3.0,1.0,-0.5,5,5,0.16666666666666666,0.3333333333333333,0.8333333333333334,3.304037933599835,2,0.5,22.87,1.9459101490553132,3,0.5,3,0.0,0,0,37,0.375,1,0,consistent_user
666,0.0,1.0,1.0,5,5,0.16666666666666666,0.3333333333333333,0.8333333333333334,2.160246899469287,2,0.16666666666666666,8.41,0.0,1,0.5,3,0.0,0,0,27,0.14166666666666666,0,0,casual_user
667,4.0,5.0,0.2,23,18,0.6,0.3684210526315789,1.2105263157894737,0.985184366143778,7,0.6666666666666666,34.79,2.3513752571634776,16,0.875,21,0.5,3,4,55,0.6841666666666667,0,1,power_user
668,3.0,4.0,0.25,15,12,0.4,0.15384615384615385,1.1538461538461537,1.6949121725703882,2,0.625,22.15,1.992430164690206,10,0.625,10,0.16666666666666666,1,0,57,0.5220833333333333,0,1,consistent_user
669,1.0,1.0,0.0,12,12,0.4,0.38461538461538464,0.9230769230769231,1.5782614139961386,5,0.8461538461538461,36.62,2.4849066497880004,11,0.8461538461538461,11,0.5,3,0,40,0.6661538461538462,0,1,power_user
670,3.0,1.0,-0.5,5,5,0.16666666666666666,0.3333333333333333,0.8333333333333334,3.0,2,0.3333333333333333,8.55,1.6094379124341003,2,0.5,3,0.0,0,1,48,0.33333333333333337,1,0,casual_user
671,2.0,2.0,0.0,15,12,0.4,0.38461538461538464,1.1538461538461537,2.7699688216164584,5,0.5,21.65,2.0794415416798357,8,0.6875,11,0.3333333333333333,2,4,61,0.5304166666666666,0,1,consistent_user
672,1.0,1.0,0.0,3,3,0.1,0.25,0.75,1.4142135623730951,1,0.0,6.3,1.3862943611198906,0,0.75,3,0.0,0,0,32,0.255,1,0,at_risk_user
673,1.0,3.0,1.0,10,9,0.3,0.3,1.0,3.3567628964311944,3,0.2727272727272727,21.32,1.9459101490553132,3,0.9090909090909091,10,0.5,3,1,49,0.49909090909090914,0,1,consistent_user
674,1.0,2.0,0.5,4,4,0.13333333333333333,0.2,0.8,2.081665999466133,1,0.0,11.29,1.791759469228055,0,0.2,1,0.0,0,5,28,0.21,1,0,casual_user
675,3.0,1.0,-0.5,9,8,0.26666666666666666,0.3333333333333333,1.0,3.3380918415851206,3,0.5,21.7,1.992430164690206,5,0.6,6,0.16666666666666666,1,4,61,0.44833333333333336,0,1,consistent_user
676,2.0,6.0,1.3333333333333333,10,9,0.3,0.3,1.0,3.044315545875155,3,0.36363636363636365,21.73,1.9459101490553132,4,0.6363636363636364,7,0.3333333333333333,2,3,36,0.4612121212121212,0,1,consistent_user
677,1.0,0.0,-0.5,3,3,0.1,0.25,0.75,3.5355339059327378,1,0.0,4.01,1.3862943611198906,0,0.5,2,0.0,0,5,45,0.22999999999999998,0,0,at_risk_user
678,1.0,3.0,1.0,12,11,0.36666666666666664,0.16666666666666666,1.0,1.3498971154211057,2,0.5384615384615384,21.07,2.0794415416798357,7,0.3076923076923077,4,0.16666666666666666,1,4,64,0.4587179487179487,0,1,consistent_user
679,0.0,0.0,0.0,0,0,0.0,0.0,0.0,10.0,0,0.0,0.0,0.0,0,0.0,0,0.0,0,0,38,0.0,1,0,at_risk_user
680,2.0,2.0,0.0,9,8,0.26666666666666666,0.2222222222222222,1.0,4.08248290463863,2,0.4,10.75,1.3862943611198906,4,0.2,2,0.0,0,4,27,0.35,0,0,casual_user
681,2.0,3.0,0.3333333333333333,13,10,0.3333333333333333,0.2727272727272727,1.1818181818181819,2.1213203435596424,3,0.6428571428571429,23.06,1.791759469228055,9,0.7857142857142857,11,0.3333333333333333,2,2,55,0.555952380952381,0,1,consistent_user
682,3.0,4.0,0.25,15,13,0.43333333333333335,0.2857142857142857,1.0714285714285714,1.044465935734187,4,0.875,35.55,2.2335922215070942,14,0.875,14,0.3333333333333333,2,3,24,0.6529166666666667,0,1,power_user
683,0.0,1.0,1.0,2,2,0.06666666666666667,0.3333333333333333,0.6666666666666666,10.0,1,0.0,9.43,0.0,0,0.6666666666666666,2,0.0,0,3,20,0.08666666666666667,1,0,casual_user
684,2.0,0.0,-0.6666666666666666,3,3,0.1,0.25,0.75,5.656854249492381,1,0.0,5.72,0.9162907318741551,0,0.25,1,0.0,0,5,32,0.19244360978112326,1,0,at_risk_user
685,4.0,1.0,-0.6,8,6,0.2,0.2857142857142857,1.1428571428571428,4.159326868617084,2,0.6666666666666666,10.56,1.4469189829363254,6,0.2222222222222222,2,0.0,0,4,36,0.39888888888888885,0,0,casual_user
686,1.0,0.0,-0.5,4,3,0.1,0.25,1.0,7.0710678118654755,1,0.6,22.81,2.1972245773362196,3,0.8,4,0.0,0,4,41,0.41000000000000003,1,0,consistent_user
687,2.0,5.0,1.0,15,12,0.4,0.23076923076923078,1.1538461538461537,1.3751033019046572,3,0.875,34.12,2.5649493574615367,14,0.6875,11,0.16666666666666666,1,4,51,0.5908333333333333,0,1,power_user
688,0.0,0.0,0.0,0,0,0.0,0.0,0.0,10.0,0,0.0,0.0,0.0,0,0.0,0,0.0,0,1,60,0.0,1,0,at_risk_user
689,2.0,0.0,-0.6666666666666666,3,3,0.1,0.5,0.75,8.48528137423857,2,0.0,7.18,0.9162907318741551,0,0.25,1,0.0,0,5,49,0.19244360978112326,1,0,at_risk_user
690,3.0,0.0,-0.75,3,3,0.1,0.5,0.75,1.4142135623730951,2,0.0,4.73,0.9808292530117262,0,0.25,1,0.0,0,3,21,0.2021243879517589,1,0,at_risk_user
691,1.0,0.0,-0.5,1,1,0.03333333333333333,0.5,0.5,10.0,1,0.0,2.67,1.3862943611198906,0,0.5,1,0.0,0,4,20,0.21,1,0,at_risk_user
692,5.0,4.0,-0.16666666666666666,15,13,0.43333333333333335,0.21428571428571427,1.0714285714285714,1.6696942198734437,3,0.625,37.37,2.2617630984737906,10,0.75,12,0.3333333333333333,2,5,41,0.5779166666666666,0,1,power_user
693,4.0,7.0,0.6,17,13,0.43333333333333335,0.2857142857142857,1.2142857142857142,1.164500152881315,4,0.7777777777777778,31.84,2.1972245773362196,14,0.8888888888888888,16,0.3333333333333333,2,0,35,0.63,0,1,power_user
694,3.0,2.0,-0.25,15,13,0.43333333333333335,0.2857142857142857,1.0714285714285714,1.5447859516333116,4,0.75,23.03,2.120263536200091,12,0.75,12,0.5,3,2,38,0.6425,0,1,consistent_user
695,1.0,1.0,0.0,3,3,0.1,0.25,0.75,2.1213203435596424,1,0.25,5.99,0.6931471805599453,1,0.0,0,0.0,0,4,22,0.19647207708399178,0,0,at_risk_user
696,2.0,0.0,-0.6666666666666666,6,6,0.2,0.2857142857142857,0.8571428571428571,5.458937625582473,2,0.14285714285714285,10.04,1.252762968495368,1,0.42857142857142855,3,0.0,0,0,65,0.2885714285714286,0,0,casual_user
697,4.0,3.0,-0.2,11,10,0.3333333333333333,0.18181818181818182,1.0,1.6914819275153699,2,0.3333333333333333,22.3,2.1102132003465894,4,0.8333333333333334,10,0.16666666666666666,1,4,27,0.44999999999999996,0,1,consistent_user
698,0.0,0.0,0.0,2,2,0.06666666666666667,0.3333333333333333,0.6666666666666666,10.0,1,0.0,6.19,0.0,0,0.3333333333333333,1,0.0,0,1,42,0.05333333333333333,0,0,at_risk_user
699,4.0,4.0,0.0,16,15,0.5,0.1875,1.0,0.9972489631508746,3,0.5882352941176471,24.35,1.9095425048844386,10,0.4117647058823529,7,0.3333333333333333,2,1,42,0.5549019607843138,0,1,consistent_user
700,1.0,3.0,1.0,4,3,0.1,0.25,1.0,0.7071067811865476,1,0.0,11.06,1.6094379124341003,0,0.4,2,0.0,0,5,23,0.22,1,0,casual_user
701,5.0,3.0,-0.3333333333333333,16,13,0.43333333333333335,0.21428571428571427,1.1428571428571428,1.7298624923456323,3,0.29411764705882354,22.24,2.151762203259462,5,0.8235294117647058,14,0.6666666666666666,4,1,56,0.5692156862745098,0,1,consistent_user
702,4.0,0.0,-0.8,11,9,0.3,0.3,1.1,2.7774602993176543,3,0.25,23.82,1.9095425048844386,3,0.8333333333333334,10,0.3333333333333333,2,2,61,0.4525,0,1,consistent_user
703,7.0,7.0,0.0,28,18,0.6,0.42105263157894735,1.4736842105263157,0.9963167462326072,8,0.6896551724137931,33.92,2.1484344131667874,20,0.9655172413793104,28,0.5,3,3,42,0.6989655172413793,0,1,power_user
704,3.0,3.0,0.0,15,12,0.4,0.23076923076923078,1.1538461538461537,1.4012980994907414,3,0.3125,23.8,2.0794415416798357,5,0.8125,13,0.5,3,3,26,0.5293749999999999,0,1,consistent_user
705,5.0,2.0,-0.5,15,13,0.43333333333333335,0.21428571428571427,1.0714285714285714,1.497472618255253,3,0.8125,35.49,2.4336133554004498,13,0.75,12,0.3333333333333333,2,4,37,0.6247916666666666,0,1,power_user
706,1.0,0.0,-0.5,1,1,0.03333333333333333,0.5,0.5,10.0,1,0.0,12.87,1.0986122886681098,0,0.0,0,0.0,0,1,48,0.16,1,0,casual_user
707,3.0,1.0,-0.5,4,4,0.13333333333333333,0.4,0.8,1.5275252316519468,2,0.4,5.99,1.2039728043259361,2,0.4,2,0.0,0,0,58,0.33,1,0,at_risk_user
708,7.0,5.0,-0.25,19,17,0.5666666666666667,0.3333333333333333,1.0555555555555556,0.9574271077563381,6,0.65,33.57,2.371577964480997,13,0.9,18,0.6666666666666666,4,4,61,0.7058333333333333,0,1,power_user
709,1.0,6.0,2.5,16,13,0.43333333333333335,0.35714285714285715,1.1428571428571428,2.179449471770337,5,0.6470588235294118,35.02,2.1972245773362196,11,0.9411764705882353,16,0.3333333333333333,2,4,50,0.6025490196078431,0,1,power_user
710,2.0,3.0,0.3333333333333333,11,10,0.3333333333333333,0.18181818181818182,1.0,1.6914819275153699,2,0.5,19.63,2.0794415416798357,6,0.6666666666666666,8,0.0,0,5,62,0.44166666666666665,0,1,consistent_user
711,3.0,0.0,-0.75,8,7,0.23333333333333334,0.5,1.0,2.8751811537130436,4,0.2222222222222222,20.59,1.9459101490553132,2,0.6666666666666666,6,0.16666666666666666,1,5,27,0.37555555555555553,0,1,consistent_user
712,2.0,6.0,1.3333333333333333,10,7,0.23333333333333334,0.25,1.25,2.0,2,0.18181818181818182,10.08,1.252762968495368,2,0.45454545454545453,5,0.16666666666666666,1,1,22,0.34424242424242424,0,0,casual_user
713,1.0,6.0,2.5,13,10,0.3333333333333333,0.2727272727272727,1.1818181818181819,1.6914819275153699,3,0.21428571428571427,10.61,1.6094379124341003,3,0.35714285714285715,5,0.3333333333333333,2,5,21,0.40595238095238095,0,0,casual_user
714,2.0,1.0,-0.3333333333333333,3,3,0.1,0.5,0.75,4.242640687119285,2,0.25,5.12,0.9162907318741551,1,0.25,1,0.0,0,1,21,0.2549436097811233,1,0,at_risk_user
715,1.0,0.0,-0.5,1,1,0.03333333333333333,0.5,0.5,10.0,1,0.5,3.24,1.0986122886681098,1,0.0,0,0.0,0,0,52,0.28500000000000003,1,0,at_risk_user
716,3.0,1.0,-0.5,4,4,0.13333333333333333,0.6,0.8,1.7320508075688772,3,0.4,37.73,2.3353749158170367,2,0.6,3,0.16666666666666666,1,4,23,0.3833333333333333,1,0,power_user
717,1.0,2.0,0.5,8,8,0.26666666666666666,0.2222222222222222,0.8888888888888888,3.0394235042348474,2,0.2222222222222222,9.05,1.3862943611198906,2,0.4444444444444444,4,0.0,0,0,46,0.32999999999999996,0,0,casual_user
718,1.0,0.0,-0.5,1,1,0.03333333333333333,0.5,0.5,10.0,1,0.0,7.39,1.0986122886681098,0,0.0,0,0.0,0,5,65,0.16,1,0,at_risk_user
719,5.0,2.0,-0.5,15,13,0.43333333333333335,0.35714285714285715,1.0714285714285714,1.8586407545691703,5,0.8125,35.77,2.3608540011180215,13,0.9375,15,0.6666666666666666,4,4,35,0.7102083333333333,0,1,power_user
720,2.0,2.0,0.0,8,7,0.23333333333333334,0.25,1.0,3.5637059362410923,2,0.1111111111111111,9.25,1.252762968495368,1,0.6666666666666666,6,0.0,0,5,23,0.3144444444444444,0,0,casual_user
721,4.0,5.0,0.2,19,15,0.5,0.1875,1.1875,1.1411388181101378,3,0.35,23.49,1.9810014688665833,7,0.9,18,0.6666666666666666,4,5,54,0.6108333333333333,0,1,consistent_user
722,1.0,1.0,0.0,4,3,0.1,0.25,1.0,2.1213203435596424,1,0.0,22.79,1.791759469228055,0,0.6,3,0.0,0,5,40,0.24,1,0,consistent_user
723,1.0,0.0,-0.5,2,2,0.06666666666666667,0.3333333333333333,0.6666666666666666,10.0,1,0.3333333333333333,14.39,1.791759469228055,1,0.6666666666666666,2,0.0,0,5,24,0.31999999999999995,1,0,casual_user
724,8.0,6.0,-0.2222222222222222,24,18,0.6,0.21052631578947367,1.263157894736842,0.9195587176978519,4,0.8,33.53,2.2380465718564744,20,0.96,24,0.6666666666666666,4,2,38,0.7593333333333333,0,1,power_user
725,1.0,2.0,0.5,4,4,0.13333333333333333,0.4,0.8,2.5166114784235836,2,0.0,12.21,1.3862943611198906,0,0.2,1,0.0,0,3,20,0.21,1,0,casual_user
726,3.0,3.0,0.0,12,8,0.26666666666666666,0.2222222222222222,1.3333333333333333,2.2146697055682827,2,0.38461538461538464,20.49,1.7346010553881064,5,0.7692307692307693,10,0.0,0,3,44,0.4030769230769231,0,1,consistent_user
727,1.0,3.0,1.0,8,8,0.26666666666666666,0.2222222222222222,0.8888888888888888,2.6095064302514777,2,0.1111111111111111,10.94,1.791759469228055,1,0.3333333333333333,3,0.0,0,1,26,0.2911111111111111,0,0,casual_user
728,0.0,1.0,1.0,6,5,0.16666666666666666,0.3333333333333333,1.0,3.265986323710904,2,0.14285714285714285,10.15,0.0,1,0.14285714285714285,1,0.0,0,4,48,0.1,0,0,casual_user
729,4.0,4.0,0.0,19,16,0.5333333333333333,0.29411764705882354,1.1176470588235294,1.162919151265879,5,0.6,35.92,2.505525936990736,12,0.95,19,0.5,3,4,23,0.655,0,1,power_user
730,2.0,1.0,-0.3333333333333333,4,4,0.13333333333333333,0.4,0.8,2.0,2,0.2,8.17,1.5040773967762742,1,0.4,2,0.0,0,0,32,0.28,1,0,casual_user
731,2.0,2.0,0.0,4,4,0.13333333333333333,0.4,0.8,2.081665999466133,2,0.2,4.26,1.252762968495368,1,0.4,2,0.0,0,4,21,0.28,1,0,at_risk_user
732,6.0,3.0,-0.42857142857142855,12,11,0.36666666666666664,0.4166666666666667,1.0,1.8408935028645435,5,0.6153846153846154,22.3,1.9218125974762528,8,0.7692307692307693,10,0.3333333333333333,2,2,47,0.5574358974358974,0,1,consistent_user
733,0.0,0.0,0.0,0,0,0.0,0.0,0.0,10.0,0,0.0,0.0,0.0,0,0.0,0,0.0,0,2,35,0.0,1,0,at_risk_user
734,1.0,1.0,0.0,6,6,0.2,0.14285714285714285,0.8571428571428571,2.073644135332772,1,0.2857142857142857,8.94,1.3862943611198906,2,0.42857142857142855,3,0.0,0,4,60,0.3242857142857143,0,0,casual_user
735,2.0,4.0,0.6666666666666666,11,10,0.3333333333333333,0.18181818181818182,1.0,1.1666666666666667,2,0.5,24.19,1.9459101490553132,6,0.8333333333333334,10,0.16666666666666666,1,0,27,0.4916666666666667,0,1,consistent_user
736,2.0,0.0,-0.6666666666666666,3,3,0.1,0.25,0.75,7.0710678118654755,1,0.0,6.08,1.252762968495368,0,0.0,0,0.0,0,3,29,0.18,1,0,at_risk_user
737,0.0,0.0,0.0,0,0,0.0,0.0,0.0,10.0,0,0.0,0.0,0.0,0,0.0,0,0.0,0,0,29,0.0,1,0,at_risk_user
738,3.0,6.0,0.75,19,17,0.5666666666666667,0.16666666666666666,1.0555555555555556,1.1254628677422756,3,0.55,36.63,2.302585092994046,11,0.9,18,0.8333333333333334,5,2,47,0.7141666666666667,0,1,power_user
739,2.0,1.0,-0.3333333333333333,9,9,0.3,0.3,0.9,1.927248223318863,3,0.1,10.58,1.5040773967762742,1,0.3,3,0.16666666666666666,1,3,50,0.3283333333333333,0,0,casual_user
740,1.0,2.0,0.5,9,8,0.26666666666666666,0.3333333333333333,1.0,1.9023794624226837,3,0.7,35.05,2.3978952727983707,7,0.9,9,0.16666666666666666,1,0,29,0.5283333333333333,0,1,power_user
741,4.0,2.0,-0.4,22,17,0.5666666666666667,0.3333333333333333,1.2222222222222223,1.138346754435279,6,0.8260869565217391,34.04,2.169053700369523,19,0.8260869565217391,19,0.5,3,3,51,0.7091304347826086,0,1,power_user
742,0.0,0.0,0.0,5,4,0.13333333333333333,0.4,1.0,4.932882862316247,2,0.6666666666666666,20.95,0.0,4,0.6666666666666666,4,0.0,0,1,53,0.2733333333333333,0,1,consistent_user
743,2.0,1.0,-0.3333333333333333,12,11,0.36666666666666664,0.25,1.0,1.9119507199599983,3,0.7692307692307693,34.46,2.3513752571634776,10,0.9230769230769231,12,0.3333333333333333,2,4,18,0.6112820512820513,0,1,power_user
744,0.0,1.0,1.0,1,1,0.03333333333333333,0.5,0.5,10.0,1,0.0,8.69,0.0,0,0.0,0,0.0,0,0,62,0.01,1,0,casual_user
745,8.0,1.0,-0.7777777777777778,20,15,0.5,0.25,1.25,1.6172150801252798,4,0.5714285714285714,34.32,2.315007612992603,12,0.8571428571428571,18,0.3333333333333333,2,3,55,0.5952380952380952,0,1,power_user
746,1.0,1.0,0.0,2,2,0.06666666666666667,0.6666666666666666,0.6666666666666666,10.0,2,0.0,6.86,0.6931471805599453,0,0.0,0,0.0,0,2,36,0.1239720770839918,0,0,at_risk_user
747,4.0,1.0,-0.6,14,11,0.36666666666666664,0.25,1.1666666666666667,1.9888578520235063,3,0.8,35.55,2.3749057545736716,12,0.9333333333333333,14,0.5,3,0,49,0.6533333333333334,0,1,power_user
748,5.0,7.0,0.3333333333333333,20,16,0.5333333333333333,0.23529411764705882,1.1764705882352942,1.2798809468443688,4,0.7142857142857143,33.35,2.517696472610991,15,0.9047619047619048,19,0.3333333333333333,2,3,59,0.6457142857142857,0,1,power_user
749,4.0,3.0,-0.2,17,12,0.4,0.15384615384615385,1.3076923076923077,1.1037127426019047,2,0.8333333333333334,34.3,2.302585092994046,15,0.8888888888888888,16,0.16666666666666666,1,5,36,0.6005555555555556,0,1,power_user
750,1.0,3.0,1.0,8,7,0.23333333333333334,0.25,1.0,2.581988897471611,2,0.4444444444444444,21.83,1.9459101490553132,4,0.7777777777777778,7,0.0,0,0,25,0.40888888888888886,0,1,consistent_user
751,4.0,4.0,0.0,16,13,0.43333333333333335,0.21428571428571427,1.1428571428571428,0.9653072991634227,3,0.4117647058823529,22.11,2.0149030205422647,7,0.7647058823529411,13,0.3333333333333333,2,3,53,0.5260784313725491,0,1,consistent_user
752,5.0,3.0,-0.3333333333333333,10,8,0.26666666666666666,0.2222222222222222,1.1111111111111112,3.8234863173611098,2,0.45454545454545453,10.84,1.5686159179138452,5,0.45454545454545453,5,0.16666666666666666,1,2,18,0.42242424242424237,0,0,casual_user
753,1.0,1.0,0.0,2,2,0.06666666666666667,0.3333333333333333,0.6666666666666666,10.0,1,0.0,6.88,0.6931471805599453,0,0.3333333333333333,1,0.0,0,0,51,0.15730541041732513,1,0,at_risk_user
754,8.0,4.0,-0.4444444444444444,22,19,0.6333333333333333,0.3,1.1,0.7047921864945659,6,0.7391304347826086,33.34,2.3632097148104805,17,0.8695652173913043,20,0.5,3,2,56,0.7117391304347825,0,1,power_user
755,1.0,0.0,-0.5,1,1,0.03333333333333333,0.5,0.5,10.0,1,0.0,14.19,1.791759469228055,0,0.5,1,0.0,0,2,30,0.21,1,0,casual_user
756,2.0,2.0,0.0,9,8,0.26666666666666666,0.2222222222222222,1.0,2.439750182371333,2,0.6,23.09,1.8718021769015913,6,0.7,7,0.0,0,4,41,0.44999999999999996,0,1,consistent_user
757,2.0,5.0,1.0,20,17,0.5666666666666667,0.3888888888888889,1.1111111111111112,0.816496580927726,7,0.5714285714285714,35.88,2.3978952727983707,12,0.9523809523809523,20,0.6666666666666666,4,1,38,0.6914285714285714,0,1,power_user
758,4.0,4.0,0.0,13,13,0.43333333333333335,0.2857142857142857,0.9285714285714286,1.3113721705515065,4,0.5,23.43,1.9459101490553132,7,0.7857142857142857,11,0.3333333333333333,2,2,40,0.5502380952380952,0,1,consistent_user
759,2.0,0.0,-0.6666666666666666,2,2,0.06666666666666667,0.3333333333333333,0.6666666666666666,10.0,1,0.0,9.54,1.7047480922384253,0,0.3333333333333333,1,0.0,0,5,38,0.2033333333333333,1,0,casual_user
760,3.0,5.0,0.5,18,15,0.5,0.25,1.125,0.8770580193070292,4,0.2631578947368421,23.44,1.7346010553881064,5,0.7368421052631579,14,0.5,3,2,26,0.5394736842105263,0,1,consistent_user
761,2.0,2.0,0.0,4,3,0.1,0.25,1.0,0.0,1,0.2,11.35,1.3862943611198906,1,0.4,2,0.0,0,5,46,0.27,1,0,casual_user
762,1.0,8.0,3.5,15,12,0.4,0.3076923076923077,1.1538461538461537,1.2862913567871994,4,0.5625,20.78,1.6094379124341003,9,0.75,12,0.6666666666666666,4,1,63,0.6189583333333333,0,1,consistent_user
763,1.0,0.0,-0.5,1,1,0.03333333333333333,0.5,0.5,10.0,1,0.0,3.05,0.6931471805599453,0,0.0,0,0.0,0,0,64,0.11397207708399179,1,0,at_risk_user
764,5.0,3.0,-0.3333333333333333,18,15,0.5,0.1875,1.125,1.167320591199077,3,0.3157894736842105,22.27,2.0541237336955462,6,0.8421052631578947,16,0.3333333333333333,2,2,43,0.5298245614035088,0,1,consistent_user
765,1.0,3.0,1.0,9,9,0.3,0.2,0.9,2.295181287579947,2,0.5,22.52,1.9459101490553132,5,0.5,5,0.0,0,3,38,0.41500000000000004,0,1,consistent_user
766,0.0,0.0,0.0,0,0,0.0,0.0,0.0,10.0,0,0.0,0.0,0.0,0,0.0,0,0.0,0,1,27,0.0,1,0,at_risk_user
767,1.0,1.0,0.0,3,3,0.1,0.25,0.75,3.5355339059327378,1,0.25,11.61,1.3862943611198906,1,0.0,0,0.0,0,0,27,0.2425,1,0,casual_user
768,4.0,4.0,0.0,17,12,0.4,0.15384615384615385,1.3076923076923077,1.1677484162422844,2,0.6666666666666666,36.45,2.4203681286504293,12,0.9444444444444444,17,0.16666666666666666,1,4,48,0.5644444444444444,0,1,power_user
769,0.0,0.0,0.0,0,0,0.0,0.0,0.0,10.0,0,0.0,0.0,0.0,0,0.0,0,0.0,0,0,54,0.0,1,0,at_risk_user
770,0.0,0.0,0.0,0,0,0.0,0.0,0.0,10.0,0,0.0,0.0,0.0,0,0.0,0,0.0,0,2,32,0.0,1,0,at_risk_user
771,4.0,4.0,0.0,11,10,0.3333333333333333,0.2727272727272727,1.0,3.7675515184857717,3,0.5833333333333334,24.8,2.0149030205422647,7,0.75,9,0.3333333333333333,2,4,36,0.5375,0,1,consistent_user
772,4.0,2.0,-0.4,7,6,0.2,0.2857142857142857,1.0,1.0954451150103321,2,0.375,22.79,1.8718021769015913,3,0.875,7,0.0,0,2,64,0.39125,1,0,consistent_user
773,6.0,4.0,-0.2857142857142857,17,14,0.4666666666666667,0.3333333333333333,1.1333333333333333,1.84668795692624,5,0.5,24.12,1.8458266904983307,9,0.8333333333333334,15,0.5,3,2,26,0.5983333333333334,0,1,consistent_user
774,1.0,0.0,-0.5,3,2,0.06666666666666667,0.3333333333333333,1.0,10.0,1,0.0,4.87,1.0986122886681098,0,0.0,0,0.0,0,4,58,0.16999999999999998,1,0,at_risk_user
775,1.0,4.0,1.5,12,9,0.3,0.2,1.2,2.390457218668787,2,0.38461538461538464,20.3,1.9459101490553132,5,0.6153846153846154,8,0.16666666666666666,1,2,26,0.431025641025641,0,1,consistent_user
776,3.0,1.0,-0.5,5,5,0.16666666666666666,0.3333333333333333,0.8333333333333334,2.5,2,0.0,7.86,1.6094379124341003,0,0.5,3,0.0,0,1,57,0.25,1,0,casual_user
777,3.0,6.0,0.75,16,14,0.4666666666666667,0.3333333333333333,1.0666666666666667,1.1151635501529555,5,0.4117647058823529,21.99,2.1594842493533726,7,0.7058823529411765,12,0.3333333333333333,2,0,43,0.5301960784313725,0,1,consistent_user
778,1.0,3.0,1.0,5,5,0.16666666666666666,0.3333333333333333,0.8333333333333334,3.696845502136472,2,0.0,8.62,1.791759469228055,0,0.16666666666666666,1,0.0,0,5,36,0.21666666666666667,1,0,casual_user
779,1.0,1.0,0.0,5,4,0.13333333333333333,0.4,1.0,4.932882862316247,2,0.3333333333333333,8.04,1.3862943611198906,2,0.0,0,0.0,0,5,55,0.2733333333333333,1,0,casual_user
780,4.0,3.0,-0.2,12,12,0.4,0.3076923076923077,0.9230769230769231,1.8635254955935734,4,0.5384615384615384,20.33,2.0794415416798357,7,0.9230769230769231,12,0.3333333333333333,2,3,40,0.5635897435897436,0,1,consistent_user
781,0.0,0.0,0.0,2,2,0.06666666666666667,0.3333333333333333,0.6666666666666666,10.0,1,0.0,2.78,0.0,0,0.6666666666666666,2,0.0,0,5,65,0.08666666666666667,0,0,at_risk_user
782,3.0,2.0,-0.25,6,6,0.2,0.2857142857142857,0.8571428571428571,3.1144823004794873,2,0.0,9.62,1.6094379124341003,0,0.2857142857142857,2,0.0,0,0,27,0.23857142857142855,1,0,casual_user
783,2.0,6.0,1.3333333333333333,20,18,0.6,0.3684210526315789,1.0526315789473684,1.0036697371030328,7,0.42857142857142855,22.27,2.0149030205422647,9,0.6666666666666666,14,0.6666666666666666,4,0,47,0.6371428571428571,0,1,consistent_user
784,2.0,1.0,-0.3333333333333333,14,11,0.36666666666666664,0.16666666666666666,1.1666666666666667,1.7029386365926402,2,0.6,23.54,1.6094379124341003,9,0.6,9,0.16666666666666666,1,0,43,0.5033333333333333,0,1,consistent_user
785,2.0,1.0,-0.3333333333333333,4,4,0.13333333333333333,0.2,0.8,0.5773502691896258,1,0.0,11.66,1.252762968495368,0,0.4,2,0.0,0,4,26,0.23,0,0,casual_user
786,3.0,0.0,-0.75,7,5,0.16666666666666666,0.16666666666666666,1.1666666666666667,6.164414002968976,1,0.875,35.73,2.512305623976115,7,0.875,7,0.0,0,4,64,0.50625,0,1,power_user
787,1.0,1.0,0.0,2,2,0.06666666666666667,0.3333333333333333,0.6666666666666666,10.0,1,0.3333333333333333,6.24,0.6931471805599453,1,0.3333333333333333,1,0.0,0,0,60,0.24063874375065847,0,0,at_risk_user
788,1.0,2.0,0.5,3,3,0.1,0.5,0.75,0.7071067811865476,2,0.0,8.34,1.3862943611198906,0,0.5,2,0.0,0,0,58,0.22999999999999998,1,0,casual_user
789,2.0,3.0,0.3333333333333333,7,7,0.23333333333333334,0.25,0.875,2.073644135332772,2,0.25,11.54,1.3862943611198906,2,0.25,2,0.0,0,5,61,0.3075,0,0,casual_user
790,2.0,1.0,-0.3333333333333333,14,12,0.4,0.23076923076923078,1.0769230769230769,1.916436086262016,3,0.26666666666666666,22.4,1.9459101490553132,4,0.6,9,0.3333333333333333,2,4,31,0.46333333333333326,0,1,consistent_user
791,2.0,0.0,-0.6666666666666666,2,2,0.06666666666666667,0.3333333333333333,0.6666666666666666,10.0,1,0.0,5.54,1.0986122886681098,0,0.3333333333333333,1,0.0,0,2,55,0.2033333333333333,1,0,at_risk_user
792,3.0,3.0,0.0,16,14,0.4666666666666667,0.4,1.0666666666666667,1.4411533842457842,6,0.5294117647058824,34.17,2.268683541318364,9,0.8823529411764706,15,0.5,3,5,31,0.6105882352941177,0,1,power_user
793,0.0,0.0,0.0,6,6,0.2,0.14285714285714285,0.8571428571428571,0.8944271909999159,1,0.42857142857142855,21.75,0.0,3,0.7142857142857143,5,0.0,0,2,63,0.2385714285714286,0,1,consistent_user
794,0.0,0.0,0.0,4,3,0.1,0.25,1.0,4.242640687119285,1,0.4,11.75,0.0,2,0.4,2,0.0,0,0,57,0.17,0,0,casual_user
795,3.0,2.0,-0.25,10,10,0.3333333333333333,0.18181818181818182,0.9090909090909091,2.088327347690278,2,0.09090909090909091,10.83,1.4663370687934272,1,0.6363636363636364,7,0.16666666666666666,1,0,23,0.36969696969696964,0,0,casual_user
796,2.0,2.0,0.0,8,7,0.23333333333333334,0.125,1.0,3.2041639575194445,1,0.3333333333333333,10.09,1.6094379124341003,3,0.7777777777777778,7,0.0,0,0,60,0.38111111111111107,0,0,casual_user
797,2.0,2.0,0.0,8,7,0.23333333333333334,0.25,1.0,2.8809720581775866,2,0.6666666666666666,22.87,1.791759469228055,6,0.5555555555555556,5,0.0,0,0,39,0.4422222222222222,0,1,consistent_user
798,0.0,2.0,2.0,3,3,0.1,0.25,0.75,3.5355339059327378,1,0.0,13.06,0.0,0,0.5,2,0.0,0,2,61,0.08,0,0,casual_user
799,4.0,1.0,-0.6,12,10,0.3333333333333333,0.18181818181818182,1.0909090909090908,1.8333333333333333,2,0.6923076923076923,22.17,2.0794415416798357,9,0.6153846153846154,8,0.16666666666666666,1,2,63,0.5179487179487179,0,1,consistent_user
800,5.0,4.0,-0.16666666666666666,23,21,0.7,0.5454545454545454,1.0454545454545454,1.145931016569864,12,0.75,33.94,2.322387720290225,18,0.9583333333333334,23,0.6666666666666666,4,0,27,0.7766666666666666,0,1,power_user
801,5.0,5.0,0.0,23,19,0.6333333333333333,0.2,1.15,0.6183469424008423,4,0.7083333333333334,35.84,2.3608540011180215,17,0.9583333333333334,23,0.3333333333333333,2,4,41,0.6795833333333333,0,1,power_user
802,0.0,2.0,2.0,7,7,0.23333333333333334,0.25,0.875,1.0327955589886444,2,0.375,21.95,0.0,3,0.625,5,0.0,0,4,55,0.22625,0,1,consistent_user
803,7.0,2.0,-0.625,16,13,0.43333333333333335,0.21428571428571427,1.1428571428571428,1.378954368902449,3,0.17647058823529413,22.68,1.9459101490553132,3,0.8235294117647058,14,0.3333333333333333,2,3,34,0.4731372549019608,0,1,consistent_user
804,0.0,1.0,1.0,5,5,0.16666666666666666,0.16666666666666666,0.8333333333333334,3.4034296427770228,1,0.3333333333333333,10.2,0.0,2,0.5,3,0.0,0,3,31,0.18333333333333335,0,0,casual_user
805,1.0,3.0,1.0,10,10,0.3333333333333333,0.2727272727272727,0.9090909090909091,1.5,3,0.09090909090909091,11.16,1.3862943611198906,1,0.6363636363636364,7,0.3333333333333333,2,3,47,0.40303030303030307,0,0,casual_user
806,2.0,2.0,0.0,4,4,0.13333333333333333,0.4,0.8,3.0,2,0.0,10.88,1.7047480922384253,0,0.2,1,0.0,0,0,59,0.21,1,0,casual_user
807,4.0,3.0,-0.2,9,9,0.3,0.3,0.9,3.758324094593227,3,0.3,22.04,1.9459101490553132,3,0.8,8,0.16666666666666666,1,2,34,0.42833333333333334,0,1,consistent_user
808,2.0,3.0,0.3333333333333333,14,13,0.43333333333333335,0.21428571428571427,1.0,1.2154310870109943,3,0.8,35.46,2.2512917986064953,12,0.9333333333333333,14,0.3333333333333333,2,5,34,0.64,0,1,power_user
809,1.0,1.0,0.0,5,5,0.16666666666666666,0.16666666666666666,0.8333333333333334,3.4034296427770228,1,0.0,9.22,1.3862943611198906,0,0.5,3,0.0,0,5,42,0.25,0,0,casual_user
810,4.0,1.0,-0.6,13,11,0.36666666666666664,0.16666666666666666,1.0833333333333333,1.837873166945363,2,0.7142857142857143,35.09,2.2512917986064953,10,0.9285714285714286,13,0.16666666666666666,1,4,30,0.5647619047619048,0,1,power_user
811,3.0,3.0,0.0,12,12,0.4,0.3076923076923077,0.9230769230769231,1.3416407864998738,4,0.6153846153846154,20.96,1.8458266904983307,8,0.7692307692307693,10,0.3333333333333333,2,1,43,0.5674358974358974,0,1,consistent_user
812,7.0,0.0,-0.875,13,10,0.3333333333333333,0.18181818181818182,1.1818181818181819,2.7284509239574835,2,0.42857142857142855,22.99,1.8152899666382492,6,0.7857142857142857,11,0.16666666666666666,1,4,58,0.46904761904761905,0,1,consistent_user
813,1.0,0.0,-0.5,1,1,0.03333333333333333,0.5,0.5,10.0,1,0.5,2.94,1.0986122886681098,1,0.0,0,0.0,0,3,31,0.28500000000000003,1,0,at_risk_user
814,3.0,5.0,0.5,14,13,0.43333333333333335,0.2857142857142857,1.0,2.050498830661811,4,0.5333333333333333,21.04,1.9459101490553132,8,0.7333333333333333,11,0.3333333333333333,2,2,19,0.5533333333333333,0,1,consistent_user
815,1.0,0.0,-0.5,1,1,0.03333333333333333,0.5,0.5,10.0,1,0.0,12.28,1.791759469228055,0,0.5,1,0.0,0,1,31,0.21,1,0,casual_user
816,1.0,0.0,-0.5,1,1,0.03333333333333333,0.5,0.5,10.0,1,0.0,2.86,1.3862943611198906,0,0.5,1,0.0,0,4,64,0.21,1,0,at_risk_user
817,2.0,3.0,0.3333333333333333,13,11,0.36666666666666664,0.25,1.0833333333333333,1.4337208778404378,3,0.35714285714285715,23.34,1.9459101490553132,5,0.7142857142857143,10,0.3333333333333333,2,5,32,0.48738095238095236,0,1,consistent_user
818,4.0,1.0,-0.6,10,8,0.26666666666666666,0.1111111111111111,1.1111111111111112,2.14919697074224,1,0.45454545454545453,23.79,1.9459101490553132,5,0.7272727272727273,8,0.16666666666666666,1,5,58,0.4496969696969697,0,1,consistent_user
819,1.0,2.0,0.5,7,7,0.23333333333333334,0.125,0.875,2.9439202887759492,1,0.125,11.06,1.6094379124341003,1,0.375,3,0.0,0,4,27,0.28874999999999995,0,0,casual_user
820,6.0,6.0,0.0,19,16,0.5333333333333333,0.17647058823529413,1.1176470588235294,1.245945806357946,3,0.85,34.62,2.412933150162911,17,0.95,19,0.5,3,0,58,0.7175,0,1,power_user
821,2.0,3.0,0.3333333333333333,8,8,0.26666666666666666,0.2222222222222222,0.8888888888888888,1.5275252316519468,2,0.3333333333333333,9.67,1.0986122886681098,3,0.6666666666666666,6,0.0,0,3,18,0.38,0,0,casual_user
822,2.0,0.0,-0.6666666666666666,2,2,0.06666666666666667,0.6666666666666666,0.6666666666666666,10.0,2,0.0,14.1,1.6094379124341003,0,0.3333333333333333,1,0.0,0,0,37,0.2033333333333333,1,0,casual_user
823,1.0,2.0,0.5,10,9,0.3,0.3,1.0,1.9594095320493148,3,0.6363636363636364,23.55,2.0794415416798357,7,0.5454545454545454,6,0.3333333333333333,2,4,50,0.5203030303030303,0,1,consistent_user
824,2.0,4.0,0.6666666666666666,12,11,0.36666666666666664,0.25,1.0,1.6465452046971292,3,0.6923076923076923,21.17,2.0149030205422647,9,0.8461538461538461,11,0.3333333333333333,2,3,39,0.5843589743589743,0,1,consistent_user
825,3.0,3.0,0.0,12,11,0.36666666666666664,0.25,1.0,1.5491933384829668,3,0.8461538461538461,37.05,2.1594842493533726,11,0.9230769230769231,12,0.3333333333333333,2,4,55,0.6305128205128205,0,1,power_user
826,3.0,2.0,-0.25,7,7,0.23333333333333334,0.25,0.875,2.3380903889000244,2,0.0,8.75,1.3862943611198906,0,0.625,5,0.0,0,0,61,0.2825,0,0,casual_user
827,0.0,2.0,2.0,7,7,0.23333333333333334,0.25,0.875,2.0,2,0.625,25.29,0.0,5,0.75,6,0.0,0,4,57,0.30125,0,1,consistent_user
828,0.0,0.0,0.0,0,0,0.0,0.0,0.0,10.0,0,0.0,0.0,0.0,0,0.0,0,0.0,0,0,25,0.0,1,0,at_risk_user
829,3.0,3.0,0.0,8,8,0.26666666666666666,0.3333333333333333,0.8888888888888888,1.8126539343499313,3,0.3333333333333333,10.07,1.6739764335716716,3,0.7777777777777778,7,0.16666666666666666,1,2,56,0.4244444444444444,0,0,casual_user
830,0.0,7.0,7.0,17,12,0.4,0.38461538461538464,1.3076923076923077,1.2862913567871994,5,0.6666666666666666,35.77,0.0,12,0.8888888888888888,16,0.5,3,3,41,0.4755555555555555,0,1,power_user
831,1.0,1.0,0.0,2,2,0.06666666666666667,0.3333333333333333,0.6666666666666666,10.0,1,0.3333333333333333,11.05,1.3862943611198906,1,0.6666666666666666,2,0.0,0,3,47,0.31999999999999995,1,0,casual_user
832,5.0,4.0,-0.16666666666666666,14,13,0.43333333333333335,0.21428571428571427,1.0,1.8748737331221839,3,0.4666666666666667,21.79,1.8870696490323797,7,0.7333333333333333,11,0.16666666666666666,1,5,54,0.5033333333333334,0,1,consistent_user
833,2.0,4.0,0.6666666666666666,17,12,0.4,0.23076923076923078,1.3076923076923077,1.2210278829367864,3,0.5,20.35,2.0794415416798357,9,0.6666666666666666,12,0.16666666666666666,1,2,52,0.495,0,1,consistent_user
834,0.0,1.0,1.0,4,4,0.13333333333333333,0.4,0.8,6.557438524302,2,0.2,10.32,0.0,1,0.8,4,0.0,0,4,31,0.17,0,0,casual_user
835,1.0,1.0,0.0,10,8,0.26666666666666666,0.3333333333333333,1.1111111111111112,3.3022358947782493,3,0.5454545454545454,22.91,1.791759469228055,6,0.6363636363636364,7,0.3333333333333333,2,3,56,0.4966666666666667,0,1,consistent_user
836,1.0,1.0,0.0,10,9,0.3,0.2,1.0,2.3145502494313788,2,0.36363636363636365,21.96,1.6094379124341003,4,0.6363636363636364,7,0.16666666666666666,1,3,41,0.42787878787878786,0,1,consistent_user
837,0.0,3.0,3.0,3,2,0.06666666666666667,0.3333333333333333,1.0,10.0,1,0.0,10.41,0.0,0,0.75,3,0.0,0,5,43,0.09500000000000001,1,0,casual_user
838,3.0,1.0,-0.5,13,12,0.4,0.23076923076923078,1.0,2.018099916438052,3,0.21428571428571427,10.07,1.6739764335716716,3,0.6428571428571429,9,0.3333333333333333,2,2,48,0.45452380952380955,0,0,casual_user
839,2.0,0.0,-0.6666666666666666,2,2,0.06666666666666667,0.6666666666666666,0.6666666666666666,10.0,2,0.3333333333333333,2.58,1.0986122886681098,1,0.0,0,0.0,0,5,60,0.2533333333333333,1,0,at_risk_user
840,1.0,3.0,1.0,7,7,0.23333333333333334,0.25,0.875,2.160246899469287,2,0.25,21.62,1.9459101490553132,2,0.5,4,0.0,0,1,32,0.3325,0,1,consistent_user
841,0.0,0.0,0.0,0,0,0.0,0.0,0.0,10.0,0,0.0,0.0,0.0,0,0.0,0,0.0,0,5,62,0.0,1,0,casual_user
842,1.0,1.0,0.0,4,4,0.13333333333333333,0.2,0.8,5.507570547286102,1,0.0,6.77,1.0986122886681098,0,0.4,2,0.0,0,3,19,0.23,0,0,at_risk_user
843,2.0,1.0,-0.3333333333333333,3,3,0.1,0.5,0.75,6.363961030678928,2,0.25,3.82,1.0986122886681098,1,0.0,0,0.0,0,3,23,0.2425,1,0,at_risk_user
844,4.0,4.0,0.0,11,9,0.3,0.2,1.1,2.1671244937540095,2,0.4166666666666667,22.56,1.9459101490553132,5,0.9166666666666666,11,0.16666666666666666,1,1,54,0.4691666666666666,0,1,consistent_user
845,1.0,3.0,1.0,8,7,0.23333333333333334,0.25,1.0,1.834847859269718,2,0.5555555555555556,12.43,1.3862943611198906,5,0.4444444444444444,4,0.0,0,2,51,0.4033333333333333,0,0,casual_user
846,0.0,1.0,1.0,3,3,0.1,0.25,0.75,9.899494936611665,1,0.75,7.95,0.0,3,0.25,1,0.0,0,3,24,0.2425,0,0,casual_user
847,4.0,5.0,0.2,18,15,0.5,0.25,1.125,1.2688144505364485,4,0.7368421052631579,35.14,2.3749057545736716,14,0.8421052631578947,16,0.5,3,3,49,0.668421052631579,0,1,power_user
848,6.0,4.0,-0.2857142857142857,17,14,0.4666666666666667,0.13333333333333333,1.1333333333333333,1.0919284281983377,2,0.7222222222222222,35.97,2.268683541318364,13,0.9444444444444444,17,0.16666666666666666,1,5,26,0.5983333333333333,0,1,power_user
849,2.0,3.0,0.3333333333333333,5,4,0.13333333333333333,0.2,1.0,1.5275252316519468,1,0.0,9.38,1.0986122886681098,0,0.6666666666666666,4,0.0,0,5,29,0.25666666666666665,1,0,casual_user
850,4.0,0.0,-0.8,14,11,0.36666666666666664,0.4166666666666667,1.1666666666666667,2.183269719175042,5,0.6,23.37,1.9459101490553132,9,0.7333333333333333,11,0.3333333333333333,2,0,41,0.55,0,1,consistent_user
851,2.0,2.0,0.0,5,4,0.13333333333333333,0.2,1.0,2.516611478423583,1,0.3333333333333333,10.47,1.5040773967762742,2,0.6666666666666666,4,0.0,0,2,33,0.33999999999999997,1,0,casual_user
852,2.0,0.0,-0.6666666666666666,3,3,0.1,0.5,0.75,9.192388155425117,2,0.25,10.93,1.5040773967762742,1,0.25,1,0.0,0,4,42,0.26749999999999996,1,0,casual_user
853,4.0,1.0,-0.6,11,10,0.3333333333333333,0.2727272727272727,1.0,2.3687784005919825,3,0.08333333333333333,10.28,1.7047480922384253,1,0.25,3,0.3333333333333333,2,0,18,0.3625,0,0,casual_user
854,1.0,0.0,-0.5,1,1,0.03333333333333333,0.5,0.5,10.0,1,0.0,6.96,0.6931471805599453,0,0.0,0,0.0,0,5,19,0.11397207708399179,1,0,at_risk_user
855,2.0,1.0,-0.3333333333333333,9,7,0.23333333333333334,0.125,1.125,3.2093613071762426,1,0.4,9.19,1.7047480922384253,4,0.4,4,0.0,0,3,54,0.36,0,0,casual_user
856,0.0,1.0,1.0,3,3,0.1,0.25,0.75,7.0710678118654755,1,0.0,5.2,0.0,0,0.25,1,0.0,0,1,40,0.055,0,0,at_risk_user
857,3.0,3.0,0.0,12,8,0.26666666666666666,0.3333333333333333,1.3333333333333333,3.236694374850748,3,0.46153846153846156,22.36,1.8458266904983307,6,0.6153846153846154,8,0.3333333333333333,2,5,19,0.4735897435897436,0,1,consistent_user
858,3.0,1.0,-0.5,4,3,0.1,0.25,1.0,0.0,1,0.2,9.92,1.6739764335716716,1,0.6,3,0.0,0,3,61,0.29000000000000004,1,0,casual_user
859,1.0,1.0,0.0,7,7,0.23333333333333334,0.25,0.875,3.188521078284832,2,0.125,8.77,1.0986122886681098,1,0.625,5,0.0,0,2,29,0.31375,0,0,casual_user
860,1.0,1.0,0.0,2,2,0.06666666666666667,0.3333333333333333,0.6666666666666666,10.0,1,0.0,6.92,1.3862943611198906,0,0.0,0,0.0,0,1,29,0.16999999999999998,1,0,at_risk_user
861,3.0,3.0,0.0,9,9,0.3,0.2,0.9,1.6690459207925603,2,0.3,9.71,1.2992829841302609,3,0.3,3,0.0,0,1,32,0.345,0,0,casual_user
862,1.0,4.0,1.5,8,7,0.23333333333333334,0.375,1.0,3.8815804341359033,3,0.2222222222222222,11.05,1.791759469228055,2,0.6666666666666666,6,0.16666666666666666,1,3,51,0.37555555555555553,0,0,casual_user
863,2.0,1.0,-0.3333333333333333,9,8,0.26666666666666666,0.2222222222222222,1.0,2.943920288775949,2,0.4,10.34,1.6094379124341003,4,0.4,4,0.0,0,1,30,0.37,0,0,casual_user
864,1.0,2.0,0.5,3,2,0.06666666666666667,0.3333333333333333,1.0,10.0,1,0.0,6.28,0.6931471805599453,0,0.0,0,0.0,0,2,35,0.1239720770839918,1,0,at_risk_user
865,4.0,1.0,-0.6,7,5,0.16666666666666666,0.3333333333333333,1.1666666666666667,4.031128874149275,2,0.625,23.46,1.7047480922384253,5,0.5,4,0.0,0,5,28,0.40625,1,0,consistent_user
866,2.0,0.0,-0.6666666666666666,5,5,0.16666666666666666,0.16666666666666666,0.8333333333333334,2.6457513110645907,1,0.16666666666666666,12.17,1.3862943611198906,1,0.3333333333333333,2,0.0,0,5,53,0.275,0,0,casual_user
867,7.0,2.0,-0.625,18,15,0.5,0.3125,1.125,1.7097008285302207,5,0.8421052631578947,34.21,2.371577964480997,16,0.8421052631578947,16,0.6666666666666666,4,4,19,0.7280701754385965,0,1,power_user
868,3.0,1.0,-0.5,4,4,0.13333333333333333,0.4,0.8,1.5275252316519465,2,0.2,10.41,1.6739764335716716,1,0.6,3,0.0,0,0,65,0.3,1,0,casual_user
869,3.0,2.0,-0.25,5,3,0.1,0.5,1.25,4.949747468305833,2,0.0,5.98,0.6931471805599453,0,0.0,0,0.0,0,2,64,0.13397207708399178,1,0,at_risk_user
870,1.0,1.0,0.0,2,2,0.06666666666666667,0.3333333333333333,0.6666666666666666,10.0,1,0.0,4.56,1.0986122886681098,0,0.0,0,0.0,0,0,38,0.16999999999999998,1,0,at_risk_user
871,3.0,4.0,0.25,12,11,0.36666666666666664,0.25,1.0,1.5238839267549946,3,0.6153846153846154,22.61,1.992430164690206,8,0.8461538461538461,11,0.3333333333333333,2,5,65,0.5651282051282052,0,1,consistent_user
872,2.0,6.0,1.3333333333333333,17,14,0.4666666666666667,0.26666666666666666,1.1333333333333333,1.4632243987255136,4,0.8888888888888888,33.47,2.2512917986064953,16,0.9444444444444444,17,0.6666666666666666,4,1,44,0.74,0,1,power_user
873,3.0,6.0,0.75,19,16,0.5333333333333333,0.29411764705882354,1.1176470588235294,0.5163977794943222,5,0.75,32.6,2.3353749158170367,15,0.9,18,0.5,3,1,30,0.6875,0,1,power_user
874,0.0,1.0,1.0,4,4,0.13333333333333333,0.4,0.8,4.0,2,0.2,10.46,0.0,1,0.2,1,0.0,0,0,25,0.11,0,0,casual_user
875,2.0,1.0,-0.3333333333333333,5,5,0.16666666666666666,0.16666666666666666,0.8333333333333334,1.2909944487358056,1,0.5,11.33,1.0986122886681098,3,0.5,3,0.0,0,5,55,0.375,1,0,casual_user
876,4.0,1.0,-0.6,11,10,0.3333333333333333,0.2727272727272727,1.0,2.23606797749979,3,0.5,24.16,2.0149030205422647,6,0.5,6,0.3333333333333333,2,3,58,0.4916666666666666,0,1,consistent_user
877,2.0,1.0,-0.3333333333333333,11,10,0.3333333333333333,0.2727272727272727,1.0,2.488864087178013,3,0.16666666666666666,9.15,1.7047480922384253,2,0.5,6,0.3333333333333333,2,1,63,0.4083333333333333,0,0,casual_user
878,4.0,5.0,0.2,9,5,0.16666666666666666,0.5,1.5,1.5,3,0.8,24.62,2.0794415416798357,8,0.7,7,0.16666666666666666,1,5,57,0.5033333333333333,1,0,consistent_user
879,0.0,1.0,1.0,8,8,0.26666666666666666,0.3333333333333333,0.8888888888888888,2.288688541085317,3,0.4444444444444444,24.28,0.0,4,0.5555555555555556,5,0.16666666666666666,1,1,41,0.28,0,1,consistent_user
880,3.0,0.0,-0.75,7,7,0.23333333333333334,0.25,0.875,2.401388487243717,2,0.125,11.99,1.3862943611198906,1,0.5,4,0.0,0,0,56,0.30125,0,0,casual_user
881,3.0,0.0,-0.75,4,3,0.1,0.5,1.0,7.7781745930520225,2,0.0,4.52,0.8472978603872036,0,0.0,0,0.0,0,1,48,0.15709467905808053,1,0,at_risk_user
882,4.0,1.0,-0.6,12,9,0.3,0.2,1.2,2.9760952365713798,2,0.6153846153846154,21.93,1.9459101490553132,8,0.6153846153846154,8,0.16666666666666666,1,1,34,0.4887179487179487,0,1,consistent_user
883,2.0,0.0,-0.6666666666666666,2,1,0.03333333333333333,0.5,1.0,10.0,1,0.6666666666666666,9.94,1.3862943611198906,2,0.0,0,0.0,0,4,23,0.32666666666666666,1,0,casual_user
884,7.0,1.0,-0.75,18,14,0.4666666666666667,0.3333333333333333,1.2,1.1657505560686467,5,0.2631578947368421,11.34,1.550597412411167,5,0.42105263157894735,8,0.5,3,3,63,0.4978947368421053,0,0,casual_user
885,2.0,0.0,-0.6666666666666666,7,5,0.16666666666666666,0.16666666666666666,1.1666666666666667,5.251983752196243,1,0.375,21.26,2.0794415416798357,3,0.75,6,0.0,0,4,31,0.36875,0,1,consistent_user
886,0.0,1.0,1.0,2,2,0.06666666666666667,0.3333333333333333,0.6666666666666666,10.0,1,0.3333333333333333,8.43,0.0,1,0.6666666666666666,2,0.0,0,1,21,0.16999999999999998,1,0,casual_user
887,5.0,1.0,-0.6666666666666666,12,12,0.4,0.23076923076923078,0.9230769230769231,1.507556722888818,3,0.38461538461538464,22.93,1.791759469228055,5,0.7692307692307693,10,0.3333333333333333,2,4,32,0.5097435897435897,0,1,consistent_user
888,4.0,2.0,-0.4,14,13,0.43333333333333335,0.14285714285714285,1.0,1.0552897060221726,2,0.5333333333333333,23.8,2.1400661634962708,8,0.8,12,0.16666666666666666,1,3,36,0.5266666666666666,0,1,consistent_user
889,6.0,4.0,-0.2857142857142857,17,13,0.43333333333333335,0.35714285714285715,1.2142857142857142,1.8809249819912512,5,0.6666666666666666,34.9,2.2857779746776643,12,0.8888888888888888,16,0.5,3,3,24,0.6355555555555555,0,1,power_user
890,3.0,1.0,-0.5,8,8,0.26666666666666666,0.2222222222222222,0.8888888888888888,4.099941927579439,2,0.1111111111111111,11.03,1.6094379124341003,1,0.2222222222222222,2,0.0,0,5,58,0.28,0,0,casual_user
891,7.0,6.0,-0.125,22,18,0.6,0.2631578947368421,1.1578947368421053,0.9393364366277243,5,0.5652173913043478,36.2,2.344549292093078,13,0.9130434782608695,21,0.5,3,0,47,0.662608695652174,0,1,power_user
892,1.0,4.0,1.5,6,6,0.2,0.2857142857142857,0.8571428571428571,2.8809720581775866,2,0.2857142857142857,22.86,1.791759469228055,2,0.7142857142857143,5,0.0,0,2,41,0.35285714285714287,1,0,consistent_user
893,1.0,2.0,0.5,9,9,0.3,0.2,0.9,2.5035688811888406,2,0.2,8.68,1.6094379124341003,2,0.6,6,0.0,0,0,36,0.35,0,0,casual_user
894,4.0,1.0,-0.6,6,5,0.16666666666666666,0.5,1.0,4.242640687119285,3,0.14285714285714285,8.73,1.6582280766035324,1,0.42857142857142855,3,0.16666666666666666,1,4,20,0.3119047619047619,1,0,casual_user
895,2.0,3.0,0.3333333333333333,16,15,0.5,0.3125,1.0,1.3506205330054122,5,0.7647058823529411,33.56,2.3513752571634776,13,0.8235294117647058,14,0.6666666666666666,4,2,57,0.7068627450980393,0,1,power_user
896,6.0,0.0,-0.8571428571428571,7,5,0.16666666666666666,0.3333333333333333,1.1666666666666667,3.593976442141304,2,0.375,9.05,1.2992829841302609,3,0.0,0,0.0,0,4,63,0.29374999999999996,1,0,casual_user
897,0.0,1.0,1.0,1,1,0.03333333333333333,0.5,0.5,10.0,1,0.0,14.24,0.0,0,0.5,1,0.0,0,1,25,0.060000000000000005,1,0,casual_user
898,3.0,0.0,-0.75,3,2,0.06666666666666667,0.3333333333333333,1.0,10.0,1,0.0,5.96,1.0986122886681098,0,0.75,3,0.0,0,2,50,0.245,1,0,at_risk_user
899,4.0,2.0,-0.4,12,8,0.26666666666666666,0.1111111111111111,1.3333333333333333,1.7994708216848745,1,0.38461538461538464,22.61,1.8325814637483102,5,0.9230769230769231,12,0.16666666666666666,1,2,31,0.45179487179487177,0,1,consistent_user
900,4.0,6.0,0.4,16,11,0.36666666666666664,0.16666666666666666,1.3333333333333333,1.7029386365926402,2,0.7647058823529411,34.77,2.4203681286504293,13,0.9411764705882353,16,0.16666666666666666,1,1,35,0.5786274509803921,0,1,power_user
901,3.0,2.0,-0.25,6,6,0.2,0.2857142857142857,0.8571428571428571,2.3021728866442674,2,0.14285714285714285,19.35,1.992430164690206,1,0.42857142857142855,3,0.0,0,5,58,0.2885714285714286,1,0,consistent_user
902,2.0,3.0,0.3333333333333333,5,5,0.16666666666666666,0.3333333333333333,0.8333333333333334,1.8257418583505538,2,0.16666666666666666,10.85,1.791759469228055,1,0.6666666666666666,4,0.0,0,1,61,0.30833333333333335,1,0,casual_user
903,1.0,0.0,-0.5,1,1,0.03333333333333333,0.5,0.5,10.0,1,0.0,11.4,1.6094379124341003,0,0.0,0,0.0,0,0,46,0.16,1,0,casual_user
904,5.0,2.0,-0.5,7,6,0.2,0.2857142857142857,1.0,1.51657508881031,2,0.125,11.13,1.33500106673234,1,0.375,3,0.0,0,4,59,0.27875,1,0,casual_user
905,1.0,0.0,-0.5,1,1,0.03333333333333333,0.5,0.5,10.0,1,0.0,3.62,1.0986122886681098,0,0.0,0,0.0,0,4,48,0.16,1,0,at_risk_user
906,2.0,0.0,-0.6666666666666666,2,2,0.06666666666666667,0.3333333333333333,0.6666666666666666,10.0,1,0.6666666666666666,7.31,1.791759469228055,2,0.3333333333333333,1,0.0,0,2,20,0.37,1,0,casual_user
907,1.0,2.0,0.5,8,8,0.26666666666666666,0.2222222222222222,0.8888888888888888,2.370453040886408,2,0.1111111111111111,9.84,1.791759469228055,1,0.3333333333333333,3,0.0,0,4,64,0.2911111111111111,0,0,casual_user
908,2.0,0.0,-0.6666666666666666,2,2,0.06666666666666667,0.3333333333333333,0.6666666666666666,10.0,1,0.0,9.57,1.0986122886681098,0,0.3333333333333333,1,0.0,0,0,29,0.2033333333333333,1,0,casual_user
909,2.0,2.0,0.0,9,8,0.26666666666666666,0.2222222222222222,1.0,1.9760470401187076,2,0.2,19.77,2.0794415416798357,2,0.9,9,0.0,0,1,32,0.37,0,1,consistent_user
910,4.0,3.0,-0.2,8,7,0.23333333333333334,0.375,1.0,2.258317958127243,3,0.6666666666666666,24.44,1.9459101490553132,6,0.8888888888888888,8,0.16666666666666666,1,5,53,0.5088888888888888,1,0,consistent_user
911,5.0,0.0,-0.8333333333333334,5,5,0.16666666666666666,0.6666666666666666,0.8333333333333334,1.0,4,0.3333333333333333,10.21,1.33500106673234,2,0.3333333333333333,2,0.16666666666666666,1,5,22,0.35,1,0,casual_user
912,2.0,4.0,0.6666666666666666,9,8,0.26666666666666666,0.1111111111111111,1.0,2.563479777846623,1,0.5,10.74,1.5040773967762742,5,0.3,3,0.0,0,3,19,0.385,0,0,casual_user
913,0.0,1.0,1.0,2,2,0.06666666666666667,0.3333333333333333,0.6666666666666666,10.0,1,0.0,4.83,0.0,0,0.3333333333333333,1,0.0,0,5,42,0.05333333333333333,1,0,at_risk_user
914,2.0,1.0,-0.3333333333333333,3,3,0.1,0.25,0.75,3.5355339059327378,1,0.25,8.59,1.6094379124341003,1,0.5,2,0.0,0,3,29,0.2925,1,0,casual_user
915,4.0,2.0,-0.4,6,5,0.16666666666666666,0.3333333333333333,1.0,2.8722813232690143,2,0.0,10.54,1.7047480922384253,0,0.42857142857142855,3,0.0,0,1,34,0.24285714285714285,1,0,casual_user
916,2.0,0.0,-0.6666666666666666,2,1,0.03333333333333333,0.5,1.0,10.0,1,0.6666666666666666,4.79,1.3862943611198906,2,0.0,0,0.0,0,3,44,0.32666666666666666,1,0,at_risk_user
917,6.0,0.0,-0.8571428571428571,9,7,0.23333333333333334,0.25,1.125,2.9268868558020253,2,0.2,9.06,1.5755363607584192,2,0.6,6,0.0,0,4,61,0.32999999999999996,0,0,casual_user
918,1.0,1.0,0.0,3,3,0.1,0.25,0.75,0.7071067811865476,1,0.25,6.42,1.3862943611198906,1,0.25,1,0.0,0,0,59,0.26749999999999996,0,0,at_risk_user
919,4.0,2.0,-0.4,13,11,0.36666666666666664,0.3333333333333333,1.0833333333333333,2.057506581601462,4,0.2857142857142857,22.07,1.9095425048844386,4,0.9285714285714286,13,0.3333333333333333,2,5,20,0.4909523809523809,0,1,consistent_user
920,3.0,5.0,0.5,15,14,0.4666666666666667,0.26666666666666666,1.0,1.6251232694862383,4,0.625,22.87,2.1594842493533726,10,0.4375,7,0.5,3,1,24,0.59,0,1,consistent_user
921,3.0,2.0,-0.25,5,5,0.16666666666666666,0.3333333333333333,0.8333333333333334,0.9574271077563381,2,0.16666666666666666,10.55,1.6094379124341003,1,0.5,3,0.0,0,2,64,0.29166666666666663,1,0,casual_user
922,0.0,0.0,0.0,0,0,0.0,0.0,0.0,10.0,0,0.0,0.0,0.0,0,0.0,0,0.0,0,2,60,0.0,1,0,at_risk_user
923,1.0,3.0,1.0,11,9,0.3,0.4,1.1,2.49284690951645,4,0.5,22.02,1.6094379124341003,6,0.6666666666666666,8,0.3333333333333333,2,5,41,0.4983333333333333,0,1,consistent_user
924,4.0,0.0,-0.8,16,12,0.4,0.23076923076923078,1.2307692307692308,3.2051095570553083,3,0.4117647058823529,21.35,2.1102132003465894,7,0.8235294117647058,14,0.5,3,3,53,0.5552941176470588,0,1,consistent_user
925,0.0,0.0,0.0,0,0,0.0,0.0,0.0,10.0,0,0.0,0.0,0.0,0,0.0,0,0.0,0,1,40,0.0,0,0,at_risk_user
926,3.0,5.0,0.5,20,17,0.5666666666666667,0.3333333333333333,1.1111111111111112,1.2230426539304888,6,0.5238095238095238,36.3,2.3353749158170367,11,0.8571428571428571,18,0.16666666666666666,1,0,20,0.5700000000000001,0,1,power_user
927,3.0,4.0,0.25,11,10,0.3333333333333333,0.18181818181818182,1.0,1.986062547968831,2,0.3333333333333333,10.2,1.3862943611198906,4,0.5833333333333334,7,0.16666666666666666,1,5,63,0.42499999999999993,0,0,casual_user
928,4.0,2.0,-0.4,11,9,0.3,0.3,1.1,1.4577379737113252,3,0.5833333333333334,22.95,1.9095425048844386,7,0.5833333333333334,7,0.16666666666666666,1,1,44,0.47750000000000004,1,0,consistent_user
929,5.0,3.0,-0.3333333333333333,19,16,0.5333333333333333,0.23529411764705882,1.1176470588235294,1.1872336794093272,4,0.95,36.08,2.322387720290225,19,0.95,19,0.6666666666666666,4,0,64,0.7758333333333333,0,1,power_user
930,1.0,2.0,0.5,6,6,0.2,0.2857142857142857,0.8571428571428571,2.0,2,0.14285714285714285,11.88,1.791759469228055,1,0.5714285714285714,4,0.0,0,5,21,0.3028571428571428,0,0,casual_user
931,1.0,0.0,-0.5,1,1,0.03333333333333333,0.5,0.5,10.0,1,0.0,11.13,1.0986122886681098,0,0.0,0,0.0,0,1,63,0.16,1,0,casual_user
932,2.0,1.0,-0.3333333333333333,3,3,0.1,0.25,0.75,2.8284271247461903,1,0.25,11.68,1.7047480922384253,1,0.5,2,0.0,0,3,51,0.2925,1,0,casual_user
933,0.0,0.0,0.0,1,1,0.03333333333333333,0.5,0.5,10.0,1,0.0,7.5,0.0,0,0.0,0,0.0,0,5,39,0.01,0,0,at_risk_user
934,0.0,1.0,1.0,7,7,0.23333333333333334,0.25,0.875,1.9407902170679516,2,0.25,8.18,0.0,2,0.625,5,0.0,0,5,42,0.195,0,0,casual_user
935,4.0,5.0,0.2,16,14,0.4666666666666667,0.2,1.0666666666666667,1.0377490433255416,3,0.7058823529411765,35.71,2.3978952727983707,12,0.9411764705882353,16,0.3333333333333333,2,1,23,0.6272549019607843,0,1,power_user
936,3.0,2.0,-0.25,5,5,0.16666666666666666,0.16666666666666666,0.8333333333333334,0.9574271077563381,1,0.16666666666666666,4.34,1.0986122886681098,1,0.16666666666666666,1,0.0,0,5,59,0.2583333333333333,0,0,at_risk_user
937,5.0,4.0,-0.16666666666666666,17,15,0.5,0.1875,1.0625,1.4142135623730951,3,0.8333333333333334,33.9,2.468099531471619,15,0.9444444444444444,17,0.6666666666666666,4,0,50,0.7361111111111112,0,1,power_user
938,4.0,5.0,0.2,15,11,0.36666666666666664,0.25,1.25,1.5491933384829668,3,0.75,35.12,2.1972245773362196,12,0.8125,13,0.3333333333333333,2,5,38,0.5954166666666666,0,1,power_user
939,0.0,0.0,0.0,2,2,0.06666666666666667,0.3333333333333333,0.6666666666666666,10.0,1,0.0,6.6,0.0,0,0.0,0,0.0,0,2,21,0.02,0,0,at_risk_user
940,2.0,1.0,-0.3333333333333333,4,4,0.13333333333333333,0.2,0.8,2.0816659994661326,1,0.4,11.08,1.6094379124341003,2,0.2,1,0.0,0,0,31,0.31000000000000005,1,0,casual_user
941,4.0,1.0,-0.6,10,9,0.3,0.2,1.0,2.997022331772464,2,0.6363636363636364,22.58,2.1400661634962708,7,0.9090909090909091,10,0.16666666666666666,1,1,43,0.5233333333333333,0,1,consistent_user
942,2.0,5.0,1.0,13,12,0.4,0.23076923076923078,1.0,2.292279532375023,3,0.5,10.11,1.6094379124341003,7,0.7142857142857143,10,0.3333333333333333,2,1,22,0.5330952380952381,0,0,casual_user
943,2.0,0.0,-0.6666666666666666,4,4,0.13333333333333333,0.2,0.8,3.7859388972001824,1,0.0,9.04,1.7047480922384253,0,0.4,2,0.0,0,3,59,0.23,1,0,casual_user
944,1.0,3.0,1.0,13,12,0.4,0.23076923076923078,1.0,1.300349603340998,3,0.6428571428571429,22.16,1.791759469228055,9,0.8571428571428571,12,0.5,3,4,21,0.6164285714285714,0,1,consistent_user
945,2.0,1.0,-0.3333333333333333,4,3,0.1,0.25,1.0,11.313708498984761,1,0.0,10.0,1.3862943611198906,0,0.8,4,0.0,0,0,24,0.26,0,0,casual_user
946,5.0,2.0,-0.5,12,11,0.36666666666666664,0.16666666666666666,1.0,1.577621275493231,2,0.8461538461538461,33.13,2.3608540011180215,11,0.8461538461538461,11,0.16666666666666666,1,0,42,0.5894871794871795,0,1,power_user
947,5.0,4.0,-0.16666666666666666,13,12,0.4,0.3076923076923077,1.0,1.4206272622267315,4,0.7857142857142857,34.55,2.341805806147327,11,0.9285714285714286,13,0.3333333333333333,2,3,26,0.6259523809523809,0,1,power_user
948,6.0,0.0,-0.8571428571428571,10,7,0.23333333333333334,0.25,1.25,4.147288270665544,2,0.2727272727272727,11.17,1.5040773967762742,3,0.7272727272727273,8,0.16666666666666666,1,3,57,0.3942424242424243,0,0,casual_user
949,1.0,1.0,0.0,5,5,0.16666666666666666,0.16666666666666666,0.8333333333333334,2.0,1,0.5,9.7,1.791759469228055,3,0.3333333333333333,2,0.0,0,0,46,0.3583333333333333,0,0,casual_user
950,3.0,0.0,-0.75,3,3,0.1,0.5,0.75,1.4142135623730951,2,0.25,5.28,1.0986122886681098,1,0.25,1,0.0,0,4,50,0.26749999999999996,1,0,at_risk_user
951,2.0,2.0,0.0,15,12,0.4,0.15384615384615385,1.1538461538461537,1.2210278829367864,2,0.375,23.9,1.7047480922384253,6,0.6875,11,0.16666666666666666,1,3,57,0.4658333333333333,0,1,consistent_user
952,0.0,0.0,0.0,1,1,0.03333333333333333,0.5,0.5,10.0,1,0.0,10.8,0.0,0,0.0,0,0.0,0,2,33,0.01,1,0,casual_user
953,1.0,4.0,1.5,15,12,0.4,0.3076923076923077,1.1538461538461537,1.0,4,0.3125,23.43,1.791759469228055,5,0.625,10,0.3333333333333333,2,4,54,0.47729166666666667,0,1,consistent_user
954,0.0,2.0,2.0,2,1,0.03333333333333333,0.5,1.0,10.0,1,0.0,3.56,0.0,0,0.0,0,0.0,0,1,51,0.01,1,0,at_risk_user
955,4.0,4.0,0.0,18,16,0.5333333333333333,0.23529411764705882,1.0588235294117647,0.7367883976130073,4,0.5789473684210527,20.58,1.8718021769015913,11,0.8421052631578947,16,0.6666666666666666,4,4,18,0.672280701754386,0,1,consistent_user
956,1.0,0.0,-0.5,2,2,0.06666666666666667,0.3333333333333333,0.6666666666666666,10.0,1,0.6666666666666666,5.69,1.3862943611198906,2,0.0,0,0.0,0,3,51,0.33666666666666667,0,0,at_risk_user
957,0.0,1.0,1.0,1,1,0.03333333333333333,0.5,0.5,10.0,1,0.0,7.29,0.0,0,0.5,1,0.0,0,1,53,0.060000000000000005,1,0,at_risk_user
958,3.0,4.0,0.25,10,8,0.26666666666666666,0.2222222222222222,1.1111111111111112,1.511857892036909,2,0.5454545454545454,22.56,2.03688192726104,6,0.5454545454545454,6,0.16666666666666666,1,3,58,0.4542424242424242,0,1,consistent_user
959,4.0,3.0,-0.2,12,11,0.36666666666666664,0.25,1.0,3.198958163736021,3,0.9230769230769231,35.84,2.3978952727983707,12,0.9230769230769231,12,0.5,3,5,48,0.6830769230769231,0,1,power_user
960,1.0,3.0,1.0,6,5,0.16666666666666666,0.16666666666666666,1.0,3.6514837167011076,1,0.5714285714285714,9.09,1.6094379124341003,4,0.42857142857142855,3,0.0,0,0,44,0.3857142857142857,0,0,casual_user
961,3.0,3.0,0.0,7,6,0.2,0.2857142857142857,1.0,1.816590212458495,2,0.375,11.17,1.3862943611198906,3,0.5,4,0.0,0,4,47,0.35375,1,0,casual_user
962,1.0,0.0,-0.5,1,1,0.03333333333333333,0.5,0.5,10.0,1,0.0,5.7,1.0986122886681098,0,0.0,0,0.0,0,4,25,0.16,1,0,at_risk_user
963,4.0,3.0,-0.2,14,14,0.4666666666666667,0.2,0.9333333333333333,1.281025230440697,3,0.8666666666666667,32.79,2.2512917986064953,13,0.9333333333333333,14,0.3333333333333333,2,5,39,0.6666666666666667,0,1,power_user
964,0.0,0.0,0.0,0,0,0.0,0.0,0.0,10.0,0,0.0,0.0,0.0,0,0.0,0,0.0,0,0,40,0.0,1,0,at_risk_user
965,2.0,3.0,0.3333333333333333,11,11,0.36666666666666664,0.25,0.9166666666666666,2.223610677354389,3,0.5833333333333334,23.91,1.9459101490553132,7,0.6666666666666666,8,0.3333333333333333,2,5,33,0.5391666666666667,0,1,consistent_user
966,3.0,2.0,-0.25,12,9,0.3,0.3,1.2,2.052872551885702,3,0.3076923076923077,21.56,2.0794415416798357,4,0.8461538461538461,11,0.3333333333333333,2,5,38,0.4682051282051283,0,1,consistent_user
967,2.0,1.0,-0.3333333333333333,3,3,0.1,0.5,0.75,4.949747468305833,2,0.5,9.59,1.3862943611198906,2,0.5,2,0.0,0,0,22,0.355,1,0,casual_user
968,2.0,0.0,-0.6666666666666666,5,5,0.16666666666666666,0.3333333333333333,0.8333333333333334,5.737304826019502,2,0.3333333333333333,10.06,1.791759469228055,2,0.16666666666666666,1,0.0,0,3,42,0.3,0,0,casual_user
969,3.0,0.0,-0.75,9,8,0.26666666666666666,0.2222222222222222,1.0,3.236694374850748,2,0.4,9.78,1.2992829841302609,4,0.7,7,0.0,0,4,26,0.4,0,0,casual_user
970,1.0,0.0,-0.5,1,1,0.03333333333333333,0.5,0.5,10.0,1,0.5,5.75,0.6931471805599453,1,0.0,0,0.0,0,5,64,0.23897207708399182,1,0,at_risk_user
971,0.0,1.0,1.0,1,1,0.03333333333333333,0.5,0.5,10.0,1,0.0,3.16,0.0,0,0.0,0,0.0,0,5,57,0.01,1,0,at_risk_user
972,1.0,0.0,-0.5,3,3,0.1,0.25,0.75,3.5355339059327378,1,0.25,5.8,1.0986122886681098,1,0.5,2,0.0,0,2,32,0.2925,0,0,at_risk_user
973,2.0,0.0,-0.6666666666666666,3,3,0.1,0.5,0.75,6.363961030678928,2,0.25,4.63,0.9162907318741551,1,0.0,0,0.0,0,4,51,0.22994360978112327,1,0,at_risk_user
974,0.0,1.0,1.0,2,2,0.06666666666666667,0.3333333333333333,0.6666666666666666,10.0,1,0.0,10.04,0.0,0,0.3333333333333333,1,0.0,0,2,43,0.05333333333333333,1,0,casual_user
975,5.0,1.0,-0.6666666666666666,10,9,0.3,0.4,1.0,1.7525491637693282,4,0.09090909090909091,11.32,1.5260563034950492,1,0.45454545454545453,5,0.3333333333333333,2,2,42,0.3748484848484849,0,0,casual_user
976,3.0,0.0,-0.75,4,4,0.13333333333333333,0.4,0.8,3.511884584284246,2,0.0,4.08,0.9808292530117262,0,0.2,1,0.0,0,2,26,0.20712438795175891,1,0,at_risk_user
977,1.0,0.0,-0.5,1,1,0.03333333333333333,0.5,0.5,10.0,1,0.5,3.3,1.3862943611198906,1,0.0,0,0.0,0,4,37,0.28500000000000003,1,0,at_risk_user
978,5.0,6.0,0.16666666666666666,21,17,0.5666666666666667,0.16666666666666666,1.1666666666666667,1.1086778913041726,3,0.8181818181818182,34.77,2.4159137783010487,18,0.9090909090909091,20,0.5,3,4,51,0.7154545454545455,0,1,power_user
979,1.0,1.0,0.0,2,2,0.06666666666666667,0.3333333333333333,0.6666666666666666,10.0,1,0.3333333333333333,7.92,1.3862943611198906,1,0.3333333333333333,1,0.0,0,5,52,0.2866666666666666,1,0,casual_user
980,2.0,4.0,0.6666666666666666,12,10,0.3333333333333333,0.18181818181818182,1.0909090909090908,0.9718253158075502,2,0.46153846153846156,24.33,1.791759469228055,6,0.7692307692307693,10,0.16666666666666666,1,4,47,0.4756410256410256,0,1,consistent_user
981,1.0,3.0,1.0,10,8,0.26666666666666666,0.2222222222222222,1.1111111111111112,3.8913824205360674,2,0.2727272727272727,23.66,2.0794415416798357,3,0.9090909090909091,10,0.16666666666666666,1,0,20,0.4224242424242425,0,1,consistent_user
982,3.0,3.0,0.0,17,15,0.5,0.25,1.0625,1.5191090506254998,4,0.3333333333333333,21.89,2.0794415416798357,6,0.7777777777777778,14,0.5,3,0,52,0.5611111111111111,0,1,consistent_user
983,2.0,2.0,0.0,6,6,0.2,0.14285714285714285,0.8571428571428571,2.9664793948382653,1,0.42857142857142855,9.64,1.6094379124341003,3,0.42857142857142855,3,0.0,0,5,46,0.36,0,0,casual_user
984,3.0,3.0,0.0,10,8,0.26666666666666666,0.2222222222222222,1.1111111111111112,2.2253945610567474,2,0.9090909090909091,21.97,1.9459101490553132,10,0.6363636363636364,7,0.16666666666666666,1,2,24,0.5542424242424242,0,1,consistent_user
985,0.0,0.0,0.0,0,0,0.0,0.0,0.0,10.0,0,0.0,0.0,0.0,0,0.0,0,0.0,0,0,21,0.0,1,0,casual_user
986,2.0,2.0,0.0,14,13,0.43333333333333335,0.2857142857142857,1.0,2.3011854652449344,4,0.26666666666666666,8.85,1.3862943611198906,4,0.6,9,0.5,3,0,30,0.5066666666666666,0,0,casual_user
987,4.0,2.0,-0.4,11,10,0.3333333333333333,0.18181818181818182,1.0,1.5811388300841898,2,0.4166666666666667,22.63,2.0149030205422647,5,0.6666666666666666,8,0.16666666666666666,1,3,64,0.4541666666666666,0,1,consistent_user
988,3.0,1.0,-0.5,12,11,0.36666666666666664,0.3333333333333333,1.0,2.378141197564929,4,0.38461538461538464,8.94,1.4663370687934272,5,0.6153846153846154,8,0.5,3,3,36,0.5176923076923077,0,0,casual_user
989,1.0,2.0,0.5,6,6,0.2,0.2857142857142857,0.8571428571428571,2.9664793948382653,2,0.0,11.12,1.0986122886681098,0,0.5714285714285714,4,0.0,0,0,23,0.2671428571428571,0,0,casual_user
990,5.0,3.0,-0.3333333333333333,20,15,0.5,0.375,1.25,1.4675987714106855,6,0.47619047619047616,22.63,1.791759469228055,10,0.7142857142857143,15,0.5,3,2,29,0.5904761904761905,0,1,consistent_user
991,0.0,0.0,0.0,0,0,0.0,0.0,0.0,10.0,0,0.0,0.0,0.0,0,0.0,0,0.0,0,4,42,0.0,1,0,casual_user
992,4.0,2.0,-0.4,13,12,0.4,0.3076923076923077,1.0,1.3618169680781094,4,0.35714285714285715,21.68,1.9095425048844386,5,0.7857142857142857,11,0.3333333333333333,2,1,21,0.5045238095238095,0,1,consistent_user
993,5.0,4.0,-0.16666666666666666,11,9,0.3,0.4,1.1,2.445841952609133,4,0.3333333333333333,21.37,1.8870696490323797,4,0.75,9,0.3333333333333333,2,4,61,0.46499999999999997,0,1,consistent_user
994,2.0,2.0,0.0,7,7,0.23333333333333334,0.125,0.875,4.277849927241488,1,0.25,9.47,1.252762968495368,2,0.25,2,0.0,0,4,65,0.3075,0,0,casual_user
995,0.0,0.0,0.0,1,1,0.03333333333333333,0.5,0.5,10.0,1,0.0,6.89,0.0,0,0.0,0,0.0,0,4,62,0.01,1,0,at_risk_user
996,2.0,4.0,0.6666666666666666,10,9,0.3,0.2,1.0,3.7008686239082538,2,0.18181818181818182,10.0,1.3862943611198906,2,0.5454545454545454,6,0.16666666666666666,1,4,43,0.3733333333333333,0,0,casual_user
997,4.0,6.0,0.4,15,13,0.43333333333333335,0.21428571428571427,1.0714285714285714,1.6696942198734437,3,0.4375,20.36,1.8718021769015913,7,0.875,14,0.5,3,0,59,0.576875,0,1,consistent_user
998,1.0,0.0,-0.5,2,2,0.06666666666666667,0.3333333333333333,0.6666666666666666,10.0,1,0.0,6.46,1.0986122886681098,0,0.3333333333333333,1,0.0,0,2,58,0.2033333333333333,1,0,at_risk_user
999,1.0,2.0,0.5,7,6,0.2,0.14285714285714285,1.0,2.04939015319192,1,0.125,9.51,1.6094379124341003,1,0.375,3,0.0,0,3,38,0.27875,0,0,casual_user
1000,3.0,0.0,-0.75,8,8,0.26666666666666666,0.2222222222222222,0.8888888888888888,3.9520940802374143,2,0.1111111111111111,10.49,1.5404450409471488,1,0.5555555555555556,5,0.0,0,0,55,0.31333333333333335,0,0,casual_user
1001,1.0,0.0,-0.5,5,5,0.16666666666666666,0.3333333333333333,0.8333333333333334,7.047458170621991,2,0.3333333333333333,8.92,1.0986122886681098,2,0.5,3,0.0,0,4,26,0.33333333333333337,0,0,casual_user
1002,1.0,1.0,0.0,4,4,0.13333333333333333,0.2,0.8,4.0,1,0.4,11.38,1.3862943611198906,2,0.4,2,0.0,0,5,41,0.33,0,0,casual_user
1003,1.0,1.0,0.0,3,3,0.1,0.25,0.75,4.949747468305833,1,0.25,5.55,1.0986122886681098,1,0.0,0,0.0,0,0,38,0.2425,0,0,at_risk_user
1004,3.0,3.0,0.0,13,12,0.4,0.23076923076923078,1.0,2.053821272209882,3,0.6428571428571429,23.87,1.992430164690206,9,0.6428571428571429,9,0.3333333333333333,2,2,24,0.5616666666666666,0,1,consistent_user
1005,5.0,3.0,-0.3333333333333333,9,8,0.26666666666666666,0.4444444444444444,1.0,2.1930626551751344,4,0.4,22.89,1.8562979903656263,4,0.6,6,0.16666666666666666,1,4,38,0.42333333333333334,1,0,consistent_user
1006,3.0,2.0,-0.25,6,6,0.2,0.42857142857142855,0.8571428571428571,2.16794833886788,3,0.42857142857142855,9.84,1.3862943611198906,3,0.7142857142857143,5,0.16666666666666666,1,2,49,0.4219047619047619,1,0,casual_user
1007,4.0,4.0,0.0,16,16,0.5333333333333333,0.23529411764705882,0.9411764705882353,1.1751393027860062,4,0.8823529411764706,33.89,2.2512917986064953,15,0.8235294117647058,14,0.6666666666666666,4,0,19,0.7462745098039216,0,1,power_user
1008,4.0,4.0,0.0,13,11,0.36666666666666664,0.16666666666666666,1.0833333333333333,1.4181364924121764,2,0.07142857142857142,9.95,1.4469189829363254,1,0.5,7,0.16666666666666666,1,1,63,0.3611904761904762,0,0,casual_user
1009,2.0,4.0,0.6666666666666666,13,11,0.36666666666666664,0.16666666666666666,1.0833333333333333,1.2649110640673518,2,0.6428571428571429,36.32,2.4423470353692043,9,0.7857142857142857,11,0.16666666666666666,1,1,46,0.5326190476190475,0,1,power_user
1010,0.0,2.0,2.0,2,2,0.06666666666666667,0.6666666666666666,0.6666666666666666,10.0,2,0.0,6.79,0.0,0,0.0,0,0.0,0,4,52,0.02,1,0,casual_user
1011,2.0,0.0,-0.6666666666666666,3,2,0.06666666666666667,0.3333333333333333,1.0,10.0,1,0.5,9.32,1.791759469228055,2,0.0,0,0.0,0,4,37,0.295,1,0,casual_user
1012,3.0,2.0,-0.25,5,5,0.16666666666666666,0.3333333333333333,0.8333333333333334,0.5,2,0.0,9.94,1.5404450409471488,0,0.6666666666666666,4,0.0,0,5,36,0.26666666666666666,1,0,casual_user
1013,0.0,0.0,0.0,0,0,0.0,0.0,0.0,10.0,0,0.0,0.0,0.0,0,0.0,0,0.0,0,0,29,0.0,1,0,at_risk_user
1014,3.0,3.0,0.0,14,14,0.4666666666666667,0.2,0.9333333333333333,1.2909944487358056,3,0.6,37.54,2.367123614131617,9,0.8666666666666667,13,0.6666666666666666,4,0,63,0.66,0,1,power_user
1015,3.0,0.0,-0.75,3,2,0.06666666666666667,0.3333333333333333,1.0,10.0,1,0.0,5.61,1.3862943611198906,0,0.75,3,0.0,0,4,47,0.245,1,0,at_risk_user
1016,3.0,5.0,0.5,8,7,0.23333333333333334,0.25,1.0,0.8944271909999159,2,0.4444444444444444,22.45,1.791759469228055,4,0.7777777777777778,7,0.0,0,2,44,0.40888888888888886,1,0,consistent_user
1017,7.0,4.0,-0.375,22,18,0.6,0.3684210526315789,1.1578947368421053,0.8702602720890289,7,0.782608695652174,36.23,2.436116485618568,18,0.9565217391304348,22,0.6666666666666666,4,4,43,0.7546376811594203,0,1,power_user
1018,3.0,2.0,-0.25,9,8,0.26666666666666666,0.2222222222222222,1.0,2.544836041121407,2,0.3,8.38,1.5404450409471488,3,0.1,1,0.0,0,0,62,0.315,0,0,casual_user
1019,4.0,6.0,0.4,24,17,0.5666666666666667,0.2777777777777778,1.3333333333333333,1.1254628677422756,5,0.6,36.16,2.327277705584417,15,0.88,22,0.5,3,5,27,0.6579999999999999,0,1,power_user
1020,0.0,1.0,1.0,7,6,0.2,0.42857142857142855,1.0,3.2863353450309964,3,0.25,8.99,0.0,2,0.5,4,0.16666666666666666,1,2,61,0.2058333333333333,0,0,casual_user
1021,2.0,1.0,-0.3333333333333333,5,4,0.13333333333333333,0.2,1.0,3.214550253664318,1,0.5,23.46,2.1400661634962708,3,0.3333333333333333,2,0.0,0,5,47,0.34833333333333333,1,0,consistent_user
1022,5.0,2.0,-0.5,8,6,0.2,0.2857142857142857,1.1428571428571428,1.6733200530681511,2,0.3333333333333333,11.29,1.4350845252893227,3,0.4444444444444444,4,0.0,0,5,35,0.33777777777777773,1,0,casual_user
1023,0.0,1.0,1.0,4,3,0.1,0.25,1.0,4.949747468305833,1,0.2,8.8,0.0,1,0.6,3,0.0,0,4,57,0.14,0,0,casual_user
1024,2.0,7.0,1.6666666666666667,9,7,0.23333333333333334,0.25,1.125,1.4719601443879746,2,0.1,9.69,1.3862943611198906,1,0.6,6,0.0,0,1,38,0.305,1,0,casual_user
1025,4.0,4.0,0.0,16,14,0.4666666666666667,0.2,1.0666666666666667,1.1547005383792515,3,0.7058823529411765,34.73,2.327277705584417,12,0.9411764705882353,16,0.5,3,2,47,0.6605882352941177,0,1,power_user
1026,0.0,1.0,1.0,2,2,0.06666666666666667,0.3333333333333333,0.6666666666666666,10.0,1,0.0,4.32,0.0,0,0.3333333333333333,1,0.0,0,5,64,0.05333333333333333,1,0,at_risk_user
1027,0.0,0.0,0.0,0,0,0.0,0.0,0.0,10.0,0,0.0,0.0,0.0,0,0.0,0,0.0,0,0,55,0.0,0,0,at_risk_user
1028,4.0,1.0,-0.6,11,9,0.3,0.2,1.1,1.685018016012207,2,0.16666666666666666,22.84,1.8718021769015913,2,0.6666666666666666,8,0.0,0,0,42,0.3483333333333333,0,1,consistent_user
1029,5.0,6.0,0.16666666666666666,19,16,0.5333333333333333,0.17647058823529413,1.1176470588235294,0.9411239481143203,3,0.75,36.66,2.501435951739211,15,0.8,16,0.3333333333333333,2,0,63,0.6441666666666667,0,1,power_user
1030,5.0,4.0,-0.16666666666666666,25,18,0.6,0.2631578947368421,1.3157894736842106,0.6242642728467979,5,0.8461538461538461,35.22,2.451005098112319,22,0.8461538461538461,22,0.5,3,0,29,0.7261538461538461,0,1,power_user
1031,0.0,0.0,0.0,4,3,0.1,0.25,1.0,0.7071067811865476,1,0.4,9.47,0.0,2,0.6,3,0.0,0,5,22,0.19,1,0,casual_user
1032,0.0,3.0,3.0,11,10,0.3333333333333333,0.2727272727272727,1.0,1.4240006242195884,3,0.5,19.35,0.0,6,0.6666666666666666,8,0.3333333333333333,2,2,33,0.3583333333333333,0,1,consistent_user
1033,2.0,1.0,-0.3333333333333333,3,3,0.1,0.25,0.75,1.4142135623730951,1,0.0,5.15,1.0986122886681098,0,0.0,0,0.0,0,1,30,0.18,1,0,at_risk_user
1034,2.0,3.0,0.3333333333333333,10,10,0.3333333333333333,0.09090909090909091,0.9090909090909091,1.0,1,0.7272727272727273,23.44,2.1972245773362196,8,0.5454545454545454,6,0.16666666666666666,1,0,50,0.5196969696969697,0,1,consistent_user
1035,1.0,5.0,2.0,7,5,0.16666666666666666,0.3333333333333333,1.1666666666666667,2.3804761428476167,2,0.5,23.04,2.0794415416798357,4,0.75,6,0.0,0,5,60,0.4,1,0,consistent_user
1036,5.0,0.0,-0.8333333333333334,5,4,0.13333333333333333,0.4,1.0,0.5773502691896257,2,0.0,21.17,1.9740810260220096,0,0.3333333333333333,2,0.0,0,0,54,0.22333333333333333,1,0,consistent_user
1037,4.0,4.0,0.0,13,12,0.4,0.38461538461538464,1.0,1.662418829187267,5,0.2857142857142857,21.01,1.749199854809259,4,0.7857142857142857,11,0.3333333333333333,2,5,62,0.4866666666666667,0,1,consistent_user
1038,1.0,6.0,2.5,15,12,0.4,0.38461538461538464,1.1538461538461537,2.412090756622109,5,0.625,22.52,2.1972245773362196,10,0.8125,13,0.3333333333333333,2,0,36,0.5741666666666666,0,1,consistent_user
1039,5.0,4.0,-0.16666666666666666,23,18,0.6,0.15789473684210525,1.2105263157894737,0.8488746876271654,3,0.75,35.53,2.468099531471619,18,0.9583333333333334,23,0.3333333333333333,2,2,43,0.68,0,1,power_user
1040,4.0,1.0,-0.6,5,4,0.13333333333333333,0.2,1.0,0.5773502691896258,1,0.0,10.22,1.55814461804655,0,0.3333333333333333,2,0.0,0,2,25,0.22333333333333333,1,0,casual_user
1041,1.0,3.0,1.0,12,11,0.36666666666666664,0.16666666666666666,1.0,1.2649110640673518,2,0.38461538461538464,20.69,2.0794415416798357,5,0.6923076923076923,9,0.16666666666666666,1,2,23,0.4587179487179487,0,1,consistent_user
1042,3.0,0.0,-0.75,4,3,0.1,0.25,1.0,10.606601717798213,1,0.2,8.89,1.5404450409471488,1,0.6,3,0.0,0,3,45,0.29000000000000004,1,0,casual_user
1043,2.0,2.0,0.0,9,7,0.23333333333333334,0.125,1.125,2.898275349237888,1,0.7,25.68,1.791759469228055,7,0.9,9,0.0,0,3,20,0.485,0,1,consistent_user
1044,1.0,1.0,0.0,8,8,0.26666666666666666,0.2222222222222222,0.8888888888888888,2.160246899469287,2,0.2222222222222222,10.37,1.791759469228055,2,0.4444444444444444,4,0.0,0,2,59,0.32999999999999996,0,0,casual_user
1045,2.0,0.0,-0.6666666666666666,2,2,0.06666666666666667,0.6666666666666666,0.6666666666666666,10.0,2,0.3333333333333333,23.54,2.0149030205422647,1,0.6666666666666666,2,0.0,0,1,23,0.31999999999999995,1,0,consistent_user
1046,6.0,2.0,-0.5714285714285714,13,11,0.36666666666666664,0.3333333333333333,1.0833333333333333,2.503331114069145,4,0.42857142857142855,23.14,2.0794415416798357,6,0.5714285714285714,8,0.5,3,0,42,0.5242857142857144,0,1,consistent_user
1047,0.0,0.0,0.0,3,3,0.1,0.5,0.75,1.4142135623730951,2,0.25,12.24,0.0,1,0.0,0,0.0,0,5,37,0.0925,1,0,casual_user
1048,2.0,5.0,1.0,14,12,0.4,0.15384615384615385,1.0769230769230769,1.0787197799411874,2,0.8,35.04,2.4423470353692043,12,0.9333333333333333,14,0.16666666666666666,1,4,54,0.5966666666666667,0,1,power_user
1049,1.0,0.0,-0.5,1,1,0.03333333333333333,0.5,0.5,10.0,1,0.0,5.72,0.6931471805599453,0,0.0,0,0.0,0,3,41,0.11397207708399179,1,0,at_risk_user
1050,5.0,4.0,-0.16666666666666666,15,13,0.43333333333333335,0.21428571428571427,1.0714285714285714,1.5642792899510294,3,0.6875,22.23,2.0014800002101243,11,0.5,8,0.3333333333333333,2,0,41,0.5685416666666666,0,1,consistent_user
1051,2.0,4.0,0.6666666666666666,11,9,0.3,0.2,1.1,1.927248223318863,2,0.4166666666666667,23.94,1.8718021769015913,5,0.6666666666666666,8,0.16666666666666666,1,2,62,0.4441666666666666,0,1,consistent_user
1052,1.0,3.0,1.0,5,4,0.13333333333333333,0.2,1.0,5.0,1,0.5,24.37,1.791759469228055,3,0.8333333333333334,5,0.0,0,2,47,0.3983333333333333,0,1,consistent_user
1053,1.0,2.0,0.5,8,8,0.26666666666666666,0.2222222222222222,0.8888888888888888,1.618347187425374,2,0.0,10.15,1.0986122886681098,0,0.4444444444444444,4,0.0,0,3,40,0.27444444444444444,0,0,casual_user
1054,2.0,5.0,1.0,14,13,0.43333333333333335,0.21428571428571427,1.0,1.0552897060221726,3,0.7333333333333333,33.3,2.1400661634962708,11,0.8,12,0.3333333333333333,2,0,32,0.61,0,1,power_user
1055,4.0,3.0,-0.2,13,12,0.4,0.5384615384615384,1.0,2.101947149236112,7,0.35714285714285715,21.55,1.9095425048844386,5,0.6428571428571429,9,0.3333333333333333,2,2,24,0.49023809523809525,0,1,consistent_user
1056,5.0,4.0,-0.16666666666666666,14,14,0.4666666666666667,0.3333333333333333,0.9333333333333333,1.255755978254962,5,0.9333333333333333,32.37,2.3608540011180215,14,0.8666666666666667,13,0.3333333333333333,2,0,52,0.6766666666666666,0,1,power_user
1057,0.0,0.0,0.0,0,0,0.0,0.0,0.0,10.0,0,0.0,0.0,0.0,0,0.0,0,0.0,0,3,52,0.0,1,0,at_risk_user
1058,5.0,2.0,-0.5,16,15,0.5,0.1875,1.0,1.3587324409735149,3,0.8235294117647058,35.89,2.174751721484161,14,0.9411764705882353,16,0.3333333333333333,2,4,43,0.6666666666666666,0,1,power_user
1059,3.0,3.0,0.0,6,6,0.2,0.2857142857142857,0.8571428571428571,1.0954451150103321,2,0.7142857142857143,22.85,1.9459101490553132,5,0.7142857142857143,5,0.0,0,5,27,0.45999999999999996,1,0,consistent_user
1060,1.0,4.0,1.5,6,5,0.16666666666666666,0.3333333333333333,1.0,2.6457513110645907,2,0.14285714285714285,10.19,1.0986122886681098,1,0.5714285714285714,4,0.0,0,2,26,0.2928571428571428,1,0,casual_user
1061,4.0,0.0,-0.8,9,8,0.26666666666666666,0.4444444444444444,1.0,5.908025211926732,4,0.3,22.48,1.8718021769015913,3,0.6,6,0.16666666666666666,1,3,19,0.3983333333333333,0,1,consistent_user
1062,3.0,2.0,-0.25,11,10,0.3333333333333333,0.18181818181818182,1.0,1.6158932858054431,2,0.4166666666666667,24.76,1.791759469228055,5,0.75,9,0.16666666666666666,1,0,63,0.4625,0,1,consistent_user
1063,1.0,3.0,1.0,4,3,0.1,0.25,1.0,2.8284271247461903,1,0.0,3.05,1.3862943611198906,0,0.4,2,0.0,0,3,22,0.22,1,0,at_risk_user
1064,0.0,0.0,0.0,1,1,0.03333333333333333,0.5,0.5,10.0,1,0.0,6.57,0.0,0,0.5,1,0.0,0,2,47,0.060000000000000005,1,0,at_risk_user
1065,0.0,0.0,0.0,0,0,0.0,0.0,0.0,10.0,0,0.0,0.0,0.0,0,0.0,0,0.0,0,4,18,0.0,1,0,at_risk_user
1066,1.0,3.0,1.0,11,9,0.3,0.2,1.1,2.559994419636775,2,0.75,33.56,2.0794415416798357,9,0.8333333333333334,10,0.16666666666666666,1,2,39,0.5441666666666667,0,1,power_user
1067,3.0,2.0,-0.25,8,6,0.2,0.14285714285714285,1.1428571428571428,2.5495097567963922,1,0.1111111111111111,11.36,1.791759469228055,1,0.5555555555555556,5,0.0,0,5,27,0.29333333333333333,0,0,casual_user
1068,2.0,2.0,0.0,5,3,0.1,0.25,1.25,0.7071067811865476,1,0.3333333333333333,20.28,2.1972245773362196,2,0.8333333333333334,5,0.0,0,0,35,0.3466666666666667,1,0,consistent_user
1069,3.0,2.0,-0.25,12,10,0.3333333333333333,0.18181818181818182,1.0909090909090908,1.118033988749895,2,0.7692307692307693,23.5,2.03688192726104,10,0.7692307692307693,10,0.16666666666666666,1,3,62,0.5525641025641026,0,1,consistent_user
1070,1.0,4.0,1.5,5,4,0.13333333333333333,0.4,1.0,3.2145502536643185,2,0.16666666666666666,10.74,1.0986122886681098,1,0.0,0,0.0,0,3,50,0.23166666666666666,1,0,casual_user
1071,5.0,1.0,-0.6666666666666666,13,11,0.36666666666666664,0.16666666666666666,1.0833333333333333,2.806737924669451,2,0.5,22.99,1.9459101490553132,7,0.7857142857142857,11,0.16666666666666666,1,4,42,0.49690476190476185,0,1,consistent_user
1072,4.0,1.0,-0.6,9,8,0.26666666666666666,0.2222222222222222,1.0,3.450327796711771,2,0.5,22.47,1.8325814637483102,5,0.9,9,0.0,0,1,39,0.44500000000000006,0,1,consistent_user
1073,2.0,0.0,-0.6666666666666666,6,5,0.16666666666666666,0.3333333333333333,1.0,5.678908345800274,2,0.0,10.19,1.3862943611198906,0,0.42857142857142855,3,0.0,0,3,44,0.24285714285714285,0,0,casual_user
1074,2.0,1.0,-0.3333333333333333,8,8,0.26666666666666666,0.3333333333333333,0.8888888888888888,2.5448360411214073,3,0.3333333333333333,10.93,1.3862943611198906,3,0.2222222222222222,2,0.16666666666666666,1,0,37,0.3688888888888889,0,0,casual_user
1075,1.0,2.0,0.5,3,3,0.1,0.25,0.75,0.0,1,0.0,12.22,1.6094379124341003,0,0.0,0,0.0,0,2,30,0.18,1,0,casual_user
1076,1.0,1.0,0.0,2,2,0.06666666666666667,0.3333333333333333,0.6666666666666666,10.0,1,0.0,7.47,1.0986122886681098,0,0.6666666666666666,2,0.0,0,4,22,0.23666666666666666,1,0,casual_user
1077,3.0,2.0,-0.25,5,4,0.13333333333333333,0.2,1.0,1.1547005383792515,1,0.16666666666666666,10.0,1.6094379124341003,1,0.6666666666666666,4,0.0,0,2,55,0.29833333333333334,1,0,casual_user
1078,2.0,0.0,-0.6666666666666666,2,1,0.03333333333333333,0.5,1.0,10.0,1,0.6666666666666666,5.75,1.0986122886681098,2,0.0,0,0.0,0,0,47,0.32666666666666666,1,0,casual_user
1079,2.0,6.0,1.3333333333333333,11,8,0.26666666666666666,0.2222222222222222,1.2222222222222223,3.4364987719368982,2,0.3333333333333333,22.68,2.0794415416798357,4,0.8333333333333334,10,0.16666666666666666,1,5,56,0.43000000000000005,0,1,consistent_user
1080,3.0,2.0,-0.25,9,7,0.23333333333333334,0.25,1.125,3.0166206257996713,2,0.3,9.89,1.4663370687934272,3,0.3,3,0.0,0,0,65,0.32499999999999996,0,0,casual_user
1081,2.0,4.0,0.6666666666666666,13,11,0.36666666666666664,0.25,1.0833333333333333,1.888562063228706,3,0.07142857142857142,9.94,1.252762968495368,1,0.35714285714285715,5,0.3333333333333333,2,2,36,0.3802380952380952,0,0,casual_user
1082,1.0,0.0,-0.5,1,1,0.03333333333333333,0.5,0.5,10.0,1,0.0,3.9,0.6931471805599453,0,0.5,1,0.0,0,2,24,0.1639720770839918,1,0,at_risk_user
1083,0.0,0.0,0.0,0,0,0.0,0.0,0.0,10.0,0,0.0,0.0,0.0,0,0.0,0,0.0,0,1,61,0.0,1,0,at_risk_user
1084,1.0,1.0,0.0,2,2,0.06666666666666667,0.3333333333333333,0.6666666666666666,10.0,1,0.0,10.63,1.791759469228055,0,0.3333333333333333,1,0.0,0,0,35,0.2033333333333333,1,0,casual_user
1085,1.0,3.0,1.0,11,10,0.3333333333333333,0.2727272727272727,1.0,2.4037008503093262,3,0.16666666666666666,10.9,1.6094379124341003,2,0.75,9,0.5,3,1,57,0.4666666666666667,0,0,casual_user
1086,4.0,5.0,0.2,13,13,0.43333333333333335,0.35714285714285715,0.9285714285714286,1.6583123951777,5,0.7857142857142857,35.71,2.2512917986064953,11,0.8571428571428571,12,0.5,3,0,24,0.6621428571428571,0,1,power_user
1087,0.0,0.0,0.0,0,0,0.0,0.0,0.0,10.0,0,0.0,0.0,0.0,0,0.0,0,0.0,0,0,50,0.0,1,0,at_risk_user
1088,6.0,0.0,-0.8571428571428571,16,13,0.43333333333333335,0.21428571428571427,1.1428571428571428,2.539088359425425,3,0.5882352941176471,22.28,2.0794415416798357,10,0.4117647058823529,7,0.3333333333333333,2,1,65,0.5349019607843137,0,1,consistent_user
1089,5.0,5.0,0.0,21,14,0.4666666666666667,0.13333333333333333,1.4,1.0377490433255416,2,0.5,32.35,2.2617630984737906,11,0.8636363636363636,19,0.16666666666666666,1,1,49,0.5346969696969697,0,1,power_user
1090,0.0,4.0,4.0,4,4,0.13333333333333333,0.4,0.8,1.7320508075688772,2,0.4,9.56,0.0,2,0.0,0,0.0,0,0,53,0.14,1,0,casual_user
1091,1.0,1.0,0.0,2,2,0.06666666666666667,0.3333333333333333,0.6666666666666666,10.0,1,0.0,8.48,1.6094379124341003,0,0.0,0,0.0,0,2,23,0.16999999999999998,1,0,casual_user
1092,2.0,0.0,-0.6666666666666666,3,3,0.1,0.5,0.75,10.606601717798213,2,0.0,10.99,1.6094379124341003,0,0.5,2,0.0,0,1,46,0.22999999999999998,1,0,casual_user
1093,5.0,3.0,-0.3333333333333333,12,9,0.3,0.3,1.2,3.420004177106889,3,0.3076923076923077,19.87,1.916922612182061,4,0.5384615384615384,7,0.3333333333333333,2,0,26,0.4374358974358975,0,1,consistent_user
1094,2.0,0.0,-0.6666666666666666,2,2,0.06666666666666667,0.3333333333333333,0.6666666666666666,10.0,1,0.0,12.04,1.6094379124341003,0,0.0,0,0.0,0,4,46,0.16999999999999998,1,0,casual_user
1095,5.0,1.0,-0.6666666666666666,12,10,0.3333333333333333,0.2727272727272727,1.0909090909090908,2.692582403567252,3,0.46153846153846156,20.61,1.8562979903656263,6,0.6923076923076923,9,0.3333333333333333,2,5,53,0.5012820512820513,0,1,consistent_user
1096,0.0,1.0,1.0,1,1,0.03333333333333333,0.5,0.5,10.0,1,0.0,5.57,0.0,0,0.0,0,0.0,0,5,41,0.01,1,0,casual_user
1097,2.0,1.0,-0.3333333333333333,6,5,0.16666666666666666,0.3333333333333333,1.0,2.70801280154532,2,0.14285714285714285,10.53,1.3862943611198906,1,0.0,0,0.0,0,1,54,0.2357142857142857,1,0,casual_user
1098,3.0,3.0,0.0,14,14,0.4666666666666667,0.2,0.9333333333333333,1.0919284281983377,3,0.4666666666666667,23.94,1.8971199848858813,7,0.4666666666666667,7,0.3333333333333333,2,5,64,0.52,0,1,consistent_user
1099,1.0,2.0,0.5,3,3,0.1,0.25,0.75,2.1213203435596424,1,0.25,9.66,1.791759469228055,1,0.25,1,0.0,0,1,29,0.26749999999999996,1,0,casual_user
1100,6.0,6.0,0.0,16,14,0.4666666666666667,0.3333333333333333,1.0666666666666667,1.5275252316519468,5,0.5882352941176471,23.6,1.9459101490553132,10,0.8235294117647058,14,0.5,3,4,36,0.6194117647058823,0,1,consistent_user
1101,1.0,4.0,1.5,17,13,0.43333333333333335,0.21428571428571427,1.2142857142857142,1.5275252316519468,3,0.4444444444444444,21.62,1.9459101490553132,8,0.6111111111111112,11,0.5,3,2,30,0.5522222222222223,0,1,consistent_user
1102,3.0,2.0,-0.25,9,9,0.3,0.3,0.9,3.295017884191656,3,0.2,8.51,1.3862943611198906,2,0.6,6,0.16666666666666666,1,4,49,0.3833333333333333,0,0,casual_user
1103,4.0,2.0,-0.4,15,10,0.3333333333333333,0.2727272727272727,1.3636363636363635,1.6414763002993509,3,0.8125,22.5,1.9459101490553132,13,0.75,12,0.16666666666666666,1,2,19,0.5614583333333333,0,1,consistent_user
1104,3.0,3.0,0.0,14,12,0.4,0.23076923076923078,1.0769230769230769,2.013590190318143,3,0.5333333333333333,21.13,2.03688192726104,8,0.6666666666666666,10,0.16666666666666666,1,5,52,0.5033333333333333,0,1,consistent_user
1105,0.0,0.0,0.0,2,2,0.06666666666666667,0.3333333333333333,0.6666666666666666,10.0,1,0.0,5.75,0.0,0,0.0,0,0.0,0,0,36,0.02,0,0,at_risk_user
1106,2.0,0.0,-0.6666666666666666,2,2,0.06666666666666667,0.6666666666666666,0.6666666666666666,10.0,2,0.0,6.51,1.252762968495368,0,0.0,0,0.0,0,2,27,0.16999999999999998,1,0,at_risk_user
1107,3.0,3.0,0.0,11,11,0.36666666666666664,0.3333333333333333,0.9166666666666666,1.5238839267549946,4,0.4166666666666667,25.01,1.8971199848858813,5,0.6666666666666666,8,0.5,3,4,62,0.5308333333333334,0,1,consistent_user
1108,2.0,0.0,-0.6666666666666666,2,2,0.06666666666666667,0.3333333333333333,0.6666666666666666,10.0,1,0.3333333333333333,13.29,1.5040773967762742,1,0.3333333333333333,1,0.0,0,3,54,0.2866666666666666,1,0,casual_user
1109,2.0,1.0,-0.3333333333333333,3,3,0.1,0.5,0.75,1.4142135623730951,2,0.25,5.85,1.0986122886681098,1,0.25,1,0.0,0,1,35,0.26749999999999996,1,0,at_risk_user
1110,3.0,5.0,0.5,9,8,0.26666666666666666,0.5555555555555556,1.0,1.8257418583505538,5,0.2,8.84,1.2992829841302609,2,0.3,3,0.16666666666666666,1,1,52,0.3433333333333333,1,0,casual_user
1111,3.0,5.0,0.5,21,15,0.5,0.3125,1.3125,1.1602387022306428,5,0.9090909090909091,34.3,2.2335922215070942,20,0.9090909090909091,20,0.5,3,3,29,0.7181818181818183,0,1,power_user
1112,1.0,2.0,0.5,3,3,0.1,0.25,0.75,0.7071067811865476,1,0.25,7.05,1.6094379124341003,1,0.75,3,0.0,0,4,61,0.3175,1,0,casual_user
1113,1.0,4.0,1.5,10,9,0.3,0.2,1.0,1.5979898086569353,2,0.6363636363636364,22.25,2.0794415416798357,7,0.8181818181818182,9,0.16666666666666666,1,4,37,0.5142424242424243,0,1,consistent_user
1114,2.0,0.0,-0.6666666666666666,4,4,0.13333333333333333,0.4,0.8,8.736894948054106,2,0.2,5.17,1.252762968495368,1,0.4,2,0.0,0,3,56,0.28,0,0,at_risk_user
1115,1.0,2.0,0.5,3,3,0.1,0.25,0.75,0.0,1,0.25,4.67,1.0986122886681098,1,0.25,1,0.0,0,2,52,0.26749999999999996,1,0,at_risk_user
1116,0.0,3.0,3.0,11,10,0.3333333333333333,0.2727272727272727,1.0,1.3017082793177759,3,0.3333333333333333,22.31,0.0,4,0.75,9,0.3333333333333333,2,3,24,0.325,0,1,consistent_user
1117,2.0,4.0,0.6666666666666666,6,5,0.16666666666666666,0.5,1.0,1.9148542155126762,3,0.5714285714285714,11.12,1.6094379124341003,4,0.14285714285714285,1,0.16666666666666666,1,3,43,0.3904761904761904,1,0,casual_user
1118,3.0,2.0,-0.25,8,7,0.23333333333333334,0.25,1.0,2.6583202716502514,2,0.1111111111111111,9.76,1.4663370687934272,1,0.4444444444444444,4,0.0,0,3,47,0.2922222222222222,0,0,casual_user
1119,4.0,5.0,0.2,9,8,0.26666666666666666,0.4444444444444444,1.0,0.7867957924694431,4,0.4,23.08,1.8718021769015913,4,0.4,4,0.3333333333333333,2,0,24,0.43666666666666665,1,0,consistent_user
1120,0.0,0.0,0.0,0,0,0.0,0.0,0.0,10.0,0,0.0,0.0,0.0,0,0.0,0,0.0,0,5,47,0.0,0,0,at_risk_user
1121,5.0,2.0,-0.5,16,11,0.36666666666666664,0.16666666666666666,1.3333333333333333,1.9692073983655907,2,0.5882352941176471,23.63,1.9459101490553132,10,0.7647058823529411,13,0.0,0,1,64,0.4835294117647059,0,1,consistent_user
1122,2.0,3.0,0.3333333333333333,12,10,0.3333333333333333,0.18181818181818182,1.0909090909090908,1.855921454276674,2,0.23076923076923078,8.73,1.7047480922384253,3,0.3076923076923077,4,0.0,0,0,18,0.3384615384615385,0,0,casual_user
1123,2.0,0.0,-0.6666666666666666,4,4,0.13333333333333333,0.2,0.8,3.214550253664318,1,0.0,4.19,0.6931471805599453,0,0.4,2,0.0,0,0,37,0.18397207708399183,0,0,at_risk_user
1124,4.0,5.0,0.2,17,16,0.5333333333333333,0.23529411764705882,1.0,0.9411239481143201,4,0.2222222222222222,22.09,1.8718021769015913,4,0.7777777777777778,14,0.6666666666666666,4,4,36,0.5766666666666667,0,1,consistent_user
1125,0.0,1.0,1.0,1,1,0.03333333333333333,0.5,0.5,10.0,1,0.0,5.73,0.0,0,0.5,1,0.0,0,0,26,0.060000000000000005,1,0,at_risk_user
1126,4.0,3.0,-0.2,12,9,0.3,0.2,1.2,2.659215781283755,2,0.38461538461538464,24.76,1.791759469228055,5,0.7692307692307693,10,0.16666666666666666,1,0,64,0.44641025641025645,0,1,consistent_user
1127,3.0,2.0,-0.25,5,4,0.13333333333333333,0.2,1.0,1.0,1,0.5,22.58,1.791759469228055,3,0.5,3,0.0,0,1,59,0.365,1,0,consistent_user
1128,3.0,2.0,-0.25,5,4,0.13333333333333333,0.4,1.0,2.5166114784235836,2,0.16666666666666666,8.09,1.5404450409471488,1,0.5,3,0.0,0,2,24,0.2816666666666666,1,0,casual_user
1129,3.0,3.0,0.0,12,12,0.4,0.23076923076923078,0.9230769230769231,1.2862913567871994,3,0.3076923076923077,23.28,1.992430164690206,4,0.8461538461538461,11,0.3333333333333333,2,3,36,0.4982051282051282,0,1,consistent_user
1130,4.0,1.0,-0.6,13,11,0.36666666666666664,0.25,1.0833333333333333,1.6499158227686108,3,0.42857142857142855,22.53,1.749199854809259,6,0.8571428571428571,12,0.3333333333333333,2,2,31,0.5195238095238095,0,1,consistent_user
1131,3.0,4.0,0.25,17,13,0.43333333333333335,0.42857142857142855,1.2142857142857142,1.5275252316519465,6,0.6111111111111112,33.92,2.3978952727983707,11,0.9444444444444444,17,0.16666666666666666,1,0,23,0.5605555555555556,0,1,power_user
1132,2.0,0.0,-0.6666666666666666,2,2,0.06666666666666667,0.6666666666666666,0.6666666666666666,10.0,2,0.0,3.94,1.3862943611198906,0,0.3333333333333333,1,0.0,0,0,55,0.2033333333333333,1,0,at_risk_user
1133,6.0,3.0,-0.42857142857142855,9,7,0.23333333333333334,0.75,1.125,0.408248290463863,6,0.9,38.23,2.3978952727983707,9,0.9,9,0.16666666666666666,1,2,19,0.5683333333333334,1,0,power_user
1134,0.0,0.0,0.0,0,0,0.0,0.0,0.0,10.0,0,0.0,0.0,0.0,0,0.0,0,0.0,0,1,63,0.0,1,0,at_risk_user
1135,2.0,1.0,-0.3333333333333333,3,3,0.1,0.5,0.75,4.242640687119285,2,0.25,8.38,1.5040773967762742,1,0.0,0,0.0,0,1,57,0.2425,1,0,casual_user
1136,1.0,0.0,-0.5,1,1,0.03333333333333333,0.5,0.5,10.0,1,0.0,9.08,1.3862943611198906,0,0.0,0,0.0,0,4,60,0.16,1,0,casual_user
1137,2.0,0.0,-0.6666666666666666,4,4,0.13333333333333333,0.4,0.8,3.605551275463989,2,0.2,9.45,1.791759469228055,1,0.8,4,0.0,0,0,59,0.32,1,0,casual_user
1138,0.0,3.0,3.0,10,10,0.3333333333333333,0.2727272727272727,0.9090909090909091,0.927960727138337,3,0.6363636363636364,20.4,0.0,7,0.45454545454545453,5,0.3333333333333333,2,5,28,0.3712121212121212,0,1,consistent_user
1139,5.0,6.0,0.16666666666666666,19,14,0.4666666666666667,0.2,1.2666666666666666,0.898717034272917,3,0.6,33.95,2.2192034840549946,12,0.9,18,0.3333333333333333,2,4,56,0.5966666666666667,0,1,power_user
1140,3.0,2.0,-0.25,9,7,0.23333333333333334,0.375,1.125,4.457203906785808,3,0.5,22.47,2.120263536200091,5,0.9,9,0.16666666666666666,1,1,38,0.4683333333333334,0,1,consistent_user
1141,2.0,2.0,0.0,10,10,0.3333333333333333,0.18181818181818182,0.9090909090909091,0.8660254037844386,2,0.18181818181818182,8.37,1.6094379124341003,2,0.45454545454545453,5,0.16666666666666666,1,4,56,0.37424242424242427,0,0,casual_user
1142,0.0,2.0,2.0,6,5,0.16666666666666666,0.5,1.0,3.3166247903554,3,0.5714285714285714,23.43,0.0,4,0.42857142857142855,3,0.16666666666666666,1,2,31,0.26904761904761904,0,1,consistent_user
1143,0.0,1.0,1.0,2,2,0.06666666666666667,0.3333333333333333,0.6666666666666666,10.0,1,0.0,11.21,0.0,0,0.6666666666666666,2,0.0,0,3,29,0.08666666666666667,0,0,casual_user
1144,7.0,6.0,-0.125,18,14,0.4666666666666667,0.3333333333333333,1.2,1.832750490103429,5,0.7368421052631579,35.13,2.2587824703356527,14,0.7894736842105263,15,0.3333333333333333,2,2,38,0.6198245614035087,0,1,power_user
1145,3.0,0.0,-0.75,10,8,0.26666666666666666,0.3333333333333333,1.1111111111111112,3.605551275463989,3,0.09090909090909091,8.45,1.4663370687934272,1,0.5454545454545454,6,0.3333333333333333,2,0,49,0.3739393939393939,0,0,casual_user
1146,4.0,2.0,-0.4,12,11,0.36666666666666664,0.3333333333333333,1.0,2.1186998109427604,4,0.3076923076923077,22.16,1.9459101490553132,4,0.38461538461538464,5,0.3333333333333333,2,3,56,0.4420512820512821,0,1,consistent_user
1147,1.0,2.0,0.5,8,8,0.26666666666666666,0.2222222222222222,0.8888888888888888,1.7728105208558365,2,0.1111111111111111,9.08,1.791759469228055,1,0.3333333333333333,3,0.0,0,1,29,0.2911111111111111,0,0,casual_user
1148,0.0,0.0,0.0,0,0,0.0,0.0,0.0,10.0,0,0.0,0.0,0.0,0,0.0,0,0.0,0,2,46,0.0,1,0,at_risk_user
1149,4.0,8.0,0.8,16,12,0.4,0.38461538461538464,1.2307692307692308,1.9021518914592013,5,0.8235294117647058,32.83,2.4423470353692043,14,0.9411764705882353,16,0.5,3,2,47,0.67,0,1,power_user
1150,1.0,4.0,1.5,16,14,0.4666666666666667,0.26666666666666666,1.0666666666666667,0.8320502943378437,4,0.5882352941176471,35.06,2.1972245773362196,10,0.9411764705882353,16,0.3333333333333333,2,0,41,0.5978431372549019,0,1,power_user
1151,1.0,3.0,1.0,11,8,0.26666666666666666,0.1111111111111111,1.2222222222222223,1.5118578920369088,1,0.4166666666666667,9.67,1.0986122886681098,5,0.6666666666666666,8,0.16666666666666666,1,0,21,0.4341666666666667,0,0,casual_user
1152,3.0,1.0,-0.5,4,4,0.13333333333333333,0.4,0.8,3.214550253664318,2,0.2,7.82,1.4663370687934272,1,0.2,1,0.0,0,1,52,0.26,1,0,casual_user
1153,1.0,5.0,2.0,10,9,0.3,0.3,1.0,0.8345229603962802,3,0.6363636363636364,20.99,2.1972245773362196,7,0.7272727272727273,8,0.3333333333333333,2,5,32,0.5384848484848485,0,1,consistent_user
1154,2.0,1.0,-0.3333333333333333,4,4,0.13333333333333333,0.2,0.8,8.386497083606082,1,0.4,25.09,1.7047480922384253,2,0.4,2,0.0,0,5,26,0.33,0,1,consistent_user
1155,2.0,3.0,0.3333333333333333,13,11,0.36666666666666664,0.25,1.0833333333333333,2.270584848790187,3,0.07142857142857142,9.08,1.5040773967762742,1,0.42857142857142855,6,0.3333333333333333,2,5,47,0.3873809523809524,0,0,casual_user
1156,3.0,1.0,-0.5,5,4,0.13333333333333333,0.2,1.0,5.507570547286102,1,0.16666666666666666,25.47,1.6739764335716716,1,0.5,3,0.0,0,1,45,0.2816666666666666,1,0,consistent_user
1157,0.0,3.0,3.0,8,8,0.26666666666666666,0.2222222222222222,0.8888888888888888,1.5735915849388862,2,0.4444444444444444,10.89,0.0,4,0.5555555555555556,5,0.0,0,1,42,0.24666666666666667,0,0,casual_user
1158,3.0,4.0,0.25,11,8,0.26666666666666666,0.2222222222222222,1.2222222222222223,1.8257418583505538,2,0.5833333333333334,23.07,1.992430164690206,7,0.4166666666666667,5,0.0,0,2,60,0.4175,0,1,consistent_user
1159,4.0,3.0,-0.2,10,8,0.26666666666666666,0.2222222222222222,1.1111111111111112,2.6726124191242437,2,0.18181818181818182,11.78,1.3217558399823195,2,0.45454545454545453,5,0.16666666666666666,1,2,28,0.35424242424242425,0,0,casual_user
1160,3.0,5.0,0.5,16,14,0.4666666666666667,0.3333333333333333,1.0666666666666667,1.214231845389905,5,0.6470588235294118,34.22,2.4849066497880004,11,0.9411764705882353,16,0.3333333333333333,2,5,30,0.6125490196078431,0,1,power_user
1161,1.0,1.0,0.0,2,2,0.06666666666666667,0.3333333333333333,0.6666666666666666,10.0,1,0.0,7.46,1.0986122886681098,0,0.3333333333333333,1,0.0,0,3,56,0.2033333333333333,1,0,at_risk_user
1162,1.0,2.0,0.5,3,3,0.1,0.25,0.75,2.1213203435596424,1,0.25,18.7,1.9459101490553132,1,0.25,1,0.0,0,5,49,0.26749999999999996,1,0,consistent_user
1163,2.0,4.0,0.6666666666666666,15,13,0.43333333333333335,0.14285714285714285,1.0714285714285714,0.621581560508061,2,0.5625,33.62,2.4423470353692043,9,0.875,14,0.0,0,1,34,0.508125,0,1,power_user
1164,2.0,4.0,0.6666666666666666,12,11,0.36666666666666664,0.25,1.0,2.0027758514399734,3,0.6923076923076923,23.93,1.8718021769015913,9,0.6153846153846154,8,0.3333333333333333,2,1,42,0.5612820512820512,0,1,consistent_user
1165,1.0,1.0,0.0,2,2,0.06666666666666667,0.3333333333333333,0.6666666666666666,10.0,1,0.0,6.87,1.3862943611198906,0,0.6666666666666666,2,0.0,0,5,58,0.23666666666666666,1,0,at_risk_user
1166,3.0,0.0,-0.75,4,3,0.1,0.25,1.0,7.7781745930520225,1,0.0,9.37,1.2992829841302609,0,0.2,1,0.0,0,3,65,0.2,0,0,casual_user
1167,4.0,3.0,-0.2,8,6,0.2,0.42857142857142855,1.1428571428571428,2.345207879911715,3,0.3333333333333333,21.24,2.0794415416798357,3,0.6666666666666666,6,0.16666666666666666,1,4,58,0.3933333333333333,1,0,consistent_user
1168,0.0,2.0,2.0,2,2,0.06666666666666667,0.6666666666666666,0.6666666666666666,10.0,2,0.6666666666666666,4.54,0.0,2,0.3333333333333333,1,0.0,0,5,18,0.21999999999999997,1,0,at_risk_user
1169,0.0,1.0,1.0,6,5,0.16666666666666666,0.3333333333333333,1.0,2.3804761428476167,2,0.2857142857142857,9.1,0.0,2,0.42857142857142855,3,0.0,0,0,38,0.16428571428571426,0,0,casual_user
1170,1.0,0.0,-0.5,1,1,0.03333333333333333,0.5,0.5,10.0,1,0.0,5.67,1.3862943611198906,0,0.5,1,0.0,0,2,51,0.21,1,0,at_risk_user
1171,1.0,0.0,-0.5,1,1,0.03333333333333333,0.5,0.5,10.0,1,0.0,2.75,1.3862943611198906,0,0.5,1,0.0,0,4,63,0.21,1,0,at_risk_user
1172,3.0,4.0,0.25,14,12,0.4,0.15384615384615385,1.0769230769230769,0.9341987329938275,2,0.6,21.74,1.992430164690206,9,0.6666666666666666,10,0.16666666666666666,1,0,49,0.52,0,1,consistent_user
1173,4.0,1.0,-0.6,10,10,0.3333333333333333,0.36363636363636365,0.9090909090909091,1.6666666666666667,4,0.2727272727272727,21.17,1.9095425048844386,3,0.6363636363636364,7,0.3333333333333333,2,1,62,0.4484848484848485,0,1,consistent_user
1174,2.0,3.0,0.3333333333333333,7,7,0.23333333333333334,0.25,0.875,4.09878030638384,2,0.25,11.22,1.3862943611198906,2,0.25,2,0.0,0,5,37,0.3075,0,0,casual_user
1175,4.0,4.0,0.0,14,13,0.43333333333333335,0.35714285714285715,1.0,1.6764862244009227,5,0.4666666666666667,22.46,1.791759469228055,7,0.8,12,0.3333333333333333,2,1,64,0.5433333333333333,0,1,consistent_user
1176,3.0,0.0,-0.75,11,9,0.3,0.2,1.1,3.24037034920393,2,0.3333333333333333,23.08,1.791759469228055,4,0.6666666666666666,8,0.16666666666666666,1,3,46,0.42333333333333334,0,1,consistent_user
1177,5.0,0.0,-0.8333333333333334,15,11,0.36666666666666664,0.25,1.25,3.0349812373573437,3,0.625,34.62,2.2823823856765264,10,0.9375,15,0.3333333333333333,2,5,48,0.5766666666666667,0,1,power_user
1178,4.0,4.0,0.0,16,14,0.4666666666666667,0.2,1.0666666666666667,1.0919284281983377,3,0.6470588235294118,34.75,2.3749057545736716,11,0.8823529411764706,15,0.16666666666666666,1,5,50,0.5733333333333334,0,1,power_user
1179,1.0,4.0,1.5,13,11,0.36666666666666664,0.16666666666666666,1.0833333333333333,1.1785113019775793,2,0.8571428571428571,38.17,2.1972245773362196,12,0.9285714285714286,13,0.16666666666666666,1,5,26,0.6004761904761905,0,1,power_user
1180,6.0,1.0,-0.7142857142857143,20,16,0.5333333333333333,0.29411764705882354,1.1764705882352942,1.3557637102737476,5,0.6666666666666666,36.92,2.3826278006675823,14,0.9047619047619048,19,0.6666666666666666,4,2,65,0.7004761904761905,0,1,power_user
1181,0.0,0.0,0.0,4,4,0.13333333333333333,0.4,0.8,3.4641016151377544,2,0.0,11.78,0.0,0,0.4,2,0.0,0,0,33,0.08000000000000002,0,0,casual_user
1182,1.0,0.0,-0.5,1,1,0.03333333333333333,0.5,0.5,10.0,1,0.0,6.83,0.6931471805599453,0,0.0,0,0.0,0,0,49,0.11397207708399179,1,0,at_risk_user
1183,1.0,2.0,0.5,8,7,0.23333333333333334,0.25,1.0,2.6832815729997477,2,0.5555555555555556,9.11,1.0986122886681098,5,0.2222222222222222,2,0.0,0,3,32,0.3811111111111111,0,0,casual_user
1184,3.0,1.0,-0.5,4,4,0.13333333333333333,0.2,0.8,2.309401076758503,1,0.2,4.57,1.2039728043259361,1,0.6,3,0.0,0,5,48,0.3,1,0,at_risk_user
1185,5.0,6.0,0.16666666666666666,20,17,0.5666666666666667,0.16666666666666666,1.1111111111111112,0.8139410298049853,3,0.6666666666666666,35.33,2.322387720290225,14,0.9047619047619048,19,0.8333333333333334,5,2,20,0.7438095238095239,0,1,power_user
1186,1.0,0.0,-0.5,2,2,0.06666666666666667,0.3333333333333333,0.6666666666666666,10.0,1,0.0,5.7,1.3862943611198906,0,0.0,0,0.0,0,1,49,0.16999999999999998,1,0,at_risk_user
1187,2.0,1.0,-0.3333333333333333,3,3,0.1,0.25,0.75,0.7071067811865476,1,0.5,5.8,1.252762968495368,2,0.25,1,0.0,0,4,51,0.32999999999999996,1,0,at_risk_user
1188,3.0,2.0,-0.25,11,11,0.36666666666666664,0.16666666666666666,0.9166666666666666,1.398411797560202,2,0.5,10.27,1.6094379124341003,6,0.5,6,0.16666666666666666,1,2,63,0.46833333333333327,0,0,casual_user
1189,0.0,1.0,1.0,2,2,0.06666666666666667,0.3333333333333333,0.6666666666666666,10.0,1,0.0,7.79,0.0,0,0.3333333333333333,1,0.0,0,5,45,0.05333333333333333,1,0,at_risk_user
1190,3.0,2.0,-0.25,8,8,0.26666666666666666,0.2222222222222222,0.8888888888888888,2.0701966780270626,2,0.4444444444444444,23.81,2.0794415416798357,4,0.7777777777777778,7,0.0,0,5,39,0.41888888888888887,0,1,consistent_user
1191,3.0,3.0,0.0,21,17,0.5666666666666667,0.3333333333333333,1.1666666666666667,1.0468205831628137,6,0.7727272727272727,35.1,2.2335922215070942,17,0.9090909090909091,20,0.5,3,5,46,0.7040909090909091,0,1,power_user
1192,7.0,4.0,-0.375,22,19,0.6333333333333333,0.35,1.1,0.7838233761296739,7,0.782608695652174,36.5,2.423537703411708,18,0.9565217391304348,22,0.5,3,2,55,0.731304347826087,0,1,power_user
1193,1.0,1.0,0.0,9,8,0.26666666666666666,0.2222222222222222,1.0,2.690370836538197,2,0.7,23.06,1.6094379124341003,7,0.7,7,0.0,0,5,24,0.475,0,1,consistent_user
1194,0.0,2.0,2.0,9,9,0.3,0.3,0.9,1.4577379737113252,3,0.2,10.27,0.0,2,0.5,5,0.3333333333333333,2,0,60,0.25666666666666665,0,0,casual_user
1195,1.0,1.0,0.0,2,2,0.06666666666666667,0.3333333333333333,0.6666666666666666,10.0,1,0.0,11.56,1.791759469228055,0,0.3333333333333333,1,0.0,0,1,49,0.2033333333333333,1,0,casual_user
1196,2.0,2.0,0.0,15,13,0.43333333333333335,0.35714285714285715,1.0714285714285714,1.9128750375000738,5,0.625,9.46,1.3862943611198906,10,0.1875,3,0.3333333333333333,2,5,54,0.5216666666666666,0,0,casual_user
1197,1.0,1.0,0.0,6,5,0.16666666666666666,0.3333333333333333,1.0,2.943920288775949,2,0.14285714285714285,9.02,1.791759469228055,1,0.14285714285714285,1,0.0,0,2,63,0.25,0,0,casual_user
1198,1.0,0.0,-0.5,1,1,0.03333333333333333,0.5,0.5,10.0,1,0.5,7.01,1.0986122886681098,1,0.0,0,0.0,0,3,65,0.28500000000000003,1,0,at_risk_user
1199,4.0,1.0,-0.6,18,15,0.5,0.5,1.125,1.7304639535412156,8,0.5789473684210527,22.38,1.9810014688665833,11,0.8947368421052632,17,0.6666666666666666,4,2,23,0.6675438596491229,0,1,consistent_user
1200,2.0,9.0,2.3333333333333335,20,15,0.5,0.25,1.25,1.4392458342578491,4,0.6666666666666666,36.23,2.2512917986064953,14,0.9523809523809523,20,0.5,3,5,52,0.6619047619047619,0,1,power_user
1201,4.0,5.0,0.2,22,19,0.6333333333333333,0.25,1.1,1.0416176459053668,5,0.8695652173913043,32.69,2.2512917986064953,20,0.8695652173913043,20,0.8333333333333334,5,3,40,0.8110144927536233,0,1,power_user
1202,3.0,2.0,-0.25,5,4,0.13333333333333333,0.4,1.0,2.0,2,0.5,23.0,1.7346010553881064,3,0.6666666666666666,4,0.0,0,3,52,0.3816666666666667,1,0,consistent_user
1203,5.0,3.0,-0.3333333333333333,18,14,0.4666666666666667,0.2,1.2,1.4051188470584879,3,0.42105263157894735,35.61,2.2617630984737906,8,0.9473684210526315,18,0.3333333333333333,2,0,55,0.5566666666666666,0,1,power_user
1204,4.0,0.0,-0.8,9,8,0.26666666666666666,0.2222222222222222,1.0,3.450327796711771,2,0.5,22.23,2.0476928433652555,5,0.9,9,0.0,0,1,64,0.44500000000000006,0,1,consistent_user
1205,5.0,0.0,-0.8333333333333334,5,4,0.13333333333333333,0.6,1.0,0.5773502691896257,3,0.16666666666666666,8.9,1.4816045409242156,1,0.6666666666666666,4,0.16666666666666666,1,5,47,0.33166666666666667,1,0,casual_user
1206,0.0,1.0,1.0,2,2,0.06666666666666667,0.3333333333333333,0.6666666666666666,10.0,1,0.0,4.08,0.0,0,0.0,0,0.0,0,2,25,0.02,1,0,at_risk_user
1207,0.0,3.0,3.0,8,7,0.23333333333333334,0.375,1.0,4.277849927241488,3,0.2222222222222222,10.5,0.0,2,0.4444444444444444,4,0.16666666666666666,1,5,27,0.2033333333333333,0,0,casual_user
1208,4.0,5.0,0.2,15,12,0.4,0.15384615384615385,1.1538461538461537,1.026910636104941,2,0.6875,34.94,2.3513752571634776,11,0.9375,15,0.16666666666666666,1,4,61,0.5689583333333333,0,1,power_user
1209,1.0,3.0,1.0,11,10,0.3333333333333333,0.18181818181818182,1.0,1.8708286933869709,2,0.3333333333333333,23.12,1.791759469228055,4,0.6666666666666666,8,0.0,0,2,46,0.4,0,1,consistent_user
1210,1.0,1.0,0.0,5,5,0.16666666666666666,0.16666666666666666,0.8333333333333334,2.6457513110645907,1,0.16666666666666666,9.42,1.791759469228055,1,0.8333333333333334,5,0.0,0,4,29,0.32499999999999996,0,0,casual_user
1211,1.0,2.0,0.5,9,7,0.23333333333333334,0.25,1.125,2.7325202042558927,2,0.2,23.22,1.791759469228055,2,0.8,8,0.0,0,5,50,0.35,0,1,consistent_user
1212,6.0,2.0,-0.5714285714285714,21,16,0.5333333333333333,0.23529411764705882,1.2352941176470589,1.2798809468443688,4,0.7727272727272727,34.29,2.3353749158170367,17,0.9545454545454546,21,0.5,3,2,20,0.6986363636363636,0,1,power_user
1213,2.0,6.0,1.3333333333333333,10,7,0.23333333333333334,0.625,1.25,5.648008498577175,5,0.45454545454545453,23.67,2.1972245773362196,5,0.7272727272727273,8,0.3333333333333333,2,0,60,0.473030303030303,0,1,consistent_user
1214,2.0,1.0,-0.3333333333333333,3,2,0.06666666666666667,0.3333333333333333,1.0,10.0,1,0.0,8.22,1.791759469228055,0,0.75,3,0.0,0,2,21,0.245,1,0,casual_user
1215,4.0,4.0,0.0,9,7,0.23333333333333334,0.25,1.125,1.505545305418162,2,0.6,21.91,2.1972245773362196,6,0.9,9,0.0,0,4,26,0.45999999999999996,1,0,consistent_user
1216,3.0,0.0,-0.75,3,3,0.1,0.5,0.75,2.1213203435596424,2,0.0,10.48,1.2992829841302609,0,0.0,0,0.0,0,5,21,0.18,1,0,casual_user
1217,4.0,5.0,0.2,16,16,0.5333333333333333,0.17647058823529413,0.9411764705882353,1.1254628677422753,3,0.47058823529411764,20.77,1.9810014688665833,8,0.6470588235294118,11,0.5,3,1,22,0.5923529411764706,0,1,consistent_user
1218,2.0,1.0,-0.3333333333333333,5,4,0.13333333333333333,0.4,1.0,5.291502622129181,2,0.0,9.66,1.6094379124341003,0,0.5,3,0.0,0,4,42,0.24,1,0,casual_user
1219,4.0,6.0,0.4,18,16,0.5333333333333333,0.23529411764705882,1.0588235294117647,0.8618916073713346,4,0.631578947368421,32.59,2.4423470353692043,12,0.8947368421052632,17,0.5,3,5,28,0.6573684210526315,0,1,power_user
1220,1.0,2.0,0.5,3,3,0.1,0.25,0.75,2.8284271247461903,1,0.25,22.45,2.1972245773362196,1,0.75,3,0.0,0,0,29,0.3175,1,0,consistent_user
1221,5.0,5.0,0.0,15,14,0.4666666666666667,0.26666666666666666,1.0,1.4051188470584879,4,0.5625,22.54,1.9459101490553132,9,0.5625,9,0.5,3,3,58,0.586875,0,1,consistent_user
1222,2.0,2.0,0.0,7,7,0.23333333333333334,0.375,0.875,1.6431676725154984,3,0.375,23.14,1.791759469228055,3,0.875,7,0.16666666666666666,1,5,39,0.4345833333333333,1,0,consistent_user
1223,1.0,0.0,-0.5,6,6,0.2,0.14285714285714285,0.8571428571428571,3.6331804249169903,1,0.14285714285714285,7.87,1.791759469228055,1,0.7142857142857143,5,0.0,0,4,58,0.31714285714285717,0,0,casual_user
1224,4.0,6.0,0.4,18,16,0.5333333333333333,0.35294117647058826,1.0588235294117647,1.334523278535216,6,0.6842105263157895,38.61,2.302585092994046,13,0.9473684210526315,18,0.5,3,0,41,0.6757894736842105,0,1,power_user
1225,0.0,1.0,1.0,3,3,0.1,0.25,0.75,0.7071067811865476,1,0.0,13.1,0.0,0,0.5,2,0.0,0,1,18,0.08,0,0,casual_user
1226,3.0,3.0,0.0,15,13,0.43333333333333335,0.2857142857142857,1.0714285714285714,2.1461734799546393,4,0.5625,21.64,2.0794415416798357,9,0.75,12,0.5,3,2,22,0.595625,0,1,consistent_user
1227,2.0,0.0,-0.6666666666666666,11,10,0.3333333333333333,0.2727272727272727,1.0,2.4037008503093262,3,0.3333333333333333,23.98,1.791759469228055,4,0.6666666666666666,8,0.3333333333333333,2,2,46,0.4666666666666667,0,1,consistent_user
1228,2.0,3.0,0.3333333333333333,13,12,0.4,0.23076923076923078,1.0,2.157439559882375,3,0.5,22.92,2.1400661634962708,7,0.7142857142857143,10,0.3333333333333333,2,4,40,0.5330952380952381,0,1,consistent_user
1229,4.0,4.0,0.0,17,14,0.4666666666666667,0.2,1.1333333333333333,1.281025230440697,3,0.6111111111111112,33.89,2.3978952727983707,11,0.7777777777777778,14,0.16666666666666666,1,4,44,0.5538888888888889,0,1,power_user
1230,3.0,4.0,0.25,14,10,0.3333333333333333,0.2727272727272727,1.2727272727272727,1.509230856356236,3,0.8,36.35,2.367123614131617,12,0.8,12,0.16666666666666666,1,0,53,0.5633333333333334,0,1,power_user
1231,5.0,6.0,0.16666666666666666,20,16,0.5333333333333333,0.29411764705882354,1.1764705882352942,1.082325538564332,5,0.9047619047619048,36.99,2.2823823856765264,19,0.9523809523809523,20,0.3333333333333333,2,0,30,0.6980952380952381,0,1,power_user
1232,3.0,0.0,-0.75,6,6,0.2,0.2857142857142857,0.8571428571428571,5.385164807134504,2,0.2857142857142857,12.82,1.7346010553881064,2,0.2857142857142857,2,0.0,0,3,27,0.31,0,0,casual_user
1233,3.0,3.0,0.0,9,8,0.26666666666666666,0.2222222222222222,1.0,2.9680841985233184,2,0.5,9.13,1.4663370687934272,5,0.3,3,0.0,0,4,34,0.385,0,0,casual_user
1234,1.0,2.0,0.5,8,8,0.26666666666666666,0.2222222222222222,0.8888888888888888,1.7182493859684491,2,0.1111111111111111,9.02,1.0986122886681098,1,0.3333333333333333,3,0.0,0,5,40,0.2911111111111111,0,0,casual_user
1235,1.0,0.0,-0.5,4,4,0.13333333333333333,0.2,0.8,8.717797887081348,1,0.2,11.62,1.3862943611198906,1,0.4,2,0.0,0,0,26,0.28,0,0,casual_user
1236,3.0,1.0,-0.5,4,4,0.13333333333333333,0.4,0.8,1.5275252316519465,2,0.0,11.01,1.5404450409471488,0,0.4,2,0.0,0,2,63,0.23,1,0,casual_user
1237,6.0,1.0,-0.7142857142857143,9,7,0.23333333333333334,0.375,1.125,4.135214625627067,3,0.4,10.52,1.6094379124341003,4,0.6,6,0.16666666666666666,1,3,37,0.41333333333333333,0,0,casual_user
1238,1.0,1.0,0.0,2,2,0.06666666666666667,0.3333333333333333,0.6666666666666666,10.0,1,0.6666666666666666,23.09,1.791759469228055,2,0.3333333333333333,1,0.0,0,0,54,0.37,1,0,consistent_user
1239,1.0,2.0,0.5,10,10,0.3333333333333333,0.2727272727272727,0.9090909090909091,2.449489742783178,3,0.36363636363636365,21.19,2.0794415416798357,4,0.7272727272727273,8,0.3333333333333333,2,4,59,0.48030303030303034,0,1,consistent_user
1240,3.0,3.0,0.0,15,11,0.36666666666666664,0.25,1.25,2.0138409955990952,3,0.6875,34.49,2.512305623976115,11,0.875,14,0.16666666666666666,1,1,32,0.5527083333333334,0,1,power_user
1241,3.0,3.0,0.0,12,12,0.4,0.23076923076923078,0.9230769230769231,1.2060453783110545,3,0.38461538461538464,22.51,2.0794415416798357,5,0.9230769230769231,12,0.3333333333333333,2,0,47,0.5251282051282051,0,1,consistent_user
1242,5.0,0.0,-0.8333333333333334,10,9,0.3,0.3,1.0,2.799872446074234,3,0.36363636363636365,22.91,1.9740810260220096,4,0.6363636363636364,7,0.3333333333333333,2,1,59,0.4612121212121212,0,1,consistent_user
1243,0.0,3.0,3.0,4,3,0.1,0.5,1.0,4.242640687119285,2,0.4,18.94,0.0,2,0.6,3,0.0,0,5,62,0.19,0,1,consistent_user
1244,2.0,2.0,0.0,7,7,0.23333333333333334,0.25,0.875,3.1885210782848317,2,0.125,9.97,1.3862943611198906,1,0.375,3,0.0,0,2,54,0.28874999999999995,0,0,casual_user
1245,1.0,1.0,0.0,2,2,0.06666666666666667,0.3333333333333333,0.6666666666666666,10.0,1,0.0,5.38,0.6931471805599453,0,0.3333333333333333,1,0.0,0,0,43,0.15730541041732513,1,0,at_risk_user
1246,2.0,3.0,0.3333333333333333,12,11,0.36666666666666664,0.16666666666666666,1.0,1.2692955176439846,2,0.15384615384615385,11.28,1.3862943611198906,2,0.6923076923076923,9,0.16666666666666666,1,3,49,0.401025641025641,0,0,casual_user
1247,0.0,0.0,0.0,0,0,0.0,0.0,0.0,10.0,0,0.0,0.0,0.0,0,0.0,0,0.0,0,5,53,0.0,1,0,at_risk_user
1248,3.0,3.0,0.0,12,11,0.36666666666666664,0.16666666666666666,1.0,1.2649110640673518,2,0.38461538461538464,22.37,1.8971199848858813,5,0.8461538461538461,11,0.0,0,4,27,0.4407692307692308,0,1,consistent_user
1249,2.0,1.0,-0.3333333333333333,9,9,0.3,0.3,0.9,2.3754698783308417,3,0.4,23.13,2.0794415416798357,4,0.6,6,0.16666666666666666,1,3,28,0.43333333333333335,0,1,consistent_user
1250,1.0,1.0,0.0,5,4,0.13333333333333333,0.2,1.0,7.234178138070234,1,0.16666666666666666,4.31,1.3862943611198906,1,0.6666666666666666,4,0.0,0,4,39,0.29833333333333334,0,0,at_risk_user
1251,2.0,0.0,-0.6666666666666666,3,3,0.1,0.25,0.75,3.5355339059327378,1,0.0,8.27,1.252762968495368,0,0.0,0,0.0,0,4,45,0.18,1,0,casual_user
1252,1.0,6.0,2.5,12,11,0.36666666666666664,0.25,1.0,1.4944341180973264,3,0.46153846153846156,22.84,2.1972245773362196,6,0.8461538461538461,11,0.3333333333333333,2,3,55,0.5266666666666667,0,1,consistent_user
1253,4.0,4.0,0.0,17,14,0.4666666666666667,0.13333333333333333,1.1333333333333333,1.3634420996046583,2,0.4444444444444444,23.09,2.1972245773362196,8,0.8333333333333334,15,0.16666666666666666,1,2,27,0.5177777777777778,0,1,consistent_user
1254,0.0,0.0,0.0,0,0,0.0,0.0,0.0,10.0,0,0.0,0.0,0.0,0,0.0,0,0.0,0,0,65,0.0,1,0,at_risk_user
1255,1.0,2.0,0.5,9,9,0.3,0.4,0.9,3.7032803990902057,4,0.1,9.97,1.0986122886681098,1,0.4,4,0.16666666666666666,1,1,37,0.3383333333333333,0,0,casual_user
1256,1.0,2.0,0.5,10,9,0.3,0.2,1.0,2.065879266282796,2,0.45454545454545453,20.21,1.791759469228055,5,0.7272727272727273,8,0.16666666666666666,1,2,40,0.4596969696969697,0,1,consistent_user
1257,4.0,0.0,-0.8,11,10,0.3333333333333333,0.2727272727272727,1.0,3.7896056669673577,3,0.5,21.9,1.9095425048844386,6,0.75,9,0.3333333333333333,2,5,21,0.5166666666666666,0,1,consistent_user
1258,0.0,0.0,0.0,0,0,0.0,0.0,0.0,10.0,0,0.0,0.0,0.0,0,0.0,0,0.0,0,3,25,0.0,1,0,at_risk_user
1259,3.0,2.0,-0.25,16,15,0.5,0.375,1.0,1.899971081329953,6,0.6470588235294118,21.61,2.03688192726104,11,0.8235294117647058,14,0.16666666666666666,1,5,61,0.5774509803921568,0,1,consistent_user
1260,2.0,4.0,0.6666666666666666,9,9,0.3,0.2,0.9,2.6049403612586386,2,0.7,35.12,2.1972245773362196,7,0.9,9,0.0,0,4,41,0.505,0,1,power_user
1261,1.0,1.0,0.0,8,8,0.26666666666666666,0.1111111111111111,0.8888888888888888,2.214669705568283,1,0.4444444444444444,21.19,1.9459101490553132,4,0.5555555555555556,5,0.0,0,4,60,0.39666666666666667,0,1,consistent_user
1262,6.0,7.0,0.14285714285714285,20,16,0.5333333333333333,0.23529411764705882,1.1764705882352942,1.245945806357946,4,0.8571428571428571,32.9,2.3513752571634776,18,0.9523809523809523,20,0.3333333333333333,2,2,36,0.6861904761904761,0,1,power_user
1263,0.0,0.0,0.0,0,0,0.0,0.0,0.0,10.0,0,0.0,0.0,0.0,0,0.0,0,0.0,0,2,56,0.0,1,0,at_risk_user
1264,3.0,0.0,-0.75,10,8,0.26666666666666666,0.2222222222222222,1.1111111111111112,2.497617912751115,2,0.7272727272727273,21.81,1.9459101490553132,8,0.7272727272727273,8,0.16666666666666666,1,1,48,0.5178787878787879,0,1,consistent_user
1265,0.0,2.0,2.0,3,3,0.1,0.25,0.75,0.7071067811865476,1,0.5,5.08,0.0,2,0.0,0,0.0,0,1,34,0.155,1,0,at_risk_user
1266,1.0,1.0,0.0,2,2,0.06666666666666667,0.3333333333333333,0.6666666666666666,10.0,1,0.6666666666666666,17.2,1.791759469228055,2,0.6666666666666666,2,0.0,0,0,22,0.4033333333333333,1,0,consistent_user
1267,0.0,3.0,3.0,8,7,0.23333333333333334,0.125,1.0,1.0327955589886446,1,0.5555555555555556,8.79,0.0,5,0.2222222222222222,2,0.0,0,2,20,0.23111111111111113,0,0,casual_user
1268,0.0,2.0,2.0,2,2,0.06666666666666667,0.3333333333333333,0.6666666666666666,10.0,1,0.3333333333333333,10.31,0.0,1,0.6666666666666666,2,0.0,0,2,40,0.16999999999999998,1,0,casual_user
1269,2.0,2.0,0.0,6,6,0.2,0.2857142857142857,0.8571428571428571,4.919349550499537,2,0.2857142857142857,10.4,1.7047480922384253,2,0.7142857142857143,5,0.0,0,1,47,0.35285714285714287,0,0,casual_user
1270,2.0,4.0,0.6666666666666666,13,12,0.4,0.38461538461538464,1.0,1.8140862964338524,5,0.42857142857142855,23.41,2.1400661634962708,6,0.6428571428571429,9,0.5,3,5,44,0.5414285714285715,0,1,consistent_user
1271,1.0,0.0,-0.5,5,5,0.16666666666666666,0.5,0.8333333333333334,8.12403840463596,3,0.16666666666666666,8.53,1.791759469228055,1,0.6666666666666666,4,0.16666666666666666,1,5,39,0.3416666666666667,0,0,casual_user
1272,1.0,2.0,0.5,4,4,0.13333333333333333,0.2,0.8,1.0,1,0.4,38.26,2.4849066497880004,2,0.8,4,0.0,0,3,39,0.37,1,0,power_user
1273,3.0,2.0,-0.25,11,11,0.36666666666666664,0.16666666666666666,0.9166666666666666,1.0593499054713802,2,0.5,21.56,1.8971199848858813,6,0.6666666666666666,8,0.16666666666666666,1,3,33,0.485,0,1,consistent_user
1274,1.0,2.0,0.5,3,2,0.06666666666666667,0.3333333333333333,1.0,10.0,1,0.0,13.26,1.6094379124341003,0,0.75,3,0.0,0,3,59,0.245,1,0,casual_user
1275,2.0,2.0,0.0,9,9,0.3,0.3,0.9,2.0701966780270626,3,0.3,9.93,1.5040773967762742,3,0.3,3,0.16666666666666666,1,2,65,0.3783333333333333,0,0,casual_user
1276,2.0,4.0,0.6666666666666666,12,10,0.3333333333333333,0.18181818181818182,1.0909090909090908,2.23606797749979,2,0.15384615384615385,11.56,1.5040773967762742,2,0.6153846153846154,8,0.0,0,5,26,0.35,0,0,casual_user
1277,3.0,1.0,-0.5,8,7,0.23333333333333334,0.25,1.0,4.622409184253019,2,0.6666666666666666,23.38,1.992430164690206,6,0.4444444444444444,4,0.0,0,5,60,0.4311111111111111,0,1,consistent_user
1278,2.0,0.0,-0.6666666666666666,2,2,0.06666666666666667,0.3333333333333333,0.6666666666666666,10.0,1,0.3333333333333333,10.32,1.7047480922384253,1,0.0,0,0.0,0,0,30,0.2533333333333333,1,0,casual_user
1279,1.0,2.0,0.5,3,2,0.06666666666666667,0.3333333333333333,1.0,10.0,1,0.0,9.54,1.0986122886681098,0,0.5,2,0.0,0,0,23,0.22,1,0,casual_user
1280,3.0,1.0,-0.5,4,4,0.13333333333333333,0.6,0.8,1.7320508075688772,3,0.2,5.29,1.2039728043259361,1,0.4,2,0.16666666666666666,1,5,58,0.31333333333333335,1,0,at_risk_user
1281,4.0,2.0,-0.4,9,9,0.3,0.3,0.9,2.8753881725529062,3,0.2,10.3,1.6582280766035324,2,0.5,5,0.16666666666666666,1,0,41,0.3733333333333333,0,0,casual_user
1282,0.0,3.0,3.0,3,3,0.1,0.75,0.75,0.0,3,0.0,11.17,0.0,0,0.5,2,0.16666666666666666,1,1,59,0.11333333333333333,1,0,casual_user
1283,2.0,3.0,0.3333333333333333,6,6,0.2,0.2857142857142857,0.8571428571428571,1.7888543819998317,2,0.5714285714285714,22.13,1.8718021769015913,4,0.8571428571428571,6,0.0,0,1,53,0.4385714285714286,1,0,consistent_user
1284,2.0,4.0,0.6666666666666666,15,13,0.43333333333333335,0.21428571428571427,1.0714285714285714,1.9227505550564006,3,0.0625,9.41,1.6094379124341003,1,0.4375,7,0.3333333333333333,2,0,21,0.40604166666666663,0,0,casual_user
1285,2.0,2.0,0.0,7,7,0.23333333333333334,0.125,0.875,2.943920288775949,1,0.375,10.12,1.6094379124341003,3,0.375,3,0.0,0,3,65,0.35125,0,0,casual_user
1286,5.0,5.0,0.0,18,15,0.5,0.3125,1.125,1.1766968108291043,5,0.2631578947368421,22.05,1.8870696490323797,5,0.47368421052631576,9,0.3333333333333333,2,1,28,0.4798245614035087,0,1,consistent_user
1287,1.0,2.0,0.5,6,6,0.2,0.2857142857142857,0.8571428571428571,2.6076809620810595,2,0.14285714285714285,10.01,1.791759469228055,1,0.5714285714285714,4,0.0,0,1,60,0.3028571428571428,0,0,casual_user
1288,1.0,1.0,0.0,3,3,0.1,0.25,0.75,3.5355339059327378,1,0.0,7.38,0.6931471805599453,0,0.0,0,0.0,0,5,62,0.13397207708399178,0,0,at_risk_user
1289,2.0,1.0,-0.3333333333333333,3,3,0.1,0.25,0.75,0.7071067811865476,1,0.25,6.17,1.0986122886681098,1,0.25,1,0.0,0,1,60,0.26749999999999996,1,0,at_risk_user
1290,2.0,1.0,-0.3333333333333333,9,8,0.26666666666666666,0.3333333333333333,1.0,2.1157009420498154,3,0.1,11.89,1.3862943611198906,1,0.4,4,0.16666666666666666,1,2,63,0.32833333333333337,0,0,casual_user
1291,4.0,2.0,-0.4,16,11,0.36666666666666664,0.25,1.3333333333333333,1.577621275493231,3,0.6470588235294118,36.22,2.3513752571634776,11,0.8823529411764706,15,0.16666666666666666,1,2,36,0.5433333333333333,0,1,power_user
1292,4.0,3.0,-0.2,15,13,0.43333333333333335,0.21428571428571427,1.0714285714285714,1.6764862244009227,3,0.25,24.12,2.0149030205422647,4,0.8125,13,0.5,3,2,44,0.5237499999999999,0,1,consistent_user
1293,1.0,2.0,0.5,4,3,0.1,0.25,1.0,3.5355339059327378,1,0.4,7.14,1.6094379124341003,2,0.8,4,0.0,0,0,44,0.36,1,0,casual_user
1294,2.0,1.0,-0.3333333333333333,4,3,0.1,0.25,1.0,2.1213203435596424,1,0.0,10.74,1.3862943611198906,0,0.4,2,0.0,0,1,56,0.22,1,0,casual_user
1295,4.0,3.0,-0.2,7,5,0.16666666666666666,0.3333333333333333,1.1666666666666667,1.9148542155126762,2,0.25,10.84,1.4469189829363254,2,0.375,3,0.0,0,0,43,0.3,1,0,casual_user
1296,6.0,4.0,-0.2857142857142857,19,15,0.5,0.1875,1.1875,1.2688144505364485,3,0.65,36.6,2.302585092994046,13,0.9,18,0.3333333333333333,2,1,18,0.6191666666666666,0,1,power_user
1297,2.0,2.0,0.0,4,4,0.13333333333333333,0.4,0.8,1.1547005383792515,2,0.0,7.42,1.5040773967762742,0,0.4,2,0.0,0,1,48,0.23,1,0,casual_user
1298,2.0,1.0,-0.3333333333333333,5,5,0.16666666666666666,0.16666666666666666,0.8333333333333334,3.8297084310253524,1,0.3333333333333333,6.2,1.7047480922384253,2,0.3333333333333333,2,0.0,0,1,28,0.31666666666666665,0,0,casual_user
1299,2.0,1.0,-0.3333333333333333,6,5,0.16666666666666666,0.3333333333333333,1.0,2.70801280154532,2,0.5714285714285714,9.89,1.5040773967762742,4,0.2857142857142857,2,0.0,0,2,39,0.37142857142857144,1,0,casual_user
1300,3.0,1.0,-0.5,4,3,0.1,0.25,1.0,0.7071067811865476,1,0.0,10.89,1.2992829841302609,0,0.0,0,0.0,0,1,43,0.18,1,0,casual_user
1301,0.0,0.0,0.0,0,0,0.0,0.0,0.0,10.0,0,0.0,0.0,0.0,0,0.0,0,0.0,0,0,37,0.0,1,0,at_risk_user
1302,0.0,1.0,1.0,6,6,0.2,0.2857142857142857,0.8571428571428571,2.7748873851023217,2,0.0,10.4,0.0,0,0.2857142857142857,2,0.0,0,3,31,0.08857142857142856,0,0,casual_user
1303,2.0,4.0,0.6666666666666666,6,5,0.16666666666666666,0.5,1.0,1.7320508075688772,3,0.5714285714285714,20.21,1.8718021769015913,4,0.42857142857142855,3,0.16666666666666666,1,2,59,0.419047619047619,1,0,consistent_user
1304,4.0,4.0,0.0,15,11,0.36666666666666664,0.16666666666666666,1.25,0.6666666666666666,2,0.3125,10.24,1.252762968495368,5,0.5625,9,0.16666666666666666,1,3,19,0.42770833333333336,0,0,casual_user
1305,1.0,0.0,-0.5,1,1,0.03333333333333333,0.5,0.5,10.0,1,0.0,2.2,1.0986122886681098,0,0.5,1,0.0,0,0,65,0.21,1,0,at_risk_user
1306,4.0,3.0,-0.2,13,12,0.4,0.23076923076923078,1.0,1.4893561757289013,3,0.6428571428571429,23.09,1.8718021769015913,9,0.6428571428571429,9,0.16666666666666666,1,2,43,0.5283333333333333,0,1,consistent_user
1307,6.0,3.0,-0.42857142857142855,14,11,0.36666666666666664,0.4166666666666667,1.1666666666666667,2.0110804171997807,5,0.26666666666666666,20.96,1.8718021769015913,4,0.6666666666666666,10,0.3333333333333333,2,3,37,0.45999999999999996,0,1,consistent_user
1308,1.0,0.0,-0.5,1,1,0.03333333333333333,0.5,0.5,10.0,1,0.0,3.15,1.0986122886681098,0,0.0,0,0.0,0,4,26,0.16,0,0,at_risk_user
1309,1.0,0.0,-0.5,1,1,0.03333333333333333,0.5,0.5,10.0,1,0.5,5.19,0.6931471805599453,1,0.0,0,0.0,0,1,43,0.23897207708399182,1,0,at_risk_user
1310,1.0,4.0,1.5,5,4,0.13333333333333333,0.4,1.0,1.1547005383792515,2,0.0,10.2,1.3862943611198906,0,0.8333333333333334,5,0.0,0,3,21,0.2733333333333333,1,0,casual_user
1311,1.0,2.0,0.5,9,9,0.3,0.2,0.9,2.326094212561969,2,0.4,10.49,1.3862943611198906,4,0.5,5,0.0,0,1,22,0.39,0,0,casual_user
1312,2.0,4.0,0.6666666666666666,7,5,0.16666666666666666,0.3333333333333333,1.1666666666666667,3.304037933599835,2,0.125,22.71,1.8718021769015913,1,0.375,3,0.0,0,0,29,0.26875,1,0,consistent_user
1313,1.0,6.0,2.5,10,10,0.3333333333333333,0.36363636363636365,0.9090909090909091,2.9627314724385294,4,0.5454545454545454,23.35,1.9459101490553132,6,0.5454545454545454,6,0.5,3,2,27,0.5409090909090909,0,1,consistent_user
1314,1.0,1.0,0.0,3,3,0.1,0.25,0.75,2.8284271247461903,1,0.5,10.62,1.791759469228055,2,0.25,1,0.0,0,4,30,0.32999999999999996,1,0,casual_user
1315,5.0,2.0,-0.5,19,15,0.5,0.375,1.1875,1.6391501416322993,6,0.6,34.99,2.3978952727983707,12,0.85,17,0.5,3,4,58,0.635,0,1,power_user
1316,2.0,3.0,0.3333333333333333,7,7,0.23333333333333334,0.375,0.875,2.9268868558020253,3,0.5,9.96,1.0986122886681098,4,0.5,4,0.16666666666666666,1,0,28,0.42833333333333334,0,0,casual_user
1317,3.0,5.0,0.5,14,14,0.4666666666666667,0.2,0.9333333333333333,1.3634420996046583,3,0.6,21.03,2.0794415416798357,9,0.7333333333333333,11,0.3333333333333333,2,1,26,0.58,0,1,consistent_user
1318,1.0,0.0,-0.5,1,1,0.03333333333333333,0.5,0.5,10.0,1,0.0,6.02,1.3862943611198906,0,0.0,0,0.0,0,0,24,0.16,1,0,at_risk_user
1319,0.0,1.0,1.0,3,3,0.1,0.25,0.75,1.4142135623730951,1,0.5,13.03,0.0,2,0.0,0,0.0,0,2,30,0.155,0,0,casual_user
1320,10.0,4.0,-0.5454545454545454,23,18,0.6,0.15789473684210525,1.2105263157894737,0.9314757424772422,3,0.625,35.49,2.33214389523559,15,0.9583333333333334,23,1.0,6,5,22,0.7820833333333334,0,1,power_user
1321,1.0,4.0,1.5,10,9,0.3,0.3,1.0,2.100170061141308,3,0.2727272727272727,12.03,1.791759469228055,3,0.7272727272727273,8,0.3333333333333333,2,3,22,0.4475757575757576,0,0,casual_user
1322,2.0,1.0,-0.3333333333333333,5,5,0.16666666666666666,0.16666666666666666,0.8333333333333334,3.593976442141304,1,0.3333333333333333,6.33,1.0986122886681098,2,0.0,0,0.0,0,5,62,0.2833333333333333,0,0,at_risk_user
1323,6.0,2.0,-0.5714285714285714,18,15,0.5,0.25,1.125,1.2688144505364485,4,0.5263157894736842,22.22,2.0149030205422647,10,0.8421052631578947,16,0.3333333333333333,2,1,39,0.5824561403508771,0,1,consistent_user
1324,1.0,2.0,0.5,3,3,0.1,0.25,0.75,2.1213203435596424,1,0.25,7.64,1.791759469228055,1,0.75,3,0.0,0,0,55,0.3175,1,0,casual_user
1325,2.0,3.0,0.3333333333333333,10,9,0.3,0.2,1.0,2.1671244937540095,2,0.2727272727272727,22.18,1.9459101490553132,3,0.6363636363636364,7,0.16666666666666666,1,4,61,0.40515151515151515,0,1,consistent_user
1326,5.0,2.0,-0.5,15,13,0.43333333333333335,0.2857142857142857,1.0714285714285714,2.0943647333651407,4,0.375,21.52,2.0014800002101243,6,0.75,12,0.5,3,4,57,0.54875,0,1,consistent_user
1327,1.0,1.0,0.0,12,11,0.36666666666666664,0.4166666666666667,1.0,2.057506581601462,5,0.5384615384615384,21.22,1.6094379124341003,7,0.7692307692307693,10,0.3333333333333333,2,4,48,0.5382051282051282,0,1,consistent_user
1328,3.0,2.0,-0.25,5,5,0.16666666666666666,0.16666666666666666,0.8333333333333334,0.9574271077563381,1,0.3333333333333333,22.57,1.8458266904983307,2,0.6666666666666666,4,0.0,0,1,50,0.35,1,0,consistent_user
1329,9.0,8.0,-0.1,30,22,0.7333333333333333,0.21739130434782608,1.3043478260869565,0.5895922723535711,5,0.7096774193548387,34.08,2.407945608651872,22,0.967741935483871,30,0.6666666666666666,4,5,45,0.7775268817204302,0,1,power_user
1330,5.0,4.0,-0.16666666666666666,9,7,0.23333333333333334,0.5,1.125,1.2649110640673518,4,0.7,23.95,2.0014800002101243,7,0.9,9,0.16666666666666666,1,2,32,0.5183333333333333,1,0,consistent_user
1331,5.0,1.0,-0.6666666666666666,17,14,0.4666666666666667,0.5333333333333333,1.1333333333333333,1.9935794376846323,8,0.6666666666666666,34.57,2.2407096892759584,12,0.8333333333333334,15,0.6666666666666666,4,5,54,0.6733333333333333,0,1,power_user
1332,3.0,3.0,0.0,7,5,0.16666666666666666,0.3333333333333333,1.1666666666666667,1.632993161855452,2,0.25,11.4,1.4663370687934272,2,0.375,3,0.0,0,5,39,0.3,1,0,casual_user
1333,1.0,0.0,-0.5,4,3,0.1,0.25,1.0,12.727922061357855,1,0.0,2.68,1.0986122886681098,0,0.0,0,0.0,0,3,33,0.18,0,0,at_risk_user
1334,3.0,2.0,-0.25,11,10,0.3333333333333333,0.18181818181818182,1.0,1.5,2,0.16666666666666666,11.61,1.7346010553881064,2,0.4166666666666667,5,0.16666666666666666,1,4,46,0.3666666666666667,0,0,casual_user
1335,7.0,4.0,-0.375,20,14,0.4666666666666667,0.13333333333333333,1.3333333333333333,1.5892265495016833,2,0.8095238095238095,34.72,2.2129729343043585,17,0.9047619047619048,19,0.16666666666666666,1,1,53,0.6161904761904762,0,1,power_user
1336,7.0,1.0,-0.75,16,13,0.43333333333333335,0.21428571428571427,1.1428571428571428,2.015094553763188,3,0.29411764705882354,23.04,1.7676619176489945,5,0.6470588235294118,11,0.5,3,4,43,0.5182352941176471,0,1,consistent_user
1337,0.0,1.0,1.0,3,3,0.1,0.25,0.75,7.0710678118654755,1,0.25,8.17,0.0,1,0.25,1,0.0,0,4,49,0.1175,0,0,casual_user
1338,4.0,0.0,-0.8,6,6,0.2,0.42857142857142855,0.8571428571428571,3.082207001484488,3,0.2857142857142857,9.49,1.55814461804655,2,0.42857142857142855,3,0.16666666666666666,1,5,19,0.3576190476190476,1,0,casual_user
1339,2.0,1.0,-0.3333333333333333,8,6,0.2,0.14285714285714285,1.1428571428571428,0.8366600265340756,1,0.4444444444444444,9.29,1.6094379124341003,4,0.5555555555555556,5,0.0,0,1,34,0.37666666666666665,0,0,casual_user
1340,1.0,0.0,-0.5,1,1,0.03333333333333333,0.5,0.5,10.0,1,0.0,4.61,1.3862943611198906,0,0.0,0,0.0,0,4,34,0.16,1,0,at_risk_user
1341,3.0,1.0,-0.5,6,6,0.2,0.14285714285714285,0.8571428571428571,6.50384501660364,1,0.0,11.03,1.4663370687934272,0,0.5714285714285714,4,0.0,0,4,54,0.2671428571428571,0,0,casual_user
1342,2.0,0.0,-0.6666666666666666,2,1,0.03333333333333333,0.5,1.0,10.0,1,0.0,8.29,1.0986122886681098,0,0.6666666666666666,2,0.0,0,0,53,0.22666666666666666,1,0,casual_user
1343,4.0,0.0,-0.8,8,8,0.26666666666666666,0.2222222222222222,0.8888888888888888,4.2594432902501635,2,0.2222222222222222,22.35,1.9810014688665833,2,0.6666666666666666,6,0.0,0,3,38,0.3522222222222222,0,1,consistent_user
1344,3.0,5.0,0.5,15,13,0.43333333333333335,0.21428571428571427,1.0714285714285714,2.137330535547045,3,0.75,24.51,1.791759469228055,12,0.5625,9,0.3333333333333333,2,5,27,0.5904166666666667,0,1,consistent_user
1345,4.0,5.0,0.2,15,12,0.4,0.23076923076923078,1.1538461538461537,1.3280197150781923,3,0.625,35.26,2.505525936990736,10,0.9375,15,0.16666666666666666,1,1,21,0.5533333333333333,0,1,power_user
1346,0.0,0.0,0.0,0,0,0.0,0.0,0.0,10.0,0,0.0,0.0,0.0,0,0.0,0,0.0,0,3,34,0.0,1,0,at_risk_user
1347,3.0,4.0,0.25,19,17,0.5666666666666667,0.2222222222222222,1.0555555555555556,0.6191391873668903,4,0.55,35.57,2.120263536200091,11,0.9,18,0.3333333333333333,2,0,32,0.6141666666666666,0,1,power_user
1348,1.0,1.0,0.0,2,2,0.06666666666666667,0.3333333333333333,0.6666666666666666,10.0,1,0.0,6.24,0.6931471805599453,0,0.0,0,0.0,0,1,25,0.1239720770839918,1,0,at_risk_user
1349,2.0,3.0,0.3333333333333333,15,12,0.4,0.23076923076923078,1.1538461538461537,1.689540012709215,3,0.1875,10.26,1.6094379124341003,3,0.6875,11,0.3333333333333333,2,1,27,0.45229166666666665,0,0,casual_user
1350,1.0,2.0,0.5,7,7,0.23333333333333334,0.25,0.875,1.96638416050035,2,0.25,9.78,1.3862943611198906,2,0.375,3,0.0,0,5,19,0.32,0,0,casual_user
1351,2.0,2.0,0.0,8,8,0.26666666666666666,0.2222222222222222,0.8888888888888888,2.410295378065479,2,0.0,11.93,1.3862943611198906,0,0.3333333333333333,3,0.0,0,5,30,0.2633333333333333,0,0,casual_user
1352,2.0,3.0,0.3333333333333333,7,7,0.23333333333333334,0.25,0.875,2.7386127875258306,2,0.5,22.61,1.9459101490553132,4,0.625,5,0.0,0,4,55,0.4075,0,1,consistent_user
1353,3.0,0.0,-0.75,3,2,0.06666666666666667,0.3333333333333333,1.0,10.0,1,0.0,5.24,0.9808292530117262,0,0.0,0,0.0,0,5,62,0.1671243879517589,1,0,at_risk_user
1354,0.0,4.0,4.0,4,3,0.1,0.25,1.0,0.0,1,0.2,7.92,0.0,1,0.0,0,0.0,0,5,22,0.08,1,0,casual_user
1355,1.0,3.0,1.0,4,3,0.1,0.25,1.0,4.949747468305833,1,0.0,9.38,1.6094379124341003,0,0.4,2,0.0,0,3,61,0.22,1,0,casual_user
1356,2.0,2.0,0.0,15,13,0.43333333333333335,0.5,1.0714285714285714,1.2309149097933272,7,0.625,21.98,1.7047480922384253,10,0.6875,11,0.5,3,2,56,0.605,0,1,consistent_user
1357,3.0,0.0,-0.75,3,3,0.1,0.25,0.75,0.7071067811865476,1,0.25,6.58,0.9808292530117262,1,0.25,1,0.0,0,4,41,0.2646243879517589,1,0,at_risk_user
1358,2.0,2.0,0.0,4,4,0.13333333333333333,0.4,0.8,1.0,2,0.2,9.66,1.252762968495368,1,0.6,3,0.0,0,1,37,0.3,1,0,casual_user
1359,1.0,1.0,0.0,4,4,0.13333333333333333,0.4,0.8,4.041451884327381,2,0.4,9.02,1.3862943611198906,2,0.4,2,0.0,0,1,34,0.33,0,0,casual_user
1360,2.0,2.0,0.0,9,7,0.23333333333333334,0.125,1.125,3.011090610836324,1,0.2,10.5,1.5040773967762742,2,0.6,6,0.0,0,3,28,0.32999999999999996,0,0,casual_user
1361,0.0,0.0,0.0,0,0,0.0,0.0,0.0,10.0,0,0.0,0.0,0.0,0,0.0,0,0.0,0,0,33,0.0,1,0,at_risk_user
1362,6.0,3.0,-0.42857142857142855,23,16,0.5333333333333333,0.17647058823529413,1.3529411764705883,0.7988086367179803,3,0.75,36.47,2.120263536200091,18,0.7916666666666666,19,0.16666666666666666,1,2,44,0.61,0,1,power_user
1363,2.0,0.0,-0.6666666666666666,2,2,0.06666666666666667,0.3333333333333333,0.6666666666666666,10.0,1,0.0,5.42,0.9162907318741551,0,0.0,0,0.0,0,5,33,0.15744360978112326,1,0,at_risk_user
1364,3.0,1.0,-0.5,10,10,0.3333333333333333,0.18181818181818182,0.9090909090909091,1.6583123951777,2,0.18181818181818182,10.11,1.4663370687934272,2,0.5454545454545454,6,0.16666666666666666,1,3,59,0.3833333333333333,0,0,casual_user
1365,3.0,1.0,-0.5,7,7,0.23333333333333334,0.25,0.875,2.6583202716502514,2,0.125,11.81,1.5404450409471488,1,0.5,4,0.0,0,5,59,0.30125,0,0,casual_user
1366,1.0,0.0,-0.5,1,1,0.03333333333333333,0.5,0.5,10.0,1,0.0,2.94,1.0986122886681098,0,0.5,1,0.0,0,3,27,0.21,1,0,at_risk_user
1367,2.0,0.0,-0.6666666666666666,3,3,0.1,0.25,0.75,5.656854249492381,1,0.5,20.08,1.791759469228055,2,0.5,2,0.0,0,4,57,0.355,1,0,consistent_user
1368,3.0,6.0,0.75,16,12,0.4,0.23076923076923078,1.2307692307692308,1.7580981459830651,3,0.8235294117647058,34.52,2.367123614131617,14,0.8823529411764706,15,0.5,3,0,30,0.6641176470588236,0,1,power_user
1369,2.0,2.0,0.0,5,4,0.13333333333333333,0.2,1.0,1.5275252316519465,1,0.0,12.05,1.3862943611198906,0,0.6666666666666666,4,0.0,0,2,27,0.25666666666666665,1,0,casual_user
1370,2.0,4.0,0.6666666666666666,8,6,0.2,0.2857142857142857,1.1428571428571428,2.0,2,0.6666666666666666,10.22,1.5040773967762742,6,0.5555555555555556,5,0.0,0,3,65,0.4322222222222222,1,0,casual_user
1371,2.0,3.0,0.3333333333333333,10,9,0.3,0.3,1.0,2.559994419636775,3,0.5454545454545454,23.44,1.8718021769015913,6,0.5454545454545454,6,0.3333333333333333,2,0,44,0.49757575757575756,0,1,consistent_user
1372,0.0,2.0,2.0,2,2,0.06666666666666667,0.6666666666666666,0.6666666666666666,10.0,2,0.0,9.95,0.0,0,0.0,0,0.0,0,0,57,0.02,1,0,casual_user
1373,1.0,0.0,-0.5,1,1,0.03333333333333333,0.5,0.5,10.0,1,0.0,5.33,1.0986122886681098,0,0.5,1,0.0,0,3,37,0.21,1,0,casual_user
1374,2.0,0.0,-0.6666666666666666,2,2,0.06666666666666667,0.3333333333333333,0.6666666666666666,10.0,1,0.0,12.98,1.3862943611198906,0,0.3333333333333333,1,0.0,0,4,61,0.2033333333333333,1,0,casual_user
1375,3.0,1.0,-0.5,4,3,0.1,0.5,1.0,6.363961030678928,2,0.0,11.29,1.6739764335716716,0,0.6,3,0.0,0,1,24,0.24,1,0,casual_user
1376,2.0,2.0,0.0,4,2,0.06666666666666667,0.3333333333333333,1.3333333333333333,10.0,1,0.8,22.42,1.791759469228055,4,0.0,0,0.0,0,4,25,0.37,1,0,consistent_user
1377,5.0,4.0,-0.16666666666666666,19,16,0.5333333333333333,0.23529411764705882,1.1176470588235294,1.3345232785352157,4,0.4,23.39,2.028148247292285,8,0.7,14,0.5,3,1,47,0.58,0,1,consistent_user
1378,0.0,0.0,0.0,0,0,0.0,0.0,0.0,10.0,0,0.0,0.0,0.0,0,0.0,0,0.0,0,2,34,0.0,1,0,at_risk_user
1379,3.0,3.0,0.0,18,14,0.4666666666666667,0.2,1.2,1.1875421719907087,3,0.47368421052631576,24.12,2.03688192726104,9,0.8421052631578947,16,0.16666666666666666,1,3,52,0.5259649122807017,0,1,consistent_user
1380,1.0,0.0,-0.5,1,1,0.03333333333333333,0.5,0.5,10.0,1,0.0,12.96,1.0986122886681098,0,0.0,0,0.0,0,4,42,0.16,1,0,casual_user
1381,4.0,3.0,-0.2,8,8,0.26666666666666666,0.3333333333333333,0.8888888888888888,1.0,3,0.5555555555555556,22.98,1.9459101490553132,5,0.6666666666666666,6,0.16666666666666666,1,3,57,0.4688888888888889,1,0,consistent_user
1382,5.0,6.0,0.16666666666666666,22,16,0.5333333333333333,0.23529411764705882,1.2941176470588236,0.8618916073713346,4,0.8260869565217391,34.93,2.468099531471619,19,0.9565217391304348,22,0.3333333333333333,2,5,30,0.678840579710145,0,1,power_user
1383,1.0,2.0,0.5,3,3,0.1,0.25,0.75,2.1213203435596424,1,0.0,5.01,0.6931471805599453,0,0.0,0,0.0,0,2,65,0.13397207708399178,1,0,at_risk_user
1384,2.0,0.0,-0.6666666666666666,11,11,0.36666666666666664,0.4166666666666667,0.9166666666666666,2.250925735484551,5,0.5833333333333334,10.86,1.7047480922384253,7,0.5833333333333334,7,0.3333333333333333,2,4,28,0.5308333333333334,0,0,casual_user
1385,3.0,4.0,0.25,18,13,0.43333333333333335,0.2857142857142857,1.2857142857142858,2.1033883198882757,4,0.3684210526315789,23.09,1.791759469228055,7,0.7894736842105263,15,0.3333333333333333,2,1,22,0.517719298245614,0,1,consistent_user
1386,4.0,0.0,-0.8,10,9,0.3,0.3,1.0,3.3380918415851206,3,0.2727272727272727,10.11,1.4469189829363254,3,0.6363636363636364,7,0.3333333333333333,2,3,45,0.4384848484848485,0,0,casual_user
1387,2.0,1.0,-0.3333333333333333,9,7,0.23333333333333334,0.25,1.125,2.449489742783178,2,0.0,9.59,1.6094379124341003,0,0.6,6,0.0,0,0,24,0.28,0,0,casual_user
1388,0.0,3.0,3.0,4,4,0.13333333333333333,0.2,0.8,0.5773502691896258,1,0.4,11.9,0.0,2,0.4,2,0.0,0,0,65,0.18000000000000002,1,0,casual_user
1389,3.0,1.0,-0.5,4,4,0.13333333333333333,0.4,0.8,3.605551275463989,2,0.2,7.61,1.6094379124341003,1,0.4,2,0.0,0,0,33,0.28,1,0,casual_user
1390,8.0,1.0,-0.7777777777777778,9,6,0.2,0.42857142857142855,1.2857142857142858,0.8366600265340756,3,0.1,10.5,1.4759065198095778,1,0.6,6,0.16666666666666666,1,1,23,0.3283333333333333,1,0,casual_user
1391,5.0,0.0,-0.8333333333333334,6,4,0.13333333333333333,0.4,1.2,9.539392014169456,2,0.14285714285714285,9.42,1.6486586255873816,1,0.42857142857142855,3,0.0,0,3,39,0.26857142857142857,0,0,casual_user
1392,5.0,2.0,-0.5,11,10,0.3333333333333333,0.36363636363636365,1.0,2.4209731743889917,4,0.4166666666666667,20.99,1.916922612182061,5,0.75,9,0.3333333333333333,2,0,51,0.49583333333333335,0,1,consistent_user
1393,5.0,4.0,-0.16666666666666666,21,17,0.5666666666666667,0.16666666666666666,1.1666666666666667,0.8341662504161466,3,0.36363636363636365,21.61,1.791759469228055,8,0.6363636363636364,14,0.5,3,0,19,0.5745454545454545,0,1,consistent_user
1394,2.0,1.0,-0.3333333333333333,7,7,0.23333333333333334,0.125,0.875,1.505545305418162,1,0.25,9.87,1.5040773967762742,2,0.25,2,0.0,0,4,35,0.3075,0,0,casual_user
1395,0.0,0.0,0.0,0,0,0.0,0.0,0.0,10.0,0,0.0,0.0,0.0,0,0.0,0,0.0,0,0,42,0.0,1,0,at_risk_user
1396,1.0,1.0,0.0,5,5,0.16666666666666666,0.3333333333333333,0.8333333333333334,4.5,2,0.5,10.73,1.6094379124341003,3,0.5,3,0.0,0,1,59,0.375,0,0,casual_user
1397,3.0,3.0,0.0,8,7,0.23333333333333334,0.25,1.0,1.3291601358251257,2,0.5555555555555556,23.77,2.03688192726104,5,0.6666666666666666,6,0.0,0,1,40,0.4255555555555556,1,0,consistent_user
1398,5.0,0.0,-0.8333333333333334,12,10,0.3333333333333333,0.2727272727272727,1.0909090909090908,2.4209731743889917,3,0.46153846153846156,22.31,1.8870696490323797,6,0.6153846153846154,8,0.3333333333333333,2,0,45,0.4935897435897436,0,1,consistent_user
1399,2.0,2.0,0.0,8,8,0.26666666666666666,0.2222222222222222,0.8888888888888888,2.2146697055682827,2,0.1111111111111111,8.57,1.3862943611198906,1,0.6666666666666666,6,0.0,0,1,44,0.3244444444444444,0,0,casual_user
1400,2.0,1.0,-0.3333333333333333,3,3,0.1,0.25,0.75,1.4142135623730951,1,0.25,4.94,1.252762968495368,1,0.25,1,0.0,0,1,25,0.26749999999999996,1,0,at_risk_user
1401,1.0,1.0,0.0,5,5,0.16666666666666666,0.16666666666666666,0.8333333333333334,3.696845502136472,1,0.3333333333333333,9.46,1.0986122886681098,2,0.6666666666666666,4,0.0,0,4,18,0.35,0,0,casual_user
1402,3.0,3.0,0.0,18,17,0.5666666666666667,0.2777777777777778,1.0,0.8341662504161466,5,0.6842105263157895,35.51,2.268683541318364,13,0.9473684210526315,18,0.3333333333333333,2,3,46,0.6524561403508772,0,1,power_user
1403,4.0,1.0,-0.6,9,8,0.26666666666666666,0.2222222222222222,1.0,2.6726124191242437,2,0.4,12.16,1.5040773967762742,4,0.4,4,0.0,0,1,35,0.37,0,0,casual_user
1404,1.0,4.0,1.5,11,10,0.3333333333333333,0.2727272727272727,1.0,2.1278575558006176,3,0.4166666666666667,23.72,2.0794415416798357,5,0.75,9,0.3333333333333333,2,1,21,0.49583333333333335,0,1,consistent_user
1405,2.0,1.0,-0.3333333333333333,3,3,0.1,0.5,0.75,5.656854249492381,2,0.0,5.29,1.3862943611198906,0,0.0,0,0.0,0,1,38,0.18,1,0,at_risk_user
1406,5.0,5.0,0.0,19,15,0.5,0.25,1.1875,1.2688144505364485,4,0.7,36.09,2.2617630984737906,14,0.9,18,0.3333333333333333,2,3,40,0.6316666666666666,0,1,power_user
1407,1.0,1.0,0.0,4,4,0.13333333333333333,0.4,0.8,6.506407098647712,2,0.0,4.59,1.0986122886681098,0,0.8,4,0.0,0,2,35,0.27,0,0,at_risk_user
1408,2.0,0.0,-0.6666666666666666,3,3,0.1,0.25,0.75,6.363961030678928,1,0.25,9.53,1.252762968495368,1,0.0,0,0.0,0,4,51,0.2425,1,0,casual_user
1409,5.0,4.0,-0.16666666666666666,13,12,0.4,0.23076923076923078,1.0,1.9632996344280855,3,0.6428571428571429,21.8,1.916922612182061,9,0.7142857142857143,10,0.3333333333333333,2,3,25,0.5688095238095238,0,1,consistent_user
1410,4.0,0.0,-0.8,4,3,0.1,0.5,1.0,2.1213203435596424,2,0.2,23.45,1.9459101490553132,1,0.6,3,0.0,0,1,56,0.29000000000000004,1,0,consistent_user
1411,1.0,4.0,1.5,9,9,0.3,0.2,0.9,1.0350983390135313,2,0.0,10.55,1.3862943611198906,0,0.5,5,0.0,0,1,53,0.29000000000000004,0,0,casual_user
1412,3.0,0.0,-0.75,4,4,0.13333333333333333,0.4,0.8,6.6583281184793925,2,0.6,13.13,1.5404450409471488,3,0.8,4,0.0,0,3,45,0.42000000000000004,1,0,casual_user
1413,2.0,2.0,0.0,12,11,0.36666666666666664,0.4166666666666667,1.0,2.1317702607092643,5,0.5384615384615384,24.14,1.7047480922384253,7,0.6153846153846154,8,0.16666666666666666,1,1,28,0.48948717948717946,0,1,consistent_user
1414,1.0,4.0,1.5,11,10,0.3333333333333333,0.18181818181818182,1.0,1.8027756377319946,2,0.0,11.25,1.3862943611198906,0,0.5833333333333334,7,0.16666666666666666,1,2,27,0.3416666666666667,0,0,casual_user
1415,0.0,0.0,0.0,0,0,0.0,0.0,0.0,10.0,0,0.0,0.0,0.0,0,0.0,0,0.0,0,0,41,0.0,1,0,at_risk_user
1416,2.0,1.0,-0.3333333333333333,3,3,0.1,0.25,0.75,0.7071067811865476,1,0.75,8.47,1.7047480922384253,3,0.5,2,0.0,0,0,35,0.4175,1,0,casual_user
1417,1.0,2.0,0.5,9,8,0.26666666666666666,0.2222222222222222,1.0,1.889822365046136,2,0.4,10.7,1.0986122886681098,4,0.3,3,0.0,0,4,58,0.36,0,0,casual_user
1418,2.0,3.0,0.3333333333333333,5,5,0.16666666666666666,0.3333333333333333,0.8333333333333334,1.7320508075688772,2,0.3333333333333333,19.49,1.8718021769015913,2,0.6666666666666666,4,0.0,0,2,26,0.35,1,0,consistent_user
1419,4.0,4.0,0.0,8,6,0.2,0.42857142857142855,1.1428571428571428,1.0,3,0.3333333333333333,12.13,1.55814461804655,3,0.7777777777777778,7,0.16666666666666666,1,5,50,0.4044444444444444,1,0,casual_user
1420,2.0,2.0,0.0,11,9,0.3,0.2,1.1,1.4880476182856899,2,0.3333333333333333,23.16,1.6094379124341003,4,0.75,9,0.16666666666666666,1,4,29,0.43166666666666664,0,1,consistent_user
1421,4.0,3.0,-0.2,21,17,0.5666666666666667,0.3333333333333333,1.1666666666666667,1.3275918047351754,6,0.45454545454545453,22.97,2.0149030205422647,10,0.6818181818181818,15,0.6666666666666666,4,3,23,0.6351515151515151,0,1,consistent_user
1422,0.0,1.0,1.0,1,1,0.03333333333333333,0.5,0.5,10.0,1,0.0,26.52,0.0,0,0.5,1,0.0,0,1,29,0.060000000000000005,1,0,consistent_user
1423,2.0,0.0,-0.6666666666666666,2,1,0.03333333333333333,0.5,1.0,10.0,1,0.0,21.13,1.9459101490553132,0,0.6666666666666666,2,0.0,0,3,34,0.22666666666666666,1,0,consistent_user
1424,5.0,5.0,0.0,22,18,0.6,0.2631578947368421,1.1578947368421053,0.7717436331412898,5,0.8260869565217391,35.63,2.501435951739211,19,0.9565217391304348,22,0.3333333333333333,2,0,20,0.6988405797101449,0,1,power_user
1425,5.0,5.0,0.0,17,15,0.5,0.3125,1.0625,1.027105182026191,5,0.7222222222222222,33.71,2.3608540011180215,13,0.8333333333333334,15,0.5,3,4,22,0.663888888888889,0,1,power_user
1426,1.0,0.0,-0.5,2,2,0.06666666666666667,0.3333333333333333,0.6666666666666666,10.0,1,0.0,2.83,0.6931471805599453,0,0.0,0,0.0,0,3,52,0.1239720770839918,0,0,at_risk_user
1427,3.0,1.0,-0.5,5,4,0.13333333333333333,0.4,1.0,4.041451884327381,2,0.5,10.89,1.6739764335716716,3,0.5,3,0.0,0,4,31,0.365,1,0,casual_user
1428,3.0,1.0,-0.5,4,3,0.1,0.25,1.0,2.1213203435596424,1,0.2,9.91,1.4663370687934272,1,0.6,3,0.0,0,1,25,0.29000000000000004,1,0,casual_user
1429,2.0,2.0,0.0,9,8,0.26666666666666666,0.2222222222222222,1.0,2.751622897751175,2,0.3,9.51,1.3862943611198906,3,0.1,1,0.0,0,5,57,0.315,0,0,casual_user
1430,1.0,1.0,0.0,2,2,0.06666666666666667,0.3333333333333333,0.6666666666666666,10.0,1,0.3333333333333333,9.13,1.6094379124341003,1,0.3333333333333333,1,0.0,0,1,58,0.2866666666666666,1,0,casual_user
1431,3.0,1.0,-0.5,12,11,0.36666666666666664,0.25,1.0,1.888562063228706,3,0.23076923076923078,8.95,1.0986122886681098,3,0.5384615384615384,7,0.3333333333333333,2,5,53,0.43820512820512825,0,0,casual_user
1432,1.0,1.0,0.0,8,7,0.23333333333333334,0.25,1.0,2.250925735484551,2,0.0,9.24,1.6094379124341003,0,0.2222222222222222,2,0.0,0,0,37,0.24222222222222223,0,0,casual_user
1433,1.0,0.0,-0.5,7,6,0.2,0.2857142857142857,1.0,4.560701700396552,2,0.125,11.21,1.791759469228055,1,0.5,4,0.0,0,2,19,0.29125,0,0,casual_user
1434,1.0,1.0,0.0,8,8,0.26666666666666666,0.2222222222222222,0.8888888888888888,2.819996622760558,2,0.2222222222222222,22.3,2.1972245773362196,2,0.4444444444444444,4,0.0,0,4,64,0.32999999999999996,0,1,consistent_user
1435,3.0,3.0,0.0,11,9,0.3,0.2,1.1,2.559994419636775,2,0.16666666666666666,9.46,1.2992829841302609,2,0.75,9,0.16666666666666666,1,2,35,0.39,0,0,casual_user
1436,3.0,1.0,-0.5,4,4,0.13333333333333333,0.2,0.8,2.081665999466133,1,0.4,9.72,1.3862943611198906,2,0.2,1,0.0,0,3,52,0.31000000000000005,1,0,casual_user
1437,2.0,1.0,-0.3333333333333333,4,4,0.13333333333333333,0.4,0.8,3.0550504633038935,2,0.0,11.43,1.252762968495368,0,0.0,0,0.0,0,4,39,0.19,1,0,casual_user
1438,2.0,0.0,-0.6666666666666666,3,3,0.1,0.25,0.75,4.949747468305833,1,0.5,5.23,0.9162907318741551,2,0.0,0,0.0,0,3,29,0.29244360978112327,0,0,at_risk_user
1439,4.0,6.0,0.4,20,16,0.5333333333333333,0.29411764705882354,1.1764705882352942,0.9411239481143201,5,0.7142857142857143,33.48,2.463853240590168,15,0.9523809523809523,20,0.5,3,5,59,0.6838095238095239,0,1,power_user
1440,1.0,1.0,0.0,2,2,0.06666666666666667,0.3333333333333333,0.6666666666666666,10.0,1,0.0,12.61,1.791759469228055,0,0.3333333333333333,1,0.0,0,3,30,0.2033333333333333,1,0,casual_user
1441,7.0,8.0,0.125,26,19,0.6333333333333333,0.3,1.3,0.5940885257860046,6,0.7777777777777778,34.76,2.4849066497880004,21,0.9629629629629629,26,0.8333333333333334,5,0,32,0.7974074074074075,0,1,power_user
1442,2.0,1.0,-0.3333333333333333,8,7,0.23333333333333334,0.25,1.0,3.8815804341359033,2,0.5555555555555556,22.1,2.0149030205422647,5,0.6666666666666666,6,0.0,0,5,36,0.4255555555555556,0,1,consistent_user
1443,3.0,2.0,-0.25,9,9,0.3,0.2,0.9,2.138089935299395,2,0.2,10.73,1.4663370687934272,2,0.3,3,0.0,0,0,38,0.32,0,0,casual_user
1444,4.0,2.0,-0.4,9,9,0.3,0.2,0.9,2.1671244937540095,2,0.4,20.41,1.9459101490553132,4,0.7,7,0.0,0,1,47,0.41000000000000003,0,1,consistent_user
1445,1.0,1.0,0.0,2,2,0.06666666666666667,0.3333333333333333,0.6666666666666666,10.0,1,0.0,5.34,1.0986122886681098,0,0.0,0,0.0,0,1,63,0.16999999999999998,1,0,at_risk_user
1446,1.0,1.0,0.0,4,4,0.13333333333333333,0.2,0.8,3.605551275463989,1,0.2,5.31,1.3862943611198906,1,0.0,0,0.0,0,2,57,0.24,0,0,at_risk_user
1447,1.0,5.0,2.0,16,12,0.4,0.3076923076923077,1.2307692307692308,1.9679246105293955,4,0.4117647058823529,21.04,2.0794415416798357,7,0.5294117647058824,9,0.16666666666666666,1,1,44,0.4592156862745098,0,1,consistent_user
1448,2.0,4.0,0.6666666666666666,6,5,0.16666666666666666,0.5,1.0,1.8929694486000912,3,0.42857142857142855,23.36,1.9459101490553132,3,0.8571428571428571,6,0.16666666666666666,1,1,65,0.42619047619047623,1,0,consistent_user
1449,0.0,0.0,0.0,0,0,0.0,0.0,0.0,10.0,0,0.0,0.0,0.0,0,0.0,0,0.0,0,2,46,0.0,1,0,at_risk_user
1450,2.0,3.0,0.3333333333333333,12,10,0.3333333333333333,0.18181818181818182,1.0909090909090908,1.9436506316151003,2,0.6153846153846154,24.18,1.7047480922384253,8,0.7692307692307693,10,0.16666666666666666,1,0,42,0.514102564102564,0,1,consistent_user
1451,4.0,3.0,-0.2,13,13,0.43333333333333335,0.2857142857142857,0.9285714285714286,1.6966991126265962,4,0.42857142857142855,21.72,2.1102132003465894,6,0.6428571428571429,9,0.3333333333333333,2,1,51,0.518095238095238,0,1,consistent_user
1452,2.0,5.0,1.0,13,10,0.3333333333333333,0.2727272727272727,1.1818181818181819,1.3333333333333333,3,0.2857142857142857,10.51,1.3862943611198906,4,0.7142857142857143,10,0.16666666666666666,1,3,58,0.42619047619047623,0,0,casual_user
1453,1.0,2.0,0.5,4,4,0.13333333333333333,0.2,0.8,1.0,1,0.4,23.2,1.791759469228055,2,0.8,4,0.0,0,2,52,0.37,1,0,consistent_user
1454,1.0,5.0,2.0,8,6,0.2,0.2857142857142857,1.1428571428571428,4.827007354458868,2,0.4444444444444444,9.11,1.791759469228055,4,0.2222222222222222,2,0.0,0,5,53,0.3433333333333333,0,0,casual_user
1455,2.0,0.0,-0.6666666666666666,2,1,0.03333333333333333,0.5,1.0,10.0,1,0.0,5.52,0.6931471805599453,0,0.0,0,0.0,0,0,41,0.11397207708399179,1,0,at_risk_user
1456,0.0,0.0,0.0,0,0,0.0,0.0,0.0,10.0,0,0.0,0.0,0.0,0,0.0,0,0.0,0,4,23,0.0,1,0,at_risk_user
1457,0.0,0.0,0.0,0,0,0.0,0.0,0.0,10.0,0,0.0,0.0,0.0,0,0.0,0,0.0,0,1,64,0.0,1,0,at_risk_user
1458,3.0,2.0,-0.25,5,4,0.13333333333333333,0.2,1.0,1.5275252316519465,1,0.16666666666666666,8.18,1.4663370687934272,1,0.5,3,0.0,0,5,37,0.2816666666666666,1,0,casual_user
1459,0.0,2.0,2.0,7,7,0.23333333333333334,0.25,0.875,2.3166067138525404,2,0.125,9.62,0.0,1,0.25,2,0.0,0,0,30,0.12625,0,0,casual_user
1460,2.0,0.0,-0.6666666666666666,2,2,0.06666666666666667,0.3333333333333333,0.6666666666666666,10.0,1,0.0,4.5,0.6931471805599453,0,0.0,0,0.0,0,3,56,0.1239720770839918,1,0,at_risk_user
1461,3.0,0.0,-0.75,3,3,0.1,0.25,0.75,1.4142135623730951,1,0.25,3.86,0.6931471805599453,1,0.0,0,0.0,0,3,42,0.19647207708399178,1,0,at_risk_user
1462,0.0,0.0,0.0,0,0,0.0,0.0,0.0,10.0,0,0.0,0.0,0.0,0,0.0,0,0.0,0,1,61,0.0,1,0,casual_user
1463,1.0,2.0,0.5,8,8,0.26666666666666666,0.2222222222222222,0.8888888888888888,2.1157009420498154,2,0.2222222222222222,9.24,1.3862943611198906,2,0.5555555555555556,5,0.0,0,2,25,0.3411111111111111,0,0,casual_user
1464,3.0,1.0,-0.5,11,10,0.3333333333333333,0.2727272727272727,1.0,3.2015621187164243,3,0.5,22.1,1.992430164690206,6,0.6666666666666666,8,0.3333333333333333,2,4,44,0.5083333333333333,0,1,consistent_user
1465,2.0,0.0,-0.6666666666666666,2,2,0.06666666666666667,0.3333333333333333,0.6666666666666666,10.0,1,0.3333333333333333,9.23,1.7047480922384253,1,0.0,0,0.0,0,4,24,0.2533333333333333,1,0,casual_user
1466,5.0,2.0,-0.5,11,10,0.3333333333333333,0.18181818181818182,1.0,1.4529663145135578,2,0.5833333333333334,22.38,1.824549292051046,7,0.6666666666666666,8,0.16666666666666666,1,5,58,0.49583333333333335,0,1,consistent_user
1467,2.0,4.0,0.6666666666666666,15,15,0.5,0.25,0.9375,1.1094003924504583,4,0.3125,9.63,1.6094379124341003,5,0.5,8,0.5,3,1,33,0.528125,0,0,casual_user
1468,1.0,5.0,2.0,18,15,0.5,0.125,1.125,1.0271051820261912,2,0.2631578947368421,21.67,2.0794415416798357,5,0.7368421052631579,14,0.16666666666666666,1,5,23,0.4728070175438597,0,1,consistent_user
1469,2.0,1.0,-0.3333333333333333,9,9,0.3,0.2,0.9,1.685018016012207,2,0.4,11.4,1.252762968495368,4,0.6,6,0.0,0,4,24,0.4,0,0,casual_user
1470,1.0,1.0,0.0,3,3,0.1,0.25,0.75,5.656854249492381,1,0.0,6.94,0.6931471805599453,0,0.0,0,0.0,0,1,52,0.13397207708399178,0,0,at_risk_user
1471,3.0,4.0,0.25,8,7,0.23333333333333334,0.25,1.0,1.602081978759722,2,0.7777777777777778,22.82,1.791759469228055,7,0.6666666666666666,6,0.0,0,3,46,0.48111111111111104,1,0,consistent_user
1472,0.0,0.0,0.0,0,0,0.0,0.0,0.0,10.0,0,0.0,0.0,0.0,0,0.0,0,0.0,0,1,20,0.0,1,0,at_risk_user
1473,0.0,1.0,1.0,1,1,0.03333333333333333,0.5,0.5,10.0,1,0.5,11.3,0.0,1,0.0,0,0.0,0,3,36,0.135,1,0,casual_user
1474,0.0,0.0,0.0,4,4,0.13333333333333333,0.4,0.8,4.725815626252609,2,0.2,7.13,0.0,1,0.2,1,0.0,0,5,50,0.11,0,0,casual_user
1475,1.0,3.0,1.0,9,9,0.3,0.2,0.9,1.2817398889233114,2,0.3,18.75,1.791759469228055,3,0.5,5,0.0,0,4,38,0.365,0,1,consistent_user
1476,4.0,2.0,-0.4,10,10,0.3333333333333333,0.36363636363636365,0.9090909090909091,2.6666666666666665,4,0.45454545454545453,22.45,2.0149030205422647,5,0.7272727272727273,8,0.3333333333333333,2,1,46,0.503030303030303,0,1,consistent_user
1477,3.0,3.0,0.0,13,12,0.4,0.3076923076923077,1.0,2.419616799112094,4,0.6428571428571429,35.41,2.3353749158170367,9,0.8571428571428571,12,0.5,3,3,53,0.6164285714285714,0,1,power_user
1478,3.0,2.0,-0.25,6,6,0.2,0.42857142857142855,0.8571428571428571,5.830951894845301,3,0.14285714285714285,11.74,1.6094379124341003,1,0.42857142857142855,3,0.16666666666666666,1,0,53,0.3219047619047619,0,0,casual_user
1479,1.0,1.0,0.0,2,2,0.06666666666666667,0.3333333333333333,0.6666666666666666,10.0,1,0.0,3.25,0.6931471805599453,0,0.0,0,0.0,0,2,30,0.1239720770839918,1,0,at_risk_user
1480,7.0,5.0,-0.25,24,17,0.5666666666666667,0.2222222222222222,1.3333333333333333,0.806225774829855,4,0.8,36.45,2.46080909820894,20,0.92,23,0.5,3,4,41,0.712,0,1,power_user
1481,5.0,1.0,-0.6666666666666666,19,15,0.5,0.1875,1.1875,1.1766968108291043,3,0.45,21.77,1.8870696490323797,9,0.9,18,0.5,3,4,46,0.6025,0,1,consistent_user
1482,1.0,3.0,1.0,11,10,0.3333333333333333,0.18181818181818182,1.0,2.449489742783178,2,0.3333333333333333,22.3,1.9459101490553132,4,0.75,9,0.16666666666666666,1,5,22,0.44166666666666665,0,1,consistent_user
1483,0.0,2.0,2.0,3,3,0.1,0.25,0.75,0.7071067811865476,1,0.25,22.17,0.0,1,0.25,1,0.0,0,0,26,0.1175,1,0,consistent_user
1484,2.0,4.0,0.6666666666666666,11,9,0.3,0.2,1.1,3.020761493398643,2,0.3333333333333333,22.88,1.8718021769015913,4,0.75,9,0.16666666666666666,1,4,53,0.43166666666666664,0,1,consistent_user
1485,3.0,2.0,-0.25,10,9,0.3,0.2,1.0,2.559994419636775,2,0.45454545454545453,22.3,1.992430164690206,5,0.6363636363636364,7,0.16666666666666666,1,0,39,0.45060606060606057,0,1,consistent_user
1486,0.0,1.0,1.0,1,1,0.03333333333333333,0.5,0.5,10.0,1,0.0,5.74,0.0,0,0.0,0,0.0,0,3,23,0.01,1,0,at_risk_user
1487,3.0,4.0,0.25,15,13,0.43333333333333335,0.21428571428571427,1.0714285714285714,1.3026778945578592,3,0.25,23.43,2.1594842493533726,4,0.875,14,0.3333333333333333,2,1,53,0.4966666666666667,0,1,consistent_user
1488,2.0,5.0,1.0,14,13,0.43333333333333335,0.21428571428571427,1.0,2.0943647333651407,3,0.5333333333333333,20.48,1.7047480922384253,8,0.4666666666666667,7,0.6666666666666666,4,0,28,0.5933333333333333,0,1,consistent_user
1489,1.0,4.0,1.5,8,7,0.23333333333333334,0.25,1.0,1.6431676725154984,2,0.3333333333333333,9.08,1.3862943611198906,3,0.4444444444444444,4,0.0,0,5,62,0.34777777777777774,0,0,casual_user
1490,1.0,2.0,0.5,5,5,0.16666666666666666,0.3333333333333333,0.8333333333333334,4.358898943540674,2,0.16666666666666666,9.97,1.3862943611198906,1,0.6666666666666666,4,0.0,0,0,33,0.30833333333333335,1,0,casual_user
1491,5.0,2.0,-0.5,11,11,0.36666666666666664,0.25,0.9166666666666666,2.4244128727957572,3,0.5,20.22,1.9459101490553132,6,0.5,6,0.3333333333333333,2,4,31,0.5016666666666666,0,1,consistent_user
1492,2.0,3.0,0.3333333333333333,11,10,0.3333333333333333,0.18181818181818182,1.0,2.522124325070259,2,0.5,22.6,1.9459101490553132,6,0.4166666666666667,5,0.16666666666666666,1,2,50,0.44999999999999996,0,1,consistent_user
1493,5.0,2.0,-0.5,14,13,0.43333333333333335,0.2857142857142857,1.0,1.4222261679238197,4,0.6,23.18,1.916922612182061,9,0.7333333333333333,11,0.3333333333333333,2,0,35,0.5700000000000001,0,1,consistent_user
1494,0.0,2.0,2.0,7,6,0.2,0.14285714285714285,1.0,1.51657508881031,1,0.125,9.17,0.0,1,0.75,6,0.0,0,0,42,0.16625,0,0,casual_user
1495,3.0,4.0,0.25,14,13,0.43333333333333335,0.21428571428571427,1.0,1.044465935734187,3,0.8,32.85,2.367123614131617,12,0.9333333333333333,14,0.3333333333333333,2,0,36,0.64,0,1,power_user
1496,1.0,2.0,0.5,13,9,0.3,0.4,1.3,2.32992949004287,4,0.2857142857142857,23.83,1.9459101490553132,4,0.6428571428571429,9,0.16666666666666666,1,1,21,0.409047619047619,0,1,consistent_user
1497,6.0,4.0,-0.2857142857142857,17,16,0.5333333333333333,0.17647058823529413,1.0,1.1254628677422753,3,0.7777777777777778,35.67,2.367123614131617,14,0.8333333333333334,15,0.5,3,1,36,0.6877777777777778,0,1,power_user
1498,2.0,2.0,0.0,4,4,0.13333333333333333,0.4,0.8,2.886751345948129,2,0.2,10.58,1.6094379124341003,1,0.0,0,0.0,0,3,43,0.24,1,0,casual_user
1499,2.0,0.0,-0.6666666666666666,2,2,0.06666666666666667,0.3333333333333333,0.6666666666666666,10.0,1,0.0,11.64,1.0986122886681098,0,0.0,0,0.0,0,3,52,0.16999999999999998,1,0,casual_user
1500,4.0,0.0,-0.8,6,5,0.16666666666666666,0.3333333333333333,1.0,5.251983752196243,2,0.2857142857142857,22.55,1.7047480922384253,2,0.42857142857142855,3,0.0,0,4,51,0.3142857142857143,0,1,consistent_user
1501,3.0,2.0,-0.25,7,5,0.16666666666666666,0.16666666666666666,1.1666666666666667,1.9148542155126762,1,0.375,10.16,1.2992829841302609,3,0.0,0,0.0,0,2,31,0.29374999999999996,1,0,casual_user
1502,1.0,0.0,-0.5,1,1,0.03333333333333333,0.5,0.5,10.0,1,0.0,7.07,1.0986122886681098,0,0.0,0,0.0,0,5,23,0.16,1,0,at_risk_user
1503,7.0,4.0,-0.375,27,20,0.6666666666666666,0.38095238095238093,1.2857142857142858,0.696692268479466,8,0.75,34.46,2.302585092994046,21,0.9642857142857143,27,0.6666666666666666,4,0,53,0.7672619047619047,0,1,power_user
1504,4.0,2.0,-0.4,9,7,0.23333333333333334,0.25,1.125,1.4142135623730951,2,0.6,20.14,2.0794415416798357,6,0.6,6,0.0,0,0,24,0.42999999999999994,1,0,consistent_user
1505,5.0,7.0,0.3333333333333333,23,19,0.6333333333333333,0.25,1.15,0.8498365855987975,5,0.7083333333333334,33.95,2.3608540011180215,17,0.9583333333333334,23,0.5,3,1,47,0.7129166666666666,0,1,power_user
1506,1.0,3.0,1.0,12,11,0.36666666666666664,0.16666666666666666,1.0,2.1317702607092643,2,0.46153846153846156,22.34,2.1972245773362196,6,0.7692307692307693,10,0.16666666666666666,1,0,65,0.4856410256410256,0,1,consistent_user
1507,3.0,4.0,0.25,12,11,0.36666666666666664,0.4166666666666667,1.0,2.1705094128132942,5,0.46153846153846156,23.57,1.8971199848858813,6,0.5384615384615384,7,0.3333333333333333,2,2,20,0.49589743589743596,0,1,consistent_user
1508,1.0,1.0,0.0,2,2,0.06666666666666667,0.3333333333333333,0.6666666666666666,10.0,1,0.3333333333333333,8.96,1.3862943611198906,1,0.3333333333333333,1,0.0,0,4,36,0.2866666666666666,1,0,casual_user
1509,4.0,2.0,-0.4,15,14,0.4666666666666667,0.13333333333333333,1.0,1.0377490433255416,2,0.6875,33.2,2.2512917986064953,11,0.875,14,0.16666666666666666,1,0,55,0.5827083333333334,0,1,power_user
1510,1.0,0.0,-0.5,1,1,0.03333333333333333,0.5,0.5,10.0,1,0.5,14.26,1.0986122886681098,1,0.0,0,0.0,0,0,58,0.28500000000000003,1,0,casual_user
1511,2.0,0.0,-0.6666666666666666,2,2,0.06666666666666667,0.3333333333333333,0.6666666666666666,10.0,1,0.3333333333333333,3.86,0.9162907318741551,1,0.3333333333333333,1,0.0,0,5,26,0.27411027644778996,1,0,at_risk_user
1512,3.0,7.0,1.0,25,20,0.6666666666666666,0.2857142857142857,1.1904761904761905,0.6924826089821247,6,0.6153846153846154,34.19,2.3978952727983707,16,0.8846153846153846,23,0.6666666666666666,4,4,48,0.7256410256410256,0,1,power_user
1513,0.0,1.0,1.0,1,1,0.03333333333333333,0.5,0.5,10.0,1,0.0,3.95,0.0,0,0.0,0,0.0,0,5,65,0.01,1,0,at_risk_user
1514,1.0,0.0,-0.5,1,1,0.03333333333333333,0.5,0.5,10.0,1,0.0,2.2,1.0986122886681098,0,0.0,0,0.0,0,5,56,0.16,1,0,at_risk_user
1515,2.0,3.0,0.3333333333333333,14,13,0.43333333333333335,0.2857142857142857,1.0,1.337115846843043,4,0.5333333333333333,23.49,2.0149030205422647,8,0.7333333333333333,11,0.5,3,2,65,0.5866666666666667,0,1,consistent_user
1516,3.0,1.0,-0.5,4,4,0.13333333333333333,0.4,0.8,2.081665999466133,2,0.2,12.35,1.3862943611198906,1,0.4,2,0.0,0,5,25,0.28,1,0,casual_user
1517,3.0,2.0,-0.25,17,14,0.4666666666666667,0.2,1.1333333333333333,1.143543749793731,3,0.5555555555555556,36.09,2.302585092994046,10,0.7777777777777778,14,0.3333333333333333,2,5,26,0.5733333333333333,0,1,power_user
1518,1.0,1.0,0.0,3,3,0.1,0.25,0.75,4.949747468305833,1,0.5,23.52,2.0794415416798357,2,0.5,2,0.0,0,4,41,0.355,1,0,consistent_user
1519,2.0,1.0,-0.3333333333333333,3,3,0.1,0.5,0.75,2.1213203435596424,2,0.25,3.56,1.252762968495368,1,0.0,0,0.0,0,5,25,0.2425,1,0,at_risk_user
1520,2.0,1.0,-0.3333333333333333,12,10,0.3333333333333333,0.45454545454545453,1.0909090909090908,2.068278940998476,5,0.5384615384615384,21.56,1.9459101490553132,7,0.7692307692307693,10,0.3333333333333333,2,1,48,0.5282051282051282,0,1,consistent_user
1521,1.0,1.0,0.0,2,2,0.06666666666666667,0.3333333333333333,0.6666666666666666,10.0,1,0.3333333333333333,4.75,0.6931471805599453,1,0.0,0,0.0,0,3,50,0.20730541041732514,1,0,at_risk_user
1522,2.0,0.0,-0.6666666666666666,2,2,0.06666666666666667,0.6666666666666666,0.6666666666666666,10.0,2,0.0,4.1,1.0986122886681098,0,0.0,0,0.0,0,5,35,0.16999999999999998,1,0,at_risk_user
1523,0.0,2.0,2.0,2,2,0.06666666666666667,0.3333333333333333,0.6666666666666666,10.0,1,0.0,7.21,0.0,0,0.0,0,0.0,0,3,61,0.02,1,0,at_risk_user
1524,2.0,1.0,-0.3333333333333333,5,5,0.16666666666666666,0.16666666666666666,0.8333333333333334,2.0615528128088303,1,0.3333333333333333,5.17,1.252762968495368,2,0.3333333333333333,2,0.0,0,4,62,0.31666666666666665,0,0,at_risk_user
1525,2.0,3.0,0.3333333333333333,7,5,0.16666666666666666,0.16666666666666666,1.1666666666666667,1.2909944487358056,1,0.125,9.96,1.6094379124341003,1,0.625,5,0.0,0,1,50,0.29374999999999996,0,0,casual_user
1526,3.0,2.0,-0.25,9,8,0.26666666666666666,0.2222222222222222,1.0,3.1091263510296048,2,0.3,23.83,2.03688192726104,3,0.7,7,0.0,0,1,45,0.375,0,1,consistent_user
1527,4.0,6.0,0.4,19,15,0.5,0.25,1.1875,1.4064216928154862,4,0.8,33.87,2.302585092994046,16,0.95,19,0.6666666666666666,4,4,26,0.7283333333333333,0,1,power_user
1528,5.0,7.0,0.3333333333333333,19,15,0.5,0.25,1.1875,1.292412345317728,4,0.3,21.43,1.9459101490553132,6,0.65,13,0.3333333333333333,2,4,41,0.5066666666666666,0,1,consistent_user
1529,8.0,4.0,-0.4444444444444444,23,20,0.6666666666666666,0.3333333333333333,1.0952380952380953,0.964274111134126,7,0.6666666666666666,33.73,2.2900063107871858,16,0.9166666666666666,22,0.8333333333333334,5,2,35,0.775,0,1,power_user
1530,3.0,2.0,-0.25,5,5,0.16666666666666666,0.3333333333333333,0.8333333333333334,1.7320508075688772,2,0.6666666666666666,35.68,2.4849066497880004,4,0.8333333333333334,5,0.0,0,5,55,0.44999999999999996,1,0,power_user
1531,3.0,6.0,0.75,17,16,0.5333333333333333,0.23529411764705882,1.0,1.709915063331955,4,0.7777777777777778,35.86,2.456735772821304,14,0.9444444444444444,17,0.6666666666666666,4,3,57,0.7322222222222222,0,1,power_user
1532,2.0,2.0,0.0,4,4,0.13333333333333333,0.2,0.8,1.1547005383792515,1,0.0,9.75,1.0986122886681098,0,0.4,2,0.0,0,0,54,0.23,1,0,casual_user
1533,2.0,7.0,1.6666666666666667,10,8,0.26666666666666666,0.4444444444444444,1.1111111111111112,2.1491969707422394,4,0.2727272727272727,10.56,1.0986122886681098,3,0.7272727272727273,8,0.3333333333333333,2,2,55,0.4375757575757576,0,0,casual_user
1534,0.0,0.0,0.0,0,0,0.0,0.0,0.0,10.0,0,0.0,0.0,0.0,0,0.0,0,0.0,0,0,56,0.0,1,0,at_risk_user
1535,2.0,0.0,-0.6666666666666666,4,4,0.13333333333333333,0.4,0.8,4.725815626252608,2,0.6,10.0,1.3862943611198906,3,0.2,1,0.0,0,1,37,0.36,1,0,casual_user
1536,4.0,1.0,-0.6,9,8,0.26666666666666666,0.3333333333333333,1.0,3.309438162646486,3,0.2,10.15,1.791759469228055,2,0.7,7,0.16666666666666666,1,4,53,0.3833333333333333,0,0,casual_user
1537,4.0,4.0,0.0,18,16,0.5333333333333333,0.35294117647058826,1.0588235294117647,1.3557637102737476,6,0.8421052631578947,37.67,2.302585092994046,16,0.8947368421052632,17,0.5,3,2,62,0.7100000000000001,0,1,power_user
1538,1.0,1.0,0.0,2,2,0.06666666666666667,0.3333333333333333,0.6666666666666666,10.0,1,0.0,10.34,1.0986122886681098,0,0.3333333333333333,1,0.0,0,0,26,0.2033333333333333,1,0,casual_user
1539,3.0,3.0,0.0,7,7,0.23333333333333334,0.125,0.875,1.9407902170679516,1,0.375,9.39,1.4663370687934272,3,0.125,1,0.0,0,0,30,0.32625000000000004,1,0,casual_user
1540,2.0,2.0,0.0,8,8,0.26666666666666666,0.3333333333333333,0.8888888888888888,2.3603873774083297,3,0.2222222222222222,10.71,1.6094379124341003,2,0.2222222222222222,2,0.16666666666666666,1,1,60,0.3411111111111111,0,0,casual_user
1541,1.0,2.0,0.5,4,4,0.13333333333333333,0.4,0.8,5.131601439446884,2,0.6,9.54,1.3862943611198906,3,0.0,0,0.0,0,2,35,0.33999999999999997,1,0,casual_user
1542,1.0,0.0,-0.5,1,1,0.03333333333333333,0.5,0.5,10.0,1,0.0,7.42,1.791759469228055,0,0.5,1,0.0,0,0,32,0.21,1,0,casual_user
1543,0.0,0.0,0.0,0,0,0.0,0.0,0.0,10.0,0,0.0,0.0,0.0,0,0.0,0,0.0,0,4,34,0.0,1,0,at_risk_user
1544,3.0,2.0,-0.25,5,3,0.1,0.25,1.25,0.7071067811865476,1,0.0,11.95,1.4663370687934272,0,0.6666666666666666,4,0.0,0,4,40,0.24666666666666665,1,0,casual_user
1545,2.0,0.0,-0.6666666666666666,6,5,0.16666666666666666,0.16666666666666666,1.0,4.654746681256314,1,0.5714285714285714,12.13,1.6094379124341003,4,0.2857142857142857,2,0.0,0,1,56,0.37142857142857144,0,0,casual_user
1546,1.0,2.0,0.5,7,7,0.23333333333333334,0.25,0.875,2.4221202832779936,2,0.25,10.3,1.6094379124341003,2,0.875,7,0.0,0,2,24,0.37,0,0,casual_user
1547,0.0,0.0,0.0,0,0,0.0,0.0,0.0,10.0,0,0.0,0.0,0.0,0,0.0,0,0.0,0,4,57,0.0,1,0,at_risk_user
1548,5.0,6.0,0.16666666666666666,24,18,0.6,0.2631578947368421,1.263157894736842,0.985184366143778,5,0.8,33.72,2.3978952727983707,20,0.92,23,0.5,3,5,50,0.722,0,1,power_user
1549,0.0,1.0,1.0,1,1,0.03333333333333333,0.5,0.5,10.0,1,0.0,6.02,0.0,0,0.0,0,0.0,0,0,49,0.01,1,0,at_risk_user
1550,4.0,2.0,-0.4,18,17,0.5666666666666667,0.2777777777777778,1.0,1.02469507659596,5,0.7368421052631579,33.23,2.2512917986064953,14,0.8421052631578947,16,0.6666666666666666,4,5,45,0.7217543859649123,0,1,power_user
1551,2.0,0.0,-0.6666666666666666,2,2,0.06666666666666667,0.3333333333333333,0.6666666666666666,10.0,1,0.3333333333333333,5.48,1.3862943611198906,1,0.3333333333333333,1,0.0,0,0,48,0.2866666666666666,1,0,at_risk_user
1552,1.0,1.0,0.0,2,2,0.06666666666666667,0.3333333333333333,0.6666666666666666,10.0,1,0.3333333333333333,4.47,1.0986122886681098,1,0.0,0,0.0,0,0,50,0.2533333333333333,1,0,at_risk_user
1553,4.0,2.0,-0.4,13,11,0.36666666666666664,0.16666666666666666,1.0833333333333333,1.3498971154211057,2,0.5,20.92,2.0149030205422647,7,0.7142857142857143,10,0.16666666666666666,1,0,41,0.48976190476190473,0,1,consistent_user
1554,1.0,2.0,0.5,4,4,0.13333333333333333,0.4,0.8,2.5166114784235836,2,0.4,7.84,1.0986122886681098,2,0.6,3,0.0,0,4,18,0.35,1,0,casual_user
1555,5.0,4.0,-0.16666666666666666,15,12,0.4,0.23076923076923078,1.1538461538461537,2.0670576365276494,3,0.3125,22.83,1.9459101490553132,5,0.75,12,0.16666666666666666,1,3,36,0.4564583333333333,0,1,consistent_user
1556,6.0,3.0,-0.42857142857142855,14,11,0.36666666666666664,0.25,1.1666666666666667,1.1972189997378648,3,0.6,21.48,1.9459101490553132,9,0.9333333333333333,14,0.3333333333333333,2,3,37,0.57,0,1,consistent_user
1557,0.0,2.0,2.0,7,7,0.23333333333333334,0.25,0.875,2.16794833886788,2,0.25,9.14,0.0,2,0.5,4,0.0,0,3,26,0.1825,0,0,casual_user
1558,4.0,2.0,-0.4,16,12,0.4,0.23076923076923078,1.2307692307692308,1.629277586706898,3,0.5882352941176471,35.13,2.302585092994046,10,0.9411764705882353,16,0.3333333333333333,2,0,35,0.577843137254902,0,1,power_user
1559,2.0,3.0,0.3333333333333333,6,6,0.2,0.2857142857142857,0.8571428571428571,2.302172886644268,2,0.5714285714285714,24.21,1.7047480922384253,4,0.8571428571428571,6,0.0,0,0,21,0.4385714285714286,1,0,consistent_user
1560,0.0,0.0,0.0,0,0,0.0,0.0,0.0,10.0,0,0.0,0.0,0.0,0,0.0,0,0.0,0,3,21,0.0,1,0,at_risk_user
1561,2.0,3.0,0.3333333333333333,14,11,0.36666666666666664,0.3333333333333333,1.1666666666666667,1.8287822299126937,4,0.7333333333333333,33.78,2.3513752571634776,11,0.8666666666666667,13,0.16666666666666666,1,1,53,0.5633333333333334,0,1,power_user
1562,1.0,2.0,0.5,7,7,0.23333333333333334,0.25,0.875,2.5298221281347035,2,0.25,9.49,1.0986122886681098,2,0.25,2,0.0,0,1,22,0.3075,0,0,casual_user
1563,2.0,3.0,0.3333333333333333,9,9,0.3,0.2,0.9,2.2519832529192065,2,0.6,22.96,2.1400661634962708,6,0.7,7,0.0,0,2,23,0.45999999999999996,0,1,consistent_user
1564,1.0,2.0,0.5,6,6,0.2,0.14285714285714285,0.8571428571428571,1.816590212458495,1,0.2857142857142857,12.68,1.791759469228055,2,0.8571428571428571,6,0.0,0,2,51,0.3671428571428571,0,0,casual_user
1565,3.0,1.0,-0.5,10,8,0.26666666666666666,0.3333333333333333,1.1111111111111112,2.1157009420498154,3,0.18181818181818182,10.98,1.6739764335716716,2,0.45454545454545453,5,0.3333333333333333,2,1,38,0.3875757575757576,0,0,casual_user
1566,3.0,5.0,0.5,8,6,0.2,0.5714285714285714,1.1428571428571428,1.3416407864998738,4,0.1111111111111111,19.72,1.8458266904983307,1,0.6666666666666666,6,0.16666666666666666,1,4,29,0.33777777777777773,1,0,consistent_user
1567,4.0,0.0,-0.8,15,12,0.4,0.5384615384615384,1.1538461538461537,3.3248376583745336,7,0.1875,20.88,1.8718021769015913,3,0.9375,15,0.5,3,1,41,0.510625,0,1,consistent_user
1568,0.0,2.0,2.0,8,7,0.23333333333333334,0.25,1.0,0.816496580927726,2,0.0,10.82,0.0,0,0.6666666666666666,6,0.0,0,4,29,0.13666666666666666,0,0,casual_user
1569,4.0,2.0,-0.4,6,5,0.16666666666666666,0.16666666666666666,1.0,0.5,1,0.42857142857142855,22.28,1.6582280766035324,3,0.5714285714285714,4,0.0,0,5,37,0.36428571428571427,0,1,consistent_user
1570,4.0,4.0,0.0,18,16,0.5333333333333333,0.17647058823529413,1.0588235294117647,0.990430401872025,3,0.8947368421052632,33.9,2.327277705584417,17,0.8947368421052632,17,0.3333333333333333,2,0,50,0.6898245614035088,0,1,power_user
1571,3.0,5.0,0.5,18,16,0.5333333333333333,0.17647058823529413,1.0588235294117647,0.9411239481143203,3,0.5263157894736842,37.57,2.120263536200091,10,0.9473684210526315,18,0.3333333333333333,2,5,48,0.6029824561403508,0,1,power_user
1572,2.0,2.0,0.0,7,7,0.23333333333333334,0.25,0.875,1.7224014243685084,2,0.125,9.57,1.5040773967762742,1,0.625,5,0.0,0,1,35,0.31375,0,0,casual_user
1573,2.0,4.0,0.6666666666666666,11,11,0.36666666666666664,0.25,0.9166666666666666,1.6499158227686108,3,0.5,22.78,2.1400661634962708,6,0.75,9,0.3333333333333333,2,0,48,0.5266666666666666,0,1,consistent_user
1574,1.0,1.0,0.0,2,2,0.06666666666666667,0.3333333333333333,0.6666666666666666,10.0,1,0.0,6.86,1.0986122886681098,0,0.3333333333333333,1,0.0,0,3,56,0.2033333333333333,1,0,at_risk_user
1575,0.0,2.0,2.0,5,4,0.13333333333333333,0.4,1.0,3.0550504633038935,2,0.5,23.97,0.0,3,0.16666666666666666,1,0.0,0,0,25,0.18166666666666667,0,1,consistent_user
1576,2.0,2.0,0.0,5,5,0.16666666666666666,0.16666666666666666,0.8333333333333334,2.8722813232690143,1,0.5,9.29,1.3862943611198906,3,0.6666666666666666,4,0.0,0,2,60,0.3916666666666666,0,0,casual_user
1577,4.0,3.0,-0.2,12,11,0.36666666666666664,0.25,1.0,1.577621275493231,3,0.23076923076923078,23.33,1.8325814637483102,3,0.23076923076923078,3,0.3333333333333333,2,0,26,0.4074358974358975,0,1,consistent_user
1578,1.0,1.0,0.0,6,6,0.2,0.2857142857142857,0.8571428571428571,4.494441010848846,2,0.0,10.79,1.3862943611198906,0,0.42857142857142855,3,0.0,0,3,46,0.25285714285714284,0,0,casual_user
1579,7.0,6.0,-0.125,21,19,0.6333333333333333,0.4,1.05,0.783823376129674,8,0.6818181818181818,34.0,2.330755969960742,15,0.8636363636363636,19,0.5,3,5,61,0.6968181818181819,0,1,power_user
1580,0.0,2.0,2.0,2,2,0.06666666666666667,0.3333333333333333,0.6666666666666666,10.0,1,0.3333333333333333,22.64,0.0,1,0.6666666666666666,2,0.0,0,2,20,0.16999999999999998,1,0,consistent_user
1581,2.0,0.0,-0.6666666666666666,2,2,0.06666666666666667,0.6666666666666666,0.6666666666666666,10.0,2,0.0,3.17,0.9162907318741551,0,0.0,0,0.0,0,2,38,0.15744360978112326,1,0,at_risk_user
1582,3.0,6.0,0.75,23,17,0.5666666666666667,0.3333333333333333,1.2777777777777777,0.9574271077563381,6,0.7083333333333334,35.04,2.367123614131617,17,0.9583333333333334,23,0.3333333333333333,2,4,63,0.6595833333333333,0,1,power_user
1583,4.0,2.0,-0.4,10,9,0.3,0.2,1.0,2.9730936268953445,2,0.9090909090909091,20.0,1.749199854809259,10,0.2727272727272727,3,0.16666666666666666,1,4,32,0.5278787878787878,0,1,consistent_user
1584,2.0,0.0,-0.6666666666666666,2,2,0.06666666666666667,0.6666666666666666,0.6666666666666666,10.0,2,0.6666666666666666,4.75,1.3862943611198906,2,0.3333333333333333,1,0.0,0,2,29,0.37,1,0,at_risk_user
1585,5.0,2.0,-0.5,14,12,0.4,0.15384615384615385,1.0769230769230769,1.2060453783110545,2,0.4666666666666667,22.59,1.9740810260220096,7,0.7333333333333333,11,0.16666666666666666,1,3,47,0.4933333333333334,0,1,consistent_user
1586,2.0,0.0,-0.6666666666666666,4,4,0.13333333333333333,0.4,0.8,11.846237095944574,2,0.2,5.37,0.9162907318741551,1,0.4,2,0.0,0,5,21,0.26744360978112325,0,0,at_risk_user
1587,1.0,1.0,0.0,2,2,0.06666666666666667,0.3333333333333333,0.6666666666666666,10.0,1,0.0,4.71,1.0986122886681098,0,0.0,0,0.0,0,5,38,0.16999999999999998,1,0,at_risk_user
1588,6.0,1.0,-0.7142857142857143,9,6,0.2,0.2857142857142857,1.2857142857142858,1.8708286933869707,2,0.3,24.53,2.0794415416798357,3,0.6,6,0.0,0,5,56,0.345,1,0,consistent_user
1589,2.0,0.0,-0.6666666666666666,2,2,0.06666666666666667,0.3333333333333333,0.6666666666666666,10.0,1,0.0,3.3,1.252762968495368,0,0.3333333333333333,1,0.0,0,1,64,0.2033333333333333,1,0,at_risk_user
1590,0.0,3.0,3.0,8,8,0.26666666666666666,0.2222222222222222,0.8888888888888888,1.632993161855452,2,0.2222222222222222,10.97,0.0,2,0.4444444444444444,4,0.0,0,2,56,0.18,0,0,casual_user
1591,6.0,3.0,-0.42857142857142855,16,14,0.4666666666666667,0.13333333333333333,1.0666666666666667,1.214231845389905,2,0.23529411764705882,21.91,1.7047480922384253,4,0.7058823529411765,12,0.16666666666666666,1,3,32,0.4527450980392157,0,1,consistent_user
1592,4.0,1.0,-0.6,9,8,0.26666666666666666,0.3333333333333333,1.0,4.680252333449757,3,0.2,25.17,1.7047480922384253,2,0.8,8,0.16666666666666666,1,1,47,0.3933333333333333,0,1,consistent_user
1593,3.0,4.0,0.25,10,9,0.3,0.3,1.0,1.8468119248354136,3,0.0,10.29,1.3862943611198906,0,0.45454545454545453,5,0.5,3,1,57,0.3854545454545455,0,0,casual_user
1594,1.0,1.0,0.0,2,2,0.06666666666666667,0.3333333333333333,0.6666666666666666,10.0,1,0.3333333333333333,8.68,1.3862943611198906,1,0.0,0,0.0,0,4,51,0.2533333333333333,1,0,casual_user
1595,3.0,1.0,-0.5,7,6,0.2,0.2857142857142857,1.0,2.3874672772626644,2,0.125,9.05,1.3862943611198906,1,0.625,5,0.0,0,0,51,0.30374999999999996,1,0,casual_user
1596,4.0,3.0,-0.2,9,8,0.26666666666666666,0.3333333333333333,1.0,1.9023794624226837,3,0.5,23.61,1.9459101490553132,5,0.5,5,0.16666666666666666,1,5,49,0.43833333333333335,1,0,consistent_user
1597,2.0,2.0,0.0,4,4,0.13333333333333333,0.4,0.8,2.081665999466133,2,0.0,10.83,1.0986122886681098,0,0.4,2,0.0,0,0,28,0.23,1,0,casual_user
1598,1.0,2.0,0.5,3,3,0.1,0.25,0.75,0.7071067811865476,1,0.0,13.63,1.6094379124341003,0,0.75,3,0.0,0,5,61,0.255,1,0,casual_user
1599,1.0,1.0,0.0,4,4,0.13333333333333333,0.2,0.8,3.5118845842842465,1,0.4,11.44,1.791759469228055,2,0.8,4,0.0,0,0,52,0.37,0,0,casual_user
1600,2.0,2.0,0.0,7,6,0.2,0.2857142857142857,1.0,1.7888543819998317,2,0.625,23.35,1.6094379124341003,5,0.5,4,0.0,0,3,40,0.41625,0,1,consistent_user
1601,0.0,1.0,1.0,1,1,0.03333333333333333,0.5,0.5,10.0,1,0.0,4.43,0.0,0,0.0,0,0.0,0,1,52,0.01,1,0,at_risk_user
1602,1.0,0.0,-0.5,1,1,0.03333333333333333,0.5,0.5,10.0,1,0.0,6.88,0.6931471805599453,0,0.0,0,0.0,0,3,29,0.11397207708399179,1,0,at_risk_user
1603,4.0,0.0,-0.8,5,4,0.13333333333333333,0.4,1.0,3.605551275463989,2,0.0,7.59,1.5040773967762742,0,0.8333333333333334,5,0.0,0,4,31,0.2733333333333333,1,0,casual_user
1604,1.0,3.0,1.0,4,4,0.13333333333333333,0.6,0.8,3.4641016151377544,3,0.4,9.55,1.6094379124341003,2,0.4,2,0.16666666666666666,1,1,33,0.36333333333333334,1,0,casual_user
1605,2.0,1.0,-0.3333333333333333,12,11,0.36666666666666664,0.25,1.0,1.4337208778404378,3,0.3076923076923077,9.38,1.6094379124341003,4,0.46153846153846156,6,0.3333333333333333,2,5,55,0.44974358974358974,0,0,casual_user
1606,3.0,1.0,-0.5,8,8,0.26666666666666666,0.2222222222222222,0.8888888888888888,2.340126166724879,2,0.4444444444444444,9.22,1.5404450409471488,4,0.2222222222222222,2,0.0,0,2,39,0.36333333333333334,0,0,casual_user
1607,1.0,1.0,0.0,11,8,0.26666666666666666,0.3333333333333333,1.2222222222222223,2.853569193634026,3,0.6666666666666666,22.4,1.791759469228055,8,0.9166666666666666,11,0.3333333333333333,2,4,63,0.5549999999999999,0,1,consistent_user
1608,3.0,2.0,-0.25,11,11,0.36666666666666664,0.25,0.9166666666666666,1.6865480854231356,3,0.5,24.48,2.1594842493533726,6,0.9166666666666666,11,0.3333333333333333,2,0,37,0.5433333333333333,0,1,consistent_user
1609,6.0,5.0,-0.14285714285714285,16,14,0.4666666666666667,0.3333333333333333,1.0666666666666667,0.9607689228305227,5,0.35294117647058826,21.21,2.100060828882572,6,0.6470588235294118,11,0.3333333333333333,2,5,37,0.5096078431372548,0,1,consistent_user
1610,1.0,1.0,0.0,2,2,0.06666666666666667,0.3333333333333333,0.6666666666666666,10.0,1,0.3333333333333333,27.17,1.791759469228055,1,0.6666666666666666,2,0.0,0,2,62,0.31999999999999995,1,0,consistent_user
1611,2.0,0.0,-0.6666666666666666,2,2,0.06666666666666667,0.3333333333333333,0.6666666666666666,10.0,1,0.3333333333333333,10.25,1.3862943611198906,1,0.0,0,0.0,0,2,21,0.2533333333333333,1,0,casual_user
1612,1.0,1.0,0.0,11,9,0.3,0.2,1.1,3.420004177106889,2,0.6666666666666666,36.79,2.302585092994046,8,0.8333333333333334,10,0.16666666666666666,1,5,27,0.5233333333333333,0,1,power_user
1613,0.0,4.0,4.0,11,10,0.3333333333333333,0.18181818181818182,1.0,1.5898986690282428,2,0.5833333333333334,22.73,0.0,7,0.75,9,0.16666666666666666,1,2,57,0.3541666666666667,0,1,consistent_user
1614,0.0,1.0,1.0,1,1,0.03333333333333333,0.5,0.5,10.0,1,0.0,2.01,0.0,0,0.0,0,0.0,0,5,29,0.01,1,0,at_risk_user
1615,0.0,1.0,1.0,1,1,0.03333333333333333,0.5,0.5,10.0,1,0.0,6.28,0.0,0,0.0,0,0.0,0,0,53,0.01,1,0,at_risk_user
1616,3.0,1.0,-0.5,4,4,0.13333333333333333,0.6,0.8,2.3094010767585034,3,0.6,12.88,1.5404450409471488,3,0.2,1,0.16666666666666666,1,3,54,0.3933333333333333,1,0,casual_user
1617,6.0,4.0,-0.2857142857142857,19,14,0.4666666666666667,0.2,1.2666666666666666,1.2351684199496948,3,0.9,34.41,2.1972245773362196,18,0.9,18,0.3333333333333333,2,2,58,0.6716666666666666,0,1,power_user
1618,2.0,1.0,-0.3333333333333333,10,9,0.3,0.2,1.0,2.32992949004287,2,0.8181818181818182,36.82,2.3513752571634776,9,0.9090909090909091,10,0.16666666666666666,1,3,60,0.5687878787878788,0,1,power_user
1619,3.0,1.0,-0.5,11,11,0.36666666666666664,0.3333333333333333,0.9166666666666666,2.5298221281347035,4,0.5833333333333334,20.77,1.8458266904983307,7,0.5833333333333334,7,0.3333333333333333,2,5,36,0.5308333333333334,0,1,consistent_user
1620,7.0,2.0,-0.625,19,14,0.4666666666666667,0.3333333333333333,1.2666666666666666,1.69085018821135,5,0.5,22.08,1.8607523407150064,10,0.65,13,0.6666666666666666,4,2,30,0.6133333333333333,0,1,consistent_user
1621,0.0,6.0,6.0,12,10,0.3333333333333333,0.2727272727272727,1.0909090909090908,1.740051084818425,3,0.38461538461538464,9.54,0.0,5,0.38461538461538464,5,0.3333333333333333,2,1,36,0.3012820512820513,0,0,casual_user
1622,1.0,3.0,1.0,10,8,0.26666666666666666,0.2222222222222222,1.1111111111111112,2.7602622373694166,2,0.45454545454545453,9.99,1.6094379124341003,5,0.45454545454545453,5,0.16666666666666666,1,2,44,0.42242424242424237,0,0,casual_user
1623,4.0,0.0,-0.8,4,3,0.1,0.5,1.0,1.4142135623730951,2,0.2,5.97,1.0986122886681098,1,0.6,3,0.0,0,1,29,0.29000000000000004,1,0,at_risk_user
1624,4.0,4.0,0.0,20,15,0.5,0.1875,1.25,0.9607689228305228,3,0.9523809523809523,34.17,2.4423470353692043,20,0.9523809523809523,20,0.16666666666666666,1,0,65,0.6666666666666666,0,1,power_user
1625,4.0,4.0,0.0,18,15,0.5,0.375,1.125,1.7304639535412156,6,0.5789473684210527,21.95,2.0476928433652555,11,0.5789473684210527,11,0.5,3,3,63,0.6026315789473684,0,1,consistent_user
1626,5.0,6.0,0.16666666666666666,17,15,0.5,0.1875,1.0625,1.3847680013570567,3,0.8333333333333334,34.06,2.468099531471619,15,0.9444444444444444,17,0.3333333333333333,2,5,27,0.6694444444444444,0,1,power_user
1627,1.0,1.0,0.0,2,2,0.06666666666666667,0.3333333333333333,0.6666666666666666,10.0,1,0.3333333333333333,6.3,1.0986122886681098,1,0.6666666666666666,2,0.0,0,5,52,0.31999999999999995,0,0,at_risk_user
1628,3.0,1.0,-0.5,5,4,0.13333333333333333,0.2,1.0,1.5275252316519465,1,0.3333333333333333,11.66,1.2039728043259361,2,0.3333333333333333,2,0.0,0,0,62,0.30666666666666664,1,0,casual_user
1629,3.0,3.0,0.0,11,9,0.3,0.3,1.1,2.2038926600773587,3,0.4166666666666667,11.63,1.2992829841302609,5,0.4166666666666667,5,0.3333333333333333,2,2,55,0.4525,0,0,casual_user
1630,3.0,2.0,-0.25,13,12,0.4,0.3076923076923077,1.0,1.694912172570388,4,0.6428571428571429,22.08,2.0794415416798357,9,0.9285714285714286,13,0.16666666666666666,1,3,48,0.5569047619047619,0,1,consistent_user
1631,3.0,4.0,0.25,12,11,0.36666666666666664,0.25,1.0,1.5491933384829668,3,0.38461538461538464,23.34,1.8971199848858813,5,0.7692307692307693,10,0.3333333333333333,2,2,49,0.4997435897435897,0,1,consistent_user
1632,4.0,0.0,-0.8,10,8,0.26666666666666666,0.2222222222222222,1.1111111111111112,3.670993118515816,2,0.2727272727272727,9.41,1.55814461804655,3,0.18181818181818182,2,0.16666666666666666,1,5,45,0.34969696969696973,0,0,casual_user
1633,4.0,6.0,0.4,15,11,0.36666666666666664,0.16666666666666666,1.25,1.1005049346146119,2,0.625,21.69,2.0476928433652555,10,0.6875,11,0.16666666666666666,1,4,43,0.5183333333333333,0,1,consistent_user
1634,7.0,6.0,-0.125,29,21,0.7,0.2727272727272727,1.3181818181818181,0.4701623459816272,6,0.8,36.16,2.243744592971112,24,0.8666666666666667,26,0.5,3,5,32,0.7466666666666667,0,1,power_user
1635,5.0,6.0,0.16666666666666666,24,22,0.7333333333333333,0.2608695652173913,1.0434782608695652,0.4364357804719847,6,0.8,33.14,2.517696472610991,20,0.92,23,0.8333333333333334,5,0,42,0.8286666666666667,0,1,power_user
1636,0.0,1.0,1.0,9,8,0.26666666666666666,0.2222222222222222,1.0,1.9760470401187074,2,0.5,9.85,0.0,5,0.6,6,0.0,0,5,64,0.265,0,0,casual_user
1637,2.0,2.0,0.0,10,10,0.3333333333333333,0.09090909090909091,0.9090909090909091,0.927960727138337,1,0.45454545454545453,23.49,1.7047480922384253,5,0.9090909090909091,10,0.16666666666666666,1,0,58,0.4878787878787879,0,1,consistent_user
1638,6.0,1.0,-0.7142857142857143,12,9,0.3,0.2,1.2,2.065879266282796,2,0.23076923076923078,23.24,1.9218125974762528,3,0.6923076923076923,9,0.16666666666666666,1,4,39,0.40025641025641023,0,1,consistent_user
1639,4.0,2.0,-0.4,19,16,0.5333333333333333,0.23529411764705882,1.1176470588235294,1.5522640914238173,4,0.4,21.67,2.0149030205422647,8,0.75,15,0.6666666666666666,4,2,31,0.6183333333333333,0,1,consistent_user
1640,1.0,1.0,0.0,11,11,0.36666666666666664,0.3333333333333333,0.9166666666666666,3.675746333890726,4,0.6666666666666666,20.94,1.9459101490553132,8,0.6666666666666666,8,0.3333333333333333,2,4,22,0.5599999999999999,0,1,consistent_user
1641,0.0,0.0,0.0,0,0,0.0,0.0,0.0,10.0,0,0.0,0.0,0.0,0,0.0,0,0.0,0,4,43,0.0,1,0,at_risk_user
1642,2.0,2.0,0.0,12,11,0.36666666666666664,0.25,1.0,1.837873166945363,3,0.6923076923076923,36.52,2.3978952727983707,9,0.9230769230769231,12,0.3333333333333333,2,4,40,0.592051282051282,0,1,power_user
1643,1.0,1.0,0.0,8,8,0.26666666666666666,0.1111111111111111,0.8888888888888888,2.138089935299395,1,0.4444444444444444,12.09,1.791759469228055,4,0.5555555555555556,5,0.0,0,0,30,0.39666666666666667,0,0,casual_user
1644,4.0,4.0,0.0,15,14,0.4666666666666667,0.4,1.0,1.1657505560686465,6,0.25,23.59,2.0476928433652555,4,0.8125,13,0.5,3,0,54,0.53375,0,1,consistent_user
1645,4.0,1.0,-0.6,17,14,0.4666666666666667,0.26666666666666666,1.1333333333333333,1.7246329970051526,4,0.5,23.8,1.9095425048844386,9,0.8333333333333334,15,0.5,3,4,61,0.5983333333333334,0,1,consistent_user
1646,0.0,0.0,0.0,0,0,0.0,0.0,0.0,10.0,0,0.0,0.0,0.0,0,0.0,0,0.0,0,2,55,0.0,1,0,at_risk_user
1647,2.0,1.0,-0.3333333333333333,5,5,0.16666666666666666,0.3333333333333333,0.8333333333333334,2.581988897471611,2,0.3333333333333333,4.4,0.9162907318741551,2,0.5,3,0.0,0,1,18,0.3207769431144566,0,0,at_risk_user
1648,3.0,2.0,-0.25,18,12,0.4,0.23076923076923078,1.3846153846153846,1.2933395813657267,3,0.6842105263157895,33.63,2.512305623976115,13,0.9473684210526315,18,0.3333333333333333,2,3,29,0.6024561403508771,0,1,power_user
1649,5.0,6.0,0.16666666666666666,18,12,0.4,0.15384615384615385,1.3846153846153846,1.026910636104941,2,0.9473684210526315,34.23,2.4336133554004498,18,0.9473684210526315,18,0.0,0,0,61,0.601578947368421,0,1,power_user
1650,1.0,1.0,0.0,2,2,0.06666666666666667,0.3333333333333333,0.6666666666666666,10.0,1,0.3333333333333333,2.13,0.6931471805599453,1,0.0,0,0.0,0,5,43,0.20730541041732514,1,0,at_risk_user
1651,1.0,0.0,-0.5,4,3,0.1,0.5,1.0,9.899494936611665,2,0.0,8.8,1.6094379124341003,0,0.2,1,0.0,0,5,47,0.2,1,0,casual_user
1652,1.0,0.0,-0.5,1,1,0.03333333333333333,0.5,0.5,10.0,1,0.0,3.26,0.6931471805599453,0,0.5,1,0.0,0,5,34,0.1639720770839918,0,0,at_risk_user
1653,7.0,2.0,-0.625,18,16,0.5333333333333333,0.29411764705882354,1.0588235294117647,1.3557637102737476,5,0.631578947368421,21.46,1.9661128563728327,12,0.8421052631578947,16,0.5,3,3,46,0.6521052631578947,0,1,consistent_user
1654,3.0,3.0,0.0,9,9,0.3,0.2,0.9,3.2841611235921855,2,0.3,22.54,1.8971199848858813,3,0.4,4,0.0,0,4,21,0.355,0,1,consistent_user
1655,2.0,0.0,-0.6666666666666666,2,2,0.06666666666666667,0.6666666666666666,0.6666666666666666,10.0,2,0.3333333333333333,4.19,1.0986122886681098,1,0.0,0,0.0,0,3,22,0.2533333333333333,1,0,at_risk_user
1656,2.0,1.0,-0.3333333333333333,3,3,0.1,0.25,0.75,0.7071067811865476,1,0.25,10.12,1.791759469228055,1,0.25,1,0.0,0,0,60,0.26749999999999996,1,0,casual_user
1657,0.0,1.0,1.0,4,4,0.13333333333333333,0.2,0.8,4.358898943540674,1,0.2,7.79,0.0,1,0.4,2,0.0,0,5,62,0.13,0,0,casual_user
1658,2.0,3.0,0.3333333333333333,8,8,0.26666666666666666,0.1111111111111111,0.8888888888888888,1.3801311186847085,1,0.3333333333333333,22.48,1.8718021769015913,3,0.6666666666666666,6,0.0,0,1,26,0.38,0,1,consistent_user
1659,0.0,0.0,0.0,0,0,0.0,0.0,0.0,10.0,0,0.0,0.0,0.0,0,0.0,0,0.0,0,4,40,0.0,1,0,at_risk_user
1660,2.0,2.0,0.0,4,4,0.13333333333333333,0.2,0.8,1.0,1,0.2,21.42,2.1400661634962708,1,0.8,4,0.0,0,3,18,0.32,1,0,consistent_user
1661,0.0,2.0,2.0,7,7,0.23333333333333334,0.25,0.875,2.503331114069145,2,0.25,9.44,0.0,2,0.75,6,0.0,0,3,29,0.20750000000000002,0,0,casual_user
1662,4.0,5.0,0.2,18,15,0.5,0.1875,1.125,0.8287419301647447,3,0.6842105263157895,33.32,2.3978952727983707,13,0.9473684210526315,18,0.3333333333333333,2,5,22,0.6324561403508772,0,1,power_user
1663,2.0,1.0,-0.3333333333333333,3,3,0.1,0.5,0.75,1.4142135623730951,2,0.5,8.51,1.6094379124341003,2,0.25,1,0.0,0,4,63,0.32999999999999996,0,0,casual_user
1664,2.0,3.0,0.3333333333333333,16,14,0.4666666666666667,0.26666666666666666,1.0666666666666667,1.1875421719907089,4,0.7058823529411765,21.7,2.1400661634962708,12,0.6470588235294118,11,0.5,3,3,28,0.6311764705882353,0,1,consistent_user
1665,5.0,4.0,-0.16666666666666666,9,6,0.2,0.2857142857142857,1.2857142857142858,1.9493588689617927,2,0.3,20.83,1.8562979903656263,3,0.9,9,0.0,0,3,35,0.375,1,0,consistent_user
1666,2.0,4.0,0.6666666666666666,20,17,0.5666666666666667,0.5,1.1111111111111112,0.8850612031567836,9,0.8095238095238095,34.6,2.3978952727983707,17,0.8095238095238095,17,0.5,3,0,38,0.7033333333333334,0,1,power_user
1667,0.0,0.0,0.0,0,0,0.0,0.0,0.0,10.0,0,0.0,0.0,0.0,0,0.0,0,0.0,0,5,42,0.0,1,0,at_risk_user
1668,3.0,1.0,-0.5,9,9,0.3,0.3,0.9,3.0676887530703447,3,0.5,24.23,1.8458266904983307,5,0.9,9,0.16666666666666666,1,0,54,0.4883333333333333,0,1,consistent_user
1669,3.0,4.0,0.25,12,9,0.3,0.3,1.2,3.0676887530703447,3,0.38461538461538464,23.1,1.6094379124341003,5,0.6153846153846154,8,0.3333333333333333,2,1,40,0.46435897435897433,0,1,consistent_user
1670,2.0,3.0,0.3333333333333333,12,10,0.3333333333333333,0.18181818181818182,1.0909090909090908,2.3863035105460586,2,0.0,10.49,1.791759469228055,0,0.7692307692307693,10,0.16666666666666666,1,2,61,0.36025641025641025,0,0,casual_user
1671,3.0,1.0,-0.5,4,4,0.13333333333333333,0.4,0.8,0.5773502691896257,2,0.2,7.76,1.5404450409471488,1,0.0,0,0.0,0,4,45,0.24,1,0,casual_user
1672,2.0,1.0,-0.3333333333333333,3,3,0.1,0.5,0.75,2.8284271247461903,2,0.25,22.35,1.9459101490553132,1,0.5,2,0.0,0,1,42,0.2925,1,0,consistent_user
1673,2.0,2.0,0.0,10,10,0.3333333333333333,0.2727272727272727,0.9090909090909091,2.5,3,0.5454545454545454,9.86,1.252762968495368,6,0.2727272727272727,3,0.3333333333333333,2,0,42,0.48030303030303023,0,0,casual_user
1674,3.0,1.0,-0.5,8,6,0.2,0.14285714285714285,1.1428571428571428,2.1679483388678804,1,0.5555555555555556,10.09,1.0986122886681098,5,0.1111111111111111,1,0.0,0,4,59,0.36,0,0,casual_user
1675,0.0,0.0,0.0,0,0,0.0,0.0,0.0,10.0,0,0.0,0.0,0.0,0,0.0,0,0.0,0,3,48,0.0,1,0,casual_user
1676,4.0,2.0,-0.4,11,11,0.36666666666666664,0.25,0.9166666666666666,1.5951314818673865,3,0.3333333333333333,23.28,1.791759469228055,4,0.5833333333333334,7,0.3333333333333333,2,0,51,0.46833333333333327,0,1,consistent_user
1677,2.0,0.0,-0.6666666666666666,2,2,0.06666666666666667,0.3333333333333333,0.6666666666666666,10.0,1,0.0,10.19,1.6094379124341003,0,0.6666666666666666,2,0.0,0,1,65,0.23666666666666666,1,0,casual_user
1678,2.0,1.0,-0.3333333333333333,3,3,0.1,0.25,0.75,2.8284271247461903,1,0.0,12.78,1.5040773967762742,0,0.5,2,0.0,0,5,43,0.22999999999999998,1,0,casual_user
1679,0.0,1.0,1.0,1,1,0.03333333333333333,0.5,0.5,10.0,1,0.0,4.6,0.0,0,0.5,1,0.0,0,5,62,0.060000000000000005,1,0,at_risk_user
1680,2.0,8.0,2.0,23,18,0.6,0.21052631578947367,1.2105263157894737,1.1147408034263075,4,0.8333333333333334,32.57,2.2512917986064953,20,0.875,21,0.6666666666666666,4,5,38,0.7591666666666667,0,1,power_user
1681,0.0,1.0,1.0,1,1,0.03333333333333333,0.5,0.5,10.0,1,0.0,14.46,0.0,0,0.0,0,0.0,0,3,59,0.01,1,0,casual_user
1682,0.0,2.0,2.0,4,4,0.13333333333333333,0.2,0.8,2.081665999466133,1,0.4,8.97,0.0,2,0.4,2,0.0,0,0,61,0.18000000000000002,1,0,casual_user
1683,1.0,2.0,0.5,3,3,0.1,0.25,0.75,3.5355339059327378,1,0.5,9.84,1.791759469228055,2,0.25,1,0.0,0,2,27,0.32999999999999996,1,0,casual_user
1684,3.0,1.0,-0.5,4,4,0.13333333333333333,0.2,0.8,1.0,1,0.0,8.11,1.5404450409471488,0,0.6,3,0.0,0,2,34,0.25,1,0,casual_user
1685,2.0,3.0,0.3333333333333333,10,9,0.3,0.2,1.0,1.8850918886280925,2,0.5454545454545454,23.86,2.0794415416798357,6,0.9090909090909091,10,0.16666666666666666,1,1,40,0.5006060606060606,0,1,consistent_user
1686,4.0,2.0,-0.4,6,6,0.2,0.2857142857142857,0.8571428571428571,0.5477225575051661,2,0.14285714285714285,9.99,1.6094379124341003,1,0.42857142857142855,3,0.0,0,3,63,0.2885714285714286,1,0,casual_user
1687,2.0,3.0,0.3333333333333333,12,12,0.4,0.23076923076923078,0.9230769230769231,1.916436086262016,3,0.38461538461538464,25.25,1.8718021769015913,5,0.46153846153846156,6,0.5,3,2,35,0.5123076923076922,0,1,consistent_user
1688,2.0,3.0,0.3333333333333333,17,12,0.4,0.23076923076923078,1.3076923076923077,1.747725795010606,3,0.4444444444444444,23.68,1.791759469228055,8,0.7777777777777778,14,0.3333333333333333,2,1,26,0.5255555555555556,0,1,consistent_user
1689,2.0,0.0,-0.6666666666666666,2,2,0.06666666666666667,0.3333333333333333,0.6666666666666666,10.0,1,0.3333333333333333,4.83,1.0986122886681098,1,0.0,0,0.0,0,1,35,0.2533333333333333,1,0,at_risk_user
1690,1.0,2.0,0.5,10,9,0.3,0.2,1.0,2.0701966780270626,2,0.18181818181818182,23.98,2.0794415416798357,2,0.8181818181818182,9,0.16666666666666666,1,1,56,0.40060606060606063,0,1,consistent_user
1691,1.0,1.0,0.0,2,2,0.06666666666666667,0.3333333333333333,0.6666666666666666,10.0,1,0.0,5.88,0.6931471805599453,0,0.0,0,0.0,0,4,28,0.1239720770839918,1,0,at_risk_user
1692,0.0,0.0,0.0,0,0,0.0,0.0,0.0,10.0,0,0.0,0.0,0.0,0,0.0,0,0.0,0,5,54,0.0,1,0,at_risk_user
1693,6.0,1.0,-0.7142857142857143,19,17,0.5666666666666667,0.2222222222222222,1.0555555555555556,1.2763881332363862,4,0.5,23.04,2.0149030205422647,10,0.7,14,0.5,3,3,45,0.615,0,1,consistent_user
1694,1.0,0.0,-0.5,1,1,0.03333333333333333,0.5,0.5,10.0,1,0.0,2.04,1.0986122886681098,0,0.0,0,0.0,0,0,40,0.16,1,0,at_risk_user
1695,3.0,1.0,-0.5,5,5,0.16666666666666666,0.16666666666666666,0.8333333333333334,1.7320508075688772,1,0.3333333333333333,11.25,1.4663370687934272,2,0.6666666666666666,4,0.0,0,3,65,0.35,1,0,casual_user
1696,3.0,1.0,-0.5,7,6,0.2,0.14285714285714285,1.0,3.2710854467592254,1,0.375,23.6,2.03688192726104,3,0.875,7,0.0,0,5,29,0.39125,0,1,consistent_user
1697,1.0,0.0,-0.5,1,1,0.03333333333333333,0.5,0.5,10.0,1,0.0,3.38,1.0986122886681098,0,0.5,1,0.0,0,0,28,0.21,1,0,at_risk_user
1698,2.0,7.0,1.6666666666666667,25,18,0.6,0.2631578947368421,1.3157894736842106,0.7174300539794394,5,0.9230769230769231,34.9,2.4849066497880004,24,0.9230769230769231,24,0.6666666666666666,4,0,44,0.7864102564102564,0,1,power_user
1699,3.0,1.0,-0.5,11,10,0.3333333333333333,0.2727272727272727,1.0,1.6414763002993507,3,0.25,23.57,2.0794415416798357,3,0.75,9,0.3333333333333333,2,3,50,0.4541666666666666,0,1,consistent_user
1700,0.0,1.0,1.0,1,1,0.03333333333333333,0.5,0.5,10.0,1,0.0,12.8,0.0,0,0.0,0,0.0,0,2,37,0.01,1,0,casual_user
1701,4.0,7.0,0.6,21,16,0.5333333333333333,0.35294117647058826,1.2352941176470589,0.6324555320336759,6,0.5909090909090909,22.62,2.0794415416798357,13,0.9545454545454546,21,0.6666666666666666,4,2,60,0.6865151515151515,0,1,consistent_user
1702,3.0,2.0,-0.25,9,9,0.3,0.2,0.9,3.420004177106889,2,0.5,23.92,1.992430164690206,5,0.8,8,0.0,0,2,45,0.44500000000000006,0,1,consistent_user
1703,2.0,0.0,-0.6666666666666666,7,7,0.23333333333333334,0.25,0.875,2.8284271247461903,2,0.25,9.2,1.252762968495368,2,0.375,3,0.0,0,0,65,0.32,0,0,casual_user
1704,3.0,4.0,0.25,11,9,0.3,0.2,1.1,2.390457218668787,2,0.4166666666666667,20.63,2.120263536200091,5,0.6666666666666666,8,0.0,0,1,61,0.4108333333333333,0,1,consistent_user
1705,4.0,2.0,-0.4,13,13,0.43333333333333335,0.2857142857142857,0.9285714285714286,1.5447859516333116,4,0.6428571428571429,22.06,2.0794415416798357,9,0.5714285714285714,8,0.3333333333333333,2,0,27,0.5645238095238095,0,1,consistent_user
1706,3.0,3.0,0.0,8,8,0.26666666666666666,0.1111111111111111,0.8888888888888888,1.9880595947760098,1,0.0,12.11,1.6094379124341003,0,0.7777777777777778,7,0.0,0,1,34,0.3077777777777778,0,0,casual_user
1707,1.0,3.0,1.0,11,8,0.26666666666666666,0.2222222222222222,1.2222222222222223,2.870208222079931,2,0.25,9.54,1.6094379124341003,3,0.3333333333333333,4,0.0,0,4,38,0.3258333333333333,0,0,casual_user
1708,0.0,1.0,1.0,1,1,0.03333333333333333,0.5,0.5,10.0,1,0.5,11.27,0.0,1,0.5,1,0.0,0,2,23,0.185,1,0,casual_user
1709,0.0,0.0,0.0,0,0,0.0,0.0,0.0,10.0,0,0.0,0.0,0.0,0,0.0,0,0.0,0,4,53,0.0,1,0,at_risk_user
1710,0.0,0.0,0.0,8,7,0.23333333333333334,0.25,1.0,0.816496580927726,2,0.1111111111111111,10.25,0.0,1,0.2222222222222222,2,0.0,0,1,23,0.12,0,0,casual_user
1711,1.0,0.0,-0.5,1,1,0.03333333333333333,0.5,0.5,10.0,1,0.5,13.96,1.6094379124341003,1,0.0,0,0.0,0,5,58,0.28500000000000003,1,0,casual_user
1712,3.0,2.0,-0.25,13,13,0.43333333333333335,0.21428571428571427,0.9285714285714286,1.6213537179739277,3,0.9285714285714286,34.46,2.1972245773362196,13,0.9285714285714286,13,0.3333333333333333,2,4,39,0.6716666666666667,0,1,power_user
1713,1.0,2.0,0.5,8,7,0.23333333333333334,0.25,1.0,1.6733200530681511,2,0.4444444444444444,10.77,1.6094379124341003,4,0.6666666666666666,6,0.0,0,5,28,0.3977777777777778,0,0,casual_user
1714,2.0,1.0,-0.3333333333333333,10,10,0.3333333333333333,0.18181818181818182,0.9090909090909091,1.3944333775567928,2,0.36363636363636365,10.89,1.3862943611198906,4,0.2727272727272727,3,0.16666666666666666,1,0,20,0.4015151515151515,0,0,casual_user
1715,2.0,0.0,-0.6666666666666666,11,10,0.3333333333333333,0.5454545454545454,1.0,2.455153310442706,6,0.6666666666666666,23.46,1.9459101490553132,8,0.6666666666666666,8,0.16666666666666666,1,3,23,0.5166666666666666,0,1,consistent_user
1716,5.0,7.0,0.3333333333333333,20,17,0.5666666666666667,0.2777777777777778,1.1111111111111112,1.4705441169852742,5,0.8095238095238095,36.97,2.341805806147327,17,0.9047619047619048,19,0.8333333333333334,5,2,20,0.7795238095238095,0,1,power_user
1717,5.0,3.0,-0.3333333333333333,19,14,0.4666666666666667,0.26666666666666666,1.2666666666666666,1.281025230440697,4,0.85,22.64,2.0541237336955462,17,0.75,15,0.3333333333333333,2,3,57,0.6441666666666667,0,1,consistent_user
1718,2.0,2.0,0.0,6,5,0.16666666666666666,0.16666666666666666,1.0,3.4641016151377544,1,0.0,6.03,0.6931471805599453,0,0.0,0,0.0,0,5,48,0.1539720770839918,0,0,at_risk_user
1719,2.0,4.0,0.6666666666666666,12,11,0.36666666666666664,0.16666666666666666,1.0,1.8287822299126937,2,0.9230769230769231,35.43,2.1972245773362196,12,0.9230769230769231,12,0.16666666666666666,1,2,35,0.6164102564102564,0,1,power_user
1720,2.0,7.0,1.6666666666666667,15,13,0.43333333333333335,0.35714285714285715,1.0714285714285714,2.0150945537631877,5,0.375,22.74,2.0794415416798357,6,0.75,12,0.3333333333333333,2,2,38,0.5154166666666666,0,1,consistent_user
1721,1.0,0.0,-0.5,2,2,0.06666666666666667,0.3333333333333333,0.6666666666666666,10.0,1,0.0,13.0,1.6094379124341003,0,0.6666666666666666,2,0.0,0,2,49,0.23666666666666666,1,0,casual_user
1722,4.0,2.0,-0.4,9,8,0.26666666666666666,0.2222222222222222,1.0,2.2677868380553634,2,0.5,21.58,1.749199854809259,5,0.6,6,0.0,0,4,65,0.41500000000000004,0,1,consistent_user
1723,0.0,2.0,2.0,2,2,0.06666666666666667,0.6666666666666666,0.6666666666666666,10.0,2,0.0,13.32,0.0,0,0.3333333333333333,1,0.0,0,1,47,0.05333333333333333,0,0,casual_user
1724,0.0,0.0,0.0,0,0,0.0,0.0,0.0,10.0,0,0.0,0.0,0.0,0,0.0,0,0.0,0,0,46,0.0,1,0,at_risk_user
1725,1.0,0.0,-0.5,1,1,0.03333333333333333,0.5,0.5,10.0,1,0.5,3.77,1.3862943611198906,1,0.0,0,0.0,0,4,34,0.28500000000000003,0,0,at_risk_user
1726,5.0,2.0,-0.5,17,14,0.4666666666666667,0.3333333333333333,1.1333333333333333,1.951330906763973,5,0.8333333333333334,34.79,2.2407096892759584,15,0.8888888888888888,16,0.5,3,1,19,0.6872222222222223,0,1,power_user
1727,4.0,7.0,0.6,24,16,0.5333333333333333,0.23529411764705882,1.411764705882353,1.1629191512658787,4,0.84,33.7,2.1972245773362196,21,0.92,23,0.5,3,5,36,0.712,0,1,power_user
1728,2.0,5.0,1.0,16,13,0.43333333333333335,0.21428571428571427,1.1428571428571428,1.164500152881315,3,0.6470588235294118,35.2,2.1972245773362196,11,0.9411764705882353,16,0.3333333333333333,2,4,21,0.6025490196078431,0,1,power_user
1729,0.0,0.0,0.0,0,0,0.0,0.0,0.0,10.0,0,0.0,0.0,0.0,0,0.0,0,0.0,0,2,61,0.0,0,0,at_risk_user
1730,1.0,2.0,0.5,4,4,0.13333333333333333,0.2,0.8,8.326663997864532,1,0.4,3.39,0.6931471805599453,2,0.4,2,0.0,0,3,34,0.2839720770839918,0,0,at_risk_user
1731,3.0,1.0,-0.5,4,4,0.13333333333333333,0.4,0.8,0.5773502691896257,2,0.4,8.71,1.6094379124341003,2,0.4,2,0.0,0,1,19,0.33,1,0,casual_user
1732,3.0,1.0,-0.5,16,13,0.43333333333333335,0.21428571428571427,1.1428571428571428,1.3026778945578592,3,0.5882352941176471,23.1,1.8458266904983307,10,0.6470588235294118,11,0.3333333333333333,2,3,61,0.5584313725490196,0,1,consistent_user
1733,4.0,1.0,-0.6,11,10,0.3333333333333333,0.2727272727272727,1.0,2.29128784747792,3,0.9166666666666666,32.67,2.4849066497880004,11,0.9166666666666666,11,0.3333333333333333,2,2,42,0.6375,0,1,power_user
1734,5.0,3.0,-0.3333333333333333,13,11,0.36666666666666664,0.4166666666666667,1.0833333333333333,2.5473297566057065,5,0.7142857142857143,21.33,2.0541237336955462,10,0.8571428571428571,12,0.5,3,1,52,0.6242857142857143,0,1,consistent_user
1735,5.0,3.0,-0.3333333333333333,19,15,0.5,0.25,1.1875,1.2403473458920846,4,0.85,33.16,2.4336133554004498,17,0.85,17,0.3333333333333333,2,2,26,0.6641666666666667,0,1,power_user
1736,2.0,3.0,0.3333333333333333,10,9,0.3,0.3,1.0,2.49284690951645,3,0.09090909090909091,8.38,1.7047480922384253,1,0.6363636363636364,7,0.3333333333333333,2,5,45,0.39303030303030306,0,0,casual_user
1737,0.0,1.0,1.0,1,1,0.03333333333333333,0.5,0.5,10.0,1,0.0,14.85,0.0,0,0.5,1,0.0,0,5,33,0.060000000000000005,1,0,casual_user
1738,4.0,2.0,-0.4,7,6,0.2,0.42857142857142855,1.0,2.1908902300206643,3,0.375,9.97,1.6094379124341003,3,0.375,3,0.16666666666666666,1,4,53,0.3745833333333333,1,0,casual_user
1739,1.0,2.0,0.5,8,8,0.26666666666666666,0.3333333333333333,0.8888888888888888,2.63673679998231,3,0.5555555555555556,24.43,1.9459101490553132,5,0.6666666666666666,6,0.16666666666666666,1,2,49,0.4688888888888889,0,1,consistent_user
1740,2.0,2.0,0.0,5,5,0.16666666666666666,0.3333333333333333,0.8333333333333334,2.0615528128088303,2,0.16666666666666666,10.62,1.3862943611198906,1,0.3333333333333333,2,0.0,0,4,52,0.275,1,0,casual_user
1741,4.0,2.0,-0.4,14,13,0.43333333333333335,0.21428571428571427,1.0,0.9534625892455924,3,0.5333333333333333,21.17,1.791759469228055,8,0.6666666666666666,10,0.5,3,1,21,0.58,0,1,consistent_user
1742,1.0,2.0,0.5,7,7,0.23333333333333334,0.25,0.875,2.16794833886788,2,0.5,10.64,1.791759469228055,4,0.5,4,0.0,0,1,60,0.395,0,0,casual_user
1743,1.0,4.0,1.5,10,10,0.3333333333333333,0.36363636363636365,0.9090909090909091,1.810463415200036,4,0.45454545454545453,26.16,1.791759469228055,5,0.8181818181818182,9,0.3333333333333333,2,0,49,0.5121212121212121,0,1,consistent_user
1744,1.0,2.0,0.5,10,10,0.3333333333333333,0.18181818181818182,0.9090909090909091,1.90029237516523,2,0.18181818181818182,10.3,1.6094379124341003,2,0.2727272727272727,3,0.16666666666666666,1,2,58,0.3560606060606061,0,0,casual_user
1745,1.0,2.0,0.5,5,5,0.16666666666666666,0.16666666666666666,0.8333333333333334,1.707825127659933,1,0.3333333333333333,9.22,1.3862943611198906,2,0.5,3,0.0,0,5,42,0.33333333333333337,1,0,casual_user
1746,1.0,0.0,-0.5,5,5,0.16666666666666666,0.16666666666666666,0.8333333333333334,2.6299556396765835,1,0.16666666666666666,9.79,1.3862943611198906,1,0.5,3,0.0,0,4,40,0.29166666666666663,0,0,casual_user
1747,2.0,0.0,-0.6666666666666666,3,3,0.1,0.25,0.75,5.656854249492381,1,0.25,10.73,1.5040773967762742,1,0.25,1,0.0,0,5,60,0.26749999999999996,1,0,casual_user
1748,2.0,0.0,-0.6666666666666666,4,4,0.13333333333333333,0.4,0.8,8.54400374531753,2,0.4,10.66,1.3862943611198906,2,0.6,3,0.0,0,4,57,0.35,0,0,casual_user
1749,7.0,8.0,0.125,27,22,0.7333333333333333,0.5652173913043478,1.173913043478261,0.560611910581388,13,0.7857142857142857,34.28,2.243744592971112,22,0.8928571428571429,25,0.8333333333333334,5,1,25,0.8223809523809524,0,1,power_user
1750,2.0,3.0,0.3333333333333333,9,9,0.3,0.2,0.9,1.8468119248354136,2,0.1,9.53,1.7047480922384253,1,0.6,6,0.0,0,1,32,0.32499999999999996,0,0,casual_user
1751,4.0,0.0,-0.8,9,7,0.23333333333333334,0.375,1.125,4.915960401250875,3,0.4,10.39,1.5040773967762742,4,0.7,7,0.3333333333333333,2,5,60,0.45666666666666667,0,0,casual_user
1752,3.0,2.0,-0.25,9,9,0.3,0.2,0.9,1.6903085094570331,2,0.1,24.2,2.0794415416798357,1,0.8,8,0.0,0,1,46,0.345,0,1,consistent_user
1753,5.0,6.0,0.16666666666666666,18,13,0.43333333333333335,0.14285714285714285,1.2857142857142858,1.164500152881315,2,0.8421052631578947,35.02,2.517696472610991,16,0.8947368421052632,17,0.16666666666666666,1,2,58,0.6133333333333333,0,1,power_user
1754,0.0,2.0,2.0,3,3,0.1,0.25,0.75,1.4142135623730951,1,0.5,9.27,0.0,2,0.25,1,0.0,0,5,64,0.18,1,0,casual_user
1755,4.0,1.0,-0.6,5,4,0.13333333333333333,0.4,1.0,2.5166114784235836,2,0.16666666666666666,7.73,1.55814461804655,1,0.3333333333333333,2,0.0,0,1,53,0.265,1,0,casual_user
1756,3.0,2.0,-0.25,5,4,0.13333333333333333,0.4,1.0,2.6457513110645907,2,0.3333333333333333,34.38,2.302585092994046,2,0.6666666666666666,4,0.0,0,4,28,0.33999999999999997,1,0,power_user
1757,4.0,5.0,0.2,15,13,0.43333333333333335,0.42857142857142855,1.0714285714285714,2.04494943258218,6,0.5625,22.02,1.9810014688665833,9,0.625,10,0.5,3,1,23,0.583125,0,1,consistent_user
1758,0.0,4.0,4.0,8,6,0.2,0.2857142857142857,1.1428571428571428,3.391164991562634,2,0.3333333333333333,21.06,0.0,3,0.5555555555555556,5,0.0,0,1,55,0.19888888888888887,0,1,consistent_user
1759,3.0,0.0,-0.75,3,3,0.1,0.25,0.75,0.7071067811865476,1,0.0,5.89,1.2039728043259361,0,0.25,1,0.0,0,2,32,0.205,1,0,at_risk_user
1760,1.0,3.0,1.0,7,7,0.23333333333333334,0.125,0.875,2.136976056643281,1,0.625,21.56,1.791759469228055,5,0.375,3,0.0,0,4,32,0.41375000000000006,0,1,consistent_user
1761,3.0,1.0,-0.5,5,5,0.16666666666666666,0.3333333333333333,0.8333333333333334,2.3804761428476167,2,0.16666666666666666,10.9,1.6094379124341003,1,0.3333333333333333,2,0.0,0,1,60,0.275,1,0,casual_user
1762,2.0,3.0,0.3333333333333333,12,11,0.36666666666666664,0.16666666666666666,1.0,1.766981104093143,2,0.5384615384615384,10.38,1.791759469228055,7,0.3076923076923077,4,0.16666666666666666,1,4,59,0.4587179487179487,0,0,casual_user
1763,3.0,4.0,0.25,7,6,0.2,0.2857142857142857,1.0,1.5165750888103102,2,0.625,8.13,1.5404450409471488,5,0.5,4,0.0,0,3,50,0.41625,1,0,casual_user
1764,3.0,2.0,-0.25,21,17,0.5666666666666667,0.3333333333333333,1.1666666666666667,1.2230426539304888,6,0.8181818181818182,35.94,2.3353749158170367,18,0.8181818181818182,18,0.5,3,2,61,0.7063636363636363,0,1,power_user
1765,2.0,0.0,-0.6666666666666666,2,2,0.06666666666666667,0.6666666666666666,0.6666666666666666,10.0,2,0.0,3.15,0.9162907318741551,0,0.0,0,0.0,0,4,62,0.15744360978112326,1,0,at_risk_user
1766,4.0,0.0,-0.8,4,3,0.1,0.25,1.0,0.7071067811865476,1,0.0,4.92,1.252762968495368,0,0.0,0,0.0,0,4,24,0.18,1,0,at_risk_user
1767,2.0,1.0,-0.3333333333333333,11,11,0.36666666666666664,0.16666666666666666,0.9166666666666666,1.2692955176439846,2,0.4166666666666667,9.48,1.5040773967762742,5,0.25,3,0.16666666666666666,1,2,65,0.4225,0,0,casual_user
1768,1.0,2.0,0.5,10,9,0.3,0.3,1.0,2.559994419636775,3,0.18181818181818182,9.85,1.6094379124341003,2,0.6363636363636364,7,0.3333333333333333,2,1,47,0.41575757575757577,0,0,casual_user
1769,1.0,3.0,1.0,4,3,0.1,0.25,1.0,1.4142135623730951,1,0.0,7.48,1.6094379124341003,0,0.4,2,0.0,0,1,25,0.22,1,0,casual_user
1770,2.0,2.0,0.0,5,5,0.16666666666666666,0.16666666666666666,0.8333333333333334,1.2909944487358056,1,0.3333333333333333,9.78,1.5040773967762742,2,0.3333333333333333,2,0.0,0,5,22,0.31666666666666665,1,0,casual_user
1771,4.0,4.0,0.0,18,16,0.5333333333333333,0.35294117647058826,1.0588235294117647,1.6242214252050853,6,0.42105263157894735,22.09,1.9810014688665833,8,0.7894736842105263,15,0.16666666666666666,1,0,24,0.5275438596491229,0,1,consistent_user
1772,5.0,2.0,-0.5,8,8,0.26666666666666666,0.2222222222222222,0.8888888888888888,2.0701966780270626,2,0.5555555555555556,22.55,1.8870696490323797,5,0.5555555555555556,5,0.0,0,4,46,0.4244444444444445,1,0,consistent_user
1773,2.0,0.0,-0.6666666666666666,2,2,0.06666666666666667,0.3333333333333333,0.6666666666666666,10.0,1,0.0,4.75,1.0986122886681098,0,0.3333333333333333,1,0.0,0,1,36,0.2033333333333333,1,0,at_risk_user
1774,1.0,0.0,-0.5,1,1,0.03333333333333333,0.5,0.5,10.0,1,0.0,12.13,1.3862943611198906,0,0.5,1,0.0,0,2,40,0.21,1,0,casual_user
1775,6.0,1.0,-0.7142857142857143,16,14,0.4666666666666667,0.2,1.0666666666666667,1.6832508230603465,3,0.5294117647058824,22.77,1.9218125974762528,9,0.7647058823529411,13,0.5,3,3,44,0.5988235294117646,0,1,consistent_user
1776,5.0,0.0,-0.8333333333333334,16,12,0.4,0.23076923076923078,1.2307692307692308,2.9756588269735245,3,0.47058823529411764,20.08,2.0014800002101243,8,0.8823529411764706,15,0.3333333333333333,2,5,52,0.5425490196078432,0,1,consistent_user
1777,4.0,5.0,0.2,14,12,0.4,0.23076923076923078,1.0769230769230769,0.8090398349558905,3,0.7333333333333333,35.57,2.4849066497880004,11,0.9333333333333333,14,0.5,3,4,21,0.6466666666666666,1,0,power_user
1778,2.0,0.0,-0.6666666666666666,4,4,0.13333333333333333,0.4,0.8,3.605551275463989,2,0.0,6.15,1.252762968495368,0,0.2,1,0.0,0,4,62,0.21,1,0,at_risk_user
1779,2.0,1.0,-0.3333333333333333,7,7,0.23333333333333334,0.375,0.875,3.8166302763912916,3,0.25,9.68,1.6094379124341003,2,0.5,4,0.16666666666666666,1,2,19,0.36583333333333334,0,0,casual_user
1780,3.0,2.0,-0.25,15,11,0.36666666666666664,0.25,1.25,1.449137674618944,3,0.25,21.84,1.8971199848858813,4,0.8125,13,0.16666666666666666,1,1,21,0.43708333333333327,0,1,consistent_user
1781,0.0,0.0,0.0,0,0,0.0,0.0,0.0,10.0,0,0.0,0.0,0.0,0,0.0,0,0.0,0,5,22,0.0,1,0,at_risk_user
1782,2.0,3.0,0.3333333333333333,12,12,0.4,0.15384615384615385,0.9230769230769231,1.439696937805757,2,0.6153846153846154,22.53,2.1972245773362196,8,0.7692307692307693,10,0.16666666666666666,1,4,22,0.5341025641025641,0,1,consistent_user
1783,1.0,0.0,-0.5,5,5,0.16666666666666666,0.16666666666666666,0.8333333333333334,5.852349955359813,1,0.0,10.11,1.0986122886681098,0,0.3333333333333333,2,0.0,0,3,48,0.23333333333333334,0,0,casual_user
1784,2.0,0.0,-0.6666666666666666,3,3,0.1,0.5,0.75,9.192388155425117,2,0.5,3.97,1.3862943611198906,2,0.25,1,0.0,0,1,26,0.32999999999999996,0,0,at_risk_user
1785,2.0,4.0,0.6666666666666666,17,12,0.4,0.23076923076923078,1.3076923076923077,1.2060453783110545,3,0.6666666666666666,33.54,2.4849066497880004,12,0.9444444444444444,17,0.16666666666666666,1,2,61,0.5644444444444444,0,1,power_user
1786,7.0,7.0,0.0,27,19,0.6333333333333333,0.3,1.35,0.6183469424008423,6,0.75,35.5,2.3848231912310176,21,0.8928571428571429,25,0.3333333333333333,2,1,55,0.6834523809523809,0,1,power_user
1787,1.0,1.0,0.0,3,3,0.1,0.25,0.75,0.7071067811865476,1,0.25,4.29,1.3862943611198906,1,0.5,2,0.0,0,5,62,0.2925,0,0,at_risk_user
1788,2.0,1.0,-0.3333333333333333,5,5,0.16666666666666666,0.3333333333333333,0.8333333333333334,2.753785273643051,2,0.3333333333333333,8.66,1.7047480922384253,2,0.3333333333333333,2,0.0,0,1,58,0.31666666666666665,1,0,casual_user
1789,1.0,0.0,-0.5,1,1,0.03333333333333333,0.5,0.5,10.0,1,0.0,10.38,1.3862943611198906,0,0.0,0,0.0,0,0,49,0.16,1,0,casual_user
1790,4.0,1.0,-0.6,5,4,0.13333333333333333,0.4,1.0,3.785938897200183,2,0.5,7.2,1.4469189829363254,3,0.16666666666666666,1,0.0,0,2,45,0.33166666666666667,1,0,casual_user
1791,2.0,1.0,-0.3333333333333333,8,8,0.26666666666666666,0.3333333333333333,0.8888888888888888,4.18045338165497,3,0.1111111111111111,10.28,1.7047480922384253,1,0.5555555555555556,5,0.16666666666666666,1,0,43,0.3466666666666667,0,0,casual_user
1792,0.0,0.0,0.0,0,0,0.0,0.0,0.0,10.0,0,0.0,0.0,0.0,0,0.0,0,0.0,0,3,34,0.0,1,0,at_risk_user
1793,0.0,0.0,0.0,0,0,0.0,0.0,0.0,10.0,0,0.0,0.0,0.0,0,0.0,0,0.0,0,1,58,0.0,1,0,at_risk_user
1794,6.0,4.0,-0.2857142857142857,17,15,0.5,0.25,1.0625,1.1217137594956026,4,0.6666666666666666,35.05,2.1972245773362196,12,0.8888888888888888,16,0.5,3,5,30,0.6555555555555556,0,1,power_user
1795,4.0,1.0,-0.6,9,7,0.23333333333333334,0.25,1.125,4.070217029430576,2,0.1,23.7,1.8718021769015913,1,0.7,7,0.0,0,1,65,0.31499999999999995,0,1,consistent_user
1796,6.0,3.0,-0.42857142857142855,18,15,0.5,0.25,1.125,1.2066664642907565,4,0.7368421052631579,34.11,2.3191143949452564,14,0.9473684210526315,18,0.3333333333333333,2,0,45,0.6456140350877193,0,1,power_user
1797,1.0,2.0,0.5,7,6,0.2,0.2857142857142857,1.0,3.5777087639996634,2,0.0,11.67,1.3862943611198906,0,0.125,1,0.0,0,0,44,0.22249999999999998,0,0,casual_user
1798,2.0,3.0,0.3333333333333333,8,6,0.2,0.14285714285714285,1.1428571428571428,1.5165750888103102,1,0.5555555555555556,10.22,1.5040773967762742,5,0.1111111111111111,1,0.0,0,3,27,0.36,0,0,casual_user
1799,0.0,0.0,0.0,0,0,0.0,0.0,0.0,10.0,0,0.0,0.0,0.0,0,0.0,0,0.0,0,5,20,0.0,1,0,at_risk_user
1800,1.0,1.0,0.0,12,10,0.3333333333333333,0.36363636363636365,1.0909090909090908,2.345207879911715,4,0.38461538461538464,10.91,1.791759469228055,5,0.5384615384615384,7,0.3333333333333333,2,1,41,0.4666666666666667,0,0,casual_user
1801,2.0,4.0,0.6666666666666666,7,5,0.16666666666666666,0.5,1.1666666666666667,1.8929694486000912,3,0.375,10.59,1.6094379124341003,3,0.375,3,0.16666666666666666,1,1,32,0.3645833333333333,1,0,casual_user
1802,2.0,1.0,-0.3333333333333333,3,3,0.1,0.5,0.75,4.242640687119285,2,0.25,10.18,1.791759469228055,1,0.75,3,0.0,0,1,62,0.3175,1,0,casual_user
1803,3.0,7.0,1.0,23,17,0.5666666666666667,0.3888888888888889,1.2777777777777777,0.816496580927726,7,0.8333333333333334,34.46,2.268683541318364,20,0.875,21,0.6666666666666666,4,3,38,0.7491666666666666,0,1,power_user
1804,1.0,3.0,1.0,9,7,0.23333333333333334,0.25,1.125,2.136976056643281,2,0.2,9.43,1.0986122886681098,2,0.6,6,0.0,0,3,61,0.32999999999999996,0,0,casual_user
1805,5.0,4.0,-0.16666666666666666,18,15,0.5,0.25,1.125,1.1411388181101378,4,0.5789473684210527,21.56,1.9459101490553132,11,0.6842105263157895,13,0.5,3,4,31,0.6131578947368421,0,1,consistent_user
1806,0.0,0.0,0.0,0,0,0.0,0.0,0.0,10.0,0,0.0,0.0,0.0,0,0.0,0,0.0,0,2,25,0.0,1,0,at_risk_user
1807,2.0,8.0,2.0,18,16,0.5333333333333333,0.4117647058823529,1.0588235294117647,1.121223821162776,7,0.6842105263157895,35.21,2.2512917986064953,13,0.7894736842105263,15,0.6666666666666666,4,2,49,0.6933333333333334,0,1,power_user
1808,4.0,3.0,-0.2,14,11,0.36666666666666664,0.16666666666666666,1.1666666666666667,1.5055453054181622,2,0.4666666666666667,21.33,1.749199854809259,7,0.5333333333333333,8,0.16666666666666666,1,1,64,0.4633333333333334,0,1,consistent_user
1809,0.0,5.0,5.0,8,7,0.23333333333333334,0.375,1.0,4.412104562073146,3,0.2222222222222222,9.27,0.0,2,0.3333333333333333,3,0.16666666666666666,1,4,41,0.19222222222222218,0,0,casual_user
1810,3.0,2.0,-0.25,7,7,0.23333333333333334,0.25,0.875,3.8987177379235853,2,0.5,8.62,1.4663370687934272,4,0.25,2,0.0,0,3,49,0.37,0,0,casual_user
1811,1.0,2.0,0.5,4,4,0.13333333333333333,0.2,0.8,1.5275252316519465,1,0.2,6.78,1.3862943611198906,1,0.4,2,0.0,0,1,54,0.28,0,0,casual_user
1812,2.0,6.0,1.3333333333333333,17,14,0.4666666666666667,0.26666666666666666,1.1333333333333333,1.3821202589704018,4,0.2222222222222222,20.46,2.1400661634962708,4,0.7222222222222222,13,0.5,3,4,33,0.5177777777777778,0,1,consistent_user
1813,1.0,3.0,1.0,8,7,0.23333333333333334,0.25,1.0,3.125166662222459,2,0.2222222222222222,9.06,1.0986122886681098,2,0.3333333333333333,3,0.0,0,2,45,0.3088888888888889,0,0,casual_user
1814,2.0,1.0,-0.3333333333333333,3,3,0.1,0.5,0.75,0.7071067811865476,2,0.0,4.13,0.9162907318741551,0,0.0,0,0.0,0,3,60,0.16744360978112327,1,0,at_risk_user
1815,0.0,0.0,0.0,1,1,0.03333333333333333,0.5,0.5,10.0,1,0.0,6.6,0.0,0,0.0,0,0.0,0,4,59,0.01,1,0,at_risk_user
1816,2.0,7.0,1.6666666666666667,16,12,0.4,0.38461538461538464,1.2307692307692308,2.5045413298101655,5,0.8823529411764706,35.08,2.4423470353692043,15,0.8823529411764706,15,0.5,3,2,24,0.6788235294117647,0,1,power_user
1817,2.0,1.0,-0.3333333333333333,3,3,0.1,0.25,0.75,0.7071067811865476,1,0.0,13.51,1.252762968495368,0,0.25,1,0.0,0,0,65,0.205,1,0,casual_user
1818,3.0,1.0,-0.5,7,6,0.2,0.14285714285714285,1.0,2.4899799195977463,1,0.5,9.05,1.6094379124341003,4,0.5,4,0.0,0,5,23,0.385,0,0,casual_user
1819,4.0,3.0,-0.2,7,6,0.2,0.2857142857142857,1.0,1.140175425099138,2,0.375,10.9,1.6582280766035324,3,0.125,1,0.0,0,4,28,0.31625000000000003,1,0,casual_user
1820,1.0,4.0,1.5,9,7,0.23333333333333334,0.125,1.125,2.3380903889000244,1,0.5,8.83,1.791759469228055,5,0.5,5,0.0,0,0,55,0.395,0,0,casual_user
1821,2.0,4.0,0.6666666666666666,11,10,0.3333333333333333,0.36363636363636365,1.0,2.0069324297987157,4,0.16666666666666666,9.87,1.3862943611198906,2,0.4166666666666667,5,0.3333333333333333,2,5,28,0.4,0,0,casual_user
1822,5.0,4.0,-0.16666666666666666,18,14,0.4666666666666667,0.2,1.2,1.1875421719907089,3,0.5263157894736842,23.44,2.1041341542702074,10,0.8421052631578947,16,0.5,3,5,48,0.6057894736842104,0,1,consistent_user
1823,1.0,0.0,-0.5,1,1,0.03333333333333333,0.5,0.5,10.0,1,0.0,4.09,1.0986122886681098,0,0.5,1,0.0,0,1,57,0.21,1,0,at_risk_user
1824,4.0,1.0,-0.6,11,10,0.3333333333333333,0.18181818181818182,1.0,1.5811388300841898,2,0.6666666666666666,32.95,2.505525936990736,8,0.8333333333333334,10,0.16666666666666666,1,3,36,0.5333333333333333,0,1,power_user
1825,5.0,4.0,-0.16666666666666666,9,7,0.23333333333333334,0.25,1.125,0.752772652709081,2,0.6,36.37,2.174751721484161,6,0.9,9,0.0,0,4,65,0.45999999999999996,1,0,power_user
1826,1.0,0.0,-0.5,4,4,0.13333333333333333,0.2,0.8,5.033222956847167,1,0.4,4.03,1.3862943611198906,2,0.2,1,0.0,0,2,38,0.31000000000000005,0,0,at_risk_user
1827,9.0,5.0,-0.4,27,24,0.8,0.36,1.08,0.6887004431501818,9,0.6071428571428571,32.77,2.466214516775848,17,0.9642857142857143,27,1.0,6,5,22,0.8382142857142858,0,1,power_user
1828,2.0,2.0,0.0,7,6,0.2,0.2857142857142857,1.0,2.302172886644268,2,0.5,19.63,1.9459101490553132,4,0.625,5,0.0,0,1,44,0.39749999999999996,1,0,consistent_user
1829,4.0,6.0,0.4,18,15,0.5,0.1875,1.125,1.1094003924504583,3,0.8947368421052632,32.99,2.277267285009756,17,0.8947368421052632,17,0.5,3,3,60,0.7131578947368421,0,1,power_user
1830,2.0,1.0,-0.3333333333333333,3,3,0.1,0.5,0.75,1.4142135623730951,2,0.0,5.08,1.0986122886681098,0,0.0,0,0.0,0,5,43,0.18,1,0,at_risk_user
1831,2.0,5.0,1.0,16,12,0.4,0.23076923076923078,1.2307692307692308,1.5666989036012804,3,0.6470588235294118,34.19,2.5649493574615367,11,0.9411764705882353,16,0.16666666666666666,1,2,39,0.5592156862745098,0,1,power_user
1832,5.0,2.0,-0.5,11,10,0.3333333333333333,0.36363636363636365,1.0,2.23606797749979,4,0.25,9.26,1.6094379124341003,3,0.3333333333333333,4,0.16666666666666666,1,1,50,0.37916666666666665,0,0,casual_user
1833,3.0,4.0,0.25,14,12,0.4,0.23076923076923078,1.0769230769230769,1.9116865471476894,3,0.2,20.6,1.8971199848858813,3,0.8666666666666667,13,0.5,3,0,62,0.5066666666666667,0,1,consistent_user
1834,2.0,2.0,0.0,13,10,0.3333333333333333,0.2727272727272727,1.1818181818181819,1.6158932858054431,3,0.5,22.72,2.0149030205422647,7,0.6428571428571429,9,0.16666666666666666,1,0,46,0.4726190476190476,0,1,consistent_user
1835,1.0,1.0,0.0,3,3,0.1,0.25,0.75,6.363961030678928,1,0.25,5.79,1.0986122886681098,1,0.5,2,0.0,0,0,49,0.2925,0,0,at_risk_user
1836,1.0,1.0,0.0,7,7,0.23333333333333334,0.25,0.875,2.562550812504343,2,0.75,22.53,2.0794415416798357,6,0.75,6,0.0,0,1,60,0.48250000000000004,0,1,consistent_user
1837,6.0,4.0,-0.2857142857142857,15,14,0.4666666666666667,0.3333333333333333,1.0,1.224744871391589,5,0.875,33.0,2.302585092994046,14,0.75,12,0.5,3,1,59,0.68375,0,1,power_user
1838,9.0,3.0,-0.6,17,12,0.4,0.3076923076923077,1.3076923076923077,1.7580981459830651,4,0.6666666666666666,34.34,2.4277482359480516,12,0.9444444444444444,17,0.16666666666666666,1,3,58,0.5644444444444444,0,1,power_user
1839,1.0,1.0,0.0,6,5,0.16666666666666666,0.16666666666666666,1.0,2.217355782608345,1,0.42857142857142855,12.13,1.0986122886681098,3,0.2857142857142857,2,0.0,0,2,38,0.33571428571428574,0,0,casual_user
1840,1.0,1.0,0.0,5,5,0.16666666666666666,0.16666666666666666,0.8333333333333334,3.774917217635375,1,0.16666666666666666,10.47,1.0986122886681098,1,0.5,3,0.0,0,2,59,0.29166666666666663,0,0,casual_user
1841,0.0,3.0,3.0,7,5,0.16666666666666666,0.16666666666666666,1.1666666666666667,1.2909944487358056,1,0.0,7.14,0.0,0,0.625,5,0.0,0,2,41,0.11249999999999999,0,0,casual_user
1842,5.0,3.0,-0.3333333333333333,12,10,0.3333333333333333,0.2727272727272727,1.0909090909090908,2.5385910352879693,3,0.7692307692307693,21.57,1.824549292051046,10,0.5384615384615384,7,0.3333333333333333,2,2,61,0.5628205128205128,0,1,consistent_user
1843,2.0,1.0,-0.3333333333333333,8,8,0.26666666666666666,0.3333333333333333,0.8888888888888888,3.093772546815388,3,0.5555555555555556,19.52,2.0794415416798357,5,0.4444444444444444,4,0.16666666666666666,1,5,46,0.44666666666666666,0,1,consistent_user
1844,0.0,1.0,1.0,1,1,0.03333333333333333,0.5,0.5,10.0,1,0.5,4.22,0.0,1,0.5,1,0.0,0,4,42,0.185,1,0,at_risk_user
1845,2.0,5.0,1.0,14,11,0.36666666666666664,0.3333333333333333,1.1666666666666667,1.8973665961010275,4,0.2,23.88,1.9459101490553132,3,0.6666666666666666,10,0.3333333333333333,2,3,25,0.44333333333333325,0,1,consistent_user
1846,2.0,1.0,-0.3333333333333333,9,8,0.26666666666666666,0.2222222222222222,1.0,2.943920288775949,2,0.4,23.34,2.0794415416798357,4,0.8,8,0.0,0,1,30,0.41000000000000003,0,1,consistent_user
1847,3.0,1.0,-0.5,10,10,0.3333333333333333,0.18181818181818182,0.9090909090909091,1.1666666666666667,2,0.45454545454545453,22.08,1.8971199848858813,5,0.9090909090909091,10,0.16666666666666666,1,0,44,0.4878787878787879,0,1,consistent_user
1848,1.0,0.0,-0.5,2,2,0.06666666666666667,0.3333333333333333,0.6666666666666666,10.0,1,0.3333333333333333,4.05,0.6931471805599453,1,0.3333333333333333,1,0.0,0,2,49,0.24063874375065847,1,0,at_risk_user
1849,4.0,1.0,-0.6,11,9,0.3,0.2,1.1,1.5979898086569353,2,0.08333333333333333,9.89,1.749199854809259,1,0.6666666666666666,8,0.0,0,4,45,0.3275,0,0,casual_user
1850,1.0,1.0,0.0,7,6,0.2,0.2857142857142857,1.0,4.08656334834051,2,0.5,9.89,1.3862943611198906,4,0.625,5,0.0,0,2,54,0.39749999999999996,0,0,casual_user
1851,1.0,0.0,-0.5,1,1,0.03333333333333333,0.5,0.5,10.0,1,0.0,7.55,1.0986122886681098,0,0.0,0,0.0,0,1,50,0.16,1,0,at_risk_user
1852,3.0,0.0,-0.75,10,9,0.3,0.2,1.0,2.6726124191242437,2,0.45454545454545453,22.44,1.7346010553881064,5,0.6363636363636364,7,0.16666666666666666,1,5,48,0.45060606060606057,0,1,consistent_user
1853,1.0,2.0,0.5,13,11,0.36666666666666664,0.3333333333333333,1.0833333333333333,2.065591117977289,4,0.35714285714285715,21.65,2.0794415416798357,5,0.7857142857142857,11,0.5,3,3,53,0.5278571428571428,0,1,consistent_user
1854,6.0,2.0,-0.5714285714285714,16,14,0.4666666666666667,0.2,1.0666666666666667,1.143543749793731,3,0.5294117647058824,21.96,2.0149030205422647,9,0.7058823529411765,12,0.3333333333333333,2,3,27,0.5596078431372549,0,1,consistent_user
1855,4.0,3.0,-0.2,12,10,0.3333333333333333,0.18181818181818182,1.0909090909090908,1.8027756377319946,2,0.38461538461538464,22.67,1.9810014688665833,5,0.6153846153846154,8,0.16666666666666666,1,0,48,0.441025641025641,0,1,consistent_user
1856,1.0,0.0,-0.5,1,1,0.03333333333333333,0.5,0.5,10.0,1,0.5,8.93,1.3862943611198906,1,0.0,0,0.0,0,4,54,0.28500000000000003,1,0,casual_user
1857,1.0,0.0,-0.5,4,4,0.13333333333333333,0.2,0.8,5.291502622129181,1,0.2,4.09,0.6931471805599453,1,0.6,3,0.0,0,0,46,0.2539720770839918,0,0,at_risk_user
1858,2.0,1.0,-0.3333333333333333,9,8,0.26666666666666666,0.3333333333333333,1.0,3.728908942943218,3,0.8,33.38,2.4423470353692043,8,0.8,8,0.16666666666666666,1,5,58,0.5433333333333333,0,1,power_user
1859,2.0,3.0,0.3333333333333333,8,7,0.23333333333333334,0.25,1.0,3.6009258068817056,2,0.0,9.88,1.3862943611198906,0,0.5555555555555556,5,0.0,0,2,65,0.27555555555555555,0,0,casual_user
1860,1.0,2.0,0.5,9,8,0.26666666666666666,0.3333333333333333,1.0,3.3022358947782493,3,0.2,9.43,1.791759469228055,2,0.5,5,0.16666666666666666,1,3,42,0.3633333333333333,0,0,casual_user
1861,3.0,0.0,-0.75,3,3,0.1,0.5,0.75,2.1213203435596424,2,0.5,13.65,1.2992829841302609,2,0.75,3,0.0,0,4,53,0.38,1,0,casual_user
1862,2.0,2.0,0.0,4,4,0.13333333333333333,0.2,0.8,0.5773502691896258,1,0.8,20.42,2.0794415416798357,4,0.4,2,0.0,0,0,36,0.43000000000000005,1,0,consistent_user
1863,4.0,3.0,-0.2,10,8,0.26666666666666666,0.2222222222222222,1.1111111111111112,3.625307868699863,2,0.09090909090909091,10.62,1.55814461804655,1,0.7272727272727273,8,0.16666666666666666,1,3,49,0.35878787878787877,0,0,casual_user
1864,0.0,0.0,0.0,2,2,0.06666666666666667,0.3333333333333333,0.6666666666666666,10.0,1,0.3333333333333333,4.24,0.0,1,0.0,0,0.0,0,3,62,0.10333333333333333,0,0,at_risk_user
1865,2.0,0.0,-0.6666666666666666,6,5,0.16666666666666666,0.16666666666666666,1.0,3.9157800414902435,1,0.0,11.71,1.3862943611198906,0,0.8571428571428571,6,0.0,0,0,39,0.2857142857142857,0,0,casual_user
1866,2.0,1.0,-0.3333333333333333,4,4,0.13333333333333333,0.2,0.8,2.516611478423583,1,0.0,5.0,1.3862943611198906,0,0.6,3,0.0,0,5,47,0.25,1,0,at_risk_user
1867,3.0,4.0,0.25,16,15,0.5,0.25,1.0,1.0377490433255416,4,0.5294117647058824,23.7,2.03688192726104,9,0.7647058823529411,13,0.3333333333333333,2,4,24,0.5754901960784313,0,1,consistent_user
1868,3.0,2.0,-0.25,9,8,0.26666666666666666,0.1111111111111111,1.0,1.4960264830861911,1,0.2,10.31,1.5404450409471488,2,0.7,7,0.0,0,5,32,0.35,0,0,casual_user
1869,2.0,4.0,0.6666666666666666,13,13,0.43333333333333335,0.21428571428571427,0.9285714285714286,1.0298573010888745,3,0.7142857142857143,36.21,2.3978952727983707,10,0.9285714285714286,13,0.5,3,1,38,0.6514285714285715,0,1,power_user
1870,6.0,4.0,-0.2857142857142857,18,13,0.43333333333333335,0.14285714285714285,1.2857142857142858,1.556997888323046,2,0.5789473684210527,21.5,1.7346010553881064,11,0.8947368421052632,17,0.16666666666666666,1,2,28,0.5475438596491228,0,1,consistent_user
1871,6.0,0.0,-0.8571428571428571,6,6,0.2,0.8571428571428571,0.8571428571428571,0.0,6,0.5714285714285714,21.93,1.9459101490553132,4,0.5714285714285714,4,0.16666666666666666,1,2,39,0.44333333333333336,1,0,consistent_user
1872,1.0,0.0,-0.5,1,1,0.03333333333333333,0.5,0.5,10.0,1,0.0,4.65,1.0986122886681098,0,0.5,1,0.0,0,3,23,0.21,1,0,at_risk_user
1873,1.0,1.0,0.0,5,4,0.13333333333333333,0.2,1.0,6.928203230275509,1,0.0,11.13,1.791759469228055,0,0.6666666666666666,4,0.0,0,2,28,0.25666666666666665,0,0,casual_user
1874,1.0,3.0,1.0,8,7,0.23333333333333334,0.25,1.0,2.8106938645110393,2,0.4444444444444444,9.71,1.6094379124341003,4,0.7777777777777778,7,0.0,0,4,41,0.40888888888888886,0,0,casual_user
1875,0.0,0.0,0.0,0,0,0.0,0.0,0.0,10.0,0,0.0,0.0,0.0,0,0.0,0,0.0,0,1,42,0.0,1,0,at_risk_user
1876,0.0,1.0,1.0,1,1,0.03333333333333333,0.5,0.5,10.0,1,0.5,7.91,0.0,1,0.0,0,0.0,0,3,28,0.135,1,0,at_risk_user
1877,0.0,2.0,2.0,7,6,0.2,0.2857142857142857,1.0,4.242640687119285,2,0.0,11.47,0.0,0,0.75,6,0.0,0,1,56,0.135,0,0,casual_user
1878,5.0,2.0,-0.5,15,13,0.43333333333333335,0.21428571428571427,1.0714285714285714,2.137330535547045,3,0.75,34.53,2.2617630984737906,12,0.9375,15,0.6666666666666666,4,5,65,0.6945833333333333,0,1,power_user
1879,5.0,2.0,-0.5,12,10,0.3333333333333333,0.18181818181818182,1.0909090909090908,1.4529663145135578,2,0.6153846153846154,19.72,1.916922612182061,8,0.7692307692307693,10,0.16666666666666666,1,3,46,0.514102564102564,0,1,consistent_user
1880,3.0,4.0,0.25,9,8,0.26666666666666666,0.5555555555555556,1.0,1.4960264830861911,5,0.1,9.1,1.5404450409471488,1,0.6,6,0.16666666666666666,1,3,64,0.34833333333333333,1,0,casual_user
1881,4.0,2.0,-0.4,12,11,0.36666666666666664,0.25,1.0,1.2649110640673518,3,0.6153846153846154,20.63,1.8718021769015913,8,0.9230769230769231,12,0.3333333333333333,2,0,36,0.5728205128205128,0,1,consistent_user
1882,4.0,8.0,0.8,18,14,0.4666666666666667,0.13333333333333333,1.2,1.589226549501683,2,0.7894736842105263,34.77,2.224623551524334,15,0.9473684210526315,18,0.16666666666666666,1,1,43,0.615438596491228,0,1,power_user
1883,3.0,1.0,-0.5,4,3,0.1,0.25,1.0,2.1213203435596424,1,0.0,10.93,1.3862943611198906,0,0.2,1,0.0,0,0,41,0.2,1,0,casual_user
1884,3.0,1.0,-0.5,10,9,0.3,0.1,1.0,1.5979898086569353,1,0.2727272727272727,22.74,1.7346010553881064,3,0.5454545454545454,6,0.16666666666666666,1,2,50,0.396060606060606,0,1,consistent_user
1885,5.0,5.0,0.0,19,17,0.5666666666666667,0.3333333333333333,1.0555555555555556,0.704154339142587,6,0.9,35.02,2.3978952727983707,18,0.95,19,0.3333333333333333,2,0,37,0.7066666666666667,0,1,power_user
1886,4.0,1.0,-0.6,9,9,0.3,0.3,0.9,2.3754698783308417,3,0.3,21.85,2.0149030205422647,3,0.7,7,0.16666666666666666,1,1,29,0.41833333333333333,0,1,consistent_user
1887,1.0,0.0,-0.5,1,1,0.03333333333333333,0.5,0.5,10.0,1,0.0,2.77,0.6931471805599453,0,0.5,1,0.0,0,2,20,0.1639720770839918,1,0,at_risk_user
1888,4.0,3.0,-0.2,12,10,0.3333333333333333,0.09090909090909091,1.0909090909090908,1.2692955176439846,1,0.7692307692307693,34.12,2.224623551524334,10,0.8461538461538461,11,0.0,0,5,19,0.5269230769230769,0,1,power_user
1889,2.0,2.0,0.0,11,11,0.36666666666666664,0.16666666666666666,0.9166666666666666,1.7511900715418263,2,0.5,10.37,1.252762968495368,6,0.6666666666666666,8,0.16666666666666666,1,2,54,0.485,0,0,casual_user
1890,2.0,1.0,-0.3333333333333333,3,3,0.1,0.5,0.75,4.949747468305833,2,0.25,8.39,1.6094379124341003,1,0.25,1,0.0,0,2,40,0.26749999999999996,1,0,casual_user
1891,1.0,4.0,1.5,10,9,0.3,0.2,1.0,0.7071067811865476,2,0.45454545454545453,21.84,1.6094379124341003,5,0.7272727272727273,8,0.16666666666666666,1,2,56,0.4596969696969697,0,1,consistent_user
1892,0.0,0.0,0.0,8,6,0.2,0.2857142857142857,1.1428571428571428,0.8944271909999159,2,0.0,11.15,0.0,0,0.6666666666666666,6,0.0,0,5,45,0.12666666666666665,0,0,casual_user
1893,1.0,3.0,1.0,5,4,0.13333333333333333,0.4,1.0,3.0550504633038935,2,0.8333333333333334,22.75,2.1972245773362196,5,0.3333333333333333,2,0.0,0,2,49,0.43166666666666664,1,0,consistent_user
1894,2.0,2.0,0.0,14,13,0.43333333333333335,0.21428571428571427,1.0,1.6143297699232972,3,0.6666666666666666,33.52,2.3978952727983707,10,0.9333333333333333,14,0.5,3,2,31,0.6399999999999999,0,1,power_user
1895,2.0,2.0,0.0,4,4,0.13333333333333333,0.4,0.8,1.5275252316519465,2,0.4,9.7,1.5040773967762742,2,0.4,2,0.0,0,4,59,0.33,1,0,casual_user
1896,6.0,2.0,-0.5714285714285714,10,10,0.3333333333333333,0.5454545454545454,0.9090909090909091,3.4075080500434787,6,0.18181818181818182,10.35,1.6422277352570913,2,0.7272727272727273,8,0.3333333333333333,2,5,24,0.4348484848484848,0,0,casual_user
1897,2.0,0.0,-0.6666666666666666,2,2,0.06666666666666667,0.3333333333333333,0.6666666666666666,10.0,1,0.0,6.53,1.0986122886681098,0,0.3333333333333333,1,0.0,0,3,56,0.2033333333333333,1,0,at_risk_user
1898,3.0,2.0,-0.25,5,3,0.1,0.25,1.25,1.4142135623730951,1,0.3333333333333333,10.91,1.6739764335716716,2,0.0,0,0.0,0,2,61,0.2633333333333333,1,0,casual_user
1899,1.0,1.0,0.0,2,2,0.06666666666666667,0.6666666666666666,0.6666666666666666,10.0,2,0.0,6.25,1.0986122886681098,0,0.6666666666666666,2,0.0,0,2,35,0.23666666666666666,1,0,at_risk_user
1900,0.0,0.0,0.0,0,0,0.0,0.0,0.0,10.0,0,0.0,0.0,0.0,0,0.0,0,0.0,0,5,58,0.0,1,0,casual_user
1901,2.0,3.0,0.3333333333333333,10,7,0.23333333333333334,0.25,1.25,1.760681686165901,2,0.36363636363636365,10.94,1.7047480922384253,4,0.18181818181818182,2,0.16666666666666666,1,3,23,0.3624242424242424,0,0,casual_user
1902,2.0,3.0,0.3333333333333333,10,8,0.26666666666666666,0.2222222222222222,1.1111111111111112,2.29906813420444,2,0.45454545454545453,10.48,1.3862943611198906,5,0.18181818181818182,2,0.16666666666666666,1,1,38,0.39515151515151514,0,0,casual_user
1903,4.0,1.0,-0.6,11,11,0.36666666666666664,0.25,0.9166666666666666,1.636391694484477,3,0.5,8.67,1.6094379124341003,6,0.4166666666666667,5,0.3333333333333333,2,3,48,0.4933333333333333,0,0,casual_user
1904,3.0,1.0,-0.5,15,12,0.4,0.23076923076923078,1.1538461538461537,1.7529196424044293,3,0.6875,22.04,2.03688192726104,11,0.6875,11,0.3333333333333333,2,3,36,0.5772916666666666,0,1,consistent_user
1905,4.0,4.0,0.0,12,10,0.3333333333333333,0.2727272727272727,1.0909090909090908,2.260776661041756,3,0.5384615384615384,19.32,1.791759469228055,7,0.6923076923076923,9,0.3333333333333333,2,3,62,0.5205128205128206,0,1,consistent_user
1906,1.0,4.0,1.5,5,3,0.1,0.25,1.25,4.949747468305833,1,0.0,8.74,1.6094379124341003,0,0.5,3,0.0,0,5,64,0.22999999999999998,1,0,casual_user
1907,1.0,3.0,1.0,4,3,0.1,0.5,1.0,4.242640687119285,2,0.8,7.91,1.791759469228055,4,0.2,1,0.0,0,5,31,0.4,1,0,casual_user
1908,1.0,0.0,-0.5,1,1,0.03333333333333333,0.5,0.5,10.0,1,0.0,4.0,1.3862943611198906,0,0.0,0,0.0,0,0,61,0.16,1,0,at_risk_user
1909,8.0,5.0,-0.3333333333333333,25,18,0.6,0.3157894736842105,1.3157894736842106,1.1599949289950011,6,0.7307692307692307,35.29,2.3632097148104805,19,0.9230769230769231,24,0.6666666666666666,4,2,63,0.7383333333333333,0,1,power_user
1910,0.0,5.0,5.0,10,10,0.3333333333333333,0.2727272727272727,0.9090909090909091,1.3228756555322951,3,0.09090909090909091,10.29,0.0,1,0.45454545454545453,5,0.3333333333333333,2,4,27,0.23484848484848486,0,0,casual_user
1911,6.0,4.0,-0.2857142857142857,20,16,0.5333333333333333,0.23529411764705882,1.1764705882352942,1.3557637102737474,4,0.3333333333333333,21.66,2.0794415416798357,7,0.8095238095238095,17,0.5,3,4,42,0.5742857142857143,0,1,consistent_user
1912,0.0,0.0,0.0,0,0,0.0,0.0,0.0,10.0,0,0.0,0.0,0.0,0,0.0,0,0.0,0,0,60,0.0,1,0,casual_user
1913,4.0,1.0,-0.6,12,12,0.4,0.3076923076923077,0.9230769230769231,1.6949121725703882,4,0.6923076923076923,35.81,2.463853240590168,9,0.9230769230769231,12,0.5,3,3,20,0.6353846153846154,0,1,power_user
1914,3.0,2.0,-0.25,8,8,0.26666666666666666,0.1111111111111111,0.8888888888888888,1.618347187425374,1,0.3333333333333333,8.03,1.2992829841302609,3,0.4444444444444444,4,0.0,0,1,63,0.35777777777777775,0,0,casual_user
1915,2.0,0.0,-0.6666666666666666,5,4,0.13333333333333333,0.4,1.0,7.371114795831994,2,0.3333333333333333,9.53,1.0986122886681098,2,0.16666666666666666,1,0.0,0,5,55,0.29,1,0,casual_user
1916,7.0,5.0,-0.25,23,19,0.6333333333333333,0.25,1.15,0.8498365855987974,5,0.7083333333333334,36.83,2.2881963555419462,17,0.875,21,0.6666666666666666,4,1,65,0.7379166666666667,0,1,power_user
1917,1.0,1.0,0.0,2,2,0.06666666666666667,0.3333333333333333,0.6666666666666666,10.0,1,0.0,5.98,1.0986122886681098,0,0.0,0,0.0,0,4,57,0.16999999999999998,1,0,casual_user
1918,1.0,1.0,0.0,4,4,0.13333333333333333,0.2,0.8,2.309401076758503,1,0.4,11.19,1.3862943611198906,2,0.2,1,0.0,0,1,47,0.31000000000000005,0,0,casual_user
1919,0.0,4.0,4.0,11,9,0.3,0.2,1.1,0.8864052604279183,2,0.16666666666666666,23.41,0.0,2,0.75,9,0.0,0,3,43,0.20666666666666667,0,1,consistent_user
1920,4.0,5.0,0.2,16,12,0.4,0.23076923076923078,1.2307692307692308,2.423371055519,3,0.7058823529411765,34.63,2.224623551524334,12,0.9411764705882353,16,0.16666666666666666,1,5,47,0.573921568627451,0,1,power_user
1921,4.0,6.0,0.4,25,20,0.6666666666666666,0.23809523809523808,1.1904761904761905,0.696692268479466,5,0.8076923076923077,35.92,2.302585092994046,21,0.9230769230769231,24,0.6666666666666666,4,5,46,0.7775641025641026,0,1,power_user
1922,0.0,0.0,0.0,0,0,0.0,0.0,0.0,10.0,0,0.0,0.0,0.0,0,0.0,0,0.0,0,3,26,0.0,1,0,at_risk_user
1923,2.0,3.0,0.3333333333333333,11,10,0.3333333333333333,0.18181818181818182,1.0,1.964971020425266,2,0.4166666666666667,21.13,2.1972245773362196,5,0.4166666666666667,5,0.16666666666666666,1,0,37,0.4291666666666667,0,1,consistent_user
1924,2.0,0.0,-0.6666666666666666,2,2,0.06666666666666667,0.3333333333333333,0.6666666666666666,10.0,1,0.3333333333333333,6.75,1.3862943611198906,1,0.3333333333333333,1,0.0,0,5,45,0.2866666666666666,1,0,casual_user
1925,1.0,4.0,1.5,5,3,0.1,0.25,1.25,2.8284271247461903,1,0.0,6.96,1.3862943611198906,0,0.5,3,0.0,0,4,19,0.22999999999999998,1,0,at_risk_user
1926,2.0,4.0,0.6666666666666666,18,14,0.4666666666666667,0.26666666666666666,1.2,1.1435437497937313,4,0.3684210526315789,23.57,1.6094379124341003,7,0.7368421052631579,14,0.3333333333333333,2,2,41,0.5224561403508772,0,1,consistent_user
1927,2.0,1.0,-0.3333333333333333,5,4,0.13333333333333333,0.2,1.0,4.358898943540674,1,0.0,9.47,1.6094379124341003,0,0.0,0,0.0,0,1,62,0.19,1,0,casual_user
1928,3.0,4.0,0.25,14,12,0.4,0.23076923076923078,1.0769230769230769,0.8312094145936334,3,0.4666666666666667,23.32,2.0794415416798357,7,0.6666666666666666,10,0.3333333333333333,2,0,58,0.52,0,1,consistent_user
1929,0.0,1.0,1.0,3,3,0.1,0.5,0.75,3.5355339059327378,2,0.25,3.77,0.0,1,0.25,1,0.0,0,3,41,0.1175,1,0,at_risk_user
1930,2.0,2.0,0.0,10,10,0.3333333333333333,0.18181818181818182,0.9090909090909091,1.118033988749895,2,0.6363636363636364,22.43,2.0794415416798357,7,0.7272727272727273,8,0.16666666666666666,1,5,56,0.5151515151515151,0,1,consistent_user
1931,3.0,1.0,-0.5,4,4,0.13333333333333333,0.4,0.8,2.0,2,0.2,11.35,1.3862943611198906,1,0.4,2,0.0,0,3,61,0.28,1,0,casual_user
1932,2.0,5.0,1.0,14,13,0.43333333333333335,0.5,1.0,1.7494587907710375,7,0.3333333333333333,22.26,2.0149030205422647,5,0.7333333333333333,11,0.5,3,3,51,0.5366666666666667,0,1,consistent_user
1933,0.0,1.0,1.0,8,7,0.23333333333333334,0.375,1.0,2.1369760566432805,3,0.2222222222222222,8.38,0.0,2,0.3333333333333333,3,0.16666666666666666,1,0,33,0.19222222222222218,0,0,casual_user
1934,2.0,3.0,0.3333333333333333,9,8,0.26666666666666666,0.2222222222222222,1.0,2.2253945610567474,2,0.2,20.74,1.8718021769015913,2,0.6,6,0.0,0,2,58,0.33999999999999997,0,1,consistent_user
1935,3.0,2.0,-0.25,13,9,0.3,0.3,1.3,3.116774889895918,3,0.8571428571428571,34.99,2.1594842493533726,12,0.9285714285714286,13,0.16666666666666666,1,1,19,0.5804761904761905,0,1,power_user
1936,4.0,4.0,0.0,13,10,0.3333333333333333,0.18181818181818182,1.1818181818181819,3.1402406135694623,2,0.5714285714285714,22.53,1.9459101490553132,8,0.7857142857142857,11,0.0,0,3,45,0.4714285714285714,0,1,consistent_user
1937,0.0,4.0,4.0,15,11,0.36666666666666664,0.25,1.25,1.1005049346146119,3,0.8125,33.86,0.0,13,0.9375,15,0.16666666666666666,1,5,60,0.4402083333333333,0,1,power_user
1938,3.0,2.0,-0.25,7,6,0.2,0.2857142857142857,1.0,2.6076809620810595,2,0.125,10.06,1.3862943611198906,1,0.25,2,0.0,0,1,60,0.26625,0,0,casual_user
1939,1.0,0.0,-0.5,9,8,0.26666666666666666,0.3333333333333333,1.0,4.3149794459588815,3,0.2,10.33,1.791759469228055,2,0.7,7,0.16666666666666666,1,2,58,0.3833333333333333,0,0,casual_user
1940,2.0,5.0,1.0,14,12,0.4,0.23076923076923078,1.0769230769230769,1.6292775867068983,3,0.8,33.5,2.3513752571634776,12,0.8,12,0.3333333333333333,2,4,48,0.6166666666666667,0,1,power_user
1941,2.0,7.0,1.6666666666666667,14,13,0.43333333333333335,0.5,1.0,2.391588796113782,7,0.26666666666666666,23.36,1.7047480922384253,4,0.7333333333333333,11,0.5,3,2,53,0.52,0,1,consistent_user
1942,1.0,3.0,1.0,6,5,0.16666666666666666,0.3333333333333333,1.0,3.3166247903554,2,0.14285714285714285,10.41,1.0986122886681098,1,0.42857142857142855,3,0.0,0,4,33,0.2785714285714286,0,0,casual_user
1943,5.0,4.0,-0.16666666666666666,17,14,0.4666666666666667,0.2,1.1333333333333333,1.4411533842457842,3,0.8333333333333334,37.59,2.322387720290225,15,0.9444444444444444,17,0.3333333333333333,2,0,61,0.6594444444444444,0,1,power_user
1944,5.0,5.0,0.0,14,13,0.43333333333333335,0.2857142857142857,1.0,1.9128750375000738,4,0.4,23.62,2.0014800002101243,6,0.6666666666666666,10,0.5,3,2,62,0.5466666666666666,0,1,consistent_user
1945,2.0,1.0,-0.3333333333333333,10,8,0.26666666666666666,0.3333333333333333,1.1111111111111112,3.251373336211726,3,0.2727272727272727,10.64,1.252762968495368,3,0.45454545454545453,5,0.3333333333333333,2,2,21,0.4103030303030303,0,0,casual_user
1946,3.0,1.0,-0.5,11,10,0.3333333333333333,0.18181818181818182,1.0,2.223610677354389,2,0.3333333333333333,22.34,1.992430164690206,4,0.75,9,0.16666666666666666,1,4,64,0.44166666666666665,0,1,consistent_user
1947,8.0,3.0,-0.5555555555555556,22,17,0.5666666666666667,0.2222222222222222,1.2222222222222223,1.390443574307614,4,0.6086956521739131,22.5,2.0149030205422647,14,0.5217391304347826,12,0.8333333333333334,5,5,43,0.6910144927536233,0,1,consistent_user
1948,0.0,0.0,0.0,0,0,0.0,0.0,0.0,10.0,0,0.0,0.0,0.0,0,0.0,0,0.0,0,1,41,0.0,1,0,at_risk_user
1949,3.0,3.0,0.0,13,13,0.43333333333333335,0.14285714285714285,0.9285714285714286,0.8660254037844386,2,0.35714285714285715,20.99,2.03688192726104,5,0.7857142857142857,11,0.16666666666666666,1,3,22,0.48119047619047617,0,1,consistent_user
1950,3.0,6.0,0.75,14,12,0.4,0.3076923076923077,1.0769230769230769,1.6348477827391983,4,0.3333333333333333,22.94,2.0794415416798357,5,0.4666666666666667,7,0.3333333333333333,2,0,62,0.4666666666666667,0,1,consistent_user
1951,2.0,0.0,-0.6666666666666666,2,2,0.06666666666666667,0.3333333333333333,0.6666666666666666,10.0,1,0.0,7.33,1.252762968495368,0,0.3333333333333333,1,0.0,0,3,53,0.2033333333333333,1,0,at_risk_user
1952,1.0,0.0,-0.5,1,1,0.03333333333333333,0.5,0.5,10.0,1,0.0,3.7,1.3862943611198906,0,0.0,0,0.0,0,5,62,0.16,1,0,at_risk_user
1953,2.0,1.0,-0.3333333333333333,3,3,0.1,0.25,0.75,2.1213203435596424,1,0.25,8.38,1.5040773967762742,1,0.5,2,0.0,0,4,19,0.2925,1,0,casual_user
1954,3.0,0.0,-0.75,3,2,0.06666666666666667,0.6666666666666666,1.0,10.0,2,0.75,7.58,1.791759469228055,3,0.75,3,0.0,0,3,22,0.4325,1,0,casual_user
1955,2.0,2.0,0.0,5,5,0.16666666666666666,0.16666666666666666,0.8333333333333334,3.366501646120693,1,0.3333333333333333,11.31,1.5040773967762742,2,0.6666666666666666,4,0.0,0,5,33,0.35,0,0,casual_user
1956,4.0,2.0,-0.4,15,12,0.4,0.23076923076923078,1.1538461538461537,1.2862913567871996,3,0.5625,31.81,2.1972245773362196,9,0.9375,15,0.5,3,5,48,0.604375,0,1,power_user
1957,2.0,0.0,-0.6666666666666666,2,2,0.06666666666666667,0.3333333333333333,0.6666666666666666,10.0,1,0.0,5.0,1.252762968495368,0,0.6666666666666666,2,0.0,0,1,64,0.23666666666666666,1,0,at_risk_user
1958,0.0,3.0,3.0,10,9,0.3,0.3,1.0,1.6690459207925603,3,0.5454545454545454,8.95,0.0,6,0.36363636363636365,4,0.3333333333333333,2,0,28,0.3293939393939394,0,0,casual_user
1959,4.0,1.0,-0.6,10,9,0.3,0.2,1.0,1.4577379737113252,2,0.36363636363636365,22.06,1.8718021769015913,4,0.8181818181818182,9,0.16666666666666666,1,3,59,0.44606060606060605,0,1,consistent_user
1960,1.0,0.0,-0.5,5,5,0.16666666666666666,0.3333333333333333,0.8333333333333334,7.041543391425869,2,0.16666666666666666,10.65,1.0986122886681098,1,0.3333333333333333,2,0.0,0,5,47,0.275,0,0,casual_user
1961,2.0,0.0,-0.6666666666666666,2,2,0.06666666666666667,0.3333333333333333,0.6666666666666666,10.0,1,0.3333333333333333,5.19,1.0986122886681098,1,0.0,0,0.0,0,5,47,0.2533333333333333,1,0,at_risk_user
1962,2.0,3.0,0.3333333333333333,12,11,0.36666666666666664,0.25,1.0,2.3118054512532935,3,0.3076923076923077,11.22,1.5040773967762742,4,0.7692307692307693,10,0.3333333333333333,2,0,34,0.4805128205128205,0,0,casual_user
1963,3.0,3.0,0.0,11,10,0.3333333333333333,0.18181818181818182,1.0,1.9364916731037087,2,0.3333333333333333,8.78,1.5404450409471488,4,0.3333333333333333,4,0.16666666666666666,1,1,29,0.39999999999999997,0,0,casual_user
1964,1.0,2.0,0.5,5,5,0.16666666666666666,0.3333333333333333,0.8333333333333334,1.707825127659933,2,0.5,9.79,1.791759469228055,3,0.3333333333333333,2,0.0,0,3,55,0.3583333333333333,1,0,casual_user
1965,1.0,0.0,-0.5,6,5,0.16666666666666666,0.3333333333333333,1.0,5.9651767227244274,2,0.14285714285714285,10.46,1.6094379124341003,1,0.2857142857142857,2,0.0,0,5,58,0.2642857142857143,0,0,casual_user
1966,4.0,6.0,0.4,14,13,0.43333333333333335,0.2857142857142857,1.0,2.8431203515386634,4,0.4,22.67,1.749199854809259,6,0.5333333333333333,8,0.5,3,4,39,0.5333333333333333,0,1,consistent_user
1967,4.0,5.0,0.2,16,14,0.4666666666666667,0.26666666666666666,1.0666666666666667,1.344504484072964,4,0.9411764705882353,35.38,2.4423470353692043,16,0.8823529411764706,15,0.6666666666666666,4,1,56,0.7468627450980392,0,1,power_user
1968,0.0,1.0,1.0,1,1,0.03333333333333333,0.5,0.5,10.0,1,0.0,7.26,0.0,0,0.0,0,0.0,0,2,35,0.01,1,0,at_risk_user
1969,4.0,3.0,-0.2,16,14,0.4666666666666667,0.2,1.0666666666666667,0.75955452531275,3,0.5294117647058824,21.59,1.9810014688665833,9,0.6470588235294118,11,0.3333333333333333,2,2,55,0.5537254901960784,0,1,consistent_user
1970,1.0,3.0,1.0,7,7,0.23333333333333334,0.25,0.875,2.0655911179772892,2,0.25,9.32,1.0986122886681098,2,0.25,2,0.0,0,2,62,0.3075,0,0,casual_user
1971,0.0,0.0,0.0,0,0,0.0,0.0,0.0,10.0,0,0.0,0.0,0.0,0,0.0,0,0.0,0,3,20,0.0,1,0,at_risk_user
1972,0.0,0.0,0.0,2,2,0.06666666666666667,0.3333333333333333,0.6666666666666666,10.0,1,0.0,5.31,0.0,0,0.3333333333333333,1,0.0,0,5,61,0.05333333333333333,0,0,at_risk_user
1973,3.0,3.0,0.0,15,10,0.3333333333333333,0.2727272727272727,1.3636363636363635,2.048034287907418,3,0.5625,23.26,1.9459101490553132,9,0.875,14,0.3333333333333333,2,1,55,0.5447916666666667,0,1,consistent_user
1974,1.0,1.0,0.0,2,2,0.06666666666666667,0.3333333333333333,0.6666666666666666,10.0,1,0.0,4.92,1.3862943611198906,0,0.6666666666666666,2,0.0,0,4,56,0.23666666666666666,1,0,at_risk_user
1975,6.0,3.0,-0.42857142857142855,17,15,0.5,0.25,1.0625,0.9972489631508746,4,0.3888888888888889,23.81,1.9694406464655074,7,0.8333333333333334,15,0.5,3,2,22,0.5805555555555556,0,1,consistent_user
1976,3.0,2.0,-0.25,11,9,0.3,0.3,1.1,2.100170061141308,3,0.5,25.08,1.9459101490553132,6,0.75,9,0.3333333333333333,2,5,46,0.5066666666666667,0,1,consistent_user
1977,0.0,0.0,0.0,0,0,0.0,0.0,0.0,10.0,0,0.0,0.0,0.0,0,0.0,0,0.0,0,3,40,0.0,1,0,at_risk_user
1978,3.0,3.0,0.0,13,11,0.36666666666666664,0.25,1.0833333333333333,1.9888578520235063,3,0.5,35.66,2.4849066497880004,7,0.9285714285714286,13,0.3333333333333333,2,2,47,0.5445238095238095,0,1,power_user
1979,6.0,4.0,-0.2857142857142857,22,18,0.6,0.15789473684210525,1.1578947368421053,0.9195587176978519,3,0.8695652173913043,36.41,2.3191143949452564,20,0.9130434782608695,21,0.6666666666666666,4,4,55,0.7720289855072464,0,1,power_user
1980,4.0,2.0,-0.4,10,10,0.3333333333333333,0.18181818181818182,0.9090909090909091,3.1797973380564857,2,0.8181818181818182,33.87,2.3513752571634776,9,0.9090909090909091,10,0.16666666666666666,1,2,49,0.5787878787878789,0,1,power_user
1981,5.0,1.0,-0.6666666666666666,11,9,0.3,0.4,1.1,1.5979898086569353,4,0.75,25.82,1.9740810260220096,9,0.8333333333333334,10,0.16666666666666666,1,2,58,0.5441666666666667,0,1,consistent_user
1982,4.0,1.0,-0.6,11,9,0.3,0.3,1.1,2.9246489410818914,3,0.08333333333333333,22.91,1.8718021769015913,1,0.75,9,0.3333333333333333,2,5,28,0.40249999999999997,0,1,consistent_user
1983,1.0,0.0,-0.5,1,1,0.03333333333333333,0.5,0.5,10.0,1,0.0,4.53,1.3862943611198906,0,0.5,1,0.0,0,1,57,0.21,1,0,at_risk_user
1984,1.0,3.0,1.0,10,8,0.26666666666666666,0.2222222222222222,1.1111111111111112,2.439750182371333,2,0.45454545454545453,10.47,1.6094379124341003,5,0.2727272727272727,3,0.16666666666666666,1,1,28,0.4042424242424242,0,0,casual_user
1985,5.0,0.0,-0.8333333333333334,10,8,0.26666666666666666,0.1111111111111111,1.1111111111111112,2.14919697074224,1,0.45454545454545453,21.39,1.8870696490323797,5,0.5454545454545454,6,0.16666666666666666,1,5,26,0.4315151515151515,0,1,consistent_user
1986,1.0,2.0,0.5,3,3,0.1,0.25,0.75,1.4142135623730951,1,0.25,10.56,1.791759469228055,1,0.25,1,0.0,0,4,41,0.26749999999999996,1,0,casual_user
1987,5.0,4.0,-0.16666666666666666,20,17,0.5666666666666667,0.2222222222222222,1.1111111111111112,1.2382783747337807,4,0.7142857142857143,33.79,2.4336133554004498,15,0.9523809523809523,20,0.6666666666666666,4,4,44,0.7271428571428571,0,1,power_user
1988,0.0,1.0,1.0,3,3,0.1,0.25,0.75,1.4142135623730951,1,0.25,4.01,0.0,1,0.25,1,0.0,0,1,37,0.1175,0,0,at_risk_user
1989,3.0,3.0,0.0,12,11,0.36666666666666664,0.25,1.0,1.9321835661585915,3,0.3076923076923077,22.05,1.8971199848858813,4,0.7692307692307693,10,0.3333333333333333,2,4,23,0.4805128205128205,0,1,consistent_user
1990,3.0,1.0,-0.5,4,4,0.13333333333333333,0.4,0.8,3.0,2,0.4,6.33,0.9808292530117262,2,0.4,2,0.0,0,1,60,0.3271243879517589,1,0,at_risk_user
1991,2.0,2.0,0.0,5,5,0.16666666666666666,0.3333333333333333,0.8333333333333334,3.5118845842842465,2,0.3333333333333333,5.61,1.252762968495368,2,0.16666666666666666,1,0.0,0,2,58,0.3,0,0,at_risk_user
1992,3.0,1.0,-0.5,9,7,0.23333333333333334,0.25,1.125,2.4221202832779936,2,0.1,10.32,1.2039728043259361,1,0.4,4,0.0,0,0,37,0.28500000000000003,0,0,casual_user
1993,1.0,1.0,0.0,11,11,0.36666666666666664,0.3333333333333333,0.9166666666666666,1.837873166945363,4,0.4166666666666667,22.84,1.9459101490553132,5,0.6666666666666666,8,0.3333333333333333,2,0,56,0.49749999999999994,0,1,consistent_user
1994,3.0,1.0,-0.5,4,4,0.13333333333333333,0.4,0.8,2.081665999466133,2,0.2,9.23,1.4663370687934272,1,0.2,1,0.0,0,2,36,0.26,1,0,casual_user
1995,4.0,8.0,0.8,21,17,0.5666666666666667,0.3888888888888889,1.1666666666666667,0.9810708435174292,7,0.45454545454545453,21.22,1.9459101490553132,10,0.8181818181818182,18,0.5,3,0,49,0.6154545454545455,0,1,consistent_user
1996,4.0,3.0,-0.2,14,14,0.4666666666666667,0.2,0.9333333333333333,1.4806443503784736,3,0.4,23.81,1.8325814637483102,6,0.8666666666666667,13,0.5,3,0,27,0.5766666666666667,0,1,consistent_user
1997,4.0,7.0,0.6,15,13,0.43333333333333335,0.2857142857142857,1.0714285714285714,1.2792042981336627,4,0.5,19.93,1.9095425048844386,8,0.5,8,0.3333333333333333,2,5,59,0.5216666666666666,0,1,consistent_user
1998,1.0,0.0,-0.5,2,2,0.06666666666666667,0.3333333333333333,0.6666666666666666,10.0,1,0.0,9.68,1.0986122886681098,0,0.3333333333333333,1,0.0,0,5,20,0.2033333333333333,1,0,casual_user
1999,8.0,7.0,-0.1111111111111111,20,16,0.5333333333333333,0.29411764705882354,1.1764705882352942,1.1126972805283735,5,0.5238095238095238,22.05,1.9459101490553132,11,0.9047619047619048,19,0.5,3,5,29,0.6314285714285715,0,1,consistent_user
2000,7.0,5.0,-0.25,15,11,0.36666666666666664,0.25,1.25,2.412928142780514,3,0.625,21.45,1.9661128563728327,10,0.625,10,0.3333333333333333,2,1,64,0.5454166666666667,0,1,consistent_user
