user_id,w1_sessions,w2_sessions,engagement_velocity,total_sessions_30d,total_active_days_30d,consistency_rate,streak_to_days_ratio,sessions_per_active_day,session_gap_std,max_streak_30d,workout_density,duration_per_session,feature_adoption_score,workouts_logged,social_ratio,social_actions,milestone_rate,milestones_hit,routine_encoded,age,habit_score,churned_30d,retained_long_term,persona,cluster_id,pca_x,pca_y
1,2.0699076441542013,0.49426356739389105,-0.6518077254170568,1.0583737791333439,0.9305831627362814,0.9305831627362817,-1.0195301572443607,0.9050517375803967,-0.8091781136644035,-0.19178464021846164,1.752967875636241,1.9668262093254127,1.0687347232965478,1.727401539164822,1.398128266747984,1.4448710697055487,0.08789230061257318,0.08789230061257323,1.4804659467749903,1.6816503934988718,1.2134045237109363,0,1,power_user,2,3.012064465757715,-0.47116925945483973
2,-0.7718107031195512,-1.1496285636279193,-0.736620899410813,-1.2379815727251318,-1.2877318855027686,-1.2877318855027688,1.6707077558015044,-1.4350566712732788,1.8439514113967574,-0.8577035298658984,-1.311479992973772,-0.8195711663345783,-1.0813099434085147,-0.8915523367629506,-1.7101503814556616,-1.0421409270335906,-0.7297104957834565,-0.7297104957834566,1.4804659467749903,1.6087159096762205,-1.3441548622682613,0,0,at_risk_user,1,-2.9012694632158027,-0.9500283990531765
3,-0.20346703366480073,1.5901916547417647,1.0444557544580695,0.4022722500309223,0.7289181583509132,0.7289181583509132,-0.91989171602044,0.05618888338837724,-0.596032536792698,-0.19178464021846164,0.8886364255154683,0.5899166395787115,0.7425477791198799,0.5186535964289268,0.7764725371072548,0.4500662710098929,0.08789230061257318,0.08789230061257323,-0.2633101978363056,0.6605676199817532,0.7608330230456674,0,1,consistent_user,0,1.600670646693404,1.0010028623982081
4,-0.7718107031195512,-1.1496285636279193,-0.736620899410813,-0.41785466134710464,-0.48107186796129586,-0.4810718679612959,0.3754080198905321,0.3544379943207086,0.6142085484138998,-0.19178464021846164,-0.23387195126475638,-0.5407397920852464,-0.5218188133002654,-0.48863635585098564,-1.2365079207770109,-0.8763401272509813,-0.7297104957834565,-0.7297104957834566,0.8992072319045583,0.7335021038044045,-0.44080614648273286,0,0,casual_user,1,-1.5397365891950927,-0.7525599750566516
5,0.9332203052447002,-1.1496285636279193,-1.0928362301845895,-0.7459054258983154,-0.8844018767320323,-0.8844018767320323,-0.27224184806495383,0.3544379943207086,-0.9350918936641772,-0.8577035298658984,-0.557154363777461,-0.6413490508350054,0.11227831896551003,-0.6900943463069682,0.2791479533946715,-0.5447385276857627,-0.7297104957834565,-0.7297104957834566,1.4804659467749903,-0.287580669712714,-0.41826367118152236,1,0,casual_user,1,-0.9986372155904889,-1.1580233767696348
6,-0.7718107031195512,-0.053700476280045734,0.4507635365017753,0.23824686775531695,0.32558814958017684,0.3255881495801769,-0.6608317688382453,0.3544379943207086,-0.4239087339013665,-0.19178464021846164,0.06002115101952067,-0.5263670408352809,0.4346375910307722,-0.08572037493902064,0.09830265022645933,-0.04733612833793493,0.08789230061257318,0.08789230061257323,-1.4258276275771695,-0.5793186050033193,0.2591490967083806,0,0,casual_user,0,0.20663033003892847,0.3946410397136373
7,-1.3401543725743017,-1.1496285636279193,-0.1429286814545189,-1.402006955000737,-1.489396889888137,-1.489396889888137,-2.215191451931412,-3.2245513368672665,1.8439514113967574,-1.523622419513335,-1.311479992973772,-1.536292361999528,-2.0377663477395522,-0.8915523367629506,-1.7101503814556616,-1.0421409270335906,-0.7297104957834565,-0.7297104957834566,1.4804659467749903,-0.506384121180668,-1.9436378332300805,1,0,at_risk_user,3,-3.495069994156195,0.6748642134630441
8,1.5015639746994507,1.042227611067828,-0.34082608743995035,1.7144753082357655,1.9389081846631224,1.9389081846631226,-0.48812513738344926,0.5532707349422629,-0.8742413870193999,1.1400531390764117,1.328659709213316,1.7953113777424903,1.166838201927578,1.9288595296208046,1.4395719820573658,2.1080742688359857,0.9054950970086029,0.905495097008603,0.31794851703412635,0.5876331361591018,1.5103703268109068,0,1,power_user,2,3.559310647669258,-0.15963057149035786
9,-1.3401543725743017,-1.1496285636279193,-0.1429286814545189,-1.2379815727251318,-1.2877318855027686,-1.2877318855027688,1.6707077558015044,-1.4350566712732788,1.8439514113967574,-0.8577035298658984,-1.311479992973772,-1.1836808646670394,-2.0377663477395522,-0.8915523367629506,-1.7101503814556616,-1.0421409270335906,-0.7297104957834565,-0.7297104957834566,-0.2633101978363056,-0.506384121180668,-1.8910387241939233,0,0,at_risk_user,1,-3.4317428370225964,-0.07285691480196375
10,0.3648766357899498,-0.053700476280045734,-0.439774790432666,0.5662976323065277,0.7289181583509132,0.7289181583509132,-0.91989171602044,0.3544379943207086,-0.6106669149636318,-0.19178464021846164,0.42927145901771485,0.18556323774634673,0.5092435931882985,0.3171956059729444,0.8402320991216888,0.6158670707925021,0.08789230061257318,0.08789230061257323,-0.8445689127067375,0.15002623322319394,0.6107906927822703,0,1,consistent_user,0,1.1800588660604046,-0.2495395989706652
11,-1.3401543725743017,-1.1496285636279193,-0.1429286814545189,-1.402006955000737,-1.489396889888137,-1.489396889888137,-2.215191451931412,-3.2245513368672665,1.8439514113967574,-1.523622419513335,-1.311479992973772,-1.536292361999528,-2.0377663477395522,-0.8915523367629506,-1.7101503814556616,-1.0421409270335906,-0.7297104957834565,-0.7297104957834566,0.31794851703412635,-0.7981220564712733,-1.9436378332300805,1,0,at_risk_user,3,-3.495069994156195,0.6748642134630441
12,-0.7718107031195512,-1.1496285636279193,-0.736620899410813,-0.9099308081739209,-0.8844018767320323,-0.8844018767320323,1.6707077558015044,-0.5403093384762852,2.236816445239404,-0.19178464021846164,-0.3685729564783833,-0.6499727015849847,0.4346375910307722,-0.6900943463069682,-0.8812760752680229,-0.8763401272509813,-0.7297104957834565,-0.7297104957834566,-1.4258276275771695,-0.506384121180668,-0.5366116665128764,0,0,casual_user,1,-1.3629446006747905,-1.4130087187072216
13,0.9332203052447002,0.49426356739389105,-0.3804055686370366,1.0583737791333439,0.9305831627362814,0.9305831627362817,0.1761311374426905,0.9050517375803967,-0.3181922040050868,1.1400531390764117,0.10288056176931103,0.7547241872449832,0.7425477791198799,0.3171956059729444,-0.2596203456272937,0.11846467144467435,0.9054950970086029,0.905495097008603,-0.8445689127067375,-1.2357289594071812,0.5504365869010385,0,1,consistent_user,0,1.303757796508821,-0.4367816982874729
14,-0.20346703366480073,-0.053700476280045734,-0.1429286814545189,-0.25382927907149927,-0.07774185919055952,-0.07774185919055944,-0.27224184806495383,-0.09293567207778825,0.3113501321179749,-0.19178464021846164,-0.3685729564783833,-0.488039704168706,0.4346375910307722,-0.48863635585098564,-0.05240176908038397,-0.3789377279031535,-0.7297104957834565,-0.7297104957834566,1.4804659467749903,-0.5793186050033193,-0.19471745777785449,0,0,casual_user,0,-0.5141960589104942,-0.36125291402813065
15,1.5015639746994507,-0.053700476280045734,-0.736620899410813,0.07422148547971154,0.12392314519480867,0.12392314519480872,-0.48812513738344926,0.3544379943207086,-0.7338237056814739,-0.19178464021846164,-0.557154363777461,-0.4592942016687748,0.1267274029416645,-0.48863635585098564,-0.05240176908038397,-0.2131369281205442,-0.7297104957834565,-0.7297104957834566,-0.8445689127067375,-0.6522530888259707,-0.20786723503689408,0,0,casual_user,0,-0.5956216876112643,-0.7079357240708165
16,-0.20346703366480073,1.042227611067828,0.6486609424872066,1.55044992596016,1.1322481671216496,1.1322481671216498,0.005322381058825778,1.3770063746601304,-0.5305940025565234,1.1400531390764117,1.4676144303810574,1.8039350284924693,1.39109399536181,1.9288595296208046,1.0818472814921742,1.6106718694881579,0.9054950970086029,0.905495097008603,0.8992072319045583,0.2958952008684966,1.291668768186885,0,1,power_user,2,3.18354816725096,0.43148646466200313
17,-1.3401543725743017,-0.053700476280045734,2.231840190370658,-0.9099308081739209,-0.8844018767320323,-0.8844018767320323,1.6707077558015044,-0.5403093384762852,-0.30071022588346086,-0.19178464021846164,-0.3685729564783833,-0.622185382501718,-2.0377663477395522,-0.6900943463069682,-1.7101503814556616,-1.0421409270335906,-0.7297104957834565,-0.7297104957834566,0.31794851703412635,0.8064365876270558,-1.457096074645627,1,0,casual_user,3,-2.642532335581568,2.121126898839435
18,-1.3401543725743017,-1.1496285636279193,-0.1429286814545189,-1.402006955000737,-1.489396889888137,-1.489396889888137,-2.215191451931412,-3.2245513368672665,1.8439514113967574,-1.523622419513335,-1.311479992973772,-1.536292361999528,-2.0377663477395522,-0.8915523367629506,-1.7101503814556616,-1.0421409270335906,-0.7297104957834565,-0.7297104957834566,0.8992072319045583,-0.06877721824476005,-1.9436378332300805,1,0,at_risk_user,3,-3.495069994156195,0.6748642134630441
19,0.9332203052447002,-0.053700476280045734,-0.6178824558195544,0.4022722500309223,0.5272531539655451,0.5272531539655451,-0.8021371945739878,0.3544379943207086,-0.6737122719786259,-0.19178464021846164,-0.054270610979920475,0.5640456873287735,0.6957678785066063,-0.08572037493902064,0.22388966631549578,0.11846467144467435,0.08789230061257318,0.08789230061257323,-1.4258276275771695,-0.7981220564712733,0.2918243008065989,0,1,consistent_user,0,0.8886973183080344,-0.5531314501185841
20,0.3648766357899498,1.042227611067828,0.1539174275236282,-0.25382927907149927,-0.48107186796129586,-0.4810718679612959,-0.91989171602044,0.9509362161853714,-0.902378831816309,-0.8577035298658984,0.10288056176931103,0.8869534987446663,0.8316028652535606,-0.28717836539500313,-0.8812760752680229,-0.710539327468372,-0.7297104957834565,-0.7297104957834566,-0.2633101978363056,-0.506384121180668,-0.2670412327025708,1,0,consistent_user,0,-0.053674138637409045,-0.13521357542316081
21,2.0699076441542013,-0.053700476280045734,-0.8214340734045693,1.55044992596016,1.5355781758923859,1.5355781758923863,-0.27224184806495383,0.8018116607192055,-0.7161454271652063,1.1400531390764117,1.0706009413303677,0.4413982099957339,0.9683359157558434,1.5259435487088393,0.3838478657552153,0.9474686703577208,1.7230978934046326,1.7230978934046326,-1.4258276275771695,-0.9439910241165759,1.3230436753312593,0,1,consistent_user,2,2.4901679799462384,-0.6211840531905491
22,-0.20346703366480073,-0.6016645199539825,-0.5387234934253817,-0.9099308081739209,-0.8844018767320323,-0.8844018767320323,-0.27224184806495383,-0.5403093384762852,-1.1465524495910826,-0.8577035298658984,0.5743340800170054,-0.6442236010849984,0.18305664901163074,-0.48863635585098564,-0.05240176908038397,-0.710539327468372,-0.7297104957834565,-0.7297104957834566,-0.8445689127067375,0.004157265577891283,-0.07636946244650104,1,0,casual_user,0,-0.6673352543637803,-0.6805626773436536
23,-1.3401543725743017,0.49426356739389105,3.419224626283246,-0.25382927907149927,-0.07774185919055952,-0.07774185919055944,1.6707077558015044,-0.09293567207778825,-0.4284162953076742,1.1400531390764117,0.5743340800170054,-0.6030217141684304,-2.0377663477395522,-0.08572037493902064,-0.4668389221742034,-0.5447385276857627,0.08789230061257318,0.08789230061257323,1.4804659467749903,0.5146986523364505,-0.5453781846855689,0,0,casual_user,3,-1.097392803925175,3.4395652778288173
24,0.9332203052447002,-0.053700476280045734,-0.6178824558195544,1.2223991614089493,1.3339131715070178,1.333913171507018,-0.6608317688382453,0.5930372830665736,-0.8735580457628603,0.4741342494289751,0.9071247987800837,1.7809386264925242,1.1735857699519279,1.1230275677968744,1.2152883462654165,1.4448710697055487,0.08789230061257318,0.08789230061257323,0.31794851703412635,-1.0898599917618785,0.9946927872407386,0,1,power_user,2,2.728695128823467,-0.5516848838944344
25,0.9332203052447002,0.49426356739389105,-0.3804055686370366,1.3864245436845548,1.7372431802777542,1.7372431802777546,0.5277962241153527,0.3544379943207086,-0.8591201396747066,2.4718909183712854,1.4124736680129062,2.0482717997418836,1.2068373768009535,1.727401539164822,1.2369582627670541,1.6106718694881579,0.9054950970086029,0.905495097008603,-0.2633101978363056,0.004157265577891283,1.4548490450505187,0,1,power_user,2,3.501526103520281,-0.4337459138348648
26,0.9332203052447002,0.49426356739389105,-0.3804055686370366,1.3864245436845548,1.1322481671216496,1.1322481671216498,-0.5498060771887336,1.1213642795752743,-0.7896608494193297,0.4741342494289751,0.7838689770159807,0.6042893908286769,0.7425477791198799,1.1230275677968744,-0.2365960593443038,0.28426547122728363,0.9054950970086029,0.905495097008603,1.4804659467749903,0.7335021038044045,0.8441149456862497,0,1,consistent_user,2,1.6329723823216384,-0.2553492106407199
27,-0.20346703366480073,-1.1496285636279193,-0.9345183053962445,-0.5818800436227101,-0.48107186796129586,-0.4810718679612959,0.3754080198905321,-0.24206022754395373,-0.07177240693879156,-0.19178464021846164,-0.6828753019768462,-0.44779600066880243,0.31457277492034114,-0.6900943463069682,-0.05240176908038397,-0.5447385276857627,-0.7297104957834565,-0.7297104957834566,1.4804659467749903,1.5357814258535691,-0.4094971530088299,0,0,casual_user,1,-0.8713369381351144,-1.196054828613341
28,-0.20346703366480073,1.5901916547417647,1.0444557544580695,0.4022722500309223,0.5272531539655451,0.5272531539655451,-0.8021371945739878,0.3544379943207086,-0.3215249995649585,-0.19178464021846164,1.202938771013931,0.8668316469947144,0.9152572599084369,0.7201115868849094,0.5001811017113752,0.28426547122728363,0.08789230061257318,0.08789230061257323,-1.4258276275771695,1.3899124582082665,0.7739828003047063,0,1,consistent_user,2,1.706103681693873,0.8957307663159769
29,-1.3401543725743017,-0.053700476280045734,2.231840190370658,-1.0739561904495263,-1.2877318855027686,-1.2877318855027688,1.6707077558015044,0.3544379943207086,1.8439514113967574,-0.8577035298658984,-1.311479992973772,-1.0246224175007537,-2.0377663477395522,-0.8915523367629506,-1.7101503814556616,-1.0421409270335906,-0.7297104957834565,-0.7297104957834566,0.31794851703412635,-0.6522530888259707,-1.8910387241939233,1,0,at_risk_user,3,-3.3619439254078745,2.0358255103507465
30,-0.7718107031195512,1.042227611067828,1.6381479724143637,0.5662976323065277,0.7289181583509132,0.7289181583509132,-0.27224184806495383,0.3544379943207086,-0.746574499066044,0.4741342494289751,-0.4411042669780285,-0.5886489629184649,0.18305664901163074,-0.28717836539500313,0.8402320991216888,0.6158670707925021,0.9054950970086029,0.905495097008603,-1.4258276275771695,0.8064365876270558,0.4826646579506052,0,0,casual_user,0,0.6613745816172001,1.6195267976742391
31,-0.7718107031195512,-1.1496285636279193,-0.736620899410813,-1.2379815727251318,-1.2877318855027686,-1.2877318855027688,1.6707077558015044,-1.4350566712732788,1.8439514113967574,-0.8577035298658984,0.5743340800170054,-1.054326103417349,-0.12485353907747694,-0.6900943463069682,-0.05240176908038397,-0.8763401272509813,-0.7297104957834565,-0.7297104957834566,0.8992072319045583,1.3169779743856151,-0.18156768051881547,1,0,at_risk_user,1,-1.2334455287448576,-1.189005189121903
32,-0.7718107031195512,-1.1496285636279193,-0.736620899410813,-1.2379815727251318,-1.2877318855027686,-1.2877318855027688,1.6707077558015044,-1.4350566712732788,1.8439514113967574,-0.8577035298658984,0.5743340800170054,-1.2411718696669016,-0.12485353907747694,-0.6900943463069682,-1.7101503814556616,-1.0421409270335906,-0.7297104957834565,-0.7297104957834566,1.4804659467749903,0.44176416851379924,-0.444563225699601,1,0,at_risk_user,1,-1.9848117234523535,-1.282103669701734
33,-0.20346703366480073,-0.053700476280045734,-0.1429286814545189,-0.7459054258983154,-0.682736872346664,-0.6827368723466641,-0.6608317688382453,-0.36135987191688623,-0.6897454392899336,-0.8577035298658984,-0.557154363777461,-0.5091197393353221,0.4346375910307722,-0.6900943463069682,0.2791479533946715,-0.5447385276857627,-0.7297104957834565,-0.7297104957834566,-1.4258276275771695,-1.3086634432298325,-0.36566456214536547,1,0,casual_user,0,-0.7095137302054907,-0.3356933012048698
34,-0.7718107031195512,-1.1496285636279193,-0.736620899410813,-1.2379815727251318,-1.2877318855027686,-1.2877318855027688,1.6707077558015044,-1.4350566712732788,1.8439514113967574,-0.8577035298658984,-1.311479992973772,-1.2794992063334765,-0.5218188133002654,-0.8915523367629506,-1.7101503814556616,-1.0421409270335906,-0.7297104957834565,-0.7297104957834566,-0.8445689127067375,-0.8710565402939247,-1.102052088651566,1,0,at_risk_user,1,-2.8870718091959717,-1.183648311245285
35,0.3648766357899498,-1.1496285636279193,-1.03346700838896,0.23824686775531695,0.32558814958017684,0.3255881495801769,-0.6608317688382453,0.3544379943207086,-0.15149948326919138,-0.19178464021846164,-0.2828541349788026,-0.640390867418341,-0.3764344810966181,-0.28717836539500313,-0.5045150270009142,-0.3789377279031535,0.08789230061257318,0.08789230061257323,-0.8445689127067375,-0.43344963735801667,0.04397092337864647,0,0,casual_user,0,-0.5337412538297809,-0.6534043862473934
36,-0.20346703366480073,1.042227611067828,0.6486609424872066,0.4022722500309223,0.7289181583509132,0.7289181583509132,-0.91989171602044,0.05618888338837724,-0.6622918736325014,-0.19178464021846164,-0.3685729564783833,0.6100384913286631,0.4346375910307722,-0.28717836539500313,0.22388966631549578,0.11846467144467435,0.08789230061257318,0.08789230061257323,-1.4258276275771695,-0.287580669712714,0.23484193268409573,0,1,consistent_user,0,0.7794921838759639,0.7063292015691035
37,0.3648766357899498,-1.1496285636279193,-1.03346700838896,-0.7459054258983154,-0.8844018767320323,-0.8844018767320323,-0.27224184806495383,0.3544379943207086,-0.08924966995655548,-0.8577035298658984,0.19717126541884997,-0.6499727015849847,0.18305664901163074,-0.48863635585098564,-1.0470509365055505,-0.8763401272509813,-0.7297104957834565,-0.7297104957834566,0.31794851703412635,-1.6004013785204378,-0.36566456214536514,1,0,casual_user,1,-1.2176670266814946,-1.1803777755931086
38,2.6382513136089516,1.5901916547417647,-0.439774790432666,2.698627601889398,2.947233206589963,2.9472332065899636,-0.18776577833162963,0.6656544579022714,-0.9738956286756881,2.4718909183712854,1.73483504801133,1.7828549933258533,1.1590860752947956,3.339065462812682,1.4778277192660263,3.1028790675316413,2.540700689800662,2.5407006898006625,-0.8445689127067375,-1.3815979270524839,2.271708712731695,0,1,power_user,2,4.783390934048298,-0.0028920162465875528
39,-0.7718107031195512,-0.6016645199539825,-0.1429286814545189,1.3864245436845548,1.1322481671216496,1.1322481671216498,1.1155792975539447,1.1213642795752743,-0.5175333604128212,2.4718909183712854,1.202938771013931,0.41073634066247405,0.8316028652535606,1.5259435487088393,0.684375391975295,1.11326947014033,0.9054950970086029,0.905495097008603,-0.2633101978363056,-1.6004013785204378,1.1363322181093447,0,1,consistent_user,2,2.039456861351648,-0.36414329817615076
40,0.3648766357899498,1.042227611067828,0.1539174275236282,1.2223991614089493,1.3339131715070178,1.333913171507018,-0.6608317688382453,0.5930372830665736,-0.5719158149427214,0.4741342494289751,1.7945667154816256,1.8757987847422972,1.271029179251379,1.9288595296208046,1.4103175947801552,1.6106718694881579,2.540700689800662,2.5407006898006625,-1.4258276275771695,1.5357814258535691,1.8610310537186212,0,1,power_user,2,4.1795363880709475,0.40705554098631325
41,-1.3401543725743017,-0.6016645199539825,1.0444557544580695,-1.0739561904495263,-1.0860668811174004,-1.0860668811174004,0.3754080198905321,-0.8385584494086165,1.8439514113967574,-0.8577035298658984,-0.054270610979920475,-0.4832487870853841,-2.0377663477395522,-0.6900943463069682,0.5001811017113752,-0.710539327468372,-0.7297104957834565,-0.7297104957834566,1.4804659467749903,-0.21464618589006268,-1.0494529796154086,1,0,casual_user,3,-1.5953608392351664,1.4382838598538172
42,2.0699076441542013,0.49426356739389105,-0.6518077254170568,1.0583737791333439,0.5272531539655451,0.5272531539655451,-0.8021371945739878,1.6558886602072447,-0.08924966995655548,-0.19178464021846164,0.5743340800170054,0.47972554666230866,0.5092435931882985,0.7201115868849094,-0.2596203456272937,0.11846467144467435,0.08789230061257318,0.08789230061257323,-0.8445689127067375,1.6087159096762205,0.43428022111285797,0,1,consistent_user,0,0.8281442456095712,-0.5226381054820783
43,-0.20346703366480073,0.49426356739389105,0.2528661305163439,0.5662976323065277,0.7289181583509132,0.7289181583509132,-0.27224184806495383,0.3544379943207086,-0.531254311962376,0.4741342494289751,1.299647185013458,0.6665713129118609,0.4346375910307722,0.9215695773408918,0.3301556030062187,0.28426547122728363,0.9054950970086029,0.905495097008603,1.4804659467749903,-1.6004013785204378,1.0086557483121767,0,1,consistent_user,2,1.7807165263252533,0.37081583162129933
44,2.0699076441542013,0.49426356739389105,-0.6518077254170568,1.55044992596016,1.7372431802777542,1.7372431802777546,-0.38653300123356904,0.5649667785082366,-0.9574163785461,1.1400531390764117,1.0706009413303677,1.7838131767425174,1.3122225341312252,1.5259435487088393,1.2563471354264142,1.7764726692707673,0.9054950970086029,0.905495097008603,0.31794851703412635,-0.21464618589006268,1.3387311289034465,0,1,power_user,2,3.3435158968985457,-0.5494471580200878
45,-1.3401543725743017,0.49426356739389105,3.419224626283246,-0.41785466134710464,-0.2794068635759277,-0.2794068635759276,0.005322381058825778,-0.15684619584900225,-0.015683222850256282,-0.19178464021846164,-0.23387195126475638,-0.7841183799179966,-2.0377663477395522,-0.48863635585098564,0.18441946125894132,-0.3789377279031535,-0.7297104957834565,-0.7297104957834566,0.8992072319045583,0.15002623322319394,-0.9517689199768311,0,0,casual_user,3,-1.5549884771599158,3.6663279122507246
46,-0.7718107031195512,-1.1496285636279193,-0.736620899410813,-0.41785466134710464,-0.2794068635759277,-0.2794068635759276,-1.1049345354362932,-0.15684619584900225,-0.019644248073846474,-0.8577035298658984,-0.23387195126475638,-0.5953562468351155,-0.12485353907747694,-0.48863635585098564,0.18441946125894132,-0.3789377279031535,-0.7297104957834565,-0.7297104957834566,1.4804659467749903,-1.7462703461657405,-0.1627822844344737,0,0,casual_user,0,-0.6797238724103756,-0.5141115766854885
47,1.5015639746994507,1.042227611067828,-0.34082608743995035,1.0583737791333439,1.1322481671216496,1.1322481671216498,0.005322381058825778,0.6100800894055639,-0.7212351649536702,1.1400531390764117,0.8100608391408525,0.4969728481622673,0.5236926771644533,0.9215695773408918,0.15481680746652574,0.4500662710098929,0.9054950970086029,0.905495097008603,-0.2633101978363056,-1.6733358623430892,0.9153429058393793,0,1,consistent_user,2,1.6434728078599505,-0.2319143038696084
48,2.0699076441542013,1.042227611067828,-0.48218137742954414,1.55044992596016,1.5355781758923859,1.5355781758923863,-0.27224184806495383,0.8018116607192055,-0.6425252831487955,1.1400531390764117,0.6735874522796776,0.48164191349563734,0.7728759210801273,1.1230275677968744,1.0818472814921742,1.6106718694881579,2.540700689800662,2.5407006898006625,0.31794851703412635,0.004157265577891283,1.470690297187139,0,1,consistent_user,2,2.8760138075922206,-0.1278483602897569
49,-0.7718107031195512,-0.6016645199539825,-0.1429286814545189,-1.0739561904495263,-1.0860668811174004,-1.0860668811174004,0.3754080198905321,-0.8385584494086165,1.8439514113967574,-0.8577035298658984,-1.311479992973772,-0.8933512894177348,-0.12485353907747694,-0.8915523367629506,-1.7101503814556616,-1.0421409270335906,-0.7297104957834565,-0.7297104957834566,0.8992072319045583,0.9523055552723585,-1.0494529796154086,1,0,at_risk_user,1,-2.4153058755655326,-0.5118620778875453
50,-0.7718107031195512,-0.6016645199539825,-0.1429286814545189,-1.0739561904495263,-1.0860668811174004,-1.0860668811174004,0.3754080198905321,-0.8385584494086165,1.8439514113967574,-0.8577035298658984,-1.311479992973772,-0.26669933491923625,-0.5218188133002654,-0.8915523367629506,-0.6049846398721432,-0.8763401272509813,-0.7297104957834565,-0.7297104957834566,-0.2633101978363056,-0.7981220564712733,-0.8741226161615515,1,0,casual_user,1,-1.8471328589954852,-0.2767485058272725
51,-1.3401543725743017,-0.6016645199539825,1.0444557544580695,-1.0739561904495263,-1.0860668811174004,-1.0860668811174004,0.3754080198905321,-0.8385584494086165,1.8439514113967574,-0.8577035298658984,-1.311479992973772,-1.048577002917363,-2.0377663477395522,-0.8915523367629506,-0.6049846398721432,-0.8763401272509813,-0.7297104957834565,-0.7297104957834566,1.4804659467749903,-1.7462703461657405,-1.663109251703909,1,0,at_risk_user,3,-2.778034055030667,1.32315063679531
52,-1.3401543725743017,-1.1496285636279193,-0.1429286814545189,-1.402006955000737,-1.489396889888137,-1.489396889888137,-2.215191451931412,-3.2245513368672665,1.8439514113967574,-1.523622419513335,-1.311479992973772,-1.536292361999528,-2.0377663477395522,-0.8915523367629506,-1.7101503814556616,-1.0421409270335906,-0.7297104957834565,-0.7297104957834566,-0.8445689127067375,1.6816503934988718,-1.9436378332300805,1,0,at_risk_user,3,-3.495069994156195,0.6748642134630441
53,-0.20346703366480073,-0.6016645199539825,-0.5387234934253817,-0.9099308081739209,-0.8844018767320323,-0.8844018767320323,1.6707077558015044,-0.5403093384762852,-0.08924966995655548,-0.19178464021846164,-1.311479992973772,-0.37976497808563203,-0.30911015763833327,-0.8915523367629506,-0.05240176908038397,-0.710539327468372,-0.7297104957834565,-0.7297104957834566,1.4804659467749903,-1.3815979270524839,-0.7338583253984657,1,0,casual_user,1,-1.5632483966335522,-0.9248450425419897
54,0.3648766357899498,0.49426356739389105,-0.1429286814545189,0.7303230145821331,0.32558814958017684,0.3255881495801769,-0.6608317688382453,1.4281347936771012,-0.617901059773819,-0.19178464021846164,-0.5032739616920102,0.578418438578739,0.6473462466927044,-0.28717836539500313,1.1317043826162427,0.9474686703577208,-0.7297104957834565,-0.7297104957834566,0.31794851703412635,-0.725187572648622,0.051371230927023594,0,1,consistent_user,0,0.6575522188867183,-0.2204567860188718
55,-0.20346703366480073,-0.6016645199539825,-0.5387234934253817,-0.7459054258983154,-0.682736872346664,-0.6827368723466641,0.8935279142549213,-0.36135987191688623,0.5004886490411173,-0.19178464021846164,-1.311479992973772,-1.133855327000492,-0.30911015763833327,-0.8915523367629506,-0.38395149155543945,-0.710539327468372,-0.7297104957834565,-0.7297104957834566,0.31794851703412635,-1.6004013785204378,-0.7338583253984655,1,0,at_risk_user,1,-1.9046306610843695,-0.7952179154220615
56,-1.3401543725743017,0.49426356739389105,3.419224626283246,0.07422148547971154,0.32558814958017684,0.3255881495801769,0.1163480727083377,-0.003460938798088793,-0.5942626304172137,0.4741342494289751,-0.557154363777461,-0.5828998624184788,-2.0377663477395522,-0.48863635585098564,0.9422473983447828,0.28426547122728363,0.08789230061257318,0.08789230061257323,-0.8445689127067375,-0.21464618589006268,-0.6111270709807655,0,0,casual_user,3,-0.7103102455679641,3.8376046285425067
57,-0.7718107031195512,-0.6016645199539825,-0.1429286814545189,-0.5818800436227101,-0.48107186796129586,-0.4810718679612959,-0.91989171602044,-0.24206022754395373,-0.43467013997355874,-0.8577035298658984,-1.311479992973772,-0.643265417668334,-0.5218188133002654,-0.8915523367629506,-0.6049846398721432,-0.710539327468372,-0.7297104957834565,-0.7297104957834566,-0.2633101978363056,-1.7462703461657405,-0.7163252890530799,0,0,casual_user,1,-1.6880972838295099,0.03261096656879033
58,0.3648766357899498,1.5901916547417647,0.4507635365017753,1.3864245436845548,1.5355781758923859,1.5355781758923863,-0.7579792490315683,0.5781248275199571,-0.7671129982704412,0.4741342494289751,0.7838689770159807,1.5068981693265144,1.139513053342669,1.1230275677968744,1.0527639725031346,1.4448710697055487,1.7230978934046326,1.7230978934046326,-0.8445689127067375,-0.725187572648622,1.329195617908588,0,1,power_user,2,3.2064010275721917,0.6079550178164159
59,-0.7718107031195512,-1.1496285636279193,-0.736620899410813,-0.5818800436227101,-0.48107186796129586,-0.4810718679612959,-0.91989171602044,-0.24206022754395373,0.19917428785344543,-0.8577035298658984,-1.311479992973772,-1.071573404917308,-0.12485353907747694,-0.8915523367629506,-0.05240176908038397,-0.5447385276857627,-0.7297104957834565,-0.7297104957834566,-1.4258276275771695,0.5146986523364505,-0.6286601073261513,0,0,at_risk_user,1,-1.4997983511497854,-0.6344479813138469
60,-0.7718107031195512,-1.1496285636279193,-0.736620899410813,-1.2379815727251318,-1.2877318855027686,-1.2877318855027688,1.6707077558015044,-1.4350566712732788,1.8439514113967574,-0.8577035298658984,-1.311479992973772,-0.8693967040011256,-0.12485353907747694,-0.8915523367629506,-1.7101503814556616,-1.0421409270335906,-0.7297104957834565,-0.7297104957834566,0.31794851703412635,0.8793710714497072,-1.102052088651566,1,0,casual_user,1,-2.552972921097124,-1.3188520073154997
61,0.3648766357899498,2.1381556984157015,0.7476096454799225,1.0583737791333439,0.9305831627362814,0.9305831627362817,-0.42169950990083516,0.9050517375803967,-0.4610453703879919,0.4741342494289751,0.5743340800170054,1.8384296314923867,1.3122225341312252,0.7201115868849094,0.9836911136541646,1.11326947014033,0.9054950970086029,0.905495097008603,-0.2633101978363056,1.3899124582082665,0.9120554615246189,0,1,power_user,2,2.713504972412949,0.5858326047571275
62,0.3648766357899498,-1.1496285636279193,-1.03346700838896,0.4022722500309223,0.5272531539655451,0.5272531539655451,-0.8021371945739878,0.3544379943207086,-0.2194426609747224,-0.19178464021846164,0.8886364255154683,0.7125641169117507,0.8316028652535606,0.5186535964289268,0.5001811017113752,0.28426547122728363,0.08789230061257318,0.08789230061257323,-1.4258276275771695,-0.6522530888259707,0.6644013231460459,0,1,consistent_user,0,1.4840521505814788,-0.9266102644569697
63,0.9332203052447002,-0.053700476280045734,-0.6178824558195544,-0.25382927907149927,-0.07774185919055952,-0.07774185919055944,-0.27224184806495383,-0.09293567207778825,-0.5661583858401689,-0.19178464021846164,0.10288056176931103,0.5027219486622537,0.6957678785066063,-0.28717836539500313,1.1909096902010743,0.11846467144467435,-0.7297104957834565,-0.7297104957834566,1.4804659467749903,-0.36051515353536534,0.16690141684572596,1,0,consistent_user,0,0.7076513928937214,-0.7636438693631236
64,-0.7718107031195512,1.5901916547417647,2.231840190370658,0.7303230145821331,0.7289181583509132,0.7289181583509132,0.3754080198905321,0.6526871052530396,-0.5312543119623763,1.1400531390764117,0.03553005916249759,0.7748460389949351,0.18305664901163074,0.11573761551696186,0.18441946125894132,0.28426547122728363,0.08789230061257318,0.08789230061257323,0.31794851703412635,0.15002623322319394,0.3694706046218791,0,1,consistent_user,0,0.8353531099171647,1.9589696929678444
65,-0.7718107031195512,-0.053700476280045734,0.4507635365017753,-0.9099308081739209,-0.8844018767320323,-0.8844018767320323,1.6707077558015044,-0.5403093384762852,-0.5121707818103663,-0.19178464021846164,-0.3685729564783833,-0.8147802492512564,-0.5218188133002654,-0.6900943463069682,-0.05240176908038397,-0.710539327468372,-0.7297104957834565,-0.7297104957834566,0.31794851703412635,0.15002623322319394,-0.40511389392248337,1,0,at_risk_user,1,-1.4711949008359122,0.040625523189983324
66,-0.20346703366480073,0.49426356739389105,0.2528661305163439,-0.5818800436227101,-0.682736872346664,-0.6827368723466641,0.8935279142549213,0.3544379943207086,-0.6897454392899336,-0.19178464021846164,-1.311479992973772,-0.5340325081685957,-0.5218188133002654,-0.8915523367629506,-0.6049846398721432,-0.710539327468372,-0.7297104957834565,-0.7297104957834566,-1.4258276275771695,-0.725187572648622,-0.7689243980892371,1,0,casual_user,1,-1.8123272003454967,0.0005458515185242374
67,0.9332203052447002,2.1381556984157015,0.33202509291051646,1.2223991614089493,1.7372431802777542,1.7372431802777546,0.984960836789813,0.14390921013318064,-0.4546930020887295,3.1378098080187216,1.350845757130855,1.716740337576012,1.271029179251379,1.5259435487088393,1.4103175947801552,1.6106718694881579,2.540700689800662,2.5407006898006625,-1.4258276275771695,-0.725187572648622,1.8115260099198858,0,1,power_user,2,4.037573802696161,0.2564746574064837
68,-0.7718107031195512,-0.6016645199539825,-0.1429286814545189,-0.08980389679589386,-0.07774185919055952,-0.07774185919055944,-0.27224184806495383,0.3544379943207086,-0.372479717896526,-0.19178464021846164,-1.311479992973772,-0.5886489629184649,-0.5218188133002654,-0.8915523367629506,-0.6049846398721432,-0.5447385276857627,-0.7297104957834565,-0.7297104957834566,0.31794851703412635,0.6605676199817532,-0.6111270709807657,0,0,casual_user,1,-1.5176055696676511,-0.05320546904741036
69,-0.7718107031195512,-0.6016645199539825,-0.1429286814545189,-1.0739561904495263,-1.0860668811174004,-1.0860668811174004,0.3754080198905321,-0.8385584494086165,1.8439514113967574,-0.8577035298658984,-0.054270610979920475,-0.7429164930014287,0.18305664901163074,-0.6900943463069682,-1.7101503814556616,-1.0421409270335906,-0.7297104957834565,-0.7297104957834566,-0.8445689127067375,0.0770917494005426,-0.6111270709807657,1,0,casual_user,1,-1.7421034909812831,-0.5889086829552586
70,-0.20346703366480073,-0.6016645199539825,-0.5387234934253817,-0.41785466134710464,-0.2794068635759277,-0.2794068635759276,0.005322381058825778,-0.15684619584900225,0.038381639202703044,-0.19178464021846164,0.30493206958975133,-0.6298508498350328,0.18305664901163074,-0.28717836539500313,-0.2892229994197094,-0.5447385276857627,-0.7297104957834565,-0.7297104957834566,-0.2633101978363056,-1.7462703461657405,-0.05006990792842243,0,0,casual_user,0,-0.6092954729076622,-0.6918051532791554
71,0.9332203052447002,-0.053700476280045734,-0.6178824558195544,0.8943483968577386,0.9305831627362814,0.9305831627362817,-0.42169950990083516,0.6297448659505527,-0.6412948564610474,0.4741342494289751,0.19717126541884997,0.5841675390787251,0.7877936329810965,0.3171956059729444,0.9422473983447828,0.9474686703577208,0.9054950970086029,0.905495097008603,-0.2633101978363056,-0.43344963735801667,0.7739828003047069,0,1,consistent_user,2,1.7956705761399243,-0.4863752932311082
72,-1.3401543725743017,-0.6016645199539825,1.0444557544580695,-1.0739561904495263,-1.0860668811174004,-1.0860668811174004,0.3754080198905321,-0.8385584494086165,1.8439514113967574,-0.8577035298658984,-1.311479992973772,-1.054326103417349,-2.0377663477395522,-0.8915523367629506,-1.7101503814556616,-1.0421409270335906,-0.7297104957834565,-0.7297104957834566,-0.8445689127067375,0.3688296846911479,-1.8384396151577662,0,0,at_risk_user,3,-3.2266667239640356,1.2660142725307804
73,-0.20346703366480073,-0.6016645199539825,-0.5387234934253817,-0.9099308081739209,-0.8844018767320323,-0.8844018767320323,1.6707077558015044,-0.5403093384762852,-0.08924966995655548,-0.19178464021846164,-0.3685729564783833,-0.4650433021687611,0.03767231680798374,-0.6900943463069682,-0.8812760752680229,-0.8763401272509813,-0.7297104957834565,-0.7297104957834566,0.8992072319045583,-0.9439910241165759,-0.5366116665128764,1,0,casual_user,1,-1.4352467802492819,-1.077945194887896
74,0.9332203052447002,1.042227611067828,-0.1429286814545189,0.8943483968577386,0.7289181583509132,0.7289181583509132,-0.91989171602044,0.9509362161853714,-0.5996544176450964,-0.19178464021846164,-0.8085962401762313,0.5161365164955549,0.4346375910307722,-0.48863635585098564,0.7212142500280788,0.7816678705751114,0.08789230061257318,0.08789230061257323,-0.2633101978363056,-1.7462703461657405,0.16032652821620616,0,1,consistent_user,0,0.7682444935165323,0.01516946942695761
75,0.3648766357899498,0.49426356739389105,-0.1429286814545189,-0.41785466134710464,-0.2794068635759277,-0.2794068635759276,0.005322381058825778,-0.15684619584900225,-0.8963489456226484,-0.19178464021846164,-0.23387195126475638,0.7039404661617714,0.4346375910307722,-0.48863635585098564,0.18441946125894132,-0.3789377279031535,-0.7297104957834565,-0.7297104957834566,-0.2633101978363056,-0.6522530888259707,-0.1627822844344737,1,0,consistent_user,0,0.057036250984640324,-0.3731137845137713
76,0.3648766357899498,-0.053700476280045734,-0.439774790432666,-0.41785466134710464,-0.2794068635759277,-0.2794068635759276,0.005322381058825778,-0.15684619584900225,-0.7566384503246879,-0.19178464021846164,-0.7726759721192641,0.5621293204954445,0.9420517894091867,-0.6900943463069682,0.6580619219375923,-0.2131369281205442,-0.7297104957834565,-0.7297104957834566,0.31794851703412635,-0.7981220564712733,-0.2754946609405244,1,0,consistent_user,0,0.17318816421845817,-0.8268488482020286
77,-0.20346703366480073,0.49426356739389105,0.2528661305163439,0.5662976323065277,0.5272531539655451,0.5272531539655451,-0.09561006589527597,0.6798006607923425,-0.6285819868448992,0.4741342494289751,-0.15097902497944737,-0.5876907795018005,0.03767231680798374,-0.08572037493902064,-0.1799208931092514,-0.04733612833793493,0.08789230061257318,0.08789230061257323,-1.4258276275771695,0.9523055552723585,0.19404390580348657,0,0,casual_user,0,-0.10612520214748897,0.2562596297948872
78,-0.20346703366480073,-0.053700476280045734,-0.1429286814545189,-0.7459054258983154,-0.682736872346664,-0.6827368723466641,-0.6608317688382453,-0.36135987191688623,-0.6285819868448992,-0.8577035298658984,0.19717126541884997,-0.3634758600023377,0.18305664901163074,-0.48863635585098564,-1.7101503814556616,-1.0421409270335906,-0.7297104957834565,-0.7297104957834566,0.8992072319045583,0.22296071704584525,-0.41826367118152236,1,0,casual_user,1,-1.25310045380239,-0.3147286049109845
79,-0.7718107031195512,-0.6016645199539825,-0.1429286814545189,-0.41785466134710464,-0.2794068635759277,-0.2794068635759276,-1.1049345354362932,-0.15684619584900225,-0.372479717896526,-0.8577035298658984,-0.23387195126475638,-0.7189619075848195,-0.5218188133002654,-0.48863635585098564,-0.7628654600983602,-0.710539327468372,-0.7297104957834565,-0.7297104957834566,1.4804659467749903,-0.5793186050033193,-0.31306545310920825,0,0,casual_user,0,-1.2701856687890354,0.10972936582367146
80,1.5015639746994507,-0.053700476280045734,-0.736620899410813,0.5662976323065277,0.7289181583509132,0.7289181583509132,0.3754080198905321,0.3544379943207086,-0.38673164819988715,1.1400531390764117,1.299647185013458,1.5730128250763562,1.1936327314283277,0.9215695773408918,1.0952703471794236,0.7816678705751114,0.9054950970086029,0.905495097008603,1.4804659467749903,1.6087159096762205,1.1300383076263858,0,1,power_user,2,2.7522444379777253,-0.8496966748228615
81,-0.20346703366480073,0.49426356739389105,0.2528661305163439,-0.41785466134710464,-0.2794068635759277,-0.2794068635759276,0.005322381058825778,-0.15684619584900225,-0.8475020634922986,-0.19178464021846164,0.30493206958975133,-0.4458796338354736,0.03767231680798374,-0.28717836539500313,0.6580619219375923,-0.2131369281205442,-0.7297104957834565,-0.7297104957834566,-1.4258276275771695,0.9523055552723585,0.1002132607463124,1,0,casual_user,0,-0.20231126096611435,0.12103951394422521
82,-1.3401543725743017,-0.6016645199539825,1.0444557544580695,-1.2379815727251318,-1.2877318855027686,-1.2877318855027688,1.6707077558015044,-1.4350566712732788,1.8439514113967574,-0.8577035298658984,-1.311479992973772,-0.34143764141905714,-2.0377663477395522,-0.8915523367629506,-0.05240176908038397,-0.8763401272509813,-0.7297104957834565,-0.7297104957834566,-1.4258276275771695,-0.43344963735801667,-1.6280431790131376,1,0,casual_user,3,-2.392096907068102,1.0984739312789835
83,0.3648766357899498,0.49426356739389105,-0.1429286814545189,-0.25382927907149927,-0.2794068635759277,-0.2794068635759276,0.005322381058825778,0.3544379943207086,-0.46461264739859776,-0.19178464021846164,-0.8400264747260776,-0.503370638835336,-0.12485353907747694,-0.6900943463069682,-0.05240176908038397,-0.3789377279031535,-0.7297104957834565,-0.7297104957834566,1.4804659467749903,0.004157265577891283,-0.41168878255200286,1,0,casual_user,1,-1.0215376083047956,-0.23762498015937691
84,-0.7718107031195512,-1.1496285636279193,-0.736620899410813,-0.9099308081739209,-1.0860668811174004,-1.0860668811174004,0.3754080198905321,0.3544379943207086,1.8439514113967574,-0.8577035298658984,-1.311479992973772,-1.1894299651670255,-0.5218188133002654,-0.8915523367629506,-1.7101503814556616,-1.0421409270335906,-0.7297104957834565,-0.7297104957834566,-0.8445689127067375,-1.6733358623430892,-1.0494529796154086,1,0,at_risk_user,1,-2.6991880442301874,-0.8974487384475645
85,3.206594983063702,1.5901916547417647,-0.5387234934253817,2.2065514550625815,1.9389081846631224,1.9389081846631226,-0.05635855874645839,1.1497689568069256,-0.7808010717178885,1.8059720287238485,1.4762451584038987,1.790520460659168,1.2231674479975445,2.533233500988752,1.3170427367948452,2.4396758684012045,0.9054950970086029,0.905495097008603,-1.4258276275771695,0.0770917494005426,1.5423871757894376,0,1,power_user,2,3.5668230283445514,-0.4458955353085385
86,0.9332203052447002,-0.6016645199539825,-0.855359343002072,0.7303230145821331,0.5272531539655451,0.5272531539655451,-0.8021371945739878,1.005163327263977,-0.3989264843441226,-0.19178464021846164,-0.5032739616920102,0.6100384913286631,0.7425477791198799,-0.28717836539500313,-0.05240176908038397,0.11846467144467435,0.08789230061257318,0.08789230061257323,0.31794851703412635,-0.36051515353536534,0.09144674257361933,0,1,consistent_user,0,0.6413100865949628,-0.8060160303459581
87,-0.20346703366480073,-0.6016645199539825,-0.5387234934253817,-0.25382927907149927,-0.07774185919055952,-0.07774185919055944,-0.27224184806495383,-0.09293567207778825,-0.13389406858779268,-0.19178464021846164,0.10288056176931103,-0.5771507619184925,-0.5218188133002654,-0.28717836539500313,-0.05240176908038397,-0.3789377279031535,-0.7297104957834565,-0.7297104957834566,-0.2633101978363056,0.6605676199817532,-0.03034524203986333,0,0,casual_user,0,-0.7406579422092404,-0.33549758968560317
88,-1.3401543725743017,0.49426356739389105,3.419224626283246,-0.25382927907149927,-0.07774185919055952,-0.07774185919055944,-0.27224184806495383,-0.09293567207778825,-0.3900081654111521,-0.19178464021846164,-1.311479992973772,-0.6892582216682239,-2.0377663477395522,-0.8915523367629506,-0.4668389221742034,-0.5447385276857627,-0.7297104957834565,-0.7297104957834566,0.8992072319045583,0.44176416851379924,-1.378197411091391,0,0,casual_user,3,-2.0931741663366266,3.6841533522131966
89,-0.20346703366480073,2.1381556984157015,1.4402505664289322,1.3864245436845548,1.5355781758923859,1.5355781758923863,-0.7579792490315683,0.5781248275199571,-0.603119572184093,0.4741342494289751,1.4124736680129062,1.7263221717426551,1.39109399536181,1.727401539164822,1.4211525530309739,1.7764726692707673,1.7230978934046326,1.7230978934046326,0.8992072319045583,1.6087159096762205,1.6068020267105287,0,1,power_user,2,3.7928645317967886,1.4328135663160284
90,-1.3401543725743017,-0.6016645199539825,1.0444557544580695,-0.5818800436227101,-0.48107186796129586,-0.4810718679612959,0.3754080198905321,-0.24206022754395373,-0.3744076728994236,-0.19178464021846164,-0.054270610979920475,-0.506245189085329,-2.0377663477395522,-0.48863635585098564,-0.6049846398721432,-0.710539327468372,-0.7297104957834565,-0.7297104957834566,-1.4258276275771695,-0.6522530888259707,-1.0669860159607945,0,0,casual_user,3,-1.7868773584244189,1.4442108831879537
91,2.0699076441542013,0.49426356739389105,-0.6518077254170568,1.7144753082357655,1.7372431802777542,1.7372431802777546,-0.38653300123356904,0.7754955626957646,-0.8651089695406831,1.1400531390764117,0.19717126541884997,0.47397644616232254,0.8025517941029838,0.7201115868849094,0.4449228146321994,1.11326947014033,0.9054950970086029,0.905495097008603,-0.2633101978363056,0.5146986523364505,0.9054805728950994,0,1,consistent_user,2,1.9034660234823542,-0.4742925936362719
92,0.9332203052447002,-0.6016645199539825,-0.855359343002072,-0.5818800436227101,-0.682736872346664,-0.6827368723466641,0.8935279142549213,0.3544379943207086,-0.5484516773935145,-0.19178464021846164,-0.6828753019768462,-0.5790671287518212,0.31457277492034114,-0.6900943463069682,-0.05240176908038397,-0.5447385276857627,-0.7297104957834565,-0.7297104957834566,0.31794851703412635,1.6816503934988718,-0.4620962620449871,1,0,casual_user,1,-1.0413444585391933,-1.257172374431655
93,-0.20346703366480073,-1.1496285636279193,-0.9345183053962445,-1.0739561904495263,-1.0860668811174004,-1.0860668811174004,0.3754080198905321,-0.8385584494086165,1.8439514113967574,-0.8577035298658984,-1.311479992973772,-0.6806345709182445,-0.5218188133002654,-0.8915523367629506,-0.6049846398721432,-0.8763401272509813,-0.7297104957834565,-0.7297104957834566,0.31794851703412635,-0.21464618589006268,-0.8741226161615515,1,0,casual_user,1,-2.029201001894675,-0.9946160268043989
94,-0.20346703366480073,-0.053700476280045734,-0.1429286814545189,0.7303230145821331,0.5272531539655451,0.5272531539655451,1.3174441914621482,1.005163327263977,-0.42255948705525587,1.8059720287238485,0.8437360904442591,0.5870420893287183,0.5450865151863976,0.7201115868849094,0.18441946125894132,0.28426547122728363,0.9054950970086029,0.905495097008603,-0.2633101978363056,0.004157265577891283,0.7739828003047063,0,1,consistent_user,2,1.3908814996295453,-0.3871261893339095
95,0.9332203052447002,-0.053700476280045734,-0.6178824558195544,0.7303230145821331,0.32558814958017684,0.3255881495801769,0.1163480727083377,1.4281347936771012,-0.6962003265433692,0.4741342494289751,0.03553005916249759,0.5563802199954584,0.5971634469162329,0.11573761551696186,0.42124069159826694,0.4500662710098929,0.9054950970086029,0.905495097008603,0.31794851703412635,0.0770917494005426,0.4771735421721054,0,1,consistent_user,0,1.1469940848880777,-0.6180042160629079
96,-0.20346703366480073,-1.1496285636279193,-0.9345183053962445,-0.9099308081739209,-0.8844018767320323,-0.8844018767320323,-0.27224184806495383,-0.5403093384762852,0.33367144189725534,-0.8577035298658984,-0.3685729564783833,0.7700551219116132,0.4346375910307722,-0.6900943463069682,-0.05240176908038397,-0.710539327468372,-0.7297104957834565,-0.7297104957834566,0.31794851703412635,0.5146986523364505,-0.40511389392248337,1,0,consistent_user,0,-0.3135159163066331,-1.0947911844432219
97,-1.3401543725743017,-0.053700476280045734,2.231840190370658,-0.5818800436227101,-0.8844018767320323,-0.8844018767320323,-0.27224184806495383,1.2491853271177025,-0.7236313377372718,-0.8577035298658984,-1.311479992973772,-0.718003724168155,-2.0377663477395522,-0.8915523367629506,0.5001811017113752,-0.3789377279031535,-0.7297104957834565,-0.7297104957834566,0.31794851703412635,-0.14171170206741138,-1.4351797792138945,1,0,casual_user,3,-2.06832862200465,2.596666059510122
98,-0.20346703366480073,-0.6016645199539825,-0.5387234934253817,-0.7459054258983154,-0.682736872346664,-0.6827368723466641,-0.6608317688382453,-0.36135987191688623,0.2667045380714268,-0.8577035298658984,-0.557154363777461,-0.640390867418341,0.31457277492034114,-0.6900943463069682,0.2791479533946715,-0.5447385276857627,-0.7297104957834565,-0.7297104957834566,0.8992072319045583,0.0770917494005426,-0.36566456214536547,1,0,casual_user,0,-0.8137155716896513,-0.645447361974608
99,-1.3401543725743017,-1.1496285636279193,-0.1429286814545189,-1.402006955000737,-1.489396889888137,-1.489396889888137,-2.215191451931412,-3.2245513368672665,1.8439514113967574,-1.523622419513335,-1.311479992973772,-1.536292361999528,-2.0377663477395522,-0.8915523367629506,-1.7101503814556616,-1.0421409270335906,-0.7297104957834565,-0.7297104957834566,0.31794851703412635,1.6816503934988718,-1.9436378332300805,1,0,at_risk_user,3,-3.495069994156195,0.6748642134630441
100,0.9332203052447002,-0.053700476280045734,-0.6178824558195544,0.07422148547971154,-0.07774185919055952,-0.07774185919055944,-0.27224184806495383,0.8018116607192055,-0.38022063971390635,-0.19178464021846164,0.19717126541884997,-0.4247995986688575,0.3759106468573385,-0.08572037493902064,-0.05240176908038397,-0.2131369281205442,-0.7297104957834565,-0.7297104957834566,0.31794851703412635,-0.43344963735801667,0.002529201107734787,0,0,casual_user,0,-0.2895426824678044,-0.7408752464423046
101,-0.7718107031195512,-0.053700476280045734,0.4507635365017753,-0.41785466134710464,-0.2794068635759277,-0.2794068635759276,-1.1049345354362932,-0.15684619584900225,-0.8475020634922986,-0.8577035298658984,-0.7726759721192641,-0.369224960502324,-0.5218188133002654,-0.6900943463069682,0.6580619219375923,-0.2131369281205442,-0.7297104957834565,-0.7297104957834566,0.8992072319045583,-1.2357289594071812,-0.2754946609405244,0,0,casual_user,0,-0.751856844724732,0.708007875930642
102,-0.20346703366480073,-0.6016645199539825,-0.5387234934253817,0.07422148547971154,0.12392314519480867,0.12392314519480872,-0.48812513738344926,0.3544379943207086,-0.6759692785533112,-0.19178464021846164,0.9514968946151606,0.625369425995293,0.8316028652535606,0.3171956059729444,0.610697675869727,0.11846467144467435,-0.7297104957834565,-0.7297104957834566,1.4804659467749903,-0.506384121180668,0.42332207339699196,0,1,consistent_user,0,1.0075053914782777,-0.6821728609334242
103,-0.7718107031195512,-0.6016645199539825,-0.1429286814545189,-1.0739561904495263,-1.0860668811174004,-1.0860668811174004,0.3754080198905321,-0.8385584494086165,1.8439514113967574,-0.8577035298658984,-0.054270610979920475,-0.9307204426676453,-0.5218188133002654,-0.6900943463069682,-0.6049846398721432,-0.8763401272509813,-0.7297104957834565,-0.7297104957834566,-1.4258276275771695,-0.43344963735801667,-0.4357967075269085,1,0,at_risk_user,1,-1.6514727062172454,-0.2695153779566224
104,0.3648766357899498,0.49426356739389105,-0.1429286814545189,-0.08980389679589386,0.12392314519480867,0.12392314519480872,0.3754080198905321,-0.04322748692239988,0.38805494218058384,0.4741342494289751,0.36479918301803,-0.5551125433352119,-0.24491835518790803,-0.08572037493902064,0.13179252118353585,-0.2131369281205442,0.08789230061257318,0.08789230061257323,0.31794851703412635,0.5146986523364505,0.3181238553246781,0,0,casual_user,0,-0.07347999974930154,-0.09156051405069518
105,-0.7718107031195512,-0.053700476280045734,0.4507635365017753,-0.5818800436227101,-0.48107186796129586,-0.4810718679612959,-0.91989171602044,-0.24206022754395373,-0.6358266857751745,-0.8577035298658984,-0.054270610979920475,-0.6058962644184235,-0.12485353907747694,-0.48863635585098564,-0.6049846398721432,-0.710539327468372,-0.7297104957834565,-0.7297104957834566,-0.8445689127067375,-0.21464618589006268,-0.27799938041843686,0,0,casual_user,0,-1.0302190918325946,0.4422459924157225
106,-0.7718107031195512,-0.6016645199539825,-0.1429286814545189,-0.7459054258983154,-0.682736872346664,-0.6827368723466641,-0.6608317688382453,-0.36135987191688623,0.38805494218058384,-0.8577035298658984,0.19717126541884997,-0.5570289101685406,0.4346375910307722,-0.48863635585098564,-0.38395149155543945,-0.710539327468372,-0.7297104957834565,-0.7297104957834566,-0.2633101978363056,-1.5274668946977865,-0.2078672350368938,0,0,casual_user,0,-0.7055590115707769,-0.35095073074434746
107,-0.7718107031195512,-1.1496285636279193,-0.736620899410813,-1.2379815727251318,-1.2877318855027686,-1.2877318855027688,1.6707077558015044,-1.4350566712732788,1.8439514113967574,-0.8577035298658984,-1.311479992973772,-1.1683499300004094,-0.5218188133002654,-0.8915523367629506,-1.7101503814556616,-1.0421409270335906,-0.7297104957834565,-0.7297104957834566,-0.8445689127067375,-0.287580669712714,-1.102052088651566,1,0,at_risk_user,1,-2.8381664640795026,-1.1790370404644657
108,0.9332203052447002,-1.1496285636279193,-1.0928362301845895,-0.7459054258983154,-0.682736872346664,-0.6827368723466641,0.8935279142549213,-0.36135987191688623,-0.9738956286756881,-0.19178464021846164,-0.557154363777461,-1.107984374750554,-0.21390862521115772,-0.6900943463069682,-1.0470509365055505,-0.8763401272509813,-0.7297104957834565,-0.7297104957834566,-0.2633101978363056,-0.6522530888259707,-0.576060998289994,0,0,at_risk_user,1,-1.8313193761031477,-1.3344059279560543
109,2.0699076441542013,0.49426356739389105,-0.6518077254170568,1.3864245436845548,1.3339131715070178,1.333913171507018,-0.6608317688382453,0.8316365718124386,-0.7444778645175162,0.4741342494289751,1.202938771013931,0.6186621420786423,0.31457277492034114,1.5259435487088393,1.0527639725031346,1.4448710697055487,1.7230978934046326,1.7230978934046326,-1.4258276275771695,1.4628469420309178,1.4227051450839785,0,1,consistent_user,2,2.5662260255617775,-0.11779262740778383
110,0.9332203052447002,-0.053700476280045734,-0.6178824558195544,0.5662976323065277,0.7289181583509132,0.7289181583509132,-0.91989171602044,0.3544379943207086,-0.746574499066044,-0.19178464021846164,1.0095219430148772,0.48834919741228794,0.4346375910307722,0.7201115868849094,0.8402320991216888,0.6158670707925021,-0.7297104957834565,-0.7297104957834566,0.8992072319045583,-0.36051515353536534,0.6377645948520944,0,1,consistent_user,0,1.1934464893703234,-0.4414399888817477
111,0.3648766357899498,2.1381556984157015,0.7476096454799225,1.2223991614089493,1.1322481671216496,1.1322481671216498,0.5604508393063854,0.8657221844904192,-0.7149103973025964,1.8059720287238485,0.46340384042931254,0.6627385792452035,0.5800219232344195,0.7201115868849094,1.4103175947801552,1.6106718694881579,0.9054950970086029,0.905495097008603,-0.2633101978363056,-1.7462703461657405,0.9936614321615986,0,1,consistent_user,2,2.084680153335508,0.6599210747552142
112,0.9332203052447002,1.5901916547417647,0.09454820572799878,1.0583737791333439,1.1322481671216496,1.1322481671216498,-0.5498060771887336,0.6100800894055639,-0.6637865086047594,0.4741342494289751,0.10288056176931103,0.46918552907900063,0.7425477791198799,0.3171956059729444,0.7764725371072548,0.9474686703577208,0.9054950970086029,0.905495097008603,1.4804659467749903,-1.0898599917618785,0.7674079116751868,0,1,consistent_user,2,1.7181777947292776,0.1927788037311377
113,-0.7718107031195512,-0.053700476280045734,0.4507635365017753,0.07422148547971154,0.12392314519480867,0.12392314519480872,-0.48812513738344926,0.3544379943207086,-0.323678559620339,-0.19178464021846164,-0.1799915491793056,-0.34335400825238604,0.4346375910307722,-0.28717836539500313,-0.38395149155543945,-0.3789377279031535,-0.7297104957834565,-0.7297104957834566,-0.2633101978363056,0.6605676199817532,-0.12896857148265825,0,0,casual_user,0,-0.4130001114276178,0.22321195368963778
114,0.3648766357899498,1.5901916547417647,0.4507635365017753,1.0583737791333439,0.7289181583509132,0.7289181583509132,-0.27224184806495383,1.2491853271177025,-0.837694538914419,0.4741342494289751,0.10288056176931103,0.5535056697454651,0.4346375910307722,0.3171956059729444,0.5692539605603452,0.7816678705751114,0.9054950970086029,0.905495097008603,0.31794851703412635,0.2958952008684966,0.6293352504552743,0,1,consistent_user,0,1.3630909564297715,0.5204990071089856
115,-0.7718107031195512,0.49426356739389105,1.0444557544580695,-0.08980389679589386,-0.07774185919055952,-0.07774185919055944,-0.27224184806495383,0.3544379943207086,-0.3900081654111521,-0.19178464021846164,-0.47334040497787094,-0.5694852945851775,0.18305664901163074,-0.48863635585098564,-0.2365960593443038,-0.3789377279031535,-0.7297104957834565,-0.7297104957834566,-0.8445689127067375,-0.287580669712714,-0.2604663440730513,0,0,casual_user,0,-0.7625083333290145,0.7704980479886754
116,0.3648766357899498,1.5901916547417647,0.4507635365017753,0.4022722500309223,0.12392314519480867,0.12392314519480872,-0.48812513738344926,1.1497689568069256,0.15534344090461047,-0.19178464021846164,0.8886364255154683,0.5055964989122466,0.7728759210801273,0.5186535964289268,0.22388966631549578,0.11846467144467435,0.08789230061257318,0.08789230061257323,-1.4258276275771695,-0.9439910241165759,0.5153705142102674,0,1,consistent_user,0,1.0675932114776345,0.2810587510999381
117,-0.7718107031195512,-1.1496285636279193,-0.736620899410813,-0.7459054258983154,-0.682736872346664,-0.6827368723466641,0.8935279142549213,-0.36135987191688623,0.062045296816678724,-0.19178464021846164,0.19717126541884997,-0.5675689277518489,-0.12485353907747694,-0.48863635585098564,-1.0470509365055505,-0.8763401272509813,-0.7297104957834565,-0.7297104957834566,0.31794851703412635,-1.3086634432298325,-0.31306545310920797,0,0,casual_user,1,-1.2663987768247205,-1.0099526614709726
118,-0.20346703366480073,-0.053700476280045734,-0.1429286814545189,-0.7459054258983154,-0.682736872346664,-0.6827368723466641,-0.6608317688382453,-0.36135987191688623,-0.5240294287220245,-0.8577035298658984,0.19717126541884997,-0.49762153833534967,-0.12485353907747694,-0.48863635585098564,-0.38395149155543945,-0.710539327468372,-0.7297104957834565,-0.7297104957834566,1.4804659467749903,-1.2357289594071812,-0.2078672350368938,1,0,casual_user,0,-0.8959845471309892,-0.1339472942969129
119,0.3648766357899498,0.49426356739389105,-0.1429286814545189,0.23824686775531695,0.32558814958017684,0.3255881495801769,-0.6608317688382453,0.3544379943207086,-0.22828896374208246,-0.19178464021846164,-0.2828541349788026,-0.5369070584185889,0.27211173514531184,-0.28717836539500313,0.09830265022645933,-0.04733612833793493,0.08789230061257318,0.08789230061257323,-1.4258276275771695,-0.7981220564712733,0.13960566708075017,0,0,casual_user,0,0.006085919756044901,-0.07848188623960821
120,-0.7718107031195512,1.042227611067828,1.6381479724143637,0.5662976323065277,0.5272531539655451,0.5272531539655451,-0.09561006589527597,0.6798006607923425,-0.3215249995649585,0.4741342494289751,-0.7312295089766097,-0.5464888925852326,0.18305664901163074,-0.48863635585098564,-0.6899973892247215,-0.3789377279031535,0.9054950970086029,0.905495097008603,-0.8445689127067375,0.15002623322319394,0.0861482975241896,0,0,casual_user,0,-0.1467511912783199,1.477589499817282
121,-0.7718107031195512,-0.6016645199539825,-0.1429286814545189,-1.0739561904495263,-1.0860668811174004,-1.0860668811174004,0.3754080198905321,-0.8385584494086165,1.8439514113967574,-0.8577035298658984,-1.311479992973772,-1.2363809525835798,-1.0813099434085147,-0.8915523367629506,-1.7101503814556616,-1.0421409270335906,-0.7297104957834565,-0.7297104957834566,0.31794851703412635,-0.506384121180668,-1.2915557532321038,1,0,at_risk_user,1,-2.9364575168027676,-0.1593369266953568
122,0.3648766357899498,-0.053700476280045734,-0.439774790432666,0.5662976323065277,0.7289181583509132,0.7289181583509132,-0.27224184806495383,0.3544379943207086,-0.43536840626186596,0.4741342494289751,0.13914621701913374,0.48068373007897314,0.35576612980018774,0.11573761551696186,1.0952703471794236,0.7816678705751114,0.9054950970086029,0.905495097008603,1.4804659467749903,-0.21464618589006268,0.7254297765790232,0,1,consistent_user,2,1.526990138902872,-0.21247546403182177
123,-0.20346703366480073,0.49426356739389105,0.2528661305163439,0.23824686775531695,0.32558814958017684,0.3255881495801769,-0.6608317688382453,0.3544379943207086,-0.6944307632509513,-0.19178464021846164,-0.9686047069754489,-0.5800253121684855,0.31457277492034114,-0.6900943463069682,0.09830265022645933,-0.04733612833793493,0.08789230061257318,0.08789230061257323,0.8992072319045583,0.5146986523364505,-0.0994811921745095,0,0,casual_user,0,-0.2625691500868083,0.2348229588912913
124,0.9332203052447002,0.49426356739389105,-0.3804055686370366,0.8943483968577386,0.7289181583509132,0.7289181583509132,0.3754080198905321,0.9509362161853714,-0.46753317389032806,1.1400531390764117,0.19717126541884997,-0.5637361940851913,0.03767231680798374,0.3171956059729444,0.05811480507796785,0.28426547122728363,0.08789230061257318,0.08789230061257323,0.8992072319045583,1.4628469420309178,0.4057890370516064,0,0,casual_user,0,0.20204886701446886,-0.35513879383580577
125,1.5015639746994507,-0.053700476280045734,-0.736620899410813,0.23824686775531695,0.32558814958017684,0.3255881495801769,0.1163480727083377,0.3544379943207086,-0.3967934530045987,0.4741342494289751,-0.2828541349788026,0.6560312953285529,0.6862185330499136,-0.28717836539500313,0.7011203274538332,0.28426547122728363,0.9054950970086029,0.905495097008603,0.8992072319045583,-1.5274668946977865,0.41057077423671196,0,1,consistent_user,0,1.214753945947699,-0.7475217332036532
126,-0.7718107031195512,-1.1496285636279193,-0.736620899410813,-1.2379815727251318,-1.2877318855027686,-1.2877318855027688,1.6707077558015044,-1.4350566712732788,1.8439514113967574,-0.8577035298658984,0.5743340800170054,-0.7812438296680035,-0.12485353907747694,-0.6900943463069682,-1.7101503814556616,-1.0421409270335906,-0.7297104957834565,-0.7297104957834566,0.8992072319045583,-1.2357289594071812,-0.444563225699601,1,0,at_risk_user,1,-1.7824447781428245,-1.263022549229379
127,-0.7718107031195512,-0.053700476280045734,0.4507635365017753,-0.9099308081739209,-0.8844018767320323,-0.8844018767320323,1.6707077558015044,-0.5403093384762852,-0.30071022588346086,-0.19178464021846164,-1.311479992973772,0.862998913328057,0.18305664901163074,-0.8915523367629506,-0.8812760752680229,-0.8763401272509813,-0.7297104957834565,-0.7297104957834566,-1.4258276275771695,1.0252400390950098,-0.8653560979888586,1,0,consistent_user,1,-1.1605859043800253,-0.22881456104488943
128,-1.3401543725743017,-1.1496285636279193,-0.1429286814545189,-0.7459054258983154,-0.682736872346664,-0.6827368723466641,-0.6608317688382453,-0.36135987191688623,-0.9738956286756881,-0.8577035298658984,-0.557154363777461,-0.1977101289194015,-2.0377663477395522,-0.6900943463069682,-1.0470509365055505,-0.8763401272509813,-0.7297104957834565,-0.7297104957834566,0.31794851703412635,0.15002623322319394,-1.3650476338323518,0,0,casual_user,3,-2.0648219979096782,0.5570005526133328
129,-0.20346703366480073,-0.6016645199539825,-0.5387234934253817,-0.9099308081739209,-0.8844018767320323,-0.8844018767320323,-0.27224184806495383,-0.5403093384762852,-0.30071022588346086,-0.8577035298658984,-1.311479992973772,-1.0457024526673697,-0.5218188133002654,-0.8915523367629506,-0.8812760752680229,-0.8763401272509813,-0.7297104957834565,-0.7297104957834566,-0.8445689127067375,-1.7462703461657405,-0.8653560979888586,1,0,at_risk_user,1,-2.1831423184161842,-0.5217776241793115
130,0.3648766357899498,0.49426356739389105,-0.1429286814545189,1.3864245436845548,1.7372431802777542,1.7372431802777546,0.07063161144089179,0.3544379943207086,-0.7571849313210155,1.8059720287238485,1.4124736680129062,1.9457461741587967,1.271029179251379,1.727401539164822,1.4211525530309739,1.7764726692707673,2.540700689800662,2.5407006898006625,-1.4258276275771695,0.5876331361591018,1.8347314992005432,0,1,power_user,2,4.209025682829712,0.032200291698749786
131,2.0699076441542013,0.49426356739389105,-0.6518077254170568,1.3864245436845548,1.1322481671216496,1.1322481671216498,-1.1049345354362932,1.1213642795752743,-0.7212351649536702,-0.19178464021846164,1.8315434620108568,1.7454858400759428,1.428901152440849,2.130317520076787,1.2369582627670541,1.6106718694881579,0.08789230061257318,0.08789230061257323,-0.2633101978363056,0.7335021038044045,1.2678299906997383,0,1,power_user,2,3.1117112725657585,-0.5861010273560233
132,0.9332203052447002,-0.6016645199539825,-0.855359343002072,0.07422148547971154,0.12392314519480867,0.12392314519480872,0.3754080198905321,0.3544379943207086,-0.44673681591214015,0.4741342494289751,-0.557154363777461,-0.673927287001594,0.11227831896551003,-0.48863635585098564,0.2791479533946715,-0.04733612833793493,0.08789230061257318,0.08789230061257323,0.8992072319045583,-1.7462703461657405,0.020062237453120333,0,0,casual_user,0,-0.2857003064174885,-0.8820032039789651
133,-0.7718107031195512,-0.6016645199539825,-0.1429286814545189,-1.0739561904495263,-1.0860668811174004,-1.0860668811174004,0.3754080198905321,-0.8385584494086165,1.8439514113967574,-0.8577035298658984,-1.311479992973772,-1.053367920000685,-0.12485353907747694,-0.8915523367629506,-0.6049846398721432,-0.8763401272509813,-0.7297104957834565,-0.7297104957834566,-1.4258276275771695,1.0252400390950098,-0.8741226161615515,1,0,at_risk_user,1,-2.03960962650414,-0.4616028674599274
134,-0.7718107031195512,1.042227611067828,1.6381479724143637,-0.08980389679589386,-0.07774185919055952,-0.07774185919055944,-0.27224184806495383,0.3544379943207086,-0.4140315962667621,-0.19178464021846164,1.202938771013931,0.4586455114956926,0.9941287211390216,0.3171956059729444,0.5001811017113752,-0.04733612833793493,-0.7297104957834565,-0.7297104957834566,1.4804659467749903,-1.1627944755845299,0.4408551097423775,0,1,consistent_user,0,0.951603255430284,1.1119720483698048
135,0.3648766357899498,0.49426356739389105,-0.1429286814545189,0.4022722500309223,0.32558814958017684,0.3255881495801769,0.1163480727083377,0.7123369274395064,-0.5942626304172137,0.4741342494289751,-0.6828753019768462,-0.5972726136684442,-0.014404614921851248,-0.48863635585098564,0.7764725371072548,0.4500662710098929,0.08789230061257318,0.08789230061257323,-0.2633101978363056,0.3688296846911479,0.10772741918004923,0,0,casual_user,0,-0.048861744295419215,-0.10399478238134104
136,-0.7718107031195512,-0.6016645199539825,-0.1429286814545189,-1.0739561904495263,-1.0860668811174004,-1.0860668811174004,0.3754080198905321,-0.8385584494086165,1.8439514113967574,-0.8577035298658984,-0.054270610979920475,-0.622185382501718,0.18305664901163074,-0.6900943463069682,-1.7101503814556616,-1.0421409270335906,-0.7297104957834565,-0.7297104957834566,0.8992072319045583,1.1711090067403125,-0.6111270709807657,1,0,casual_user,1,-1.6889821678375316,-0.5838998888312653
137,0.3648766357899498,-0.053700476280045734,-0.439774790432666,0.07422148547971154,0.32558814958017684,0.3255881495801769,-0.6608317688382453,-0.003460938798088793,-0.4984730330098142,-0.19178464021846164,-0.557154363777461,-0.503370638835336,0.4346375910307722,-0.48863635585098564,-0.715501214030495,-0.5447385276857627,-0.7297104957834565,-0.7297104957834566,0.8992072319045583,0.22296071704584525,-0.260466344073051,0,0,casual_user,0,-0.6672787765176124,-0.5431250786114319
138,0.3648766357899498,-0.6016645199539825,-0.736620899410813,-0.7459054258983154,-0.682736872346664,-0.6827368723466641,-0.6608317688382453,-0.36135987191688623,-0.11061152409871587,-0.8577035298658984,-1.311479992973772,-0.46983421925208285,0.08785511658445516,-0.8915523367629506,-0.38395149155543945,-0.710539327468372,-0.7297104957834565,-0.7297104957834566,0.8992072319045583,0.8064365876270558,-0.7338583253984655,1,0,casual_user,1,-1.386770506558793,-0.7816170188364557
139,-0.7718107031195512,-0.6016645199539825,-0.1429286814545189,-1.0739561904495263,-1.0860668811174004,-1.0860668811174004,0.3754080198905321,-0.8385584494086165,1.8439514113967574,-0.8577035298658984,-1.311479992973772,-0.7841183799179966,0.18305664901163074,-0.8915523367629506,0.5001811017113752,-0.710539327468372,-0.7297104957834565,-0.7297104957834566,-1.4258276275771695,-1.3815979270524839,-0.6987922527076942,1,0,casual_user,1,-1.3558534623334673,-0.5116038283662698
140,-1.3401543725743017,-0.6016645199539825,1.0444557544580695,-0.9099308081739209,-1.0860668811174004,-1.0860668811174004,0.3754080198905321,0.3544379943207086,1.8439514113967574,-0.8577035298658984,-1.311479992973772,-0.8588566864178175,-2.0377663477395522,-0.8915523367629506,-0.8812760752680229,-0.8763401272509813,-0.7297104957834565,-0.7297104957834566,-0.2633101978363056,1.1711090067403125,-1.7069418425673735,1,0,casual_user,3,-2.8060834606197353,1.3167971364255002
141,-1.3401543725743017,-0.6016645199539825,1.0444557544580695,-1.2379815727251318,-1.2877318855027686,-1.2877318855027688,1.6707077558015044,-1.4350566712732788,1.8439514113967574,-0.8577035298658984,0.5743340800170054,-0.3079012218358042,-2.0377663477395522,-0.6900943463069682,-0.05240176908038397,-0.8763401272509813,-0.7297104957834565,-0.7297104957834566,-0.2633101978363056,1.0981745229176612,-0.9705543160611729,1,0,casual_user,3,-1.6455998388693083,1.1520375063090114
142,-0.20346703366480073,-0.053700476280045734,-0.1429286814545189,0.07422148547971154,0.12392314519480867,0.12392314519480872,-1.3516582946574307,0.3544379943207086,-0.6670049840921765,-0.8577035298658984,0.19717126541884997,-0.6978818724182032,0.18305664901163074,-0.08572037493902064,-1.7101503814556616,-1.0421409270335906,-0.7297104957834565,-0.7297104957834566,-1.4258276275771695,0.0770917494005426,-0.20786723503689408,0,0,casual_user,0,-1.0152882859262666,-0.10425521801049392
143,-1.3401543725743017,-1.1496285636279193,-0.1429286814545189,-1.402006955000737,-1.489396889888137,-1.489396889888137,-2.215191451931412,-3.2245513368672665,1.8439514113967574,-1.523622419513335,-1.311479992973772,-1.536292361999528,-2.0377663477395522,-0.8915523367629506,-1.7101503814556616,-1.0421409270335906,-0.7297104957834565,-0.7297104957834566,-1.4258276275771695,-0.36051515353536534,-1.9436378332300805,1,0,at_risk_user,3,-3.495069994156195,0.6748642134630441
144,-0.7718107031195512,-1.1496285636279193,-0.736620899410813,-0.7459054258983154,-0.682736872346664,-0.6827368723466641,-0.6608317688382453,-0.36135987191688623,0.5004886490411173,-0.8577035298658984,-0.557154363777461,-0.5359488750019246,-0.5218188133002654,-0.6900943463069682,-0.38395149155543945,-0.710539327468372,-0.7297104957834565,-0.7297104957834566,-1.4258276275771695,-1.0898599917618785,-0.4708627802176796,0,0,casual_user,1,-1.3591533649030847,-0.5297094742571172
145,-0.20346703366480073,1.5901916547417647,1.0444557544580695,0.7303230145821331,0.7289181583509132,0.7289181583509132,-0.91989171602044,0.6526871052530396,-0.9258937000386028,-0.19178464021846164,0.30493206958975133,0.5563802199954584,0.8316028652535606,0.3171956059729444,0.8948831522769175,0.7816678705751114,0.08789230061257318,0.08789230061257323,0.31794851703412635,1.3899124582082665,0.5761099615496392,0,1,consistent_user,0,1.441691104622608,0.9554106993826184
146,-1.3401543725743017,-1.1496285636279193,-0.1429286814545189,-1.402006955000737,-1.489396889888137,-1.489396889888137,-2.215191451931412,-3.2245513368672665,1.8439514113967574,-1.523622419513335,-1.311479992973772,-1.536292361999528,-2.0377663477395522,-0.8915523367629506,-1.7101503814556616,-1.0421409270335906,-0.7297104957834565,-0.7297104957834566,1.4804659467749903,-1.6004013785204378,-1.9436378332300805,1,0,at_risk_user,3,-3.495069994156195,0.6748642134630441
147,-1.3401543725743017,-1.1496285636279193,-0.1429286814545189,-1.402006955000737,-1.489396889888137,-1.489396889888137,-2.215191451931412,-3.2245513368672665,1.8439514113967574,-1.523622419513335,-1.311479992973772,-1.536292361999528,-2.0377663477395522,-0.8915523367629506,-1.7101503814556616,-1.0421409270335906,-0.7297104957834565,-0.7297104957834566,0.31794851703412635,0.15002623322319394,-1.9436378332300805,1,0,at_risk_user,3,-3.495069994156195,0.6748642134630441
148,0.3648766357899498,1.5901916547417647,0.4507635365017753,0.8943483968577386,0.9305831627362814,0.9305831627362817,-0.42169950990083516,0.6297448659505527,-0.7904210027854025,0.4741342494289751,2.208706276609012,1.6391274808261977,1.3522217090046007,1.9288595296208046,0.9422473983447828,0.9474686703577208,0.9054950970086029,0.905495097008603,-1.4258276275771695,0.3688296846911479,1.4753042541201358,0,1,power_user,2,3.258765363293129,0.34254813112742755
149,-0.20346703366480073,-0.053700476280045734,-0.1429286814545189,-0.5818800436227101,-0.48107186796129586,-0.4810718679612959,0.3754080198905321,-0.24206022754395373,-0.45592516592950477,-0.19178464021846164,-0.054270610979920475,0.5314674511621846,0.8316028652535606,-0.48863635585098564,-0.05240176908038397,-0.5447385276857627,-0.7297104957834565,-0.7297104957834566,0.31794851703412635,0.004157265577891283,-0.19033419869150797,1,0,consistent_user,0,0.0035166483894173515,-0.6355996430784534
150,0.3648766357899498,-0.053700476280045734,-0.439774790432666,0.07422148547971154,0.32558814958017684,0.3255881495801769,-0.6608317688382453,-0.003460938798088793,-0.30449477383198753,-0.19178464021846164,-0.9343171783756165,-0.640390867418341,-0.24491835518790803,-0.6900943463069682,0.2791479533946715,-0.04733612833793493,-0.7297104957834565,-0.7297104957834566,-0.8445689127067375,0.22296071704584525,-0.2341667895549727,0,0,casual_user,0,-0.7354613132025561,-0.24745798882433684
151,0.3648766357899498,0.49426356739389105,-0.1429286814545189,1.0583737791333439,1.3339131715070178,1.333913171507018,0.3754080198905321,0.3544379943207086,-0.7089746282030568,1.8059720287238485,1.2815143573885468,1.737820372742628,1.428901152440849,1.324485558252857,1.398128266747984,1.4448710697055487,1.7230978934046326,1.7230978934046326,0.8992072319045583,1.3169779743856151,1.504891252952974,0,1,power_user,2,3.6118216796290814,-0.23721661119216084
152,0.3648766357899498,0.49426356739389105,-0.1429286814545189,0.8943483968577386,1.1322481671216496,1.1322481671216498,-0.5498060771887336,0.3544379943207086,-0.7172712648832756,0.4741342494289751,-0.054270610979920475,0.7135223003284152,0.5800219232344195,0.11573761551696186,0.05811480507796785,0.28426547122728363,0.9054950970086029,0.905495097008603,-0.2633101978363056,-0.06877721824476005,0.5986524368508491,0,1,consistent_user,0,1.411848863855946,0.013697102165982473
153,-0.7718107031195512,-0.6016645199539825,-0.1429286814545189,-0.9099308081739209,-0.8844018767320323,-0.8844018767320323,-0.27224184806495383,-0.5403093384762852,-0.7236313377372718,-0.8577035298658984,-1.311479992973772,-0.958507761750912,-1.0813099434085147,-0.8915523367629506,-0.8812760752680229,-0.8763401272509813,-0.7297104957834565,-0.7297104957834566,-1.4258276275771695,-1.5274668946977865,-1.1074588716055538,1,0,at_risk_user,1,-2.3613725716369727,0.046725886239331424
154,-1.3401543725743017,0.49426356739389105,3.419224626283246,-0.9099308081739209,-0.8844018767320323,-0.8844018767320323,-0.27224184806495383,-0.5403093384762852,-1.1465524495910826,-0.8577035298658984,-1.311479992973772,-0.7170455407514905,-2.0377663477395522,-0.8915523367629506,-0.05240176908038397,-0.710539327468372,-0.7297104957834565,-0.7297104957834566,1.4804659467749903,-0.6522530888259707,-1.522844960940823,1,0,casual_user,3,-2.2910517270795006,3.6192986555431372
155,-0.20346703366480073,-1.1496285636279193,-0.9345183053962445,-1.0739561904495263,-1.0860668811174004,-1.0860668811174004,0.3754080198905321,-0.8385584494086165,1.8439514113967574,-0.8577035298658984,-0.054270610979920475,-1.0658243044173217,-0.7733997553194069,-0.6900943463069682,-0.6049846398721432,-0.8763401272509813,-0.7297104957834565,-0.7297104957834566,-0.8445689127067375,0.004157265577891283,-0.5018422013492316,1,0,at_risk_user,1,-1.8082363883648402,-0.8793453950357863
156,-0.20346703366480073,-0.6016645199539825,-0.5387234934253817,-0.7459054258983154,-0.8844018767320323,-0.8844018767320323,-0.27224184806495383,0.3544379943207086,-0.9350918936641772,-0.8577035298658984,-0.557154363777461,-0.8626894200844749,0.18305664901163074,-0.6900943463069682,0.9422473983447828,-0.3789377279031535,-0.7297104957834565,-0.7297104957834566,-1.4258276275771695,0.8064365876270558,-0.31306545310920797,1,0,casual_user,0,-0.8010114665424911,-0.6697214903326114
157,-0.7718107031195512,-0.6016645199539825,-0.1429286814545189,-0.5818800436227101,-0.48107186796129586,-0.4810718679612959,-0.91989171602044,-0.24206022754395373,-0.04100937482961757,-0.8577035298658984,-0.054270610979920475,-0.44779600066880243,0.18305664901163074,-0.48863635585098564,-1.1575675106639025,-0.8763401272509813,-0.7297104957834565,-0.7297104957834566,-0.8445689127067375,-0.21464618589006268,-0.36566456214536547,0,0,casual_user,0,-1.0644763150443508,-0.2232338990733815
158,-0.20346703366480073,0.49426356739389105,0.2528661305163439,-0.25382927907149927,-0.2794068635759277,-0.2794068635759276,1.1155792975539447,0.3544379943207086,-0.1236427463023554,0.4741342494289751,-0.3685729564783833,-0.46408511875209674,0.4346375910307722,-0.48863635585098564,1.1909096902010743,0.11846467144467435,0.08789230061257318,0.08789230061257323,0.31794851703412635,0.8793710714497072,0.12526045552543477,0,0,casual_user,0,0.1617625023599535,-0.15555520593209488
159,-0.7718107031195512,-0.6016645199539825,-0.1429286814545189,-1.0739561904495263,-1.0860668811174004,-1.0860668811174004,0.3754080198905321,-0.8385584494086165,1.8439514113967574,-0.8577035298658984,-1.311479992973772,-1.0131242165007812,-1.0813099434085147,-0.8915523367629506,-1.7101503814556616,-1.0421409270335906,-0.7297104957834565,-0.7297104957834566,-0.8445689127067375,-0.6522530888259707,-1.2915557532321038,1,0,at_risk_user,1,-2.8382252287671004,-0.15007463279940114
160,-0.7718107031195512,-0.6016645199539825,-0.1429286814545189,-0.7459054258983154,-0.8844018767320323,-0.8844018767320323,-0.27224184806495383,0.3544379943207086,-0.08924966995655548,-0.8577035298658984,-0.557154363777461,-0.8310693673345508,0.4346375910307722,-0.6900943463069682,0.2791479533946715,-0.5447385276857627,-0.7297104957834565,-0.7297104957834566,0.8992072319045583,-0.506384121180668,-0.41826367118152236,1,0,casual_user,0,-0.9574111424200469,-0.44867069179090513
161,-1.3401543725743017,-0.053700476280045734,2.231840190370658,-0.5818800436227101,-0.48107186796129586,-0.4810718679612959,0.3754080198905321,-0.24206022754395373,0.2129487177985805,-0.19178464021846164,-1.311479992973772,-0.2964030208358318,-2.0377663477395522,-0.8915523367629506,-0.05240176908038397,-0.5447385276857627,-0.7297104957834565,-0.7297104957834566,-0.8445689127067375,-1.2357289594071812,-1.4176467428685087,0,0,casual_user,3,-1.9594164904563967,2.4976258428081755
162,0.3648766357899498,-0.053700476280045734,-0.439774790432666,1.2223991614089493,1.3339131715070178,1.333913171507018,-0.14271187447385666,0.5930372830665736,-0.7332288525110326,1.1400531390764117,0.9071247987800837,0.5908748229953756,0.6473462466927044,1.1230275677968744,0.6302006007212011,0.9474686703577208,0.9054950970086029,0.905495097008603,0.31794851703412635,0.8064365876270558,1.0772011935719659,0,1,consistent_user,2,2.0573075811144355,-0.28474955663433027
163,-1.3401543725743017,-1.1496285636279193,-0.1429286814545189,-1.402006955000737,-1.489396889888137,-1.489396889888137,-2.215191451931412,-3.2245513368672665,1.8439514113967574,-1.523622419513335,-1.311479992973772,-1.536292361999528,-2.0377663477395522,-0.8915523367629506,-1.7101503814556616,-1.0421409270335906,-0.7297104957834565,-0.7297104957834566,0.8992072319045583,0.8064365876270558,-1.9436378332300805,1,0,at_risk_user,3,-3.495069994156195,0.6748642134630441
164,-1.3401543725743017,-1.1496285636279193,-0.1429286814545189,-1.402006955000737,-1.489396889888137,-1.489396889888137,-2.215191451931412,-3.2245513368672665,1.8439514113967574,-1.523622419513335,-1.311479992973772,-1.536292361999528,-2.0377663477395522,-0.8915523367629506,-1.7101503814556616,-1.0421409270335906,-0.7297104957834565,-0.7297104957834566,-0.8445689127067375,0.8793710714497072,-1.9436378332300805,1,0,at_risk_user,3,-3.495069994156195,0.6748642134630441
165,-0.20346703366480073,-0.053700476280045734,-0.1429286814545189,-0.7459054258983154,-0.682736872346664,-0.6827368723466641,-0.6608317688382453,-0.36135987191688623,-0.3553394984958528,-0.8577035298658984,-1.311479992973772,-0.9403022768342891,-0.5218188133002654,-0.8915523367629506,-1.0470509365055505,-0.8763401272509813,-0.7297104957834565,-0.7297104957834566,1.4804659467749903,-0.6522530888259707,-0.83905654347078,1,0,at_risk_user,1,-2.097472525875441,-0.0759716824118001
166,0.3648766357899498,-0.053700476280045734,-0.439774790432666,0.23824686775531695,0.5272531539655451,0.5272531539655451,-0.09561006589527597,0.029075327849074427,-0.3989264843441226,0.4741342494289751,0.06002115101952067,0.6215366923286356,0.35576612980018774,-0.08572037493902064,0.3997114888401463,0.11846467144467435,0.9054950970086029,0.905495097008603,-1.4258276275771695,0.8064365876270558,0.5348959410494467,0,1,consistent_user,0,1.1810790878721928,-0.3015090146625179
167,-0.20346703366480073,-0.053700476280045734,-0.1429286814545189,0.07422148547971154,-0.07774185919055952,-0.07774185919055944,-0.27224184806495383,0.8018116607192055,-0.38022063971390624,-0.19178464021846164,-0.9343171783756165,-0.4315068825855081,-0.30911015763833327,-0.6900943463069682,-0.715501214030495,-0.5447385276857627,-0.7297104957834565,-0.7297104957834566,0.31794851703412635,0.5146986523364505,-0.4971623347357582,0,0,casual_user,1,-1.2643915697450827,-0.12350528573704193
168,-0.20346703366480073,-0.053700476280045734,-0.1429286814545189,1.0583737791333439,0.7289181583509132,0.7289181583509132,-0.27224184806495383,1.2491853271177025,-0.48833959839084917,0.4741342494289751,1.0457875982646996,-0.5531961765018832,0.31457277492034114,1.1230275677968744,-0.2596203456272937,0.11846467144467435,0.9054950970086029,0.905495097008603,0.8992072319045583,0.0770917494005426,0.8265819093408636,0,0,casual_user,0,0.8610113397020689,-0.021483824163382906
169,0.3648766357899498,-0.053700476280045734,-0.439774790432666,-0.5818800436227101,-0.48107186796129586,-0.4810718679612959,0.3754080198905321,-0.24206022754395373,-0.7604800612452531,-0.19178464021846164,-0.054270610979920475,0.5285929009121917,0.5092435931882985,-0.48863635585098564,-0.05240176908038397,-0.5447385276857627,-0.7297104957834565,-0.7297104957834566,0.31794851703412635,0.8793710714497072,-0.19033419869150797,1,0,consistent_user,0,-0.1225018221298829,-0.7748695743995756
170,-1.3401543725743017,-0.053700476280045734,2.231840190370658,-0.7459054258983154,-0.8844018767320323,-0.8844018767320323,-0.27224184806495383,0.3544379943207086,-0.30071022588346086,-0.8577035298658984,-0.557154363777461,-0.46408511875209674,-2.0377663477395522,-0.6900943463069682,-1.0470509365055505,-0.8763401272509813,-0.7297104957834565,-0.7297104957834566,-0.2633101978363056,-0.06877721824476005,-1.4176467428685087,1,0,casual_user,3,-2.2884530612041574,2.5484123350737278
171,-1.3401543725743017,-0.6016645199539825,1.0444557544580695,-1.0739561904495263,-1.0860668811174004,-1.0860668811174004,0.3754080198905321,-0.8385584494086165,1.8439514113967574,-0.8577035298658984,-1.311479992973772,-1.1769735807503887,-2.0377663477395522,-0.8915523367629506,-0.6049846398721432,-0.8763401272509813,-0.7297104957834565,-0.7297104957834566,-1.4258276275771695,-0.36051515353536534,-1.663109251703909,0,0,at_risk_user,3,-2.834528160596243,1.3178238239967779
172,-0.7718107031195512,-0.053700476280045734,0.4507635365017753,-0.5818800436227101,-0.48107186796129586,-0.4810718679612959,-0.91989171602044,-0.24206022754395373,-0.6358266857751745,-0.8577035298658984,-0.054270610979920475,-0.5349906915852602,0.18305664901163074,-0.48863635585098564,-0.6049846398721432,-0.710539327468372,-0.7297104957834565,-0.7297104957834566,-0.8445689127067375,-1.3086634432298325,-0.27799938041843686,1,0,casual_user,0,-0.8798367549436552,0.3271184480470521
173,-0.20346703366480073,-1.1496285636279193,-0.9345183053962445,-0.9099308081739209,-0.8844018767320323,-0.8844018767320323,1.6707077558015044,-0.5403093384762852,0.7565925537510662,-0.19178464021846164,0.5743340800170054,-0.7774110960013461,0.4346375910307722,-0.48863635585098564,-0.05240176908038397,-0.710539327468372,-0.7297104957834565,-0.7297104957834566,-0.8445689127067375,1.3169779743856151,-0.07636946244650104,1,0,casual_user,1,-0.7185536973283901,-1.5247098979510096
174,-0.7718107031195512,-1.1496285636279193,-0.736620899410813,-0.7459054258983154,-0.8844018767320323,-0.8844018767320323,-0.27224184806495383,0.3544379943207086,0.12221088597034979,-0.8577035298658984,0.19717126541884997,-0.6959655055848745,0.4346375910307722,-0.48863635585098564,0.9422473983447828,-0.3789377279031535,-0.7297104957834565,-0.7297104957834566,-1.4258276275771695,0.0770917494005426,-0.05006990792842243,1,0,casual_user,0,-0.33756096401431096,-0.9135788895794138
175,1.5015639746994507,2.1381556984157015,0.054968724530912484,1.878500690511371,1.5355781758923859,1.5355781758923863,0.2134955529016607,1.2491853271177025,-0.7671129982704412,1.8059720287238485,-0.23387195126475638,0.588958456162047,0.4798834448919891,0.3171956059729444,0.5001811017113752,1.2790702699229393,1.7230978934046326,1.7230978934046326,-0.8445689127067375,-1.7462703461657405,0.8866951768107576,0,1,consistent_user,2,1.884242350879207,0.21995447823438904
176,-1.3401543725743017,0.49426356739389105,3.419224626283246,0.23824686775531695,0.12392314519480867,0.12392314519480872,0.3754080198905321,0.7521034755638172,-0.7338237056814737,0.4741342494289751,-0.9686047069754489,-0.5330743247519314,-2.0377663477395522,-0.6900943463069682,1.0025291660675202,0.4500662710098929,0.9054950970086029,0.905495097008603,-0.8445689127067375,1.6087159096762205,-0.6222844577460109,0,0,casual_user,3,-0.6078212510383783,3.8493587363329302
177,2.0699076441542013,2.1381556984157015,-0.1429286814545189,2.0425260727869765,1.9389081846631224,1.9389081846631226,-0.05635855874645839,0.9509362161853714,-0.9281569265285048,1.8059720287238485,1.4315222950128133,1.8384296314923867,1.2499619774982944,2.3317755105327698,1.3039380046812068,2.273875068618595,1.7230978934046326,1.7230978934046326,0.31794851703412635,1.0252400390950098,1.70004590182008,0,1,power_user,2,3.8917243488813575,-0.01428029352429216
178,-0.7718107031195512,-1.1496285636279193,-0.736620899410813,-1.2379815727251318,-1.2877318855027686,-1.2877318855027688,1.6707077558015044,-1.4350566712732788,1.8439514113967574,-0.8577035298658984,-1.311479992973772,-0.6058962644184235,-0.5218188133002654,-0.8915523367629506,-1.7101503814556616,-1.0421409270335906,-0.7297104957834565,-0.7297104957834566,-0.8445689127067375,1.1711090067403125,-1.102052088651566,1,0,casual_user,1,-2.5906885538780573,-1.1557024202201485
179,-0.7718107031195512,-0.6016645199539825,-0.1429286814545189,-1.0739561904495263,-1.0860668811174004,-1.0860668811174004,0.3754080198905321,-0.8385584494086165,1.8439514113967574,-0.8577035298658984,-0.054270610979920475,-1.1894299651670255,-0.5218188133002654,-0.6900943463069682,-0.6049846398721432,-0.8763401272509813,-0.7297104957834565,-0.7297104957834566,0.31794851703412635,0.44176416851379924,-0.4357967075269085,1,0,at_risk_user,1,-1.7653041129538556,-0.28024850822232206
180,1.5015639746994507,0.49426356739389105,-0.5387234934253817,1.7144753082357655,1.5355781758923859,1.5355781758923863,-0.27224184806495383,1.025498493918454,-0.7207365667008315,1.1400531390764117,1.517241116512394,1.9984462620753367,1.1936327314283277,2.130317520076787,1.4395719820573658,2.1080742688359857,3.358303486196692,3.358303486196692,0.31794851703412635,-1.1627944755845299,1.9969120853953608,0,1,power_user,2,4.494150406568424,-0.14308672703488426
181,-1.3401543725743017,-0.053700476280045734,2.231840190370658,-1.0739561904495263,-1.0860668811174004,-1.0860668811174004,0.3754080198905321,-0.8385584494086165,1.8439514113967574,-0.8577035298658984,-0.054270610979920475,-0.9450931939176109,-2.0377663477395522,-0.6900943463069682,-1.7101503814556616,-1.0421409270335906,-0.7297104957834565,-0.7297104957834566,-0.8445689127067375,0.004157265577891283,-1.400113706523123,1,0,casual_user,3,-2.6908703062032298,2.356369303023588
182,-0.20346703366480073,-0.053700476280045734,-0.1429286814545189,0.8943483968577386,0.7289181583509132,0.7289181583509132,-0.91989171602044,0.9509362161853714,-0.6779341437990111,-0.19178464021846164,0.9514968946151606,1.5394764054931032,1.139513053342669,0.9215695773408918,1.38431369497819,1.2790702699229393,-0.7297104957834565,-0.7297104957834566,-0.2633101978363056,0.004157265577891283,0.7038506549231636,0,1,power_user,2,2.125846008985093,-0.2212959333072158
183,-0.7718107031195512,-0.6016645199539825,-0.1429286814545189,-0.41785466134710464,-0.2794068635759277,-0.2794068635759276,0.005322381058825778,-0.15684619584900225,-0.39594193768578007,-0.19178464021846164,-0.7726759721192641,-0.5024124554186716,-0.5218188133002654,-0.6900943463069682,0.18441946125894132,-0.3789377279031535,-0.7297104957834565,-0.7297104957834566,-0.2633101978363056,-1.0898599917618785,-0.3506362452778921,0,0,casual_user,1,-1.0530439091116341,-0.07131184177839973
184,0.3648766357899498,-0.6016645199539825,-0.736620899410813,-0.25382927907149927,-0.2794068635759277,-0.2794068635759276,-1.1049345354362932,0.3544379943207086,-0.5635959271829696,-0.8577035298658984,-0.8400264747260776,-0.48612333733537716,-0.12485353907747694,-0.6900943463069682,0.7764725371072548,-0.04733612833793493,-0.7297104957834565,-0.7297104957834566,0.8992072319045583,-1.4545324108751352,-0.28019100996160984,0,0,casual_user,0,-0.6278804398341756,-0.49586846900476494
185,-0.20346703366480073,-0.053700476280045734,-0.1429286814545189,-0.5818800436227101,-0.48107186796129586,-0.4810718679612959,-0.91989171602044,-0.24206022754395373,-0.3939588153078784,-0.8577035298658984,-0.054270610979920475,-0.6269762995850398,0.18305664901163074,-0.48863635585098564,-0.6049846398721432,-0.710539327468372,-0.7297104957834565,-0.7297104957834566,-0.8445689127067375,1.0252400390950098,-0.27799938041843686,1,0,casual_user,0,-0.9202635630960219,-0.202218660461424
186,-1.3401543725743017,-0.053700476280045734,2.231840190370658,-0.9099308081739209,-0.8844018767320323,-0.8844018767320323,-0.27224184806495383,-0.5403093384762852,-0.5121707818103663,-0.8577035298658984,-1.311479992973772,-0.4650433021687611,-2.0377663477395522,-0.8915523367629506,-0.05240176908038397,-0.710539327468372,-0.7297104957834565,-0.7297104957834566,-0.2633101978363056,1.5357814258535691,-1.522844960940823,1,0,casual_user,3,-2.1800783431429087,2.578711750640605
187,2.6382513136089516,1.042227611067828,-0.5881978449217395,1.878500690511371,1.9389081846631224,1.9389081846631226,-0.05635855874645839,0.7521034755638172,-0.7808010717178885,1.8059720287238485,0.8437360904442591,1.8393878149090508,1.288834263855503,1.5259435487088393,1.28958520284246,2.1080742688359857,1.7230978934046326,1.7230978934046326,0.8992072319045583,1.6087159096762205,1.4928372904655214,0,1,power_user,2,3.67335863411124,-0.4402873275148921
188,-0.20346703366480073,-1.1496285636279193,-0.9345183053962445,-0.25382927907149927,-0.2794068635759277,-0.2794068635759276,0.005322381058825778,0.3544379943207086,0.10446507025108825,-0.19178464021846164,0.10288056176931103,-0.6470981513349916,0.18305664901163074,-0.28717836539500313,-0.8812760752680229,-0.710539327468372,-0.7297104957834565,-0.7297104957834566,-0.8445689127067375,-0.21464618589006268,-0.2144421236664136,0,0,casual_user,1,-0.9342378103836807,-1.0789388259966621
189,0.3648766357899498,1.042227611067828,0.1539174275236282,0.4022722500309223,0.7289181583509132,0.7289181583509132,-0.27224184806495383,0.05618888338837724,-0.43536840626186596,0.4741342494289751,-0.6828753019768462,-0.5100779227519864,0.08785511658445516,-0.48863635585098564,-0.05240176908038397,-0.04733612833793493,0.9054950970086029,0.905495097008603,0.8992072319045583,0.7335021038044045,0.2567582281158278,0,0,casual_user,0,0.20508499850922418,0.29284492688095076
190,0.9332203052447002,-0.6016645199539825,-0.855359343002072,-0.25382927907149927,-0.48107186796129586,-0.4810718679612959,-0.91989171602044,0.9509362161853714,-0.2661719505885914,-0.8577035298658984,0.5743340800170054,-0.7764529125846816,0.03767231680798374,-0.08572037493902064,0.36203538401343544,-0.2131369281205442,-0.7297104957834565,-0.7297104957834566,-0.8445689127067375,-0.36051515353536534,0.09457764192100963,0,0,casual_user,0,-0.4079975400322391,-0.7161205986126752
191,-1.3401543725743017,-0.6016645199539825,1.0444557544580695,-1.2379815727251318,-1.2877318855027686,-1.2877318855027688,1.6707077558015044,-1.4350566712732788,1.8439514113967574,-0.8577035298658984,-1.311479992973772,-0.8693967040011256,-2.0377663477395522,-0.8915523367629506,-1.7101503814556616,-1.0421409270335906,-0.7297104957834565,-0.7297104957834566,1.4804659467749903,1.5357814258535691,-1.8910387241939233,1,0,at_risk_user,3,-3.293551919546831,0.9912236196821563
192,-0.20346703366480073,-0.6016645199539825,-0.5387234934253817,-0.25382927907149927,-0.07774185919055952,-0.07774185919055944,-0.27224184806495383,-0.09293567207778825,-0.372479717896526,-0.19178464021846164,0.10288056176931103,0.7106477500784221,0.31457277492034114,-0.28717836539500313,1.1909096902010743,0.11846467144467435,-0.7297104957834565,-0.7297104957834566,-0.8445689127067375,-1.2357289594071812,0.16690141684572596,0,1,consistent_user,0,0.6515811034495176,-0.5387775923921264
193,0.9332203052447002,1.042227611067828,-0.1429286814545189,1.7144753082357655,1.7372431802777542,1.7372431802777546,-1.3008622265824905,0.7754955626957646,-0.9690311044826628,-0.19178464021846164,1.8944039311105494,1.8508860159090237,1.3020389092281293,2.533233500988752,1.2737971208198382,1.9422734690533765,0.08789230061257318,0.08789230061257323,0.8992072319045583,0.2958952008684966,1.4533879586884038,0,1,power_user,2,3.4219868273986638,0.024288292476278568
194,-0.20346703366480073,-0.6016645199539825,-0.5387234934253817,-0.08980389679589386,-0.2794068635759277,-0.2794068635759276,0.005322381058825778,0.8657221844904192,-0.38412057245850456,-0.19178464021846164,-0.47334040497787094,-0.46408511875209674,0.4346375910307722,-0.48863635585098564,-1.3417618009278223,-0.8763401272509813,-0.7297104957834565,-0.7297104957834566,-0.8445689127067375,-1.1627944755845299,-0.48839581656306574,0,0,casual_user,1,-1.1658270404902995,-0.8571174048803393
195,0.3648766357899498,1.5901916547417647,0.4507635365017753,1.2223991614089493,0.9305831627362814,0.9305831627362817,-0.42169950990083516,1.1803586092102416,-0.7618865227083418,0.4741342494289751,1.7945667154816256,1.664040249659471,1.3522217090046007,1.9288595296208046,1.4103175947801552,1.6106718694881579,0.08789230061257318,0.08789230061257323,-0.8445689127067375,0.9523055552723585,1.2298417452847352,0,1,power_user,2,2.9818442702785757,0.2647553835935232
196,-1.3401543725743017,-0.053700476280045734,2.231840190370658,-0.9099308081739209,-0.8844018767320323,-0.8844018767320323,1.6707077558015044,-0.5403093384762852,1.3909742215317822,-0.19178464021846164,-0.3685729564783833,-0.44204690016881615,-2.0377663477395522,-0.6900943463069682,-0.8812760752680229,-0.8763401272509813,-0.7297104957834565,-0.7297104957834566,0.8992072319045583,0.22296071704584525,-1.3255983020552338,0,0,casual_user,3,-2.22869463708092,2.1712737253850767
197,0.9332203052447002,-0.6016645199539825,-0.855359343002072,0.5662976323065277,0.5272531539655451,0.5272531539655451,-0.8021371945739878,0.6798006607923425,-0.6285819868448992,-0.19178464021846164,-0.7312295089766097,0.43756547632907655,0.4346375910307722,-0.48863635585098564,0.3301556030062187,0.28426547122728363,0.08789230061257318,0.08789230061257323,-1.4258276275771695,1.6816503934988718,0.07266134648927755,0,1,consistent_user,0,0.512206453941552,-0.6817133586179155
198,1.5015639746994507,2.1381556984157015,0.054968724530912484,2.370576837338187,2.3422381934338588,2.342238193433859,-0.6608317688382453,0.8912863939989045,-0.9140275216718322,1.1400531390764117,0.8886364255154683,1.7876459104091749,1.166838201927578,1.9288595296208046,1.4672011255969541,2.771277467966423,2.540700689800662,2.5407006898006625,-0.8445689127067375,-0.06877721824476005,1.8171984628551572,0,1,power_user,2,4.213040842618029,0.43992754491947916
199,0.3648766357899498,-0.053700476280045734,-0.439774790432666,1.0583737791333439,1.1322481671216496,1.1322481671216498,-0.5498060771887336,0.6100800894055639,-0.7268475145409616,0.4741342494289751,0.5743340800170054,0.567878420995431,0.7728759210801273,0.7201115868849094,0.9836911136541646,1.11326947014033,0.9054950970086029,0.905495097008603,-0.2633101978363056,-0.06877721824476005,0.9646545705607761,0,1,consistent_user,2,2.0399631476497673,-0.2640135240475524
200,-0.20346703366480073,0.49426356739389105,0.2528661305163439,-0.08980389679589386,-0.07774185919055952,-0.07774185919055944,-0.27224184806495383,0.3544379943207086,-0.13389406858779268,-0.19178464021846164,0.36479918301803,-0.4525869177521242,-0.30911015763833327,-0.08572037493902064,0.13179252118353585,-0.2131369281205442,-0.7297104957834565,-0.7297104957834566,0.8992072319045583,0.44176416851379924,0.09019438283466338,0,0,casual_user,0,-0.4275970679839288,0.3055299831199572
201,-1.3401543725743017,-0.6016645199539825,1.0444557544580695,-1.2379815727251318,-1.2877318855027686,-1.2877318855027688,1.6707077558015044,-1.4350566712732788,1.8439514113967574,-0.8577035298658984,-1.311479992973772,-1.0859461561672734,-2.0377663477395522,-0.8915523367629506,-1.7101503814556616,-1.0421409270335906,-0.7297104957834565,-0.7297104957834566,-1.4258276275771695,0.7335021038044045,-1.8910387241939233,1,0,at_risk_user,3,-3.3888330229634005,0.982239592126422
202,-1.3401543725743017,-1.1496285636279193,-0.1429286814545189,-1.402006955000737,-1.489396889888137,-1.489396889888137,-2.215191451931412,-3.2245513368672665,1.8439514113967574,-1.523622419513335,-1.311479992973772,-1.536292361999528,-2.0377663477395522,-0.8915523367629506,-1.7101503814556616,-1.0421409270335906,-0.7297104957834565,-0.7297104957834566,0.31794851703412635,-0.8710565402939247,-1.9436378332300805,1,0,at_risk_user,3,-3.495069994156195,0.6748642134630441
203,0.3648766357899498,-0.053700476280045734,-0.439774790432666,-0.5818800436227101,-0.682736872346664,-0.6827368723466641,0.8935279142549213,0.3544379943207086,-0.6897454392899336,-0.19178464021846164,-0.054270610979920475,-0.7381255759181068,0.27211173514531184,-0.48863635585098564,-1.1575675106639025,-0.8763401272509813,-0.7297104957834565,-0.7297104957834566,-0.8445689127067375,-1.3815979270524839,-0.4182636711815227,1,0,casual_user,1,-1.3299872418593968,-0.9191319140669181
204,-0.20346703366480073,-1.1496285636279193,-0.9345183053962445,0.23824686775531695,0.32558814958017684,0.3255881495801769,-0.6608317688382453,0.3544379943207086,-0.2710225687638116,-0.19178464021846164,0.7457717230161668,0.45960369491235675,0.9152572599084369,0.3171956059729444,0.3997114888401463,0.11846467144467435,0.08789230061257318,0.08789230061257323,0.31794851703412635,-0.21464618589006268,0.5460533278146925,0,1,consistent_user,0,1.2143508129751424,-0.9404751444151962
205,-0.20346703366480073,0.49426356739389105,0.2528661305163439,0.07422148547971154,0.12392314519480867,0.12392314519480872,-0.48812513738344926,0.3544379943207086,-0.6759692785533112,-0.19178464021846164,0.5743340800170054,0.3676180869125774,0.6473462466927044,0.11573761551696186,0.610697675869727,0.11846467144467435,-0.7297104957834565,-0.7297104957834566,-0.8445689127067375,-0.6522530888259707,0.2918243008065995,0,1,consistent_user,0,0.6763642565793496,0.06804765702187371
206,-0.7718107031195512,-1.1496285636279193,-0.736620899410813,-1.2379815727251318,-1.2877318855027686,-1.2877318855027688,1.6707077558015044,-1.4350566712732788,1.8439514113967574,-0.8577035298658984,-1.311479992973772,-1.0504933697506917,-0.12485353907747694,-0.8915523367629506,-1.7101503814556616,-1.0421409270335906,-0.7297104957834565,-0.7297104957834566,1.4804659467749903,-0.21464618589006268,-1.102052088651566,0,0,at_risk_user,1,-2.6326549058127515,-1.3263651985014893
207,0.9332203052447002,1.042227611067828,-0.1429286814545189,0.7303230145821331,0.5272531539655451,0.5272531539655451,-0.8021371945739878,1.005163327263977,-0.4022566833731003,-0.19178464021846164,0.03553005916249759,0.5103874159955686,0.5450865151863976,0.11573761551696186,0.42124069159826694,0.4500662710098929,0.08789230061257318,0.08789230061257323,0.31794851703412635,0.22296071704584525,0.35444228775440545,0,1,consistent_user,0,0.9212317847862556,-0.06451686508054971
208,-1.3401543725743017,-0.6016645199539825,1.0444557544580695,-1.2379815727251318,-1.2877318855027686,-1.2877318855027688,1.6707077558015044,-1.4350566712732788,1.8439514113967574,-0.8577035298658984,-1.311479992973772,-1.0801970556672873,-2.0377663477395522,-0.8915523367629506,-0.05240176908038397,-0.8763401272509813,-0.7297104957834565,-0.7297104957834566,-1.4258276275771695,-0.14171170206741138,-1.6280431790131376,1,0,at_risk_user,3,-2.7171488129715327,1.0678248815202638
209,0.9332203052447002,1.042227611067828,-0.1429286814545189,0.8943483968577386,1.1322481671216496,1.1322481671216498,-0.5498060771887336,0.3544379943207086,-0.6506334875407922,0.4741342494289751,0.19717126541884997,0.5228438004122052,0.5971634469162329,0.3171956059729444,0.9422473983447828,0.9474686703577208,1.7230978934046326,1.7230978934046326,1.4804659467749903,-0.287580669712714,1.0019122727947214,0,1,consistent_user,2,2.1051582121597083,0.14315477838679028
210,-0.20346703366480073,-0.053700476280045734,-0.1429286814545189,-0.41785466134710464,-0.2794068635759277,-0.2794068635759276,0.005322381058825778,-0.15684619584900225,-0.5484516773935145,-0.19178464021846164,-0.7726759721192641,-0.6959655055848745,-0.12485353907747694,-0.6900943463069682,0.6580619219375923,-0.2131369281205442,-0.7297104957834565,-0.7297104957834566,-1.4258276275771695,-1.1627944755845299,-0.2754946609405244,0,0,casual_user,0,-0.793364601538543,-0.20717471550059807
211,-0.7718107031195512,-0.6016645199539825,-0.1429286814545189,-0.9099308081739209,-0.8844018767320323,-0.8844018767320323,-0.27224184806495383,-0.5403093384762852,-0.08924966995655548,-0.8577035298658984,-0.3685729564783833,-0.9930023647508295,-0.5218188133002654,-0.6900943463069682,-0.8812760752680229,-0.8763401272509813,-0.7297104957834565,-0.7297104957834566,0.8992072319045583,-0.36051515353536534,-0.5366116665128764,1,0,at_risk_user,1,-1.7941149206541733,-0.1431578678513913
212,-0.20346703366480073,-1.1496285636279193,-0.9345183053962445,-0.08980389679589386,-0.2794068635759277,-0.2794068635759276,-1.1049345354362932,0.8657221844904192,-0.10201435655897681,-0.8577035298658984,0.7838689770159807,0.6090803079119989,0.7425477791198799,0.11573761551696186,1.2369582627670541,0.28426547122728363,-0.7297104957834565,-0.7297104957834566,-0.8445689127067375,1.0981745229176612,0.3590342734639114,0,1,consistent_user,0,1.0057567891914414,-0.8895796518160002
213,0.9332203052447002,-0.053700476280045734,-0.6178824558195544,0.7303230145821331,0.9305831627362814,0.9305831627362817,-1.0195301572443607,0.3544379943207086,-0.5748618495667148,-0.19178464021846164,-0.5032739616920102,-0.45354510116878854,0.18305664901163074,-0.28717836539500313,-0.05240176908038397,0.11846467144467435,0.08789230061257318,0.08789230061257323,0.31794851703412635,-1.3815979270524839,0.19664496064593376,0,0,casual_user,0,0.14329628599307473,-0.33903638853504997
214,-1.3401543725743017,-1.1496285636279193,-0.1429286814545189,-1.402006955000737,-1.489396889888137,-1.489396889888137,-2.215191451931412,-3.2245513368672665,1.8439514113967574,-1.523622419513335,-1.311479992973772,-1.536292361999528,-2.0377663477395522,-0.8915523367629506,-1.7101503814556616,-1.0421409270335906,-0.7297104957834565,-0.7297104957834566,-0.2633101978363056,0.0770917494005426,-1.9436378332300805,1,0,at_risk_user,3,-3.495069994156195,0.6748642134630441
215,-0.7718107031195512,-0.053700476280045734,0.4507635365017753,-0.5818800436227101,-0.48107186796129586,-0.4810718679612959,0.3754080198905321,-0.24206022754395373,0.8295951898650356,-0.19178464021846164,-0.054270610979920475,-0.6049380810017592,-0.12485353907747694,-0.48863635585098564,-0.6049846398721432,-0.710539327468372,-0.7297104957834565,-0.7297104957834566,0.8992072319045583,0.5876331361591018,-0.27799938041843686,0,0,casual_user,1,-1.0898160954747935,0.18108253458361556
216,-0.7718107031195512,0.49426356739389105,1.0444557544580695,0.4022722500309223,0.7289181583509132,0.7289181583509132,-0.91989171602044,0.05618888338837724,-0.7283568616056095,-0.19178464021846164,1.202938771013931,1.7224894380759976,0.8316028652535606,0.7201115868849094,1.329055407899014,0.7816678705751114,0.08789230061257318,0.08789230061257323,-1.4258276275771695,0.2958952008684966,0.9580796819312566,0,1,power_user,2,2.478478577137967,1.050985942528942
217,-0.20346703366480073,-0.6016645199539825,-0.5387234934253817,-0.5818800436227101,-0.682736872346664,-0.6827368723466641,-0.6608317688382453,0.3544379943207086,-0.3553394984958528,-0.8577035298658984,-0.054270610979920475,-0.9403022768342891,-0.12485353907747694,-0.48863635585098564,-0.6049846398721432,-0.710539327468372,-0.7297104957834565,-0.7297104957834566,-0.2633101978363056,-0.506384121180668,-0.3305984894545941,0,0,at_risk_user,1,-1.2775177804888922,-0.5209959981898054
218,0.3648766357899498,-0.6016645199539825,-0.736620899410813,-0.08980389679589386,0.12392314519480867,0.12392314519480872,-0.48812513738344926,-0.04322748692239988,-0.2352720573737,-0.19178464021846164,-0.8924101989758214,-0.5714016614185062,-0.24491835518790803,-0.6900943463069682,-0.9733732203999828,-0.710539327468372,-0.7297104957834565,-0.7297104957834566,1.4804659467749903,-0.43344963735801667,-0.4708627802176796,0,0,casual_user,1,-1.2906430099387263,-0.6267678479628236
219,-1.3401543725743017,1.042227611067828,4.606609062195835,0.5662976323065277,0.9305831627362814,0.9305831627362817,-0.42169950990083516,0.07913112269086459,-0.7814035897614559,0.4741342494289751,-0.15097902497944737,0.6090803079119989,-2.0377663477395522,-0.08572037493902064,0.5851938510639536,0.4500662710098929,0.9054950970086029,0.905495097008603,-0.8445689127067375,-0.21464618589006268,-0.19303158889849048,0,1,consistent_user,3,0.4333044642608477,5.194698529489635
220,0.3648766357899498,-1.1496285636279193,-1.03346700838896,-0.9099308081739209,-1.0860668811174004,-1.0860668811174004,0.3754080198905321,0.3544379943207086,1.8439514113967574,-0.8577035298658984,0.5743340800170054,-0.6279344830017041,0.08785511658445516,-0.48863635585098564,-0.8812760752680229,-0.8763401272509813,-0.7297104957834565,-0.7297104957834566,-1.4258276275771695,-1.3815979270524839,-0.2604663440730513,1,0,casual_user,1,-1.1498009166882746,-1.2758502400373513
221,-0.7718107031195512,-1.1496285636279193,-0.736620899410813,-1.2379815727251318,-1.2877318855027686,-1.2877318855027688,1.6707077558015044,-1.4350566712732788,1.8439514113967574,-0.8577035298658984,-1.311479992973772,-0.18429556108610043,0.18305664901163074,-0.8915523367629506,-1.7101503814556616,-1.0421409270335906,-0.7297104957834565,-0.7297104957834566,-0.8445689127067375,-1.5274668946977865,-1.102052088651566,1,0,casual_user,1,-2.132346392659418,-1.4084983053867122
222,-0.20346703366480073,-0.053700476280045734,-0.1429286814545189,1.2223991614089493,0.9305831627362814,0.9305831627362817,-0.42169950990083516,1.1803586092102416,-0.695717029545364,0.4741342494289751,1.1289852779554694,1.6592493325761495,1.4474232414317767,1.324485558252857,1.4103175947801552,1.6106718694881579,0.9054950970086029,0.905495097008603,0.31794851703412635,-0.7981220564712733,1.173117215932017,0,1,power_user,2,3.0744956588006445,-0.22441656193446569
223,-0.20346703366480073,0.49426356739389105,0.2528661305163439,-0.08980389679589386,0.12392314519480867,0.12392314519480872,-0.48812513738344926,-0.04322748692239988,-0.42575268616848655,-0.19178464021846164,1.6220085650118816,0.6062057576620056,0.6473462466927044,0.5186535964289268,0.5001811017113752,-0.04733612833793493,-0.7297104957834565,-0.7297104957834566,-1.4258276275771695,-1.1627944755845299,0.6395628549900825,0,1,consistent_user,0,1.1432546596376936,0.1012407828682224
224,0.9332203052447002,-0.053700476280045734,-0.6178824558195544,1.0583737791333439,1.3339131715070178,1.333913171507018,-0.6608317688382453,0.3544379943207086,-0.5719158149427214,0.4741342494289751,0.3386073208931582,0.6416585440785875,0.31457277492034114,0.5186535964289268,0.15481680746652574,0.4500662710098929,0.9054950970086029,0.905495097008603,0.31794851703412635,-0.36051515353536534,0.8035697991375453,0,1,consistent_user,2,1.5623772814385837,-0.24841737553583543
225,-0.20346703366480073,-0.053700476280045734,-0.1429286814545189,-0.25382927907149927,-0.2794068635759277,-0.2794068635759276,0.005322381058825778,0.3544379943207086,-0.5635959271829696,-0.19178464021846164,-1.311479992973772,-0.6892582216682239,-0.5218188133002654,-0.8915523367629506,-0.05240176908038397,-0.3789377279031535,-0.7297104957834565,-0.7297104957834566,0.8992072319045583,1.4628469420309178,-0.576060998289994,0,0,casual_user,1,-1.4399178968410749,-0.10616229869111898
226,-0.7718107031195512,1.042227611067828,1.6381479724143637,0.4022722500309223,0.32558814958017684,0.3255881495801769,-0.6608317688382453,0.7123369274395064,-0.379942832269625,-0.19178464021846164,0.26003173451854256,-0.5771507619184925,-0.5218188133002654,0.11573761551696186,-0.6049846398721432,-0.3789377279031535,0.08789230061257318,0.08789230061257323,1.4804659467749903,0.44176416851379924,0.21730889633870962,0,0,casual_user,0,-0.39230201338514925,1.7796581185557994
227,-0.20346703366480073,-0.6016645199539825,-0.5387234934253817,-0.08980389679589386,0.12392314519480867,0.12392314519480872,0.3754080198905321,-0.04322748692239988,-0.5071558289258743,0.4741342494289751,-0.8924101989758214,-0.5771507619184925,-0.30911015763833327,-0.6900943463069682,-0.6049846398721432,-0.5447385276857627,0.08789230061257318,0.08789230061257323,0.8992072319045583,-0.14171170206741138,-0.23708896227920354,0,0,casual_user,1,-0.8932221727008022,-0.4909209030483211
228,-0.20346703366480073,1.5901916547417647,1.0444557544580695,0.5662976323065277,0.5272531539655451,0.5272531539655451,-0.8021371945739878,0.6798006607923425,-0.5589271072599852,-0.19178464021846164,1.5897724270120395,2.138341040908335,1.5015429195174355,1.1230275677968744,1.0952703471794236,0.7816678705751114,0.08789230061257318,0.08789230061257323,0.31794851703412635,0.15002623322319394,1.0032609678982123,0,1,power_user,2,2.8828101367864414,0.7650081706663711
229,0.3648766357899498,-0.053700476280045734,-0.439774790432666,-0.41785466134710464,-0.682736872346664,-0.6827368723466641,-0.6608317688382453,1.0702358605583036,-0.3939588153078784,-0.8577035298658984,-0.7726759721192641,-1.033246068250733,-0.12485353907747694,-0.6900943463069682,-0.2892229994197094,-0.5447385276857627,-0.7297104957834565,-0.7297104957834566,-0.2633101978363056,-1.6733358623430892,-0.5309760476875737,1,0,at_risk_user,1,-1.469721038844376,-0.44088377222005
230,-1.3401543725743017,-1.1496285636279193,-0.1429286814545189,-0.5818800436227101,-0.8844018767320323,-0.8844018767320323,1.6707077558015044,1.2491853271177025,-0.7236313377372718,-0.19178464021846164,-0.054270610979920475,-0.762080161334716,-2.0377663477395522,-0.48863635585098564,0.5001811017113752,-0.3789377279031535,-0.7297104957834565,-0.7297104957834566,0.8992072319045583,0.22296071704584525,-0.9968538705792515,0,0,casual_user,1,-1.6897362693905087,0.1357305947784768
231,-0.20346703366480073,-0.053700476280045734,-0.1429286814545189,0.23824686775531695,0.12392314519480867,0.12392314519480872,-0.48812513738344926,0.7521034755638172,-0.31084043830864666,-0.19178464021846164,-0.6257294209771256,0.679027697328498,0.6473462466927044,-0.48863635585098564,-0.20310618838722744,-0.2131369281205442,0.08789230061257318,0.08789230061257323,-0.2633101978363056,0.22296071704584525,-0.08035424343408859,0,1,consistent_user,0,0.33539136992017005,-0.2530113295529538
232,0.3648766357899498,0.49426356739389105,-0.1429286814545189,0.5662976323065277,0.7289181583509132,0.7289181583509132,-0.27224184806495383,0.3544379943207086,-0.6181360681827726,0.4741342494289751,-1.311479992973772,-0.5215761237519589,0.18305664901163074,-0.8915523367629506,-1.2000738853401915,-0.710539327468372,0.9054950970086029,0.905495097008603,-0.8445689127067375,1.1711090067403125,-0.14447856517280735,0,0,casual_user,0,-0.47027543264996535,-0.08337487417944367
233,1.5015639746994507,1.042227611067828,-0.34082608743995035,1.878500690511371,1.5355781758923859,1.5355781758923863,1.1849703548348898,1.2491853271177025,-0.6852851986650694,3.1378098080187216,1.9213441321532747,1.738778556159292,1.271029179251379,2.7346914914447344,1.4474660230686767,2.273875068618595,1.7230978934046326,1.7230978934046326,0.8992072319045583,0.8064365876270558,1.7883941888591666,0,1,power_user,2,3.870058609088338,-0.47356492141096096
234,1.5015639746994507,0.49426356739389105,-0.5387234934253817,1.7144753082357655,2.1405731890484905,2.140573189048491,0.2390606792683245,0.3544379943207086,-0.8888398806194692,2.4718909183712854,0.9514968946151606,0.6943586319951279,0.5236926771644533,1.5259435487088393,0.610697675869727,1.2790702699229393,1.7230978934046326,1.7230978934046326,0.31794851703412635,-1.4545324108751352,1.475304254120135,0,1,consistent_user,2,2.7157043326789636,-0.22088508004641919
235,0.3648766357899498,-1.1496285636279193,-1.03346700838896,-0.25382927907149927,-0.2794068635759277,-0.2794068635759276,0.005322381058825778,0.3544379943207086,-0.16833308377562287,-0.19178464021846164,-0.8400264747260776,-0.5512798096685545,-0.014404614921851248,-0.6900943463069682,-0.05240176908038397,-0.3789377279031535,-0.7297104957834565,-0.7297104957834566,0.8992072319045583,1.1711090067403125,-0.41168878255200286,0,0,casual_user,1,-0.9997956946173163,-1.0702459420716168
236,-0.20346703366480073,-0.053700476280045734,-0.1429286814545189,0.5662976323065277,0.7289181583509132,0.7289181583509132,1.0230578878460184,0.3544379943207086,-0.42703393376988613,1.8059720287238485,-0.4411042669780285,-0.5436143423352395,0.18305664901163074,-0.28717836539500313,-0.4349591411669864,-0.2131369281205442,0.9054950970086029,0.905495097008603,-0.2633101978363056,0.22296071704584525,0.2803603924269239,0,0,casual_user,0,0.10657649410950036,-0.2820220717043117
237,-0.7718107031195512,-0.053700476280045734,0.4507635365017753,-0.5818800436227101,-0.682736872346664,-0.6827368723466641,-0.6608317688382453,0.3544379943207086,-0.3553394984958528,-0.8577035298658984,1.202938771013931,0.7221459510783946,0.9941287211390216,-0.08572037493902064,1.0527639725031346,-0.2131369281205442,-0.7297104957834565,-0.7297104957834566,1.4804659467749903,-1.0169255079392272,0.3707229643608353,1,0,consistent_user,0,1.0439880242983675,0.11489313004194153
238,0.3648766357899498,-1.1496285636279193,-1.03346700838896,-0.41785466134710464,-0.2794068635759277,-0.2794068635759276,-1.1049345354362932,-0.15684619584900225,-0.07663726236797994,-0.8577035298658984,0.30493206958975133,-0.6126035483350741,0.18305664901163074,-0.28717836539500313,-0.2892229994197094,-0.5447385276857627,-0.7297104957834565,-0.7297104957834566,-0.2633101978363056,-0.06877721824476005,-0.05006990792842243,0,0,casual_user,0,-0.5502233795097151,-0.9051352157495112
239,-1.3401543725743017,-1.1496285636279193,-0.1429286814545189,-1.402006955000737,-1.489396889888137,-1.489396889888137,-2.215191451931412,-3.2245513368672665,1.8439514113967574,-1.523622419513335,-1.311479992973772,-1.536292361999528,-2.0377663477395522,-0.8915523367629506,-1.7101503814556616,-1.0421409270335906,-0.7297104957834565,-0.7297104957834566,-0.2633101978363056,0.6605676199817532,-1.9436378332300805,0,0,at_risk_user,3,-3.495069994156195,0.6748642134630441
240,-0.20346703366480073,-0.6016645199539825,-0.5387234934253817,-0.08980389679589386,-0.07774185919055952,-0.07774185919055944,-0.27224184806495383,0.3544379943207086,-0.519259067612873,-0.19178464021846164,-0.8924101989758214,-0.503370638835336,-0.12485353907747694,-0.6900943463069682,-0.2365960593443038,-0.3789377279031535,-0.7297104957834565,-0.7297104957834566,0.31794851703412635,-0.287580669712714,-0.40657498028459876,0,0,casual_user,1,-1.015087112025342,-0.5216726807901498
241,-0.7718107031195512,1.042227611067828,1.6381479724143637,0.5662976323065277,0.32558814958017684,0.3255881495801769,-0.6608317688382453,1.0702358605583036,-0.617901059773819,-0.19178464021846164,-0.15097902497944737,0.7278950515783807,0.4346375910307722,-0.08572037493902064,0.5851938510639536,0.4500662710098929,-0.7297104957834565,-0.7297104957834566,-0.8445689127067375,1.1711090067403125,0.08749699262768115,0,1,consistent_user,0,0.5569461639338993,1.4254812579952942
242,0.3648766357899498,-1.1496285636279193,-1.03346700838896,0.07422148547971154,0.12392314519480867,0.12392314519480872,1.2389411771645134,0.3544379943207086,0.5971959658858408,1.1400531390764117,-1.311479992973772,-0.4669596690020898,0.08785511658445516,-0.8915523367629506,0.2791479533946715,-0.04733612833793493,0.08789230061257318,0.08789230061257323,0.31794851703412635,-0.5793186050033193,-0.24293330772766517,0,0,casual_user,1,-0.5367836580572358,-1.216712175193142
243,0.9332203052447002,-0.6016645199539825,-0.855359343002072,0.8943483968577386,0.9305831627362814,0.9305831627362817,-0.42169950990083516,0.6297448659505527,-0.6576505889501844,0.4741342494289751,-0.3057124873786907,-0.6863836714182309,0.03767231680798374,-0.08572037493902064,0.7212142500280788,0.7816678705751114,0.9054950970086029,0.905495097008603,0.8992072319045583,0.9523055552723585,0.563586364160078,0,0,casual_user,0,0.6619463014960598,-0.48695082054678374
244,-1.3401543725743017,-0.6016645199539825,1.0444557544580695,-0.41785466134710464,-0.2794068635759277,-0.2794068635759276,0.005322381058825778,-0.15684619584900225,-0.2849966432532669,-0.19178464021846164,0.30493206958975133,0.6416585440785875,-2.0377663477395522,-0.28717836539500313,0.6580619219375923,-0.2131369281205442,-0.7297104957834565,-0.7297104957834566,-0.8445689127067375,0.8064365876270558,-0.6887733747960451,0,1,consistent_user,3,-0.5272086892682744,1.6626869962638184
245,0.9332203052447002,3.234083785763575,0.8069788672755519,1.2223991614089493,1.1322481671216496,1.1322481671216498,0.005322381058825778,0.8657221844904192,-0.5031569674902586,1.1400531390764117,0.46340384042931254,0.4893073808289525,0.4909668371007387,0.7201115868849094,0.6302006007212011,0.9474686703577208,0.9054950970086029,0.905495097008603,-1.4258276275771695,1.0981745229176612,0.869898822664758,0,1,consistent_user,2,1.6847213284096747,0.8112075132456849
246,0.3648766357899498,-0.6016645199539825,-0.736620899410813,-0.5818800436227101,-0.48107186796129586,-0.4810718679612959,1.6707077558015044,-0.24206022754395373,-0.5300442849575677,0.4741342494289751,-0.054270610979920475,-0.5790671287518212,-0.014404614921851248,-0.48863635585098564,-0.05240176908038397,-0.5447385276857627,0.08789230061257318,0.08789230061257323,0.8992072319045583,-1.6733358623430892,-0.015003835237650759,1,0,casual_user,1,-0.5564306036789031,-1.0525254373825257
247,-1.3401543725743017,-1.1496285636279193,-0.1429286814545189,-1.402006955000737,-1.489396889888137,-1.489396889888137,-2.215191451931412,-3.2245513368672665,1.8439514113967574,-1.523622419513335,-1.311479992973772,-1.536292361999528,-2.0377663477395522,-0.8915523367629506,-1.7101503814556616,-1.0421409270335906,-0.7297104957834565,-0.7297104957834566,0.31794851703412635,0.8793710714497072,-1.9436378332300805,1,0,at_risk_user,3,-3.495069994156195,0.6748642134630441
248,0.9332203052447002,-0.6016645199539825,-0.855359343002072,-0.5818800436227101,-0.682736872346664,-0.6827368723466641,-0.6608317688382453,0.3544379943207086,-0.3939588153078784,-0.8577035298658984,-0.054270610979920475,-0.6011053473351018,0.03767231680798374,-0.48863635585098564,-1.1575675106639025,-0.8763401272509813,-0.7297104957834565,-0.7297104957834566,0.8992072319045583,-0.6522530888259707,-0.4182636711815227,0,0,casual_user,1,-1.288389285431685,-0.87797149855325
249,2.6382513136089516,0.49426356739389105,-0.736620899410813,0.4022722500309223,0.32558814958017684,0.3255881495801769,-0.6608317688382453,0.7123369274395064,-0.8501841839141202,-0.19178464021846164,0.8886364255154683,0.6560312953285529,0.6473462466927044,0.5186535964289268,1.0527639725031346,0.6158670707925021,0.08789230061257318,0.08789230061257323,-0.8445689127067375,-0.5793186050033193,0.6994673958368176,1,0,consistent_user,0,1.5161026879008475,-0.6168469917049034
250,1.5015639746994507,1.042227611067828,-0.34082608743995035,1.2223991614089493,0.9305831627362814,0.9305831627362817,0.1761311374426905,1.1803586092102416,-0.716010524475034,1.1400531390764117,1.7945667154816256,1.7799804430758601,0.8316028652535606,1.9288595296208046,1.2152883462654165,1.4448710697055487,0.9054950970086029,0.905495097008603,-0.2633101978363056,0.3688296846911479,1.3742314563643825,0,1,power_user,2,3.041100924275486,-0.2706253536661208
251,-0.20346703366480073,-1.1496285636279193,-0.9345183053962445,-1.0739561904495263,-1.0860668811174004,-1.0860668811174004,0.3754080198905321,-0.8385584494086165,1.8439514113967574,-0.8577035298658984,-0.054270610979920475,-0.532116141335267,0.03767231680798374,-0.6900943463069682,-0.6049846398721432,-0.8763401272509813,-0.7297104957834565,-0.7297104957834566,-0.8445689127067375,1.1711090067403125,-0.4357967075269085,1,0,casual_user,1,-1.2594613130735746,-1.1682117111523438
252,0.9332203052447002,1.042227611067828,-0.1429286814545189,2.0425260727869765,1.7372431802777542,1.7372431802777546,0.07063161144089179,1.1965531310708206,-0.5990058960939412,1.8059720287238485,0.5743340800170054,1.8221405134090922,0.9941287211390216,1.324485558252857,1.4546424239880504,2.4396758684012045,3.358303486196692,3.358303486196692,1.4804659467749903,-0.5793186050033193,1.7231576315480885,0,1,power_user,2,4.051882839929769,0.20325397144871438
253,0.3648766357899498,-0.053700476280045734,-0.439774790432666,0.4022722500309223,0.7289181583509132,0.7289181583509132,-0.27224184806495383,0.05618888338837724,-0.5129544531012293,0.4741342494289751,0.5743340800170054,0.5209274335788766,0.18305664901163074,0.3171956059729444,0.5001811017113752,0.28426547122728363,0.9054950970086029,0.905495097008603,1.4804659467749903,0.15002623322319394,0.7827493184773994,0,1,consistent_user,0,1.40649984630253,-0.1631773790761512
254,-0.20346703366480073,-0.053700476280045734,-0.1429286814545189,-0.25382927907149927,-0.07774185919055952,-0.07774185919055944,-1.2437166499981829,-0.09293567207778825,-0.04912852809680969,-0.8577035298658984,-0.3685729564783833,0.6062057576620056,0.5450865151863976,-0.48863635585098564,-0.05240176908038397,-0.3789377279031535,-0.7297104957834565,-0.7297104957834566,-1.4258276275771695,1.1711090067403125,-0.19471745777785449,0,1,consistent_user,0,0.055034515348368555,-0.16230535918819636
255,0.3648766357899498,-0.6016645199539825,-0.736620899410813,-0.5818800436227101,-0.682736872346664,-0.6827368723466641,-0.6608317688382453,0.3544379943207086,-0.8012388077602937,-0.8577035298658984,0.5743340800170054,-1.1424789777504714,-1.0813099434085147,-0.28717836539500313,-1.1575675106639025,-0.8763401272509813,-0.7297104957834565,-0.7297104957834566,-0.2633101978363056,-1.4545324108751352,-0.44120349048089635,0,0,at_risk_user,1,-1.7158168437793015,-0.34885905934396594
256,0.3648766357899498,-1.1496285636279193,-1.03346700838896,-0.9099308081739209,-0.8844018767320323,-0.8844018767320323,-0.27224184806495383,-0.5403093384762852,-0.7236313377372718,-0.8577035298658984,-1.311479992973772,-1.1587680958337656,-0.24491835518790803,-0.8915523367629506,-0.05240176908038397,-0.710539327468372,-0.7297104957834565,-0.7297104957834566,-0.2633101978363056,-0.7981220564712733,-0.7338583253984657,0,0,at_risk_user,1,-1.7910936980446517,-1.0279075121301153
257,0.3648766357899498,-1.1496285636279193,-1.03346700838896,-0.7459054258983154,-0.682736872346664,-0.6827368723466641,2.4478875973480876,-0.36135987191688623,0.40735893864746764,0.4741342494289751,0.19717126541884997,-0.7151291739181619,0.27211173514531184,-0.48863635585098564,0.2791479533946715,-0.5447385276857627,0.08789230061257318,0.08789230061257323,0.31794851703412635,0.004157265577891283,0.07266134648927755,1,0,casual_user,1,-0.3982208254224212,-1.584752302762507
258,-0.7718107031195512,-0.6016645199539825,-0.1429286814545189,-1.0739561904495263,-1.0860668811174004,-1.0860668811174004,0.3754080198905321,-0.8385584494086165,1.8439514113967574,-0.8577035298658984,-1.311479992973772,-0.9862950808341788,-0.5218188133002654,-0.8915523367629506,-1.7101503814556616,-1.0421409270335906,-0.7297104957834565,-0.7297104957834566,-0.2633101978363056,0.9523055552723585,-1.0494529796154086,1,0,at_risk_user,1,-2.6098558909613514,-0.3635003591582694
259,-0.7718107031195512,-0.6016645199539825,-0.1429286814545189,-0.7459054258983154,-0.8844018767320323,-0.8844018767320323,-0.27224184806495383,0.3544379943207086,0.33367144189725534,-0.8577035298658984,0.9514968946151606,-0.28298845300253056,0.4346375910307722,-0.28717836539500313,-0.38395149155543945,-0.710539327468372,-0.7297104957834565,-0.7297104957834566,-0.2633101978363056,0.8793710714497072,0.002529201107734787,1,0,casual_user,0,-0.3985261324470793,-0.41833327205338866
260,0.3648766357899498,-0.053700476280045734,-0.439774790432666,-0.5818800436227101,-0.682736872346664,-0.6827368723466641,-0.6608317688382453,0.3544379943207086,-0.3939588153078784,-0.8577035298658984,0.5743340800170054,-0.6116453649184098,0.27211173514531184,-0.28717836539500313,-0.6049846398721432,-0.710539327468372,-0.7297104957834565,-0.7297104957834566,0.31794851703412635,1.3169779743856151,-0.11143553513727242,1,0,casual_user,0,-0.7353487540724276,-0.5546010808316926
261,-1.3401543725743017,-0.6016645199539825,1.0444557544580695,-1.0739561904495263,-1.0860668811174004,-1.0860668811174004,0.3754080198905321,-0.8385584494086165,1.8439514113967574,-0.8577035298658984,-0.054270610979920475,-1.162600829500423,-2.0377663477395522,-0.6900943463069682,-1.7101503814556616,-1.0421409270335906,-0.7297104957834565,-0.7297104957834566,-1.4258276275771695,0.5876331361591018,-1.400113706523123,0,0,at_risk_user,3,-2.786479845603449,1.2963037543055265
262,0.9332203052447002,-0.6016645199539825,-0.855359343002072,1.0583737791333439,0.9305831627362814,0.9305831627362817,-1.0195301572443607,0.9050517375803967,-0.6055499455362203,-0.19178464021846164,1.517241116512394,1.6908693853260737,0.9941287211390216,1.5259435487088393,1.398128266747984,1.4448710697055487,0.08789230061257318,0.08789230061257323,-0.8445689127067375,-0.9439910241165759,1.131218415841941,0,1,power_user,2,2.7703145650663403,-0.640710123827077
263,-0.7718107031195512,-1.1496285636279193,-0.736620899410813,-1.2379815727251318,-1.2877318855027686,-1.2877318855027688,1.6707077558015044,-1.4350566712732788,1.8439514113967574,-0.8577035298658984,-1.311479992973772,-0.7774110960013461,-1.0813099434085147,-0.8915523367629506,-1.7101503814556616,-1.0421409270335906,-0.7297104957834565,-0.7297104957834566,-0.8445689127067375,-1.3086634432298325,-1.3441548622682613,1,0,at_risk_user,1,-2.882719159895763,-0.9482792963432083
264,-0.20346703366480073,-1.1496285636279193,-0.9345183053962445,-0.5818800436227101,-0.48107186796129586,-0.4810718679612959,0.3754080198905321,-0.24206022754395373,-0.2832683450141102,-0.19178464021846164,-0.054270610979920475,-0.495705171502021,-0.12485353907747694,-0.48863635585098564,1.0527639725031346,-0.2131369281205442,-0.7297104957834565,-0.7297104957834566,0.8992072319045583,1.2440434905629638,-0.015003835237650759,0,0,casual_user,0,-0.37249063399935595,-0.9552543208822746
265,0.3648766357899498,-0.6016645199539825,-0.736620899410813,-0.25382927907149927,-0.07774185919055952,-0.07774185919055944,-0.27224184806495383,-0.09293567207778825,-0.001276664647182638,-0.19178464021846164,0.10288056176931103,-1.033246068250733,-0.5218188133002654,-0.28717836539500313,-1.7101503814556616,-1.0421409270335906,-0.7297104957834565,-0.7297104957834566,1.4804659467749903,1.2440434905629638,-0.29334078722064943,0,0,at_risk_user,1,-1.6104775925135097,-0.6149401043466274
266,1.5015639746994507,2.1381556984157015,0.054968724530912484,1.878500690511371,1.5355781758923859,1.5355781758923863,-0.7579792490315683,1.2491853271177025,-0.8723606961407331,0.4741342494289751,1.382540111298767,1.8700496842423107,1.139513053342669,2.130317520076787,1.28958520284246,2.1080742688359857,0.9054950970086029,0.905495097008603,0.31794851703412635,-1.0169255079392272,1.400162669782768,0,1,power_user,2,3.3779856253356386,0.20996212221274319
267,0.9332203052447002,2.1381556984157015,0.33202509291051646,2.698627601889398,2.1405731890484905,2.140573189048491,-0.16998134259829825,1.4846451515379642,-0.9073671195267258,1.8059720287238485,1.5897724270120395,1.9620352922420905,0.87406390502859,3.1376074723566996,1.4778277192660263,3.1028790675316413,1.7230978934046326,1.7230978934046326,-0.8445689127067375,1.6087159096762205,1.8354058467522887,0,1,power_user,2,4.025668398498332,0.6129066243702538
268,-0.7718107031195512,-1.1496285636279193,-0.736620899410813,-1.2379815727251318,-1.2877318855027686,-1.2877318855027688,1.6707077558015044,-1.4350566712732788,1.8439514113967574,-0.8577035298658984,-1.311479992973772,-0.9383859100009603,-0.12485353907747694,-0.8915523367629506,-0.05240176908038397,-0.8763401272509813,-0.7297104957834565,-0.7297104957834566,0.8992072319045583,1.3169779743856151,-0.83905654347078,1,0,at_risk_user,1,-1.914173339718054,-1.236367399998415
269,0.3648766357899498,-1.1496285636279193,-1.03346700838896,-0.41785466134710464,-0.2794068635759277,-0.2794068635759276,1.1155792975539447,-0.15684619584900225,1.0752933067803885,0.4741342494289751,0.8437360904442591,-0.6643454528349503,0.18305664901163074,-0.08572037493902064,0.6580619219375923,-0.2131369281205442,0.08789230061257318,0.08789230061257323,1.4804659467749903,0.0770917494005426,0.46339758504358797,0,0,casual_user,0,0.23168859431145905,-1.1999160448959505
270,-1.3401543725743017,0.49426356739389105,3.419224626283246,-0.7459054258983154,-0.682736872346664,-0.6827368723466641,-0.6608317688382453,-0.36135987191688623,0.9253294013936508,-0.8577035298658984,-1.311479992973772,-1.110858925000547,-2.0377663477395522,-0.8915523367629506,-1.7101503814556616,-1.0421409270335906,-0.7297104957834565,-0.7297104957834566,-1.4258276275771695,-1.0169255079392272,-1.7332413970854519,0,0,at_risk_user,3,-3.027242496678397,3.617234277006134
271,-1.3401543725743017,0.49426356739389105,3.419224626283246,0.23824686775531695,0.5272531539655451,0.5272531539655451,-0.09561006589527597,0.029075327849074427,-0.47600053864020286,0.4741342494289751,1.7743975810111365,1.7090748702426963,-2.0377663477395522,0.9215695773408918,1.0025291660675202,0.4500662710098929,0.9054950970086029,0.905495097008603,0.8992072319045583,-0.506384121180668,0.439261197347343,0,1,power_user,2,1.641363249968266,4.15576836994916
272,0.3648766357899498,-0.6016645199539825,-0.736620899410813,0.4022722500309223,0.32558814958017684,0.3255881495801769,-0.6608317688382453,0.7123369274395064,-0.5942626304172137,-0.19178464021846164,0.8886364255154683,0.6799858807451622,0.7728759210801273,0.5186535964289268,0.5001811017113752,0.28426547122728363,0.08789230061257318,0.08789230061257323,-1.4258276275771695,0.8064365876270558,0.6118022141098888,0,1,consistent_user,0,1.3521803941795574,-0.6924368924233317
273,2.6382513136089516,-0.053700476280045734,-0.8850439538998865,1.3864245436845548,1.3339131715070178,1.333913171507018,-0.14271187447385666,0.8316365718124386,-0.5139807189304678,1.1400531390764117,0.15526428601905487,0.5151783330788905,0.675223455661595,0.5186535964289268,1.0527639725031346,1.4448710697055487,2.540700689800662,2.5407006898006625,0.8992072319045583,1.3169779743856151,1.2327639180089667,0,1,consistent_user,2,2.545904365931306,-0.5088323287274511
274,1.5015639746994507,2.1381556984157015,0.054968724530912484,1.55044992596016,1.5355781758923859,1.5355781758923863,1.1849703548348898,0.8018116607192055,-0.7426488577228686,3.1378098080187216,1.6661211749064027,1.7780640762425317,1.3443140947485366,2.130317520076787,1.430846989360654,1.9422734690533765,2.540700689800662,2.5407006898006625,0.8992072319045583,-1.0169255079392272,1.8721045503578122,0,1,power_user,2,4.126063131448017,-0.06613889592392219
275,0.9332203052447002,0.49426356739389105,-0.3804055686370366,0.23824686775531695,0.12392314519480867,0.12392314519480872,1.2389411771645134,0.7521034755638172,-0.6044775906602556,1.1400531390764117,1.4315222950128133,0.5506311194954723,0.5450865151863976,0.7201115868849094,1.0025291660675202,0.4500662710098929,0.9054950970086029,0.905495097008603,0.8992072319045583,-1.5274668946977865,1.0035061851897562,1,0,consistent_user,2,1.7603542801646581,-0.5671532543346789
276,-0.20346703366480073,-1.1496285636279193,-0.9345183053962445,-1.0739561904495263,-1.0860668811174004,-1.0860668811174004,2.9660074917124764,-0.8385584494086165,1.8439514113967574,-0.19178464021846164,-0.054270610979920475,-0.4774996865853978,-0.12485353907747694,-0.6900943463069682,-0.6049846398721432,-0.8763401272509813,-0.7297104957834565,-0.7297104957834566,-1.4258276275771695,1.6087159096762205,-0.4357967075269085,1,0,casual_user,1,-1.4183770120060986,-1.6260311518674093
277,-0.7718107031195512,-0.6016645199539825,-0.1429286814545189,-1.0739561904495263,-1.0860668811174004,-1.0860668811174004,0.3754080198905321,-0.8385584494086165,1.8439514113967574,-0.8577035298658984,-1.311479992973772,-1.31974290983338,-1.0813099434085147,-0.8915523367629506,-0.6049846398721432,-0.8763401272509813,-0.7297104957834565,-0.7297104957834566,-1.4258276275771695,-0.9439910241165759,-1.1162253897782468,1,0,at_risk_user,1,-2.52703344352312,-0.10589752952234636
278,0.9332203052447002,-0.053700476280045734,-0.6178824558195544,-0.41785466134710464,-0.48107186796129586,-0.4810718679612959,0.3754080198905321,0.3544379943207086,-0.6358266857751745,-0.19178464021846164,-0.7726759721192641,-0.7045891563348539,-0.21390862521115772,-0.6900943463069682,-0.7628654600983602,-0.710539327468372,-0.7297104957834565,-0.7297104957834566,-1.4258276275771695,-1.4545324108751352,-0.5535185229887838,1,0,casual_user,1,-1.5105368935644121,-0.7628442267191373
279,-0.20346703366480073,1.042227611067828,0.6486609424872066,1.0583737791333439,0.9305831627362814,0.9305831627362817,0.1761311374426905,0.9050517375803967,-0.590725214318237,1.1400531390764117,1.2815143573885468,0.46439461199567866,0.9941287211390216,1.324485558252857,0.9836911136541646,1.11326947014033,1.7230978934046326,1.7230978934046326,0.8992072319045583,0.2958952008684966,1.3339441485854628,0,1,consistent_user,2,2.5486419221824756,0.553691157189665
280,-0.7718107031195512,2.1381556984157015,2.8255324083269517,1.55044992596016,1.7372431802777542,1.7372431802777546,0.984960836789813,0.5649667785082366,-0.7317651954357802,3.1378098080187216,1.4676144303810574,1.9946135284086794,1.139513053342669,1.9288595296208046,1.2563471354264142,1.7764726692707673,2.540700689800662,2.5407006898006625,0.8992072319045583,-0.9439910241165759,1.8278105638010491,0,1,power_user,2,4.091893487311592,2.520924392581819
281,0.9332203052447002,-0.6016645199539825,-0.855359343002072,-0.25382927907149927,-0.2794068635759277,-0.2794068635759276,-1.1049345354362932,0.3544379943207086,-0.22481725576077113,-0.8577035298658984,0.5743340800170054,-0.5896071463351292,-0.12485353907747694,-0.08572037493902064,-0.8812760752680229,-0.710539327468372,-0.7297104957834565,-0.7297104957834566,0.31794851703412635,0.5876331361591018,-0.05006990792842243,0,0,casual_user,0,-0.7937524506949312,-0.6514834908850943
282,-0.7718107031195512,-0.053700476280045734,0.4507635365017753,0.23824686775531695,0.32558814958017684,0.3255881495801769,-0.6608317688382453,0.3544379943207086,-0.598617151598043,-0.19178464021846164,0.06002115101952067,0.7920933404948938,0.6473462466927044,-0.08572037493902064,0.09830265022645933,-0.04733612833793493,0.08789230061257318,0.08789230061257323,0.31794851703412635,0.7335021038044045,0.2591490967083806,0,1,consistent_user,0,0.8690829460590964,0.3677763885767806
283,-1.3401543725743017,-0.6016645199539825,1.0444557544580695,-1.2379815727251318,-1.2877318855027686,-1.2877318855027688,1.6707077558015044,-1.4350566712732788,1.8439514113967574,-0.8577035298658984,0.5743340800170054,-1.177931764167053,-2.0377663477395522,-0.6900943463069682,-1.7101503814556616,-1.0421409270335906,-0.7297104957834565,-0.7297104957834566,-0.8445689127067375,-1.2357289594071812,-1.2335498612419586,1,0,at_risk_user,3,-2.6975652669219996,1.03059561136087
284,0.9332203052447002,2.6861197420896383,0.5695019800930341,2.0425260727869765,1.7372431802777542,1.7372431802777546,0.07063161144089179,1.1965531310708206,-0.7808738508207627,1.8059720287238485,1.2600846520136515,1.8250150636590854,1.5015429195174355,2.130317520076787,1.4546424239880504,2.4396758684012045,0.9054950970086029,0.905495097008603,0.31794851703412635,-0.14171170206741138,1.4362534004417766,0,1,power_user,2,3.5672134346757502,0.3839999385186077
285,-0.7718107031195512,1.5901916547417647,2.231840190370658,1.7144753082357655,1.5355781758923859,1.5355781758923863,1.6707077558015044,1.025498493918454,-0.6238601894442767,3.803728697666158,0.5743340800170054,1.9955717118253435,1.5015429195174355,1.1230275677968744,1.4395719820573658,2.1080742688359857,2.540700689800662,2.5407006898006625,0.31794851703412635,-1.4545324108751352,1.4928372904655214,0,1,power_user,2,3.8398295431203993,1.6817978684241601
286,-0.7718107031195512,1.042227611067828,1.6381479724143637,-0.25382927907149927,-0.2794068635759277,-0.2794068635759276,-1.1049345354362932,0.3544379943207086,-0.5713175465509613,-0.8577035298658984,-0.8400264747260776,-0.5100779227519864,-0.12485353907747694,-0.6900943463069682,-0.4668389221742034,-0.5447385276857627,-0.7297104957834565,-0.7297104957834566,0.31794851703412635,1.0981745229176612,-0.4774376688471994,0,0,casual_user,3,-1.1404726759221624,1.5412111787523672
287,1.5015639746994507,1.5901916547417647,-0.1429286814545189,1.878500690511371,1.3339131715070178,1.333913171507018,-0.14271187447385666,1.5474344380500333,-0.8130623593545505,1.1400531390764117,1.741742791868439,1.8096841289924557,1.2199168577749853,2.533233500988752,1.4474660230686767,2.273875068618595,0.9054950970086029,0.905495097008603,-0.8445689127067375,0.8793710714497072,1.4978467294213456,0,1,power_user,2,3.468927203274184,-0.12581235096700402
288,-1.3401543725743017,-0.6016645199539825,1.0444557544580695,-1.2379815727251318,-1.2877318855027686,-1.2877318855027688,1.6707077558015044,-1.4350566712732788,1.8439514113967574,-0.8577035298658984,-1.311479992973772,-0.932636809500974,-2.0377663477395522,-0.8915523367629506,-0.05240176908038397,-0.8763401272509813,-0.7297104957834565,-0.7297104957834566,0.8992072319045583,-1.2357289594071812,-1.6280431790131376,1,0,at_risk_user,3,-2.6522227513513914,1.0739467410051444
289,-0.20346703366480073,-1.1496285636279193,-0.9345183053962445,-0.7459054258983154,-0.682736872346664,-0.6827368723466641,-0.6608317688382453,-0.36135987191688623,0.5004886490411173,-0.8577035298658984,0.19717126541884997,-0.45162873433545986,-0.30911015763833327,-0.48863635585098564,-1.0470509365055505,-0.8763401272509813,-0.7297104957834565,-0.7297104957834566,1.4804659467749903,-1.0169255079392272,-0.31306545310920797,1,0,casual_user,1,-1.21466858305585,-0.7962185729564022
290,0.9332203052447002,-0.6016645199539825,-0.855359343002072,0.5662976323065277,0.5272531539655451,0.5272531539655451,-0.8021371945739878,0.6798006607923425,-0.33518785217500685,-0.19178464021846164,-0.15097902497944737,-0.6883000382515595,0.11227831896551003,-0.08572037493902064,-0.4349591411669864,-0.2131369281205442,0.08789230061257318,0.08789230061257323,0.31794851703412635,0.2958952008684966,0.15358305269875014,0,0,casual_user,0,-0.1916374055714719,-0.6281504050144925
291,-0.20346703366480073,-0.6016645199539825,-0.5387234934253817,-0.5818800436227101,-0.682736872346664,-0.6827368723466641,-0.6608317688382453,0.3544379943207086,1.27064304322444,-0.8577035298658984,-0.6828753019768462,-0.9661732290842272,-0.5218188133002654,-0.6900943463069682,-1.7101503814556616,-1.0421409270335906,-0.7297104957834565,-0.7297104957834566,1.4804659467749903,-0.5793186050033193,-0.7250918072257728,0,0,at_risk_user,1,-2.132572746845174,-0.4441402140932422
292,-1.3401543725743017,-0.053700476280045734,2.231840190370658,-1.0739561904495263,-1.0860668811174004,-1.0860668811174004,0.3754080198905321,-0.8385584494086165,1.8439514113967574,-0.8577035298658984,-0.054270610979920475,-0.4085104805855632,-2.0377663477395522,-0.6900943463069682,-1.7101503814556616,-1.0421409270335906,-0.7297104957834565,-0.7297104957834566,-1.4258276275771695,0.44176416851379924,-1.400113706523123,1,0,casual_user,3,-2.454775536675446,2.378630610241335
293,-1.3401543725743017,-1.1496285636279193,-0.1429286814545189,-1.402006955000737,-1.489396889888137,-1.489396889888137,-2.215191451931412,-3.2245513368672665,1.8439514113967574,-1.523622419513335,-1.311479992973772,-1.536292361999528,-2.0377663477395522,-0.8915523367629506,-1.7101503814556616,-1.0421409270335906,-0.7297104957834565,-0.7297104957834566,-0.2633101978363056,-1.7462703461657405,-1.9436378332300805,1,0,at_risk_user,3,-3.495069994156195,0.6748642134630441
294,-0.7718107031195512,2.1381556984157015,2.8255324083269517,1.7144753082357655,2.1405731890484905,2.140573189048491,1.05714472300157,0.3544379943207086,-0.7793954232356377,3.803728697666158,1.328659709213316,1.6784130009094365,0.9941287211390216,1.9288595296208046,1.2737971208198382,1.9422734690533765,4.175906282592722,4.175906282592722,-0.2633101978363056,-1.6733358623430892,2.237991335144414,0,1,power_user,2,4.654991532736394,2.7715050046118503
295,0.3648766357899498,-0.053700476280045734,-0.439774790432666,0.4022722500309223,0.7289181583509132,0.7289181583509132,-0.91989171602044,0.05618888338837724,-0.6695277640603152,-0.19178464021846164,0.26003173451854256,0.6407003606619229,0.5092435931882985,0.11573761551696186,0.7764725371072548,0.4500662710098929,0.08789230061257318,0.08789230061257323,1.4804659467749903,1.6087159096762205,0.541670068728346,0,1,consistent_user,0,1.2889120289556557,-0.2386219328553618
296,-0.7718107031195512,-1.1496285636279193,-0.736620899410813,-0.9099308081739209,-0.8844018767320323,-0.8844018767320323,-0.27224184806495383,-0.5403093384762852,0.9680531096779716,-0.8577035298658984,-0.3685729564783833,-0.6116453649184098,-0.5218188133002654,-0.6900943463069682,-1.7101503814556616,-1.0421409270335906,-0.7297104957834565,-0.7297104957834566,-0.8445689127067375,1.6816503934988718,-0.6681094391032691,0,0,casual_user,1,-1.9608497258465667,-0.6955307109010374
297,-0.7718107031195512,-1.1496285636279193,-0.736620899410813,-1.2379815727251318,-1.2877318855027686,-1.2877318855027688,1.6707077558015044,-1.4350566712732788,1.8439514113967574,-0.8577035298658984,0.5743340800170054,-0.8521494025011669,-1.0813099434085147,-0.6900943463069682,-1.7101503814556616,-1.0421409270335906,-0.7297104957834565,-0.7297104957834566,0.8992072319045583,-1.2357289594071812,-0.6866659993162963,1,0,at_risk_user,1,-2.1838626434052553,-0.8992077350910471
298,-0.7718107031195512,-0.053700476280045734,0.4507635365017753,-0.5818800436227101,-0.682736872346664,-0.6827368723466641,0.8935279142549213,0.3544379943207086,1.460508374471758,-0.19178464021846164,0.5743340800170054,-0.41713413133554256,-0.5218188133002654,-0.28717836539500313,-0.05240176908038397,-0.5447385276857627,-0.7297104957834565,-0.7297104957834566,-0.2633101978363056,0.8064365876270558,-0.023770353410343822,0,0,casual_user,1,-0.8061151092206975,0.2611904329014808
299,-0.20346703366480073,-1.1496285636279193,-0.9345183053962445,-0.5818800436227101,-0.48107186796129586,-0.4810718679612959,0.3754080198905321,-0.24206022754395373,0.7190202799360422,-0.19178464021846164,-1.311479992973772,-0.5848162292518074,-0.12485353907747694,-0.8915523367629506,-0.6049846398721432,-0.710539327468372,-0.7297104957834565,-0.7297104957834566,0.31794851703412635,-0.14171170206741138,-0.7163252890530799,0,0,casual_user,1,-1.5686812828974483,-1.0790795589143438
300,-0.20346703366480073,-0.6016645199539825,-0.5387234934253817,-0.9099308081739209,-0.8844018767320323,-0.8844018767320323,-0.27224184806495383,-0.5403093384762852,0.12221088597034979,-0.8577035298658984,0.5743340800170054,-1.1166080255005335,-0.5218188133002654,-0.48863635585098564,-0.8812760752680229,-0.8763401272509813,-0.7297104957834565,-0.7297104957834566,-0.2633101978363056,0.2958952008684966,-0.20786723503689408,1,0,at_risk_user,1,-1.482599410714763,-0.47254705358988064
301,-0.20346703366480073,-0.053700476280045734,-0.1429286814545189,-0.25382927907149927,-0.07774185919055952,-0.07774185919055944,-0.27224184806495383,-0.09293567207778825,0.07553589754728653,-0.19178464021846164,-0.3685729564783833,-0.6442236010849984,-0.12485353907747694,-0.48863635585098564,-0.05240176908038397,-0.3789377279031535,-0.7297104957834565,-0.7297104957834566,-0.2633101978363056,-0.6522530888259707,-0.19471745777785449,0,0,casual_user,0,-0.7994811000845482,-0.1531937528021123
302,-1.3401543725743017,-0.053700476280045734,2.231840190370658,-0.5818800436227101,-0.48107186796129586,-0.4810718679612959,0.3754080198905321,-0.24206022754395373,0.11040817980681616,-0.19178464021846164,-0.054270610979920475,-0.622185382501718,-2.0377663477395522,-0.48863635585098564,-0.05240176908038397,-0.5447385276857627,-0.7297104957834565,-0.7297104957834566,0.8992072319045583,1.0252400390950098,-0.9793208342338656,0,0,casual_user,3,-1.6149323133151083,2.51889154469287
303,-1.3401543725743017,1.042227611067828,4.606609062195835,0.7303230145821331,0.5272531539655451,0.5272531539655451,-0.09561006589527597,1.005163327263977,-0.6407141260884959,0.4741342494289751,-0.7726759721192641,-0.6499727015849847,-2.0377663477395522,-0.48863635585098564,-0.7628654600983602,-0.3789377279031535,0.9054950970086029,0.905495097008603,-0.8445689127067375,0.9523055552723585,-0.728848886442641,0,0,casual_user,3,-1.0976356267277985,4.947584711323842
304,1.5015639746994507,1.5901916547417647,-0.1429286814545189,2.8626529841650035,2.543903197819227,2.543903197819227,0.3754080198905321,1.2065783112702266,-0.8949939490236156,3.1378098080187216,1.9013884276771817,1.917000671658865,1.271029179251379,3.7419814437246472,1.3597544562763342,3.1028790675316413,4.175906282592722,4.175906282592722,1.4804659467749903,-0.287580669712714,2.5565081620855885,0,1,power_user,2,5.332371402283052,0.2478854360022386
305,0.3648766357899498,1.5901916547417647,0.4507635365017753,0.4022722500309223,0.5272531539655451,0.5272531539655451,0.6109170627834363,0.3544379943207086,-0.23702620797463317,1.1400531390764117,1.517241116512394,0.5247601672455343,0.7115380491431296,0.9215695773408918,0.7764725371072548,0.4500662710098929,0.9054950970086029,0.905495097008603,-1.4258276275771695,-1.3815979270524839,1.1027272317806887,0,1,consistent_user,2,1.9609174973765777,0.2635727956031268
306,1.5015639746994507,2.1381556984157015,0.054968724530912484,1.7144753082357655,1.9389081846631224,1.9389081846631226,-0.48812513738344926,0.5532707349422629,-0.8602335033551076,1.1400531390764117,2.0829853384096273,1.844178731992373,1.2199168577749853,2.7346914914447344,1.4395719820573658,2.1080742688359857,2.540700689800662,2.5407006898006625,-1.4258276275771695,1.6087159096762205,2.124026598899407,0,1,power_user,2,4.526271554101803,0.3761933335299242
307,-1.3401543725743017,1.042227611067828,4.606609062195835,0.23824686775531695,0.12392314519480867,0.12392314519480872,-0.48812513738344926,0.7521034755638172,-0.6759692785533112,-0.19178464021846164,1.4315222950128133,0.5697947878287596,-2.0377663477395522,0.7201115868849094,0.09830265022645933,-0.04733612833793493,0.08789230061257318,0.08789230061257323,0.31794851703412635,-0.7981220564712733,-0.10426292935961444,0,1,consistent_user,3,0.167546222942634,5.048672378345625
308,0.3648766357899498,-0.6016645199539825,-0.736620899410813,-0.5818800436227101,-0.48107186796129586,-0.4810718679612959,0.3754080198905321,-0.24206022754395373,0.2876428191203055,-0.19178464021846164,-0.6828753019768462,-0.6317672166683617,-0.3764344810966181,-0.6900943463069682,-0.6049846398721432,-0.710539327468372,-0.7297104957834565,-0.7297104957834566,1.4804659467749903,-0.6522530888259707,-0.4971623347357582,0,0,casual_user,1,-1.4428218870088465,-0.7919934727699912
309,-1.3401543725743017,-0.053700476280045734,2.231840190370658,-0.5818800436227101,-0.48107186796129586,-0.4810718679612959,-0.91989171602044,-0.24206022754395373,-0.45592516592950477,-0.8577035298658984,-0.6828753019768462,-1.0581588370840067,-2.0377663477395522,-0.6900943463069682,-1.7101503814556616,-1.0421409270335906,-0.7297104957834565,-0.7297104957834566,-0.8445689127067375,1.6816503934988718,-1.4614793337319731,0,0,at_risk_user,3,-2.6598090503214404,2.6592699195806313
310,-0.20346703366480073,-1.1496285636279193,-0.9345183053962445,-1.0739561904495263,-1.0860668811174004,-1.0860668811174004,2.9660074917124764,-0.8385584494086165,1.8439514113967574,-0.19178464021846164,-1.311479992973772,-0.9604241285842409,-0.5218188133002654,-0.8915523367629506,-1.7101503814556616,-1.0421409270335906,-0.7297104957834565,-0.7297104957834566,-0.8445689127067375,-0.8710565402939247,-1.0494529796154086,1,0,at_risk_user,1,-2.718447845298159,-1.5855279790165553
311,0.9332203052447002,0.49426356739389105,-0.3804055686370366,-0.08980389679589386,0.12392314519480867,0.12392314519480872,0.3754080198905321,-0.04322748692239988,0.365691525586387,0.4741342494289751,0.36479918301803,-0.6317672166683617,-0.041199144422601,-0.08572037493902064,-0.9733732203999828,-0.710539327468372,0.08789230061257318,0.08789230061257323,-1.4258276275771695,-0.9439910241165759,0.1427934918708206,0,0,casual_user,1,-0.4744378167313218,-0.43996373451739146
312,-0.20346703366480073,-0.6016645199539825,-0.5387234934253817,-0.9099308081739209,-0.8844018767320323,-0.8844018767320323,-0.27224184806495383,-0.5403093384762852,-1.1465524495910826,-0.8577035298658984,-1.311479992973772,-1.0016260155008088,-1.0813099434085147,-0.8915523367629506,-1.7101503814556616,-1.0421409270335906,-0.7297104957834565,-0.7297104957834566,0.31794851703412635,-1.1627944755845299,-1.2389566441959468,0,0,at_risk_user,1,-2.7148907304077983,-0.34808361277492383
313,0.3648766357899498,0.49426356739389105,-0.1429286814545189,0.5662976323065277,0.7289181583509132,0.7289181583509132,-0.27224184806495383,0.3544379943207086,-0.3071963895405834,0.4741342494289751,1.5897724270120395,0.8313788605781329,0.35576612980018774,1.1230275677968744,0.5851938510639536,0.4500662710098929,1.7230978934046326,1.7230978934046326,-0.8445689127067375,-0.506384121180668,1.325599097632611,0,1,consistent_user,2,2.3543800351943918,0.17017306857831208
314,0.3648766357899498,-0.053700476280045734,-0.439774790432666,0.7303230145821331,0.7289181583509132,0.7289181583509132,-0.91989171602044,0.6526871052530396,-0.7189580344114503,-0.19178464021846164,0.5743340800170054,0.5812929888287321,0.8316028652535606,0.5186535964289268,0.6580619219375923,0.6158670707925021,0.08789230061257318,0.08789230061257323,-1.4258276275771695,-0.7981220564712733,0.6324661498026646,0,1,consistent_user,0,1.4617100314713618,-0.3620971698257162
315,2.0699076441542013,-1.1496285636279193,-1.1606867693795946,-0.08980389679589386,-0.07774185919055952,-0.07774185919055944,3.6136573596679624,0.3544379943207086,-0.16985797849198855,2.4718909183712854,2.041078359009832,1.865258767158989,1.29177956894674,0.7201115868849094,0.8685696822392148,0.11846467144467435,0.08789230061257318,0.08789230061257323,-1.4258276275771695,-1.5274668946977865,0.9668462001039497,1,0,power_user,2,2.2959292257616797,-2.0712515899767965
316,-0.20346703366480073,-0.6016645199539825,-0.5387234934253817,-0.25382927907149927,-0.07774185919055952,-0.07774185919055944,-1.2437166499981829,-0.09293567207778825,-0.38022063971390624,-0.8577035298658984,-0.3685729564783833,-0.5579870935852049,0.18305664901163074,-0.48863635585098564,0.7764725371072548,-0.04733612833793493,-0.7297104957834565,-0.7297104957834566,-0.2633101978363056,1.4628469420309178,-0.06321968518746145,0,0,casual_user,0,-0.2627308817408202,-0.3794567207789208
317,-0.20346703366480073,-0.053700476280045734,-0.1429286814545189,0.8943483968577386,0.9305831627362814,0.9305831627362817,-1.0195301572443607,0.6297448659505527,-0.678030537568578,-0.19178464021846164,0.4486131418176202,0.6694458631618542,0.7425477791198799,0.5186535964289268,0.9422473983447828,0.9474686703577208,-0.7297104957834565,-0.7297104957834566,-0.8445689127067375,-1.0169255079392272,0.5109872551239208,0,1,consistent_user,0,1.3086597562625395,-0.10049289820020468
318,0.3648766357899498,-0.053700476280045734,-0.439774790432666,-0.5818800436227101,-0.682736872346664,-0.6827368723466641,-0.6608317688382453,0.3544379943207086,-0.8012388077602937,-0.8577035298658984,0.5743340800170054,0.6914840817451346,0.8316028652535606,-0.28717836539500313,-0.05240176908038397,-0.5447385276857627,-0.7297104957834565,-0.7297104957834566,0.31794851703412635,1.5357814258535691,-0.023770353410343822,1,0,consistent_user,0,0.2776403980257637,-0.6866277727504633
319,-0.7718107031195512,-1.1496285636279193,-0.736620899410813,-1.2379815727251318,-1.2877318855027686,-1.2877318855027688,1.6707077558015044,-1.4350566712732788,1.8439514113967574,-0.8577035298658984,-1.311479992973772,-0.929762259250981,-0.12485353907747694,-0.8915523367629506,-0.05240176908038397,-0.8763401272509813,-0.7297104957834565,-0.7297104957834566,0.8992072319045583,-0.14171170206741138,-0.83905654347078,1,0,at_risk_user,1,-1.9103789594935001,-1.2360096289895586
320,-1.3401543725743017,-0.053700476280045734,2.231840190370658,-0.9099308081739209,-0.8844018767320323,-0.8844018767320323,-0.27224184806495383,-0.5403093384762852,-0.9350918936641772,-0.8577035298658984,0.5743340800170054,-0.44204690016881615,-2.0377663477395522,-0.48863635585098564,-1.7101503814556616,-1.0421409270335906,-0.7297104957834565,-0.7297104957834566,0.8992072319045583,0.5876331361591018,-1.1283516431696443,1,0,casual_user,3,-2.1073734739496253,2.5464912746052044
321,0.3648766357899498,-0.053700476280045734,-0.439774790432666,-0.5818800436227101,-0.48107186796129586,-0.4810718679612959,0.3754080198905321,-0.24206022754395373,-0.7604800612452531,-0.19178464021846164,1.202938771013931,0.5554220365787939,0.8879321113235271,-0.08572037493902064,1.0527639725031346,-0.2131369281205442,-0.7297104957834565,-0.7297104957834566,0.8992072319045583,0.7335021038044045,0.42332207339699196,1,0,consistent_user,0,0.9698139957430097,-0.8272865736128446
322,-0.20346703366480073,-0.6016645199539825,-0.5387234934253817,-0.25382927907149927,-0.2794068635759277,-0.2794068635759276,-1.1049345354362932,0.3544379943207086,0.2173271547938868,-0.8577035298658984,-0.3685729564783833,-0.7132128070848331,-0.12485353907747694,-0.48863635585098564,-0.05240176908038397,-0.3789377279031535,-0.7297104957834565,-0.7297104957834566,0.8992072319045583,1.4628469420309178,-0.2473165668140117,0,0,casual_user,0,-0.8794566713625248,-0.3597464709617276
323,0.9332203052447002,0.49426356739389105,-0.3804055686370366,1.2223991614089493,1.1322481671216496,1.1322481671216498,-0.5498060771887336,0.8657221844904192,-0.7784468705626382,0.4741342494289751,1.7945667154816256,1.7953113777424903,0.9552564347818123,1.9288595296208046,1.2152883462654165,1.4448710697055487,0.9054950970086029,0.905495097008603,-0.2633101978363056,0.004157265577891283,1.4268305654005395,0,1,power_user,2,3.2175844736115597,-0.18479117155581165
324,0.3648766357899498,1.042227611067828,0.1539174275236282,0.7303230145821331,0.9305831627362814,0.9305831627362817,-1.0195301572443607,0.3544379943207086,-0.7373090958301856,-0.19178464021846164,0.03553005916249759,0.5257183506621985,0.5092435931882985,0.11573761551696186,0.18441946125894132,0.28426547122728363,0.08789230061257318,0.08789230061257323,0.31794851703412635,1.3899124582082665,0.4220697136580363,0,1,consistent_user,0,1.0050296622039292,0.28678889671554214
325,-1.3401543725743017,-0.053700476280045734,2.231840190370658,-0.5818800436227101,-0.48107186796129586,-0.4810718679612959,0.3754080198905321,-0.24206022754395373,0.2019404300064503,-0.19178464021846164,-0.054270610979920475,-0.6030217141684304,-2.0377663477395522,-0.48863635585098564,0.5001811017113752,-0.3789377279031535,-0.7297104957834565,-0.7297104957834566,-1.4258276275771695,-1.1627944755845299,-0.891655652506937,0,0,casual_user,3,-1.3834488162020444,2.548135516508531
326,0.9332203052447002,-0.053700476280045734,-0.6178824558195544,1.3864245436845548,1.7372431802777542,1.7372431802777546,0.07063161144089179,0.3544379943207086,-0.7107374740626345,1.8059720287238485,1.202938771013931,1.9974880786586726,0.9552564347818123,1.5259435487088393,1.0527639725031346,1.4448710697055487,2.540700689800662,2.5407006898006625,1.4804659467749903,-1.3086634432298325,1.7032337266101503,0,1,power_user,2,3.8795961373969727,-0.2897485144866543
327,-0.7718107031195512,-0.053700476280045734,0.4507635365017753,-0.7459054258983154,-0.682736872346664,-0.6827368723466641,-0.6608317688382453,-0.36135987191688623,-0.6897454392899336,-0.8577035298658984,-1.311479992973772,-0.681592754334909,0.18305664901163074,-0.8915523367629506,-1.0470509365055505,-0.8763401272509813,-0.7297104957834565,-0.7297104957834566,0.31794851703412635,0.7335021038044045,-0.83905654347078,1,0,casual_user,1,-1.7108485720301325,0.18999542000168174
328,-0.7718107031195512,-0.6016645199539825,-0.1429286814545189,-1.0739561904495263,-1.0860668811174004,-1.0860668811174004,0.3754080198905321,-0.8385584494086165,1.8439514113967574,-0.8577035298658984,-0.054270610979920475,-0.9201804250843373,-0.12485353907747694,-0.6900943463069682,-0.6049846398721432,-0.8763401272509813,-0.7297104957834565,-0.7297104957834566,-0.2633101978363056,-0.287580669712714,-0.4357967075269085,1,0,casual_user,1,-1.493180101856051,-0.4212957974371954
329,-0.7718107031195512,-0.053700476280045734,0.4507635365017753,0.4022722500309223,0.5272531539655451,0.5272531539655451,1.3174441914621482,0.3544379943207086,-0.3989264843441226,1.8059720287238485,0.8886364255154683,0.7058568329951002,0.8316028652535606,0.5186535964289268,0.5001811017113752,0.28426547122728363,0.9054950970086029,0.905495097008603,0.8992072319045583,-1.7462703461657405,0.8397316865999032,0,1,consistent_user,2,1.6988965740086508,0.05095703286780908
330,-0.20346703366480073,-0.6016645199539825,-0.5387234934253817,-0.9099308081739209,-0.8844018767320323,-0.8844018767320323,-0.27224184806495383,-0.5403093384762852,-1.1465524495910826,-0.8577035298658984,-1.311479992973772,-1.0706152215006435,-0.7733997553194069,-0.8915523367629506,-0.8812760752680229,-0.8763401272509813,-0.7297104957834565,-0.7297104957834566,1.4804659467749903,-1.1627944755845299,-0.931401591811182,1,0,at_risk_user,1,-2.2914843611294233,-0.426341610259967
331,0.9332203052447002,3.234083785763575,0.8069788672755519,2.2065514550625815,2.3422381934338588,2.342238193433859,0.1163480727083377,0.7123369274395064,-0.8724895704310985,2.4718909183712854,1.6402289908378795,1.7665658752425588,1.332367051188376,2.7346914914447344,1.1728906835448212,2.273875068618595,1.7230978934046326,1.7230978934046326,0.31794851703412635,0.6605676199817532,1.8572195240783202,0,1,power_user,2,4.088479935809127,0.7986926027547342
332,-0.7718107031195512,2.6861197420896383,3.419224626283246,-0.08980389679589386,-0.48107186796129586,-0.4810718679612959,1.6707077558015044,1.5474344380500333,-0.5300442849575677,0.4741342494289751,1.6220085650118816,0.7499332701616612,0.9941287211390216,0.5186535964289268,0.5001811017113752,-0.04733612833793493,0.08789230061257318,0.08789230061257323,1.4804659467749903,-1.6004013785204378,0.6570958913354686,1,0,consistent_user,2,1.2918648630211158,2.3693559288823978
333,-0.7718107031195512,-1.1496285636279193,-0.736620899410813,-1.2379815727251318,-1.2877318855027686,-1.2877318855027688,1.6707077558015044,-1.4350566712732788,1.8439514113967574,-0.8577035298658984,0.5743340800170054,-0.8674803371677968,-0.12485353907747694,-0.6900943463069682,-1.7101503814556616,-1.0421409270335906,-0.7297104957834565,-0.7297104957834566,0.31794851703412635,1.0252400390950098,-0.444563225699601,1,0,at_risk_user,1,-1.8203885803883606,-1.2666002593179457
334,0.3648766357899498,-1.1496285636279193,-1.03346700838896,-0.9099308081739209,-0.8844018767320323,-0.8844018767320323,1.6707077558015044,-0.5403093384762852,-0.5121707818103663,-0.19178464021846164,-0.3685729564783833,-1.0514515531673563,-0.3764344810966181,-0.6900943463069682,-0.8812760752680229,-0.8763401272509813,-0.7297104957834565,-0.7297104957834566,0.8992072319045583,-0.43344963735801667,-0.5366116665128764,1,0,at_risk_user,1,-1.8535158887347971,-1.381417022661865
335,0.9332203052447002,-0.053700476280045734,-0.6178824558195544,-0.08980389679589386,-0.07774185919055952,-0.07774185919055944,-0.27224184806495383,0.3544379943207086,-0.31313670523498577,-0.19178464021846164,-0.8924101989758214,-0.7333346588347849,0.18305664901163074,-0.6900943463069682,0.13179252118353585,-0.2131369281205442,-0.7297104957834565,-0.7297104957834566,-1.4258276275771695,-0.287580669712714,-0.34813152579997964,0,0,casual_user,0,-0.8483792470327812,-0.7003859593034782
336,-1.3401543725743017,-1.1496285636279193,-0.1429286814545189,-1.402006955000737,-1.489396889888137,-1.489396889888137,-2.215191451931412,-3.2245513368672665,1.8439514113967574,-1.523622419513335,-1.311479992973772,-1.536292361999528,-2.0377663477395522,-0.8915523367629506,-1.7101503814556616,-1.0421409270335906,-0.7297104957834565,-0.7297104957834566,-0.2633101978363056,-0.36051515353536534,-1.9436378332300805,1,0,at_risk_user,3,-3.495069994156195,0.6748642134630441
337,-0.20346703366480073,-0.053700476280045734,-0.1429286814545189,-0.25382927907149927,-0.07774185919055952,-0.07774185919055944,-0.27224184806495383,-0.09293567207778825,-0.3348817346023662,-0.19178464021846164,0.10288056176931103,-0.5963144302517799,0.31457277492034114,-0.28717836539500313,-0.4668389221742034,-0.5447385276857627,-0.7297104957834565,-0.7297104957834566,0.31794851703412635,-1.5274668946977865,-0.09609412833505986,0,0,casual_user,0,-0.5926639765869195,-0.3279992955130022
338,-0.7718107031195512,-1.1496285636279193,-0.736620899410813,-1.2379815727251318,-1.2877318855027686,-1.2877318855027688,1.6707077558015044,-1.4350566712732788,1.8439514113967574,-0.8577035298658984,0.5743340800170054,-1.0064169325841306,-0.12485353907747694,-0.6900943463069682,-0.05240176908038397,-0.8763401272509813,-0.7297104957834565,-0.7297104957834566,0.31794851703412635,-0.6522530888259707,-0.18156768051881547,1,0,casual_user,1,-1.212365638608448,-1.1870175724060326
339,-0.20346703366480073,-1.1496285636279193,-0.9345183053962445,-0.25382927907149927,-0.07774185919055952,-0.07774185919055944,-0.27224184806495383,-0.09293567207778825,-0.12073261324361079,-0.19178464021846164,0.5743340800170054,0.46918552907900063,0.9941287211390216,-0.08572037493902064,0.7764725371072548,-0.04733612833793493,-0.7297104957834565,-0.7297104957834566,-1.4258276275771695,-0.6522530888259707,0.2655247462885209,0,1,consistent_user,0,0.8240547373631117,-1.1680141269583768
340,0.9332203052447002,1.5901916547417647,0.09454820572799878,1.55044992596016,1.3339131715070178,1.333913171507018,-0.6608317688382453,1.0702358605583036,-0.7444778645175163,0.4741342494289751,-0.9144665039230819,0.7326859686617027,0.7425477791198799,-0.48863635585098564,1.0818472814921742,1.6106718694881579,0.9054950970086029,0.905495097008603,-1.4258276275771695,-0.506384121180668,0.5137556292837181,0,1,consistent_user,2,1.656006845980851,0.23493540755096512
341,-0.20346703366480073,-1.1496285636279193,-0.9345183053962445,-0.9099308081739209,-0.8844018767320323,-0.8844018767320323,1.6707077558015044,-0.5403093384762852,0.7565925537510662,-0.19178464021846164,0.5743340800170054,-0.46791785241875417,0.4346375910307722,-0.48863635585098564,-0.05240176908038397,-0.710539327468372,-0.7297104957834565,-0.7297104957834566,-0.8445689127067375,1.4628469420309178,-0.07636946244650104,1,0,casual_user,1,-0.5823776070471859,-1.5118698939664883
342,-0.7718107031195512,-1.1496285636279193,-0.736620899410813,-1.2379815727251318,-1.2877318855027686,-1.2877318855027688,1.6707077558015044,-1.4350566712732788,1.8439514113967574,-0.8577035298658984,-1.311479992973772,-1.281415573166805,-1.0813099434085147,-0.8915523367629506,-1.7101503814556616,-1.0421409270335906,-0.7297104957834565,-0.7297104957834566,-0.2633101978363056,-0.5793186050033193,-1.3441548622682613,0,0,at_risk_user,1,-3.104479604130789,-0.9691890241941643
343,-0.20346703366480073,0.49426356739389105,0.2528661305163439,-0.25382927907149927,-0.2794068635759277,-0.2794068635759276,0.005322381058825778,0.3544379943207086,-0.31672130569558815,-0.19178464021846164,-0.3685729564783833,-0.5714016614185062,-0.12485353907747694,-0.48863635585098564,-0.4668389221742034,-0.5447385276857627,-0.7297104957834565,-0.7297104957834566,-0.2633101978363056,-0.6522530888259707,-0.31306545310920825,0,0,casual_user,1,-1.035855475756238,0.1016062273653361
344,-1.3401543725743017,1.042227611067828,4.606609062195835,0.23824686775531695,0.32558814958017684,0.3255881495801769,-0.6608317688382453,0.3544379943207086,-0.13874187304736754,-0.19178464021846164,0.4028964370178437,-0.47558331975206913,-2.0377663477395522,0.11573761551696186,0.3997114888401463,0.11846467144467435,0.08789230061257318,0.08789230061257323,-0.2633101978363056,1.5357814258535691,-0.3624767373552953,0,0,casual_user,3,-0.47364658632846407,5.048449327754411
345,1.5015639746994507,1.5901916547417647,-0.1429286814545189,1.55044992596016,1.5355781758923859,1.5355781758923863,-0.27224184806495383,0.8018116607192055,-0.6629236554748418,1.1400531390764117,1.2691076858557129,1.9294570560755022,1.2958924629346342,1.727401539164822,1.0818472814921742,1.6106718694881579,2.540700689800662,2.5407006898006625,0.31794851703412635,-1.1627944755845299,1.6783183591719706,0,1,power_user,2,3.9465438470416556,0.048438024539571696
346,-0.20346703366480073,-1.1496285636279193,-0.9345183053962445,-0.5818800436227101,-0.682736872346664,-0.6827368723466641,0.8935279142549213,0.3544379943207086,0.7991911053753846,-0.19178464021846164,-0.054270610979920475,-0.6643454528349503,-0.12485353907747694,-0.48863635585098564,0.5001811017113752,-0.3789377279031535,-0.7297104957834565,-0.7297104957834566,1.4804659467749903,-1.2357289594071812,-0.15526812600073686,0,0,casual_user,1,-0.7819857989803953,-1.1164405841234801
347,0.3648766357899498,1.5901916547417647,0.4507635365017753,0.7303230145821331,0.7289181583509132,0.7289181583509132,-0.91989171602044,0.6526871052530396,-0.5687322081176304,-0.19178464021846164,0.5743340800170054,0.7192714008284014,0.35576612980018774,0.5186535964289268,0.8948831522769175,0.7816678705751114,0.08789230061257318,0.08789230061257323,0.8992072319045583,1.0252400390950098,0.6700369419713481,0,1,consistent_user,0,1.4337596225063782,0.6265621167514177
348,-0.7718107031195512,-0.053700476280045734,0.4507635365017753,-0.41785466134710464,-0.2794068635759277,-0.2794068635759276,-1.1049345354362932,-0.15684619584900225,-0.2849966432532669,-0.8577035298658984,-0.23387195126475638,-0.6030217141684304,0.18305664901163074,-0.48863635585098564,-0.2892229994197094,-0.5447385276857627,-0.7297104957834565,-0.7297104957834566,-0.8445689127067375,-0.14171170206741138,-0.23792386877184082,0,0,casual_user,0,-0.7551927523572266,0.39415816339184184
349,0.3648766357899498,0.49426356739389105,-0.1429286814545189,0.8943483968577386,0.7289181583509132,0.7289181583509132,-0.27224184806495383,0.9509362161853714,-0.46680186589625106,0.4741342494289751,1.4543806474127012,1.7109912370760254,1.0927331527293949,1.324485558252857,1.38431369497819,1.2790702699229393,0.9054950970086029,0.905495097008603,-1.4258276275771695,-0.287580669712714,1.2298417452847352,0,1,power_user,2,2.980575027349657,-0.12999778418403188
350,-0.20346703366480073,2.1381556984157015,1.4402505664289322,0.4022722500309223,0.5272531539655451,0.5272531539655451,0.6109170627834363,0.3544379943207086,-0.19563282792940495,1.1400531390764117,0.5743340800170054,0.4682273456623364,0.5450865151863976,0.3171956059729444,1.0527639725031346,0.6158670707925021,0.9054950970086029,0.905495097008603,1.4804659467749903,-1.1627944755845299,0.8178153911681711,0,1,consistent_user,2,1.6171916905224666,1.1890603007435576
351,0.9332203052447002,-1.1496285636279193,-1.0928362301845895,0.07422148547971154,0.12392314519480867,0.12392314519480872,0.3754080198905321,0.3544379943207086,-0.001276664647182638,0.4741342494289751,0.19717126541884997,-0.6777600206682514,0.11227831896551003,-0.08572037493902064,-0.38395149155543945,-0.3789377279031535,0.08789230061257318,0.08789230061257323,0.8992072319045583,-1.3086634432298325,0.177859564561592,0,0,casual_user,0,-0.2623334564934624,-1.1056403799054437
352,0.3648766357899498,-0.053700476280045734,-0.439774790432666,0.23824686775531695,0.32558814958017684,0.3255881495801769,-1.4380116103848286,0.3544379943207086,-0.6962003265433692,-0.8577035298658984,0.06002115101952067,0.6502821948285668,0.6473462466927044,-0.08572037493902064,1.0025291660675202,0.4500662710098929,0.08789230061257318,0.08789230061257323,-0.8445689127067375,-1.1627944755845299,0.4026012122615363,0,1,consistent_user,0,1.2077609343095903,-0.22311357084811004
353,-0.20346703366480073,-0.6016645199539825,-0.5387234934253817,-0.9099308081739209,-0.8844018767320323,-0.8844018767320323,-0.27224184806495383,-0.5403093384762852,-0.9350918936641772,-0.8577035298658984,-1.311479992973772,-1.1463117114171288,-0.7733997553194069,-0.8915523367629506,-1.7101503814556616,-1.0421409270335906,-0.7297104957834565,-0.7297104957834566,-1.4258276275771695,-0.725187572648622,-1.062899364401575,1,0,at_risk_user,1,-2.6593678991327,-0.47215543236501073
354,-0.7718107031195512,-0.6016645199539825,-0.1429286814545189,-0.9099308081739209,-0.8844018767320323,-0.8844018767320323,-0.27224184806495383,-0.5403093384762852,0.33367144189725534,-0.8577035298658984,-1.311479992973772,-0.5301997745019383,-0.12485353907747694,-0.8915523367629506,-0.05240176908038397,-0.710539327468372,-0.7297104957834565,-0.7297104957834566,1.4804659467749903,-1.1627944755845299,-0.7338583253984657,1,0,casual_user,1,-1.4681214143691796,-0.2595879195046394
355,0.3648766357899498,-0.053700476280045734,-0.439774790432666,-0.5818800436227101,-0.48107186796129586,-0.4810718679612959,0.3754080198905321,-0.24206022754395373,-0.9738956286756881,-0.19178464021846164,-0.054270610979920475,-0.6681781865016077,0.08785511658445516,-0.48863635585098564,-0.05240176908038397,-0.5447385276857627,-0.7297104957834565,-0.7297104957834566,-1.4258276275771695,0.7335021038044045,-0.19033419869150797,1,0,casual_user,1,-0.81218609856586,-0.6629373841306362
356,1.5015639746994507,1.5901916547417647,-0.1429286814545189,1.55044992596016,1.5355781758923859,1.5355781758923863,-0.7579792490315683,0.8018116607192055,-0.7236313377372718,0.4741342494289751,1.2691076858557129,1.7656076918258947,0.9631189911622713,1.727401539164822,1.0818472814921742,1.6106718694881579,1.7230978934046326,1.7230978934046326,-0.8445689127067375,0.0770917494005426,1.5029879957181134,0,1,power_user,2,3.452025245170707,0.17572792020128894
357,-0.7718107031195512,0.49426356739389105,1.0444557544580695,0.5662976323065277,0.7289181583509132,0.7289181583509132,-0.27224184806495383,0.3544379943207086,-0.7617691212324257,0.4741342494289751,1.0095219430148772,0.75184963699499,0.8316028652535606,0.7201115868849094,0.5851938510639536,0.4500662710098929,0.9054950970086029,0.905495097008603,-1.4258276275771695,-0.287580669712714,0.9479644686550726,0,1,consistent_user,2,1.9622029557386595,0.927934380932417
358,0.9332203052447002,2.1381556984157015,0.33202509291051646,0.8943483968577386,0.7289181583509132,0.7289181583509132,0.3754080198905321,0.9509362161853714,-0.4675331738903282,1.1400531390764117,1.202938771013931,1.831722347575736,0.9552564347818123,1.1230275677968744,0.9422473983447828,0.9474686703577208,1.7230978934046326,1.7230978934046326,0.8992072319045583,-0.21464618589006268,1.2473747816301208,0,1,power_user,2,2.990553688436602,0.2792933793752208
359,-0.7718107031195512,-0.6016645199539825,-0.1429286814545189,-0.7459054258983154,-0.682736872346664,-0.6827368723466641,-0.6608317688382453,-0.36135987191688623,0.358634818975326,-0.8577035298658984,-0.557154363777461,-1.0207896838340964,-1.0813099434085147,-0.6900943463069682,-1.7101503814556616,-1.0421409270335906,-0.7297104957834565,-0.7297104957834566,-0.2633101978363056,-0.36051515353536534,-0.9233619899790038,0,0,at_risk_user,3,-2.3244167318628457,0.12195810040168595
360,0.9332203052447002,-1.1496285636279193,-1.0928362301845895,-0.5818800436227101,-0.48107186796129586,-0.4810718679612959,0.3754080198905321,-0.24206022754395373,2.395017324248324,-0.19178464021846164,-0.6828753019768462,-1.0159987667507744,-0.30911015763833327,-0.6900943463069682,0.5001811017113752,-0.3789377279031535,-0.7297104957834565,-0.7297104957834566,0.8992072319045583,0.3688296846911479,-0.321831971281901,0,0,at_risk_user,1,-1.1396920644628183,-1.0921645818321892
361,-0.20346703366480073,-0.6016645199539825,-0.5387234934253817,-0.41785466134710464,-0.48107186796129586,-0.4810718679612959,-0.91989171602044,0.3544379943207086,-0.21676701388577582,-0.8577035298658984,0.30493206958975133,0.3963635894125086,0.5450865151863976,-0.28717836539500313,-0.2892229994197094,-0.5447385276857627,-0.7297104957834565,-0.7297104957834566,0.31794851703412635,0.6605676199817532,-0.10266901696457965,0,1,consistent_user,0,-0.0629963343447776,-0.6227379180701856
362,-0.20346703366480073,-1.1496285636279193,-0.9345183053962445,-1.0739561904495263,-1.0860668811174004,-1.0860668811174004,0.3754080198905321,-0.8385584494086165,1.8439514113967574,-0.8577035298658984,-0.054270610979920475,-1.1587680958337656,-0.5218188133002654,-0.6900943463069682,-1.7101503814556616,-1.0421409270335906,-0.7297104957834565,-0.7297104957834566,1.4804659467749903,0.004157265577891283,-0.6111270709807657,1,0,at_risk_user,1,-2.1978539575041682,-1.036568796334797
363,-0.7718107031195512,1.042227611067828,1.6381479724143637,0.5662976323065277,0.9305831627362814,0.9305831627362817,-0.42169950990083516,0.07913112269086459,-0.5820172078944196,0.4741342494289751,0.13914621701913374,0.7614314711616338,0.18305664901163074,0.11573761551696186,0.8402320991216888,0.6158670707925021,0.9054950970086029,0.905495097008603,-0.8445689127067375,-0.8710565402939247,0.7375680325104437,0,1,consistent_user,2,1.5757172005395155,1.742989309822564
364,-1.3401543725743017,-1.1496285636279193,-0.1429286814545189,-1.402006955000737,-1.489396889888137,-1.489396889888137,-2.215191451931412,-3.2245513368672665,1.8439514113967574,-1.523622419513335,-1.311479992973772,-1.536292361999528,-2.0377663477395522,-0.8915523367629506,-1.7101503814556616,-1.0421409270335906,-0.7297104957834565,-0.7297104957834566,-0.8445689127067375,1.2440434905629638,-1.9436378332300805,0,0,casual_user,3,-3.495069994156195,0.6748642134630441
365,-0.20346703366480073,-0.6016645199539825,-0.5387234934253817,-0.9099308081739209,-0.8844018767320323,-0.8844018767320323,-0.27224184806495383,-0.5403093384762852,0.33367144189725534,-0.8577035298658984,0.5743340800170054,-0.844483935167852,0.03767231680798374,-0.48863635585098564,-0.8812760752680229,-0.8763401272509813,-0.7297104957834565,-0.7297104957834566,0.31794851703412635,1.3169779743856151,-0.20786723503689408,1,0,casual_user,1,-1.1463010354105987,-0.6757961823634929
366,-0.20346703366480073,-1.1496285636279193,-0.9345183053962445,-0.5818800436227101,-0.48107186796129586,-0.4810718679612959,0.3754080198905321,-0.24206022754395373,1.521260831320042,-0.19178464021846164,-0.054270610979920475,-0.7898674804179829,0.03767231680798374,-0.48863635585098564,-0.05240176908038397,-0.5447385276857627,-0.7297104957834565,-0.7297104957834566,0.31794851703412635,1.4628469420309178,-0.19033419869150797,0,0,casual_user,1,-0.8851146707557331,-1.0866772343380344
367,-0.7718107031195512,-1.1496285636279193,-0.736620899410813,-1.2379815727251318,-1.2877318855027686,-1.2877318855027688,1.6707077558015044,-1.4350566712732788,1.8439514113967574,-0.8577035298658984,-1.311479992973772,-1.234464585750251,-1.0813099434085147,-0.8915523367629506,-1.7101503814556616,-1.0421409270335906,-0.7297104957834565,-0.7297104957834566,-1.4258276275771695,-0.5793186050033193,-1.3441548622682613,1,0,at_risk_user,1,-3.0838213117971067,-0.9672411598126109
368,0.3648766357899498,1.5901916547417647,0.4507635365017753,1.55044992596016,1.7372431802777542,1.7372431802777546,0.07063161144089179,0.5649667785082366,-0.7915097593742434,1.8059720287238485,2.0631346639570927,1.842262365159044,1.139513053342669,2.533233500988752,1.430846989360654,1.9422734690533765,0.08789230061257318,0.08789230061257323,-0.2633101978363056,-0.5793186050033193,1.5371312770222856,0,1,power_user,2,3.420552360074726,0.3479579243693086
369,0.3648766357899498,1.042227611067828,0.1539174275236282,0.8943483968577386,1.1322481671216496,1.1322481671216498,-0.5498060771887336,0.3544379943207086,-0.7466874393338682,0.4741342494289751,0.9514968946151606,0.4136108909124673,0.5092435931882985,0.9215695773408918,0.9422473983447828,0.9474686703577208,0.9054950970086029,0.905495097008603,0.31794851703412635,1.0252400390950098,1.0895774545216497,0,1,consistent_user,2,1.9996134031723725,0.36449873365786245
370,-1.3401543725743017,1.5901916547417647,5.793993498108423,0.23824686775531695,0.32558814958017684,0.3255881495801769,0.8935279142549213,0.3544379943207086,-0.617901059773819,1.1400531390764117,-0.6257294209771256,0.5812929888287321,-2.0377663477395522,-0.48863635585098564,1.3039380046812068,0.6158670707925021,0.9054950970086029,0.905495097008603,-0.8445689127067375,-0.06877721824476005,-0.4023245472311722,0,1,consistent_user,3,0.2012465208880182,5.9394560558875025
371,-1.3401543725743017,-0.6016645199539825,1.0444557544580695,-0.41785466134710464,-0.2794068635759277,-0.2794068635759276,0.005322381058825778,-0.15684619584900225,-0.3667244510582932,-0.19178464021846164,-0.23387195126475638,-0.5503216262518902,-2.0377663477395522,-0.48863635585098564,1.1317043826162427,-0.04733612833793493,-0.7297104957834565,-0.7297104957834566,0.31794851703412635,-0.9439910241165759,-0.8014857513020963,0,0,casual_user,3,-1.0695582192700819,1.6227135301041145
372,-0.7718107031195512,-0.053700476280045734,0.4507635365017753,-0.08980389679589386,0.12392314519480867,0.12392314519480872,0.3754080198905321,-0.04322748692239988,-0.36074033262013494,0.4741342494289751,0.36479918301803,-0.6241017493350467,-0.12485353907747694,-0.08572037493902064,-1.3417618009278223,-0.8763401272509813,0.08789230061257318,0.08789230061257323,-1.4258276275771695,0.8793710714497072,0.08435003738620145,0,0,casual_user,1,-0.6522117354945112,0.30919513663987364
373,1.5015639746994507,-0.053700476280045734,-0.736620899410813,0.4022722500309223,0.32558814958017684,0.3255881495801769,-0.6608317688382453,0.7123369274395064,-0.5928187330010901,-0.19178464021846164,-0.6828753019768462,-0.5781089453351569,0.23717632709728992,-0.48863635585098564,0.22388966631549578,0.11846467144467435,0.08789230061257318,0.08789230061257323,-0.8445689127067375,0.8793710714497072,0.020062237453120333,0,0,casual_user,0,-0.13004308768055306,-0.5969171937500527
374,-1.3401543725743017,-0.6016645199539825,1.0444557544580695,-0.7459054258983154,-0.682736872346664,-0.6827368723466641,0.8935279142549213,-0.36135987191688623,0.358634818975326,-0.19178464021846164,-1.311479992973772,-0.9278458924176523,-2.0377663477395522,-0.8915523367629506,-1.0470509365055505,-0.8763401272509813,-0.7297104957834565,-0.7297104957834566,-0.2633101978363056,-0.7981220564712733,-1.6280431790131376,0,0,at_risk_user,3,-2.750891465182871,1.243438293160203
375,0.3648766357899498,-0.6016645199539825,-0.736620899410813,-0.25382927907149927,-0.2794068635759277,-0.2794068635759276,0.005322381058825778,0.3544379943207086,0.4273733415107533,-0.19178464021846164,-1.311479992973772,0.7681387550782844,0.9941287211390216,-0.8915523367629506,0.7764725371072548,-0.04733612833793493,-0.7297104957834565,-0.7297104957834566,0.31794851703412635,-0.14171170206741138,-0.444563225699601,0,1,consistent_user,0,0.12274048079568825,-1.109841773511956
376,0.3648766357899498,-1.1496285636279193,-1.03346700838896,1.0583737791333439,1.1322481671216496,1.1322481671216498,0.005322381058825778,0.6100800894055639,-0.3885766706889378,1.1400531390764117,0.5743340800170054,0.6550731119118887,0.6473462466927044,0.7201115868849094,0.36203538401343544,0.6158670707925021,1.7230978934046326,1.7230978934046326,-1.4258276275771695,-1.3086634432298325,1.041361604571839,0,1,consistent_user,2,2.0692549021156412,-0.7902646483427939
377,-0.20346703366480073,2.6861197420896383,1.8360453783997952,0.4022722500309223,0.12392314519480867,0.12392314519480872,2.102474334438495,1.1497689568069256,-0.11061152409871587,1.8059720287238485,1.8315434620108568,1.6247547295762321,0.8316028652535606,1.1230275677968744,0.7764725371072548,0.4500662710098929,0.9054950970086029,0.905495097008603,-0.2633101978363056,1.6816503934988718,1.1071104908670353,0,1,power_user,2,2.36765167102152,1.1547812404039712
378,-1.3401543725743017,-0.6016645199539825,1.0444557544580695,-1.2379815727251318,-1.2877318855027686,-1.2877318855027688,1.6707077558015044,-1.4350566712732788,1.8439514113967574,-0.8577035298658984,-1.311479992973772,-0.9805459803341926,-2.0377663477395522,-0.8915523367629506,-1.7101503814556616,-1.0421409270335906,-0.7297104957834565,-0.7297104957834566,-0.2633101978363056,1.6816503934988718,-1.8910387241939233,1,0,at_risk_user,3,-3.3424572646633006,0.9866123489013369
379,-1.3401543725743017,1.5901916547417647,5.793993498108423,0.7303230145821331,0.9305831627362814,0.9305831627362817,0.7739617847862161,0.3544379943207086,-0.7682803075011173,1.8059720287238485,0.8437360904442591,0.5956657400786975,-2.0377663477395522,0.7201115868849094,0.8948831522769175,0.7816678705751114,0.9054950970086029,0.905495097008603,-0.2633101978363056,0.7335021038044045,0.20290675934071437,0,1,consistent_user,3,0.8828874061438852,6.04753643824603
380,-1.3401543725743017,-0.6016645199539825,1.0444557544580695,-0.9099308081739209,-0.8844018767320323,-0.8844018767320323,1.6707077558015044,-0.5403093384762852,0.5451319978241609,-0.19178464021846164,0.5743340800170054,-0.42288323183552884,-2.0377663477395522,-0.48863635585098564,-0.8812760752680229,-0.8763401272509813,-0.7297104957834565,-0.7297104957834566,0.8992072319045583,-0.725187572648622,-0.9968538705792515,0,0,casual_user,3,-1.8542989466556241,1.1471131249078739
381,-1.3401543725743017,-0.053700476280045734,2.231840190370658,-1.0739561904495263,-1.0860668811174004,-1.0860668811174004,0.3754080198905321,-0.8385584494086165,1.8439514113967574,-0.8577035298658984,-1.311479992973772,-1.0993607240005747,-2.0377663477395522,-0.8915523367629506,-0.6049846398721432,-0.8763401272509813,-0.7297104957834565,-0.7297104957834566,-1.4258276275771695,-0.06877721824476005,-1.663109251703909,0,0,at_risk_user,3,-2.800471900394339,2.372085531904497
382,-1.3401543725743017,-0.6016645199539825,1.0444557544580695,-0.25382927907149927,-0.2794068635759277,-0.2794068635759276,0.005322381058825778,0.3544379943207086,0.03081009784296617,-0.19178464021846164,-0.3685729564783833,-0.4305486991688438,-2.0377663477395522,-0.48863635585098564,0.7764725371072548,-0.04733612833793493,-0.7297104957834565,-0.7297104957834566,-0.8445689127067375,-1.3815979270524839,-0.9048054297659763,0,0,casual_user,3,-1.2125159949740447,1.6056673883585948
383,0.3648766357899498,-0.6016645199539825,-0.736620899410813,-0.25382927907149927,-0.48107186796129586,-0.4810718679612959,0.3754080198905321,0.9509362161853714,0.3462053141447629,-0.19178464021846164,0.5743340800170054,-0.5349906915852602,0.4346375910307722,-0.08572037493902064,-0.8812760752680229,-0.710539327468372,-0.7297104957834565,-0.7297104957834566,-1.4258276275771695,-1.6733358623430892,-0.10266901696457965,0,0,casual_user,1,-0.709993750222012,-1.0784298203473297
384,-0.20346703366480073,1.042227611067828,0.6486609424872066,1.0583737791333439,1.3339131715070178,1.333913171507018,0.3754080198905321,0.3544379943207086,-0.6512118188886153,1.8059720287238485,0.3386073208931582,0.7671805716616199,0.5450865151863976,0.5186535964289268,0.5692539605603452,0.7816678705751114,1.7230978934046326,1.7230978934046326,0.31794851703412635,-0.14171170206741138,1.0446490488865987,0,1,consistent_user,2,2.1421312417665623,0.6933510296214616
385,-0.7718107031195512,-1.1496285636279193,-0.736620899410813,-1.2379815727251318,-1.2877318855027686,-1.2877318855027688,1.6707077558015044,-1.4350566712732788,1.8439514113967574,-0.8577035298658984,-1.311479992973772,-1.038995168750719,-1.0813099434085147,-0.8915523367629506,-1.7101503814556616,-1.0421409270335906,-0.7297104957834565,-0.7297104957834566,1.4804659467749903,-1.4545324108751352,-1.3441548622682613,1,0,at_risk_user,1,-2.997815360040558,-0.9591316836118604
386,0.3648766357899498,-0.6016645199539825,-0.736620899410813,-0.7459054258983154,-0.682736872346664,-0.6827368723466641,0.8935279142549213,-0.36135987191688623,0.3286280749646659,-0.19178464021846164,-0.557154363777461,-0.5905653297517938,-0.24491835518790803,-0.6900943463069682,-1.0470509365055505,-0.8763401272509813,-0.7297104957834565,-0.7297104957834566,1.4804659467749903,-1.3815979270524839,-0.576060998289994,1,0,casual_user,1,-1.6156875785816116,-0.985736349518408
387,0.9332203052447002,1.5901916547417647,0.09454820572799878,1.3864245436845548,1.1322481671216496,1.1322481671216498,0.005322381058825778,1.1213642795752743,-0.7268475145409616,1.1400531390764117,2.041078359009832,1.6832039179927587,1.239306519828981,2.3317755105327698,1.0527639725031346,1.4448710697055487,1.7230978934046326,1.7230978934046326,-1.4258276275771695,-0.287580669712714,1.6623233084709168,0,1,power_user,2,3.598619836705876,0.10002965874124742
388,0.9332203052447002,0.49426356739389105,-0.3804055686370366,1.7144753082357655,1.3339131715070178,1.333913171507018,-0.6608317688382453,1.3088351493041683,-0.6872423684415917,0.4741342494289751,0.3857526727179276,0.6886095314951415,0.4909668371007387,0.9215695773408918,0.7764725371072548,1.4448710697055487,1.7230978934046326,1.7230978934046326,1.4804659467749903,0.15002623322319394,1.0939607136079963,0,1,consistent_user,2,2.236645367051682,0.02087606910848025
389,0.3648766357899498,0.49426356739389105,-0.1429286814545189,0.23824686775531695,0.5272531539655451,0.5272531539655451,-0.8021371945739878,0.029075327849074427,-0.7236313377372718,-0.19178464021846164,-0.6257294209771256,-0.532116141335267,-0.12485353907747694,-0.48863635585098564,-0.20310618838722744,-0.2131369281205442,0.08789230061257318,0.08789230061257323,-0.2633101978363056,-1.0169255079392272,0.024843974638225852,0,0,casual_user,0,-0.30538698740833614,0.09868565150150276
390,-0.20346703366480073,-0.053700476280045734,-0.1429286814545189,0.5662976323065277,0.32558814958017684,0.3255881495801769,0.1163480727083377,1.0702358605583036,-0.27926950182128824,0.4741342494289751,-0.15097902497944737,0.5055964989122466,0.18305664901163074,-0.08572037493902064,1.0952703471794236,0.7816678705751114,0.9054950970086029,0.905495097008603,-0.8445689127067375,-1.0169255079392272,0.5190794257448684,0,1,consistent_user,0,1.1640259203881589,-0.01136216712786003
391,-0.20346703366480073,-0.6016645199539825,-0.5387234934253817,-0.9099308081739209,-0.8844018767320323,-0.8844018767320323,-0.27224184806495383,-0.5403093384762852,-0.9350918936641772,-0.8577035298658984,0.5743340800170054,-0.5282834076686096,-0.12485353907747694,-0.48863635585098564,-0.8812760752680229,-0.8763401272509813,-0.7297104957834565,-0.7297104957834566,-0.8445689127067375,0.6605676199817532,-0.20786723503689408,1,0,casual_user,1,-1.070083331308473,-0.6003568154770579
392,0.3648766357899498,0.49426356739389105,-0.1429286814545189,1.7144753082357655,1.5355781758923859,1.5355781758923863,0.2134955529016607,1.025498493918454,-0.6922623014753697,1.8059720287238485,1.1400783019142386,1.9112515711588787,1.2285681394763497,1.727401539164822,1.1080222595823104,1.7764726692707673,1.7230978934046326,1.7230978934046326,-0.8445689127067375,-1.0169255079392272,1.4621544768610961,0,1,power_user,2,3.534341785152156,-0.11814161760419646
393,-0.20346703366480073,0.49426356739389105,0.2528661305163439,0.07422148547971154,0.32558814958017684,0.3255881495801769,0.8935279142549213,-0.003460938798088793,0.1322407917393339,1.1400531390764117,1.328659709213316,0.47972554666230866,0.6473462466927044,0.5186535964289268,0.2791479533946715,-0.04733612833793493,0.9054950970086029,0.905495097008603,0.8992072319045583,-0.43344963735801667,0.9054805728950994,0,1,consistent_user,2,1.54102049588792,0.0020746829811428722
394,2.6382513136089516,0.49426356739389105,-0.736620899410813,2.2065514550625815,1.9389081846631224,1.9389081846631226,0.8071745985275229,1.1497689568069256,-0.7927112609256525,3.1378098080187216,1.6402289908378795,1.8949624530755849,1.1590860752947956,2.7346914914447344,1.3170427367948452,2.4396758684012045,3.358303486196692,3.358303486196692,-1.4258276275771695,0.7335021038044045,2.125551210755528,0,1,power_user,2,4.559978683224904,-0.4873623312682782
395,-0.20346703366480073,-1.1496285636279193,-0.9345183053962445,-1.0739561904495263,-1.0860668811174004,-1.0860668811174004,0.3754080198905321,-0.8385584494086165,1.8439514113967574,-0.8577035298658984,-1.311479992973772,-0.9125149577510223,-0.5218188133002654,-0.8915523367629506,-0.6049846398721432,-0.8763401272509813,-0.7297104957834565,-0.7297104957834566,-0.2633101978363056,0.0770917494005426,-0.8741226161615515,1,0,at_risk_user,1,-2.131227670154895,-1.0042360917092112
396,0.3648766357899498,1.5901916547417647,0.4507635365017753,0.5662976323065277,0.5272531539655451,0.5272531539655451,-0.8021371945739878,0.6798006607923425,-0.6481351394264425,-0.19178464021846164,1.299647185013458,0.6100384913286631,0.7728759210801273,0.9215695773408918,0.07511735494848346,0.11846467144467435,-0.7297104957834565,-0.7297104957834566,-0.2633101978363056,0.22296071704584525,0.564935059263569,0,1,consistent_user,0,1.0878726653287767,0.3034777923967506
397,-0.7718107031195512,-0.053700476280045734,0.4507635365017753,-0.9099308081739209,-1.0860668811174004,-1.0860668811174004,0.3754080198905321,0.3544379943207086,1.8439514113967574,-0.8577035298658984,1.517241116512394,-0.7256691915014699,0.4346375910307722,-0.28717836539500313,0.7764725371072548,-0.5447385276857627,-0.7297104957834565,-0.7297104957834566,-1.4258276275771695,-0.287580669712714,0.3312736325837171,1,0,casual_user,0,-0.023664589250070034,0.012355201387534669
398,-1.3401543725743017,-1.1496285636279193,-0.1429286814545189,-1.402006955000737,-1.489396889888137,-1.489396889888137,-2.215191451931412,-3.2245513368672665,1.8439514113967574,-1.523622419513335,-1.311479992973772,-1.536292361999528,-2.0377663477395522,-0.8915523367629506,-1.7101503814556616,-1.0421409270335906,-0.7297104957834565,-0.7297104957834566,-1.4258276275771695,-0.43344963735801667,-1.9436378332300805,1,0,at_risk_user,3,-3.495069994156195,0.6748642134630441
399,3.206594983063702,-0.053700476280045734,-0.9345183053962445,2.0425260727869765,1.9389081846631224,1.9389081846631226,0.8071745985275229,0.9509362161853714,-0.6897454392899335,3.1378098080187216,1.7743975810111365,2.0166517469919594,1.1221559073600256,2.7346914914447344,0.8518247467606765,1.7764726692707673,3.358303486196692,3.358303486196692,-1.4258276275771695,1.2440434905629638,2.0985240005788466,0,1,power_user,2,4.463516574312329,-0.6635656256052076
400,-1.3401543725743017,-0.053700476280045734,2.231840190370658,-0.08980389679589386,-0.2794068635759277,-0.2794068635759276,1.1155792975539447,0.8657221844904192,-0.18679171154952912,0.4741342494289751,1.6220085650118816,-0.4889978875853704,-2.0377663477395522,0.5186535964289268,-0.2365960593443038,-0.3789377279031535,0.08789230061257318,0.08789230061257323,0.31794851703412635,-1.1627944755845299,-0.1961785441399699,0,0,casual_user,3,-0.6101812153853042,2.524776924938645
401,0.9332203052447002,-0.053700476280045734,-0.6178824558195544,1.55044992596016,1.9389081846631224,1.9389081846631226,-0.05635855874645839,0.3544379943207086,-0.7974823716802198,1.8059720287238485,0.8720941968050229,2.0885155032417875,1.2068373768009535,1.324485558252857,1.430846989360654,1.9422734690533765,1.7230978934046326,1.7230978934046326,0.8992072319045583,-1.5274668946977865,1.5251349889964951,0,1,power_user,2,3.8192618307564916,-0.4167285748305362
402,-0.20346703366480073,0.49426356739389105,0.2528661305163439,0.7303230145821331,0.7289181583509132,0.7289181583509132,-0.27224184806495383,0.6526871052530396,-0.6571888815466564,0.4741342494289751,0.03553005916249759,0.500805581828925,0.6473462466927044,0.11573761551696186,0.6580619219375923,0.6158670707925021,0.9054950970086029,0.905495097008603,-0.8445689127067375,-0.21464618589006268,0.6199425524131034,0,1,consistent_user,0,1.4319666004893228,0.26428399170281147
403,-1.3401543725743017,-0.053700476280045734,2.231840190370658,-0.08980389679589386,0.12392314519480867,0.12392314519480872,0.3754080198905321,-0.04322748692239988,-0.4406776930344255,0.4741342494289751,-0.47334040497787094,-0.8195711663345783,-2.0377663477395522,-0.48863635585098564,0.5001811017113752,-0.04733612833793493,0.08789230061257318,0.08789230061257323,1.4804659467749903,-0.506384121180668,-0.7046365981561563,0,0,casual_user,3,-1.0605098355516822,2.682803374166078
404,-0.7718107031195512,-0.6016645199539825,-0.1429286814545189,-1.0739561904495263,-1.0860668811174004,-1.0860668811174004,0.3754080198905321,-0.8385584494086165,1.8439514113967574,-0.8577035298658984,-1.311479992973772,-0.9824623471675212,-0.5218188133002654,-0.8915523367629506,0.5001811017113752,-0.710539327468372,-0.7297104957834565,-0.7297104957834566,0.8992072319045583,-0.287580669712714,-0.6987922527076942,0,0,at_risk_user,1,-1.715963335516439,-0.24954564930375003
405,0.3648766357899498,2.1381556984157015,0.7476096454799225,1.55044992596016,1.7372431802777542,1.7372431802777546,-0.8436976139080297,0.5649667785082366,-0.9443574846394082,0.4741342494289751,1.8646279194317474,1.7972277445758187,1.1847589072038855,2.3317755105327698,1.430846989360654,1.9422734690533765,0.9054950970086029,0.905495097008603,0.31794851703412635,-0.6522530888259707,1.643252286481199,0,1,power_user,2,3.699692482155749,0.8618540380506212
406,-0.7718107031195512,-1.1496285636279193,-0.736620899410813,-1.0739561904495263,-1.0860668811174004,-1.0860668811174004,0.3754080198905321,-0.8385584494086165,1.8439514113967574,-0.8577035298658984,-1.311479992973772,-1.2536282540835384,-1.0813099434085147,-0.8915523367629506,-0.6049846398721432,-0.8763401272509813,-0.7297104957834565,-0.7297104957834566,0.8992072319045583,-0.6522530888259707,-1.1162253897782468,1,0,at_risk_user,1,-2.497896614225336,-0.6286755028684504
407,0.9332203052447002,0.49426356739389105,-0.3804055686370366,1.3864245436845548,1.5355781758923859,1.5355781758923863,0.6992329538682752,0.5781248275199571,-0.7009994661972027,2.4718909183712854,-0.054270610979920475,0.511345599412233,0.4346375910307722,0.3171956059729444,-0.05240176908038397,0.4500662710098929,1.7230978934046326,1.7230978934046326,-1.4258276275771695,-0.43344963735801667,0.8616479820316353,0,1,consistent_user,2,1.6567447003376004,-0.2727291088503471
408,-0.20346703366480073,0.49426356739389105,0.2528661305163439,0.4022722500309223,0.5272531539655451,0.5272531539655451,-0.8021371945739878,0.3544379943207086,-0.6334004214590092,-0.19178464021846164,0.8886364255154683,0.45385459441237064,0.6473462466927044,0.5186535964289268,-0.05240176908038397,-0.04733612833793493,0.08789230061257318,0.08789230061257323,0.8992072319045583,-0.725187572648622,0.5767361414191171,0,1,consistent_user,0,1.0757472884173682,0.24349009504548622
409,0.9332203052447002,-0.6016645199539825,-0.855359343002072,-0.25382927907149927,-0.2794068635759277,-0.2794068635759276,1.1155792975539447,0.3544379943207086,-0.4019229932571574,0.4741342494289751,0.10288056176931103,-0.751540143751408,0.18305664901163074,-0.28717836539500313,-0.8812760752680229,-0.710539327468372,0.08789230061257318,0.08789230061257323,0.8992072319045583,-0.7981220564712733,-0.03911176021255639,1,0,casual_user,1,-0.7155183799632162,-1.1456240575912215
410,0.3648766357899498,2.1381556984157015,0.7476096454799225,1.55044992596016,1.5355781758923859,1.5355781758923863,-0.27224184806495383,0.8018116607192055,-0.7076664703626161,1.1400531390764117,1.2691076858557129,1.8202241465757638,1.139513053342669,1.727401539164822,1.2563471354264142,1.7764726692707673,0.9054950970086029,0.905495097008603,1.4804659467749903,0.2958952008684966,1.355341373862233,0,1,power_user,2,3.276070080640211,0.7182021019073627
411,-0.7718107031195512,0.49426356739389105,1.0444557544580695,0.07422148547971154,0.32558814958017684,0.3255881495801769,-0.6608317688382453,-0.003460938798088793,-0.6737122719786259,-0.19178464021846164,-0.1799915491793056,-0.44971236750213117,-0.12485353907747694,-0.28717836539500313,-0.715501214030495,-0.5447385276857627,-0.7297104957834565,-0.7297104957834566,-0.8445689127067375,0.0770917494005426,-0.12896857148265825,0,0,casual_user,0,-0.7140021221473805,0.9978765035308953
412,-1.3401543725743017,-1.1496285636279193,-0.1429286814545189,-1.402006955000737,-1.489396889888137,-1.489396889888137,-2.215191451931412,-3.2245513368672665,1.8439514113967574,-1.523622419513335,-1.311479992973772,-1.536292361999528,-2.0377663477395522,-0.8915523367629506,-1.7101503814556616,-1.0421409270335906,-0.7297104957834565,-0.7297104957834566,-0.2633101978363056,0.8793710714497072,-1.9436378332300805,1,0,at_risk_user,3,-3.495069994156195,0.6748642134630441
413,0.9332203052447002,-0.053700476280045734,-0.6178824558195544,-0.41785466134710464,-0.2794068635759277,-0.2794068635759276,1.1155792975539447,-0.15684619584900225,-0.6930200837345618,0.4741342494289751,0.30493206958975133,0.5535056697454651,0.5450865151863976,-0.28717836539500313,0.6580619219375923,-0.2131369281205442,0.08789230061257318,0.08789230061257323,0.31794851703412635,0.8793710714497072,0.2755436242001696,1,0,consistent_user,0,0.6985703286432465,-0.9352541573125166
414,2.6382513136089516,0.49426356739389105,-0.736620899410813,2.0425260727869765,1.5355781758923859,1.5355781758923863,-0.7579792490315683,1.4728721603169508,-0.7756260969054527,0.4741342494289751,2.1172728670094596,1.8269314304924145,1.1783853396998776,3.1376074723566996,1.4546424239880504,2.4396758684012045,1.7230978934046326,1.7230978934046326,-0.2633101978363056,-0.287580669712714,1.8578432289285516,0,1,power_user,2,4.04196634732753,-0.3871355904567532
415,-0.7718107031195512,-0.053700476280045734,0.4507635365017753,-0.41785466134710464,-0.48107186796129586,-0.4810718679612959,0.3754080198905321,0.3544379943207086,-0.21676701388577582,-0.19178464021846164,1.9213441321532747,0.3819908381625428,0.6473462466927044,0.3171956059729444,0.6580619219375923,-0.2131369281205442,-0.7297104957834565,-0.7297104957834566,-1.4258276275771695,-0.6522530888259707,0.6111760342404109,0,1,consistent_user,0,0.9197463355155796,0.04560753450285767
416,-0.20346703366480073,-1.1496285636279193,-0.9345183053962445,-1.0739561904495263,-1.0860668811174004,-1.0860668811174004,0.3754080198905321,-0.8385584494086165,1.8439514113967574,-0.8577035298658984,-1.311479992973772,-0.2810720861692019,0.31457277492034114,-0.8915523367629506,0.5001811017113752,-0.710539327468372,-0.7297104957834565,-0.7297104957834566,-0.8445689127067375,1.5357814258535691,-0.6987922527076942,1,0,casual_user,1,-1.0835460046295693,-1.241858674705486
417,-0.20346703366480073,1.5901916547417647,1.0444557544580695,0.7303230145821331,0.9305831627362814,0.9305831627362817,-0.42169950990083516,0.3544379943207086,-0.7393005594914486,0.4741342494289751,1.382540111298767,1.9332897897421595,1.139513053342669,1.1230275677968744,1.3685256129555685,1.11326947014033,0.9054950970086029,0.905495097008603,1.4804659467749903,0.2958952008684966,1.254888940063858,0,1,power_user,2,3.157311288840542,0.9609267476425226
418,-0.7718107031195512,0.49426356739389105,1.0444557544580695,-0.25382927907149927,-0.2794068635759277,-0.2794068635759276,0.005322381058825778,0.3544379943207086,-0.15471452549050171,-0.19178464021846164,-0.3685729564783833,-0.48612333733537716,-0.12485353907747694,-0.48863635585098564,-0.4668389221742034,-0.5447385276857627,-0.7297104957834565,-0.7297104957834566,-1.4258276275771695,0.9523055552723585,-0.31306545310920825,0,0,casual_user,0,-0.9983953791928152,0.8058386976715923
419,-1.3401543725743017,-1.1496285636279193,-0.1429286814545189,-1.402006955000737,-1.489396889888137,-1.489396889888137,-2.215191451931412,-3.2245513368672665,1.8439514113967574,-1.523622419513335,-1.311479992973772,-1.536292361999528,-2.0377663477395522,-0.8915523367629506,-1.7101503814556616,-1.0421409270335906,-0.7297104957834565,-0.7297104957834566,1.4804659467749903,-0.7981220564712733,-1.9436378332300805,1,0,at_risk_user,3,-3.495069994156195,0.6748642134630441
420,-0.20346703366480073,-1.1496285636279193,-0.9345183053962445,-1.0739561904495263,-1.0860668811174004,-1.0860668811174004,0.3754080198905321,-0.8385584494086165,1.8439514113967574,-0.8577035298658984,-0.054270610979920475,-0.9125149577510223,0.31457277492034114,-0.6900943463069682,-0.6049846398721432,-0.8763401272509813,-0.7297104957834565,-0.7297104957834566,1.4804659467749903,-1.4545324108751352,-0.4357967075269085,1,0,casual_user,1,-1.3196546086755716,-1.2901718177266683
421,0.3648766357899498,1.042227611067828,0.1539174275236282,0.7303230145821331,0.7289181583509132,0.7289181583509132,0.3754080198905321,0.6526871052530396,-0.5610446829482977,1.1400531390764117,1.6519421217260208,0.5832093556620609,0.7115380491431296,1.324485558252857,0.42124069159826694,0.4500662710098929,0.9054950970086029,0.905495097008603,-0.8445689127067375,-0.43344963735801667,1.145933642774675,0,1,consistent_user,2,1.9946826451076485,0.05742637583569929
422,2.0699076441542013,0.49426356739389105,-0.6518077254170568,3.190703748716214,2.543903197819227,2.543903197819227,0.7454936587222384,1.5474344380500333,-0.7959780140927516,3.803728697666158,1.5497551522536142,1.939038890242146,1.271029179251379,3.5405234532686647,1.148036881260334,3.1028790675316413,3.358303486196692,3.358303486196692,1.4804659467749903,-1.7462703461657405,2.2249927047504228,0,1,power_user,2,4.786933073839251,-0.38837113780391264
423,-1.3401543725743017,-1.1496285636279193,-0.1429286814545189,-0.9099308081739209,-0.8844018767320323,-0.8844018767320323,-0.27224184806495383,-0.5403093384762852,-0.30071022588346086,-0.8577035298658984,-0.3685729564783833,-0.8166966160845852,-2.0377663477395522,-0.6900943463069682,0.7764725371072548,-0.5447385276857627,-0.7297104957834565,-0.7297104957834566,0.31794851703412635,1.2440434905629638,-1.0626027568744478,0,0,casual_user,3,-1.6341705289665924,0.5307986156485243
424,-0.20346703366480073,-0.6016645199539825,-0.5387234934253817,0.7303230145821331,0.5272531539655451,0.5272531539655451,-0.8021371945739878,1.005163327263977,-0.6710926387602439,-0.19178464021846164,1.6519421217260208,0.805507908328195,0.8316028652535606,1.324485558252857,1.1317043826162427,0.9474686703577208,0.08789230061257318,0.08789230061257323,0.31794851703412635,-0.14171170206741138,1.0307165467907118,0,1,consistent_user,2,2.0760053066301682,-0.4311898238070194
425,-0.20346703366480073,-0.053700476280045734,-0.1429286814545189,0.4022722500309223,0.12392314519480867,0.12392314519480872,-0.48812513738344926,1.1497689568069256,-0.43467013997355874,-0.19178464021846164,-1.311479992973772,-0.5119942895853153,-0.30911015763833327,-0.8915523367629506,-0.6049846398721432,-0.3789377279031535,-0.7297104957834565,-0.7297104957834566,0.31794851703412635,-1.5274668946977865,-0.5585279619446085,0,0,casual_user,1,-1.3033056356779826,-0.06679563389309483
426,-0.20346703366480073,-0.053700476280045734,-0.1429286814545189,-0.25382927907149927,-0.2794068635759277,-0.2794068635759276,0.005322381058825778,0.3544379943207086,-0.06004844075311263,-0.19178464021846164,-0.8400264747260776,-0.6768018372515869,-0.12485353907747694,-0.6900943463069682,-0.4668389221742034,-0.5447385276857627,-0.7297104957834565,-0.7297104957834566,1.4804659467749903,0.8064365876270558,-0.4774376688471994,0,0,casual_user,1,-1.2651354663924719,-0.26615684651781174
427,-0.7718107031195512,-0.6016645199539825,-0.1429286814545189,-0.7459054258983154,-0.8844018767320323,-0.8844018767320323,-0.27224184806495383,0.3544379943207086,0.9680531096779716,-0.8577035298658984,-0.557154363777461,-0.9498841110009327,-0.12485353907747694,-0.6900943463069682,-0.38395149155543945,-0.710539327468372,-0.7297104957834565,-0.7297104957834566,0.31794851703412635,-1.1627944755845299,-0.5234618892538369,0,0,at_risk_user,1,-1.4939157185579015,-0.2731998996816832
428,-0.7718107031195512,-0.6016645199539825,-0.1429286814545189,-1.0739561904495263,-1.0860668811174004,-1.0860668811174004,0.3754080198905321,-0.8385584494086165,1.8439514113967574,-0.8577035298658984,-0.054270610979920475,-1.0763643220006296,-0.12485353907747694,-0.6900943463069682,-1.7101503814556616,-1.0421409270335906,-0.7297104957834565,-0.7297104957834566,0.8992072319045583,0.3688296846911479,-0.6111270709807657,1,0,at_risk_user,1,-2.0080036258177447,-0.4846732781895573
429,-0.20346703366480073,-1.1496285636279193,-0.9345183053962445,-1.0739561904495263,-1.0860668811174004,-1.0860668811174004,0.3754080198905321,-0.8385584494086165,1.8439514113967574,-0.8577035298658984,-1.311479992973772,-0.9086822240843647,-0.30911015763833327,-0.8915523367629506,0.5001811017113752,-0.710539327468372,-0.7297104957834565,-0.7297104957834566,-0.2633101978363056,1.3169779743856151,-0.6987922527076942,1,0,at_risk_user,1,-1.601104157360798,-1.028743095270924
430,-1.3401543725743017,0.49426356739389105,3.419224626283246,-0.41785466134710464,-0.2794068635759277,-0.2794068635759276,1.1155792975539447,-0.15684619584900225,0.07918938356709687,0.4741342494289751,-0.23387195126475638,-0.6585963523349639,-2.0377663477395522,-0.48863635585098564,-0.2892229994197094,-0.5447385276857627,0.08789230061257318,0.08789230061257323,1.4804659467749903,-0.725187572648622,-0.8515801408603413,0,0,casual_user,3,-1.426266398489748,3.5147289966691595
431,-0.7718107031195512,0.49426356739389105,1.0444557544580695,-0.7459054258983154,-0.8844018767320323,-0.8844018767320323,1.6707077558015044,0.3544379943207086,0.7565925537510662,-0.19178464021846164,0.19717126541884997,-0.6873418548348952,0.4346375910307722,-0.48863635585098564,0.2791479533946715,-0.5447385276857627,-0.7297104957834565,-0.7297104957834566,1.4804659467749903,-1.0898599917618785,-0.15526812600073686,1,0,casual_user,1,-0.6915960779559664,0.23739800926664686
432,0.3648766357899498,2.6861197420896383,1.0444557544580695,2.0425260727869765,1.9389081846631224,1.9389081846631226,-0.91989171602044,0.9509362161853714,-0.9613986365601266,0.4741342494289751,1.4315222950128133,1.8662169505756534,1.2285681394763497,2.3317755105327698,1.3039380046812068,2.273875068618595,1.7230978934046326,1.7230978934046326,0.8992072319045583,0.15002623322319394,1.70004590182008,0,1,power_user,2,3.9355889208892334,1.220253306968662
433,1.5015639746994507,0.49426356739389105,-0.5387234934253817,0.23824686775531695,0.32558814958017684,0.3255881495801769,-0.6608317688382453,0.3544379943207086,-0.837005891658876,-0.19178464021846164,2.1172728670094596,1.420661661826721,1.3443140947485366,1.1230275677968744,1.3039380046812068,0.6158670707925021,0.08789230061257318,0.08789230061257323,-1.4258276275771695,-1.2357289594071812,1.1676791618783682,1,0,power_user,2,2.7004280089529393,-0.6302833746332758
434,-0.20346703366480073,-0.6016645199539825,-0.5387234934253817,-0.41785466134710464,-0.2794068635759277,-0.2794068635759276,-1.1049345354362932,-0.15684619584900225,0.04964909480405343,-0.8577035298658984,-1.311479992973772,-0.5043288222520003,0.03767231680798374,-0.8915523367629506,0.18441946125894132,-0.3789377279031535,-0.7297104957834565,-0.7297104957834566,1.4804659467749903,-1.4545324108751352,-0.5384902061213105,0,0,casual_user,0,-0.994915834524759,-0.42729528382269205
435,1.5015639746994507,-0.053700476280045734,-0.736620899410813,1.7144753082357655,1.5355781758923859,1.5355781758923863,-0.27224184806495383,1.025498493918454,-0.8393962483420883,1.1400531390764117,0.008589858119772083,0.4615200617456858,0.6473462466927044,0.5186535964289268,0.2791479533946715,0.9474686703577208,1.7230978934046326,1.7230978934046326,-1.4258276275771695,-1.2357289594071812,0.9361633864995246,0,1,consistent_user,2,1.9204198498298821,-0.45696178656082637
436,0.3648766357899498,0.49426356739389105,-0.1429286814545189,-0.41785466134710464,-0.682736872346664,-0.6827368723466641,-0.6608317688382453,1.0702358605583036,-0.45592516592950466,-0.8577035298658984,1.382540111298767,0.9597754384111586,0.7728759210801273,0.11573761551696186,1.1317043826162427,-0.04733612833793493,-0.7297104957834565,-0.7297104957834566,0.8992072319045583,0.22296071704584525,0.44586454869820247,1,0,consistent_user,0,1.164503741422809,-0.30689611360597496
437,-0.7718107031195512,-1.1496285636279193,-0.736620899410813,-1.0739561904495263,-1.0860668811174004,-1.0860668811174004,0.3754080198905321,-0.8385584494086165,1.8439514113967574,-0.8577035298658984,-1.311479992973772,-1.0706152215006435,-0.12485353907747694,-0.8915523367629506,0.5001811017113752,-0.710539327468372,-0.7297104957834565,-0.7297104957834566,1.4804659467749903,-0.5793186050033193,-0.6987922527076942,1,0,at_risk_user,1,-1.6010487239267082,-0.9309414436330208
438,1.5015639746994507,-1.1496285636279193,-1.132415711381676,-0.5818800436227101,-0.682736872346664,-0.6827368723466641,-0.6608317688382453,0.3544379943207086,-1.1465524495910826,-0.8577035298658984,-0.6828753019768462,-0.44779600066880243,0.18305664901163074,-0.6900943463069682,-0.6049846398721432,-0.710539327468372,-0.7297104957834565,-0.7297104957834566,-0.2633101978363056,-1.0898599917618785,-0.5497614437719154,1,0,casual_user,1,-1.1854995445244483,-1.1615441476491286
439,-0.20346703366480073,0.49426356739389105,0.2528661305163439,0.8943483968577386,0.7289181583509132,0.7289181583509132,-1.5675415839759261,0.9509362161853714,-0.9106583238141293,-0.8577035298658984,0.19717126541884997,0.5458402024121504,0.9941287211390216,0.3171956059729444,1.1632805466614864,1.11326947014033,0.08789230061257318,0.08789230061257323,0.31794851703412635,1.6087159096762205,0.5811194005054636,0,1,consistent_user,0,1.5965600484151339,0.3333961979757975
440,-0.20346703366480073,-0.6016645199539825,-0.5387234934253817,-0.5818800436227101,-0.682736872346664,-0.6827368723466641,-0.6608317688382453,0.3544379943207086,-0.23293842898878442,-0.8577035298658984,-0.054270610979920475,-1.0984025405839102,-0.5218188133002654,-0.48863635585098564,-0.05240176908038397,-0.5447385276857627,-0.7297104957834565,-0.7297104957834566,-0.2633101978363056,-0.9439910241165759,-0.24293330772766517,1,0,at_risk_user,1,-1.2776849054117274,-0.3468885130648005
441,1.5015639746994507,-0.053700476280045734,-0.736620899410813,1.55044992596016,1.3339131715070178,1.333913171507018,-0.6608317688382453,1.0702358605583036,-0.7444778645175162,0.4741342494289751,-0.12043952582170213,0.6177039586619781,0.6073470718193292,0.3171956059729444,0.9073474275579347,1.4448710697055487,1.7230978934046326,1.7230978934046326,-0.2633101978363056,1.1711090067403125,0.9382396671193732,0,1,consistent_user,2,2.1069361362782515,-0.34927075937448104
442,0.9332203052447002,-0.053700476280045734,-0.6178824558195544,0.8943483968577386,0.9305831627362814,0.9305831627362817,0.1761311374426905,0.6297448659505527,-0.3181922040050871,1.1400531390764117,-0.054270610979920475,0.6493240114119022,0.7425477791198799,0.11573761551696186,1.38431369497819,1.2790702699229393,0.9054950970086029,0.905495097008603,1.4804659467749903,0.6605676199817532,0.7564497639593208,0,1,consistent_user,2,1.8600005764629644,-0.5710749435123618
443,0.9332203052447002,1.5901916547417647,0.09454820572799878,1.3864245436845548,1.7372431802777542,1.7372431802777546,-0.8436976139080297,0.3544379943207086,-0.7987810284033512,0.4741342494289751,1.4124736680129062,1.8719660510756397,1.271029179251379,1.727401539164822,1.4211525530309739,1.7764726692707673,2.540700689800662,2.5407006898006625,0.31794851703412635,-1.0898599917618785,1.8347314992005432,0,1,power_user,2,4.218910091264012,0.4237264523099757
444,1.5015639746994507,-0.053700476280045734,-0.736620899410813,0.4022722500309223,0.5272531539655451,0.5272531539655451,-0.09561006589527597,0.3544379943207086,-0.5589271072599852,0.4741342494289751,0.8886364255154683,-0.6279344830017041,0.06800045876823052,0.5186535964289268,-0.32869320447626355,-0.2131369281205442,0.08789230061257318,0.08789230061257323,-0.8445689127067375,1.3899124582082665,0.532903550555653,0,0,casual_user,0,0.23132798873803637,-0.6118052436069529
445,0.3648766357899498,1.5901916547417647,0.4507635365017753,0.4022722500309223,0.5272531539655451,0.5272531539655451,0.6109170627834363,0.3544379943207086,-0.28615077077250334,1.1400531390764117,1.202938771013931,0.73651870232836,0.6473462466927044,0.7201115868849094,0.22388966631549578,0.11846467144467435,0.9054950970086029,0.905495097008603,-0.8445689127067375,0.8793710714497072,0.9054805728950994,0,1,consistent_user,2,1.6842352205888822,0.2598283291625147
446,0.3648766357899498,-0.6016645199539825,-0.736620899410813,-0.41785466134710464,-0.2794068635759277,-0.2794068635759276,1.1155792975539447,-0.15684619584900225,0.3245809328406835,0.4741342494289751,0.30493206958975133,-0.6269762995850398,0.18305664901163074,-0.28717836539500313,-1.2365079207770109,-0.8763401272509813,0.08789230061257318,0.08789230061257323,-0.2633101978363056,1.3899124582082665,-0.025022713149300057,0,0,casual_user,1,-0.7257094212098556,-1.048050788759331
447,1.5015639746994507,2.1381556984157015,0.054968724530912484,1.55044992596016,1.7372431802777542,1.7372431802777546,-0.38653300123356904,0.5649667785082366,-0.7474627478873113,1.1400531390764117,1.8646279194317474,1.917000671658865,1.1936327314283277,2.3317755105327698,1.2563471354264142,1.7764726692707673,1.7230978934046326,1.7230978934046326,0.8992072319045583,-1.0898599917618785,1.790898908337079,0,1,power_user,2,3.980385333255738,0.24060623110011856
448,0.9332203052447002,-1.1496285636279193,-1.0928362301845895,0.4022722500309223,0.7289181583509132,0.7289181583509132,-0.27224184806495383,0.05618888338837724,-0.34846197486783437,0.4741342494289751,-0.054270610979920475,0.49888921499559596,0.5450865151863976,-0.08572037493902064,0.22388966631549578,0.11846467144467435,0.9054950970086029,0.905495097008603,-1.4258276275771695,1.3169779743856151,0.5197537732966133,0,1,consistent_user,0,1.181547282578476,-0.9126014591487784
449,2.0699076441542013,-0.6016645199539825,-0.9910604213920822,0.7303230145821331,0.7289181583509132,0.7289181583509132,-0.27224184806495383,0.6526871052530396,-0.47859886746963615,0.4741342494289751,0.03553005916249759,0.6071639410786701,0.7425477791198799,0.11573761551696186,0.6580619219375923,0.6158670707925021,0.9054950970086029,0.905495097008603,0.8992072319045583,-1.2357289594071812,0.6199425524131034,0,1,consistent_user,0,1.5157116147091971,-0.8689002300059468
450,-0.20346703366480073,0.49426356739389105,0.2528661305163439,-0.5818800436227101,-0.682736872346664,-0.6827368723466641,-0.6608317688382453,0.3544379943207086,-0.3553394984958528,-0.8577035298658984,1.202938771013931,-0.7141709905014975,0.31457277492034114,-0.08572037493902064,-0.05240176908038397,-0.5447385276857627,-0.7297104957834565,-0.7297104957834566,-1.4258276275771695,-0.36051515353536534,0.19539260090697752,1,0,casual_user,0,-0.2971132329177874,0.08381095953102873
451,-0.7718107031195512,-0.6016645199539825,-0.1429286814545189,-1.0739561904495263,-1.0860668811174004,-1.0860668811174004,0.3754080198905321,-0.8385584494086165,1.8439514113967574,-0.8577035298658984,-1.311479992973772,-1.0370788019173904,-1.0813099434085147,-0.8915523367629506,-1.7101503814556616,-1.0421409270335906,-0.7297104957834565,-0.7297104957834566,-0.8445689127067375,-0.14171170206741138,-1.2915557532321038,1,0,at_risk_user,1,-2.848765173835305,-0.1510684411573363
452,2.6382513136089516,0.49426356739389105,-0.736620899410813,1.878500690511371,2.1405731890484905,2.140573189048491,0.2390606792683245,0.5428058538569176,-0.7839005880419563,2.4718909183712854,0.8437360904442591,0.611954858161992,0.9036126767837891,1.5259435487088393,0.6580619219375923,1.4448710697055487,2.540700689800662,2.5407006898006625,0.31794851703412635,1.5357814258535691,1.6205779838390457,0,1,consistent_user,2,3.11994893160324,-0.4542350394203841
453,-1.3401543725743017,-1.1496285636279193,-0.1429286814545189,-0.9099308081739209,-0.8844018767320323,-0.8844018767320323,1.6707077558015044,-0.5403093384762852,0.12221088597034979,-0.19178464021846164,-0.3685729564783833,-0.5292415910852739,-2.0377663477395522,-0.6900943463069682,-0.8812760752680229,-0.8763401272509813,-0.7297104957834565,-0.7297104957834566,-0.8445689127067375,-1.0169255079392272,-1.3255983020552338,0,0,casual_user,1,-2.266873713491027,0.06557272530617218
454,-0.20346703366480073,1.5901916547417647,1.0444557544580695,0.8943483968577386,0.9305831627362814,0.9305831627362817,1.3717924321297417,0.6297448659505527,-0.5622029585962643,2.4718909183712854,0.7000550182163905,0.5765020717454102,0.9152572599084369,0.7201115868849094,0.5001811017113752,0.6158670707925021,0.9054950970086029,0.905495097008603,-0.8445689127067375,-0.21464618589006268,0.8791810183770208,0,1,consistent_user,2,1.7750923128909286,0.5653762745859267
455,0.9332203052447002,-0.053700476280045734,-0.6178824558195544,0.07422148547971154,0.12392314519480867,0.12392314519480872,-0.48812513738344926,0.3544379943207086,-0.5274593337266693,-0.19178464021846164,0.9514968946151606,0.48643283057895925,0.3759106468573385,0.3171956059729444,0.9422473983447828,0.28426547122728363,-0.7297104957834565,-0.7297104957834566,-0.2633101978363056,1.6816503934988718,0.4759211824331492,1,0,consistent_user,0,0.9038241301785512,-0.5662003023755907
456,2.6382513136089516,1.042227611067828,-0.5881978449217395,2.2065514550625815,1.9389081846631224,1.9389081846631226,-0.91989171602044,1.1497689568069256,-0.9149090165835849,0.4741342494289751,1.1482774935359374,0.5257183506621985,0.4988293934811975,2.130317520076787,0.8845865770447731,1.9422734690533765,1.7230978934046326,1.7230978934046326,0.8992072319045583,0.3688296846911479,1.534764116508835,0,1,consistent_user,2,2.784260527542251,-0.030147662597694354
457,1.5015639746994507,1.042227611067828,-0.34082608743995035,0.07422148547971154,0.12392314519480867,0.12392314519480872,2.102474334438495,0.3544379943207086,-0.9112608640721969,1.8059720287238485,0.19717126541884997,0.5467983858288146,0.5661537169394822,-0.08572037493902064,-0.38395149155543945,-0.3789377279031535,0.08789230061257318,0.08789230061257323,-1.4258276275771695,-1.7462703461657405,0.177859564561592,1,0,consistent_user,1,0.37206820193927154,-0.9114881338046378
458,-1.3401543725743017,-1.1496285636279193,-0.1429286814545189,-1.402006955000737,-1.489396889888137,-1.489396889888137,-2.215191451931412,-3.2245513368672665,1.8439514113967574,-1.523622419513335,-1.311479992973772,-1.536292361999528,-2.0377663477395522,-0.8915523367629506,-1.7101503814556616,-1.0421409270335906,-0.7297104957834565,-0.7297104957834566,-0.2633101978363056,-0.43344963735801667,-1.9436378332300805,1,0,at_risk_user,3,-3.495069994156195,0.6748642134630441
459,-1.3401543725743017,-0.053700476280045734,2.231840190370658,-0.5818800436227101,-0.682736872346664,-0.6827368723466641,-0.6608317688382453,0.3544379943207086,-0.11061152409871587,-0.8577035298658984,-0.054270610979920475,-0.6365581337516835,-2.0377663477395522,-0.48863635585098564,-0.6049846398721432,-0.710539327468372,-0.7297104957834565,-0.7297104957834566,-0.2633101978363056,-0.43344963735801667,-1.1195851249969517,0,0,casual_user,3,-1.8845279103229964,2.6775492594764763
460,-1.3401543725743017,-1.1496285636279193,-0.1429286814545189,-1.402006955000737,-1.489396889888137,-1.489396889888137,-2.215191451931412,-3.2245513368672665,1.8439514113967574,-1.523622419513335,-1.311479992973772,-1.536292361999528,-2.0377663477395522,-0.8915523367629506,-1.7101503814556616,-1.0421409270335906,-0.7297104957834565,-0.7297104957834566,-0.8445689127067375,-1.0898599917618785,-1.9436378332300805,1,0,at_risk_user,3,-3.495069994156195,0.6748642134630441
461,0.3648766357899498,0.49426356739389105,-0.1429286814545189,0.5662976323065277,0.5272531539655451,0.5272531539655451,0.6109170627834363,0.6798006607923425,-0.16605018833530577,1.1400531390764117,0.13914621701913374,-0.5752343950851638,-0.12485353907747694,0.11573761551696186,0.3301556030062187,0.28426547122728363,1.7230978934046326,1.7230978934046326,-0.8445689127067375,0.9523055552723585,0.7267784716825142,0,0,casual_user,0,0.7544575589125018,0.04349639229654293
462,-0.20346703366480073,-0.6016645199539825,-0.5387234934253817,-0.7459054258983154,-0.682736872346664,-0.6827368723466641,-0.6608317688382453,-0.36135987191688623,-0.6897454392899335,-0.8577035298658984,-1.311479992973772,-0.7227946412514769,0.18305664901163074,-0.8915523367629506,-0.38395149155543945,-0.710539327468372,-0.7297104957834565,-0.7297104957834566,-0.8445689127067375,0.15002623322319394,-0.7338583253984655,1,0,casual_user,1,-1.461237793428013,-0.6534433609088002
463,0.9332203052447002,-0.6016645199539825,-0.855359343002072,0.23824686775531695,0.32558814958017684,0.3255881495801769,0.1163480727083377,0.3544379943207086,-0.1644227975702232,0.4741342494289751,-0.2828541349788026,-0.58098349558515,-0.21390862521115772,-0.28717836539500313,0.09830265022645933,-0.04733612833793493,0.9054950970086029,0.905495097008603,-1.4258276275771695,-1.7462703461657405,0.31493603053460795,0,0,casual_user,0,0.07873551670972216,-0.5898245203591265
464,-0.20346703366480073,-1.1496285636279193,-0.9345183053962445,-0.08980389679589386,-0.07774185919055952,-0.07774185919055944,-0.27224184806495383,0.3544379943207086,0.22604212911895635,-0.19178464021846164,0.36479918301803,-0.5646943775018556,0.03767231680798374,-0.08572037493902064,0.5001811017113752,-0.04733612833793493,-0.7297104957834565,-0.7297104957834566,0.31794851703412635,-0.287580669712714,0.14863783731928254,0,0,casual_user,0,-0.19389926184853987,-0.8641717872991292
465,1.5015639746994507,-0.6016645199539825,-0.9345183053962445,1.0583737791333439,0.5272531539655451,0.5272531539655451,0.6109170627834363,1.6558886602072447,-0.22751633972163537,1.1400531390764117,1.2815143573885468,0.6081221244953343,0.9313963317398734,1.324485558252857,1.1909096902010743,1.2790702699229393,0.08789230061257318,0.08789230061257323,-0.8445689127067375,-0.5793186050033193,0.9109596467530328,0,1,consistent_user,2,1.842503366247734,-1.1201411844081428
466,-0.20346703366480073,-0.053700476280045734,-0.1429286814545189,-0.08980389679589386,0.12392314519480867,0.12392314519480872,-0.48812513738344926,-0.04322748692239988,-0.3580352915155007,-0.19178464021846164,-0.47334040497787094,-0.7352510256681137,0.03767231680798374,-0.48863635585098564,0.5001811017113752,-0.04733612833793493,-0.7297104957834565,-0.7297104957834566,0.31794851703412635,0.44176416851379924,-0.09098032606765576,0,0,casual_user,0,-0.4959859950208943,-0.12894734239083178
467,0.3648766357899498,-0.053700476280045734,-0.439774790432666,0.8943483968577386,0.7289181583509132,0.7289181583509132,-0.27224184806495383,0.9509362161853714,-0.5924343291251578,0.4741342494289751,0.7000550182163905,0.5774602551620744,0.5800219232344195,0.7201115868849094,0.05811480507796785,0.28426547122728363,0.9054950970086029,0.905495097008603,1.4804659467749903,-1.0898599917618785,0.7564497639593208,0,1,consistent_user,2,1.4553706553547652,-0.33233067705767755
468,0.3648766357899498,-0.053700476280045734,-0.439774790432666,1.2223991614089493,1.1322481671216496,1.1322481671216498,0.5604508393063854,0.8657221844904192,-0.6156630336025154,1.8059720287238485,1.57270623630624,1.935206156575488,1.2285681394763497,1.727401539164822,0.8252298492359393,1.11326947014033,0.9054950970086029,0.905495097008603,-1.4258276275771695,1.0252400390950098,1.287597629716594,0,1,power_user,2,3.0899544733146396,-0.586449700282968
469,-0.7718107031195512,-1.1496285636279193,-0.736620899410813,-0.41785466134710464,-0.48107186796129586,-0.4810718679612959,0.3754080198905321,0.3544379943207086,0.553920028114813,-0.19178464021846164,-0.23387195126475638,-0.6777600206682514,-0.5218188133002654,-0.48863635585098564,-0.2892229994197094,-0.5447385276857627,-0.7297104957834565,-0.7297104957834566,0.8992072319045583,0.8793710714497072,-0.290522977807998,0,0,casual_user,1,-1.2176510045992235,-0.7094749729280764
470,0.3648766357899498,1.5901916547417647,0.4507635365017753,0.7303230145821331,0.5272531539655451,0.5272531539655451,-0.8021371945739878,1.005163327263977,-0.2948565766355279,-0.19178464021846164,1.6519421217260208,1.7866877269925108,1.428901152440849,1.324485558252857,1.3685256129555685,1.11326947014033,0.08789230061257318,0.08789230061257323,-0.8445689127067375,-0.21464618589006268,1.0682873389593954,0,1,power_user,2,2.834436114979571,0.26854102800713037
471,1.5015639746994507,-0.053700476280045734,-0.736620899410813,1.2223991614089493,0.9305831627362814,0.9305831627362817,0.1761311374426905,1.1803586092102416,-0.559426935887762,1.1400531390764117,2.016427194657011,1.7100330536593613,1.0831838072727025,2.130317520076787,1.4103175947801552,1.6106718694881579,0.9054950970086029,0.905495097008603,-0.2633101978363056,-0.9439910241165759,1.482523739674118,0,1,power_user,2,3.2725471053146586,-0.7041653968745557
472,1.5015639746994507,-0.6016645199539825,-0.9345183053962445,1.0583737791333439,1.1322481671216496,1.1322481671216498,-0.5498060771887336,0.6100800894055639,-0.6156630336025154,0.4741342494289751,0.5743340800170054,0.6234530591619643,0.4798834448919891,0.7201115868849094,0.5692539605603452,0.7816678705751114,1.7230978934046326,1.7230978934046326,-1.4258276275771695,1.3899124582082665,1.074236047719437,0,1,consistent_user,2,2.099880461454472,-0.5171628960580545
473,-0.20346703366480073,1.5901916547417647,1.0444557544580695,0.07422148547971154,0.12392314519480867,0.12392314519480872,0.3754080198905321,0.3544379943207086,-0.5739145571191326,0.4741342494289751,-0.1799915491793056,-0.5646943775018556,-0.12485353907747694,-0.28717836539500313,-0.38395149155543945,-0.3789377279031535,0.08789230061257318,0.08789230061257323,-1.4258276275771695,0.8064365876270558,0.04636179197119894,0,0,casual_user,0,-0.4508884678300141,0.8714201545995675
474,-0.20346703366480073,-1.1496285636279193,-0.9345183053962445,-1.0739561904495263,-1.0860668811174004,-1.0860668811174004,0.3754080198905321,-0.8385584494086165,1.8439514113967574,-0.8577035298658984,-1.311479992973772,-0.5416979755019107,0.03767231680798374,-0.8915523367629506,-0.6049846398721432,-0.8763401272509813,-0.7297104957834565,-0.7297104957834566,1.4804659467749903,1.4628469420309178,-0.8741226161615515,1,0,casual_user,1,-1.7515047211697283,-1.2033907300481306
475,1.5015639746994507,-1.1496285636279193,-1.132415711381676,0.07422148547971154,0.32558814958017684,0.3255881495801769,0.1163480727083377,-0.003460938798088793,-0.2017168291084207,0.4741342494289751,0.5743340800170054,-0.5052870056686647,0.006662586831233435,0.11573761551696186,0.9422473983447828,0.28426547122728363,0.08789230061257318,0.08789230061257323,0.31794851703412635,-1.0898599917618785,0.5723528823327712,0,0,casual_user,0,0.5545867429347746,-0.9408088166139574
476,1.5015639746994507,0.49426356739389105,-0.5387234934253817,0.5662976323065277,0.7289181583509132,0.7289181583509132,-0.27224184806495383,0.3544379943207086,-0.7052349504861232,0.4741342494289751,-1.0213547509751908,-0.4794160534187267,0.06800045876823052,-0.6900943463069682,-0.1799208931092514,-0.04733612833793493,0.9054950970086029,0.905495097008603,0.31794851703412635,1.0252400390950098,0.11851698000797875,0,0,casual_user,0,0.028133659369843158,-0.327306745675411
477,-0.7718107031195512,-0.6016645199539825,-0.1429286814545189,-1.0739561904495263,-1.0860668811174004,-1.0860668811174004,0.3754080198905321,-0.8385584494086165,1.8439514113967574,-0.8577035298658984,-0.054270610979920475,-0.5541543599185476,-0.12485353907747694,-0.6900943463069682,-0.6049846398721432,-0.8763401272509813,-0.7297104957834565,-0.7297104957834566,0.31794851703412635,-0.9439910241165759,-0.4357967075269085,1,0,casual_user,1,-1.3321297412138846,-0.40611040572794616
478,-0.20346703366480073,-0.053700476280045734,-0.1429286814545189,-0.7459054258983154,-0.682736872346664,-0.6827368723466641,-0.6608317688382453,-0.36135987191688623,-0.9738956286756881,-0.8577035298658984,0.19717126541884997,-0.49187243783536344,-0.5218188133002654,-0.48863635585098564,-0.38395149155543945,-0.710539327468372,-0.7297104957834565,-0.7297104957834566,0.8992072319045583,1.0981745229176612,-0.2078672350368938,1,0,casual_user,0,-1.0471099888458044,0.018508914867056126
479,-0.20346703366480073,-1.1496285636279193,-0.9345183053962445,-0.7459054258983154,-0.682736872346664,-0.6827368723466641,0.8935279142549213,-0.36135987191688623,0.8446231450125699,-0.19178464021846164,-0.557154363777461,-0.9144313245843511,-0.7733997553194069,-0.6900943463069682,-1.0470509365055505,-0.8763401272509813,-0.7297104957834565,-0.7297104957834566,-1.4258276275771695,-0.287580669712714,-0.6421064921123174,0,0,at_risk_user,1,-1.9627336408572902,-0.9716982621937817
480,2.0699076441542013,2.6861197420896383,0.026697666532993714,2.5346022196137925,2.1405731890484905,2.140573189048491,-0.579023364464921,1.2962772920017545,-0.908745720807875,1.1400531390764117,0.8006317687758988,1.792436827492497,1.0687347232965478,1.9288595296208046,1.3401070653148495,2.771277467966423,2.540700689800662,2.5407006898006625,-1.4258276275771695,-1.6004013785204378,1.7137535484173816,0,1,power_user,2,3.9997023280270674,0.40598497221485186
481,-0.20346703366480073,-0.6016645199539825,-0.5387234934253817,-0.08980389679589386,-0.07774185919055952,-0.07774185919055944,-0.27224184806495383,0.3544379943207086,-0.24443088673213548,-0.19178464021846164,-0.054270610979920475,-0.6470981513349916,-0.5218188133002654,-0.28717836539500313,-0.9733732203999828,-0.710539327468372,-0.7297104957834565,-0.7297104957834566,1.4804659467749903,1.0981745229176612,-0.23124461683074157,0,0,casual_user,1,-1.20416557899784,-0.39016207225037125
482,0.3648766357899498,1.042227611067828,0.1539174275236282,0.5662976323065277,0.7289181583509132,0.7289181583509132,0.3754080198905321,0.3544379943207086,-0.5791442364561347,1.1400531390764117,0.13914621701913374,0.6272857928286216,0.18305664901163074,0.11573761551696186,-0.1799208931092514,-0.04733612833793493,1.7230978934046326,1.7230978934046326,1.4804659467749903,-1.0169255079392272,0.6984558745091985,0,1,consistent_user,2,1.2959773232152065,0.2805673866535119
483,2.0699076441542013,-0.053700476280045734,-0.8214340734045693,1.2223991614089493,1.1322481671216496,1.1322481671216498,-1.1049345354362932,0.8657221844904192,-0.746687439333868,-0.19178464021846164,0.6852643196046981,1.8872969857422695,1.1623214224073535,0.9215695773408918,1.4103175947801552,1.6106718694881579,0.08789230061257318,0.08789230061257323,1.4804659467749903,-0.21464618589006268,0.8956826996432664,0,1,power_user,2,2.69612803277092,-0.650932981786216
484,0.3648766357899498,2.6861197420896383,1.0444557544580695,1.0583737791333439,1.3339131715070178,1.333913171507018,-0.14271187447385666,0.3544379943207086,-0.3261704613203648,1.1400531390764117,0.3386073208931582,0.6656131294951967,0.5800219232344195,0.5186535964289268,0.7764725371072548,0.9474686703577208,1.7230978934046326,1.7230978934046326,1.4804659467749903,0.8064365876270558,1.077523492034197,0,1,consistent_user,2,2.218585185441889,1.1412380674787765
485,0.3648766357899498,0.49426356739389105,-0.1429286814545189,-0.08980389679589386,0.12392314519480867,0.12392314519480872,0.3754080198905321,-0.04322748692239988,-0.3939588153078784,0.4741342494289751,-0.47334040497787094,-0.6039798975850948,-0.12485353907747694,-0.48863635585098564,0.13179252118353585,-0.2131369281205442,0.08789230061257318,0.08789230061257323,1.4804659467749903,1.3169779743856151,0.02590658290158228,0,0,casual_user,0,-0.37372577795092776,-0.1628148121103745
486,0.3648766357899498,0.49426356739389105,-0.1429286814545189,-0.08980389679589386,-0.07774185919055952,-0.07774185919055944,-0.27224184806495383,0.3544379943207086,-0.0822243250321181,-0.19178464021846164,-0.054270610979920475,0.6129130415786562,0.6473462466927044,-0.28717836539500313,0.5001811017113752,-0.04733612833793493,-0.7297104957834565,-0.7297104957834566,0.31794851703412635,-0.725187572648622,0.002529201107734787,0,1,consistent_user,0,0.39756225446609317,-0.35999704603757293
487,-0.7718107031195512,-1.1496285636279193,-0.736620899410813,-1.2379815727251318,-1.2877318855027686,-1.2877318855027688,1.6707077558015044,-1.4350566712732788,1.8439514113967574,-0.8577035298658984,-1.311479992973772,-0.803282048251284,-1.0813099434085147,-0.8915523367629506,-1.7101503814556616,-1.0421409270335906,-0.7297104957834565,-0.7297104957834566,-0.8445689127067375,-1.5274668946977865,-1.3441548622682613,1,0,at_risk_user,1,-2.894102300569424,-0.9493526093697782
488,-0.20346703366480073,1.042227611067828,0.6486609424872066,-0.25382927907149927,-0.07774185919055952,-0.07774185919055944,-0.27224184806495383,-0.09293567207778825,-0.31313670523498577,-0.19178464021846164,-1.311479992973772,-1.1415207943338068,-0.7733997553194069,-0.8915523367629506,-1.2957132283618422,-0.8763401272509813,-0.7297104957834565,-0.7297104957834566,0.8992072319045583,-0.43344963735801667,-0.7867540419617498,1,0,at_risk_user,3,-2.137124535886632,0.6854603648034098
489,0.9332203052447002,0.49426356739389105,-0.3804055686370366,0.8943483968577386,0.5272531539655451,0.5272531539655451,-0.8021371945739878,1.3305259937356109,-0.5870804065090254,-0.19178464021846164,-0.8085962401762313,-0.6039798975850948,0.03767231680798374,-0.48863635585098564,0.05811480507796785,0.28426547122728363,0.08789230061257318,0.08789230061257323,1.4804659467749903,0.22296071704584525,0.002529201107734787,0,0,casual_user,0,-0.2395927898696858,-0.16843576773702826
490,-0.7718107031195512,-0.053700476280045734,0.4507635365017753,-0.7459054258983154,-0.682736872346664,-0.6827368723466641,-0.6608317688382453,-0.36135987191688623,-0.6897454392899336,-0.8577035298658984,0.19717126541884997,-0.8042402316679483,0.18305664901163074,-0.48863635585098564,0.2791479533946715,-0.5447385276857627,-0.7297104957834565,-0.7297104957834566,-0.2633101978363056,0.5876331361591018,-0.10266901696457965,1,0,casual_user,0,-0.6440964761562947,0.2949223361825387
491,-0.20346703366480073,0.49426356739389105,0.2528661305163439,-0.5818800436227101,-0.48107186796129586,-0.4810718679612959,0.3754080198905321,-0.24206022754395373,-0.6285819868448992,-0.19178464021846164,-1.311479992973772,-0.5771507619184925,0.31457277492034114,-0.8915523367629506,-1.1575675106639025,-0.8763401272509813,-0.7297104957834565,-0.7297104957834566,1.4804659467749903,-0.36051515353536534,-0.8039904707800084,1,0,casual_user,1,-1.6183626004739333,-0.22466822295311195
492,-0.7718107031195512,-1.1496285636279193,-0.736620899410813,-1.2379815727251318,-1.2877318855027686,-1.2877318855027688,1.6707077558015044,-1.4350566712732788,1.8439514113967574,-0.8577035298658984,0.5743340800170054,-1.1635590129170874,-0.5218188133002654,-0.6900943463069682,-1.7101503814556616,-1.0421409270335906,-0.7297104957834565,-0.7297104957834566,0.8992072319045583,0.44176416851379924,-0.444563225699601,1,0,at_risk_user,1,-2.104317329962554,-1.1266660354639602
493,-0.7718107031195512,-0.053700476280045734,0.4507635365017753,-0.9099308081739209,-1.0860668811174004,-1.0860668811174004,0.3754080198905321,0.3544379943207086,1.8439514113967574,-0.8577035298658984,1.517241116512394,-0.5177433900853013,-0.5218188133002654,-0.28717836539500313,-0.05240176908038397,-0.710539327468372,-0.7297104957834565,-0.7297104957834566,0.31794851703412635,-0.06877721824476005,0.19977585999332406,1,0,casual_user,0,-0.6369748055063479,0.345064557118263
494,-0.20346703366480073,-0.6016645199539825,-0.5387234934253817,-0.08980389679589386,-0.07774185919055952,-0.07774185919055944,-0.27224184806495383,0.3544379943207086,-0.4982266618104257,-0.19178464021846164,-1.311479992973772,0.9051589836612894,0.8316028652535606,-0.8915523367629506,0.8685696822392148,0.11846467144467435,-0.7297104957834565,-0.7297104957834566,-0.2633101978363056,-1.0898599917618785,-0.37735325304228906,0,1,consistent_user,0,0.25837522460634377,-0.7846892178136287
495,2.0699076441542013,1.5901916547417647,-0.3125550294420315,1.2223991614089493,1.7372431802777542,1.7372431802777546,1.442125449464274,0.14390921013318064,-0.7358925344682264,3.803728697666158,0.9071247987800837,0.5975821069120263,0.8025517941029838,1.1230275677968744,0.8252298492359393,1.11326947014033,1.7230978934046326,1.7230978934046326,-0.2633101978363056,1.3899124582082665,1.3886704274723474,0,1,consistent_user,2,2.618208658682127,-0.4069367105118118
496,-1.3401543725743017,-1.1496285636279193,-0.1429286814545189,-1.2379815727251318,-1.2877318855027686,-1.2877318855027688,1.6707077558015044,-1.4350566712732788,1.8439514113967574,-0.8577035298658984,-1.311479992973772,-0.9891696310841719,-2.0377663477395522,-0.8915523367629506,-1.7101503814556616,-1.0421409270335906,-0.7297104957834565,-0.7297104957834566,1.4804659467749903,-0.21464618589006268,-1.8910387241939233,1,0,at_risk_user,1,-3.3461584830687747,-0.06478719093553026
497,0.3648766357899498,-0.6016645199539825,-0.736620899410813,-0.08980389679589386,0.12392314519480867,0.12392314519480872,-0.48812513738344926,-0.04322748692239988,-0.16333936684694564,-0.19178464021846164,0.36479918301803,-0.47654150316873345,0.08785511658445516,-0.08572037493902064,-0.2365960593443038,-0.3789377279031535,-0.7297104957834565,-0.7297104957834566,-0.8445689127067375,-1.3815979270524839,0.08435003738620145,0,0,casual_user,0,-0.3348673067388208,-0.6777220996057286
498,1.5015639746994507,0.49426356739389105,-0.5387234934253817,0.07422148547971154,-0.2794068635759277,-0.2794068635759276,0.005322381058825778,1.3770063746601304,-0.5713175465509613,-0.19178464021846164,-0.9343171783756165,0.8131733756615098,0.6862185330499136,-0.6900943463069682,0.9422473983447828,0.28426547122728363,-0.7297104957834565,-0.7297104957834566,-1.4258276275771695,-0.06877721824476005,-0.2867658985911296,1,0,consistent_user,0,0.23661964240522448,-0.7957614423483
499,-0.20346703366480073,0.49426356739389105,0.2528661305163439,-0.5818800436227101,-0.8844018767320323,-0.8844018767320323,-0.27224184806495383,1.2491853271177025,-0.9350918936641772,-0.8577035298658984,0.5743340800170054,0.44714731049572004,0.8316028652535606,-0.28717836539500313,0.5001811017113752,-0.3789377279031535,-0.7297104957834565,-0.7297104957834566,1.4804659467749903,-1.1627944755845299,0.011295719280427852,1,0,consistent_user,0,0.28688960449622763,-0.15482860064447018
500,-0.20346703366480073,-0.053700476280045734,-0.1429286814545189,0.4022722500309223,0.5272531539655451,0.5272531539655451,-0.09561006589527597,0.3544379943207086,-0.34442570085629237,0.4741342494289751,-0.6828753019768462,-0.6518890684183134,0.31457277492034114,-0.48863635585098564,0.22388966631549578,0.11846467144467435,0.9054950970086029,0.905495097008603,0.31794851703412635,-0.7981220564712733,0.24799170994313474,0,0,casual_user,0,0.2455748232956571,-0.10538832426837814
501,-0.20346703366480073,-0.053700476280045734,-0.1429286814545189,-0.7459054258983154,-0.682736872346664,-0.6827368723466641,0.8935279142549213,-0.36135987191688623,-0.5484516773935145,-0.19178464021846164,0.19717126541884997,-0.6528472518349777,0.03767231680798374,-0.48863635585098564,-0.38395149155543945,-0.710539327468372,-0.7297104957834565,-0.7297104957834566,-0.8445689127067375,-0.506384121180668,-0.2078672350368938,1,0,casual_user,1,-0.9733961421086929,-0.5161521212177329
502,-0.20346703366480073,-1.1496285636279193,-0.9345183053962445,-1.0739561904495263,-1.0860668811174004,-1.0860668811174004,0.3754080198905321,-0.8385584494086165,1.8439514113967574,-0.8577035298658984,-0.054270610979920475,-1.0207896838340964,-0.7733997553194069,-0.6900943463069682,-0.6049846398721432,-0.8763401272509813,-0.7297104957834565,-0.7297104957834566,0.8992072319045583,0.8064365876270558,-0.5018422013492316,1,0,at_risk_user,1,-1.7884212916366158,-0.8774770353228681
503,-0.7718107031195512,0.49426356739389105,1.0444557544580695,-0.41785466134710464,-0.2794068635759277,-0.2794068635759276,0.005322381058825778,-0.15684619584900225,-0.14128044276313,-0.19178464021846164,-0.23387195126475638,-0.49666335491868535,0.4346375910307722,-0.48863635585098564,-0.7628654600983602,-0.710539327468372,-0.7297104957834565,-0.7297104957834566,-1.4258276275771695,-0.5793186050033193,-0.31306545310920825,0,0,casual_user,0,-0.8536930280388544,0.5793487234785651
504,-0.20346703366480073,-1.1496285636279193,-0.9345183053962445,-1.0739561904495263,-1.0860668811174004,-1.0860668811174004,0.3754080198905321,-0.8385584494086165,1.8439514113967574,-0.8577035298658984,-1.311479992973772,-1.1587680958337656,-0.5218188133002654,-0.8915523367629506,-0.6049846398721432,-0.8763401272509813,-0.7297104957834565,-0.7297104957834566,1.4804659467749903,-0.8710565402939247,-0.8741226161615515,1,0,at_risk_user,1,-2.239578305456039,-1.0144524416287846
505,0.3648766357899498,-1.1496285636279193,-1.03346700838896,-0.5818800436227101,-0.48107186796129586,-0.4810718679612959,0.3754080198905321,-0.24206022754395373,0.17964975622371143,-0.19178464021846164,0.5743340800170054,0.73651870232836,0.7115380491431296,-0.28717836539500313,1.0527639725031346,-0.2131369281205442,-0.7297104957834565,-0.7297104957834566,-1.4258276275771695,-1.6733358623430892,0.2041591190796706,1,0,consistent_user,0,0.7373512502389011,-1.295046106812855
506,-0.7718107031195512,-0.053700476280045734,0.4507635365017753,-0.9099308081739209,-1.0860668811174004,-1.0860668811174004,0.3754080198905321,0.3544379943207086,1.8439514113967574,-0.8577035298658984,0.5743340800170054,-0.8454421185845162,-0.5218188133002654,-0.48863635585098564,0.7764725371072548,-0.5447385276857627,-0.7297104957834565,-0.7297104957834566,-1.4258276275771695,-1.4545324108751352,0.002529201107734787,1,0,casual_user,0,-0.8124545150032909,0.34805652481121924
507,-0.7718107031195512,1.042227611067828,1.6381479724143637,1.7144753082357655,1.7372431802777542,1.7372431802777546,0.5277962241153527,0.7754955626957646,-0.8727791728425118,2.4718909183712854,1.517241116512394,1.7406949229926212,1.271029179251379,2.130317520076787,1.4395719820573658,2.1080742688359857,2.540700689800662,2.5407006898006625,1.4804659467749903,-0.506384121180668,1.8741808309776609,0,1,power_user,2,4.14556831172086,1.5119133325698366
508,0.9332203052447002,-0.053700476280045734,-0.6178824558195544,-0.41785466134710464,-0.2794068635759277,-0.2794068635759276,0.005322381058825778,-0.15684619584900225,-0.8189591649972159,-0.19178464021846164,-0.23387195126475638,-0.376890427835639,0.11227831896551003,-0.48863635585098564,0.6580619219375923,-0.2131369281205442,-0.7297104957834565,-0.7297104957834566,-0.8445689127067375,0.5876331361591018,-0.08764070009710599,1,0,casual_user,0,-0.3520787381380066,-0.690376564298195
509,-0.7718107031195512,-1.1496285636279193,-0.736620899410813,-0.08980389679589386,0.12392314519480867,0.12392314519480872,-0.48812513738344926,-0.04322748692239988,0.36287280184010207,-0.19178464021846164,-0.47334040497787094,-0.5541543599185476,-0.5218188133002654,-0.48863635585098564,-0.9733732203999828,-0.710539327468372,-0.7297104957834565,-0.7297104957834566,-0.2633101978363056,-1.4545324108751352,-0.3247541440061321,0,0,casual_user,1,-1.2276261382144207,-0.5082800442439249
510,-0.7718107031195512,-1.1496285636279193,-0.736620899410813,-1.2379815727251318,-1.2877318855027686,-1.2877318855027688,1.6707077558015044,-1.4350566712732788,1.8439514113967574,-0.8577035298658984,-1.311479992973772,-0.9000585733343854,0.4346375910307722,-0.8915523367629506,-0.05240176908038397,-0.8763401272509813,-0.7297104957834565,-0.7297104957834566,-0.2633101978363056,1.0981745229176612,-0.83905654347078,1,0,casual_user,1,-1.6807448282795667,-1.4493160983454745
511,-0.7718107031195512,-0.6016645199539825,-0.1429286814545189,-0.9099308081739209,-0.8844018767320323,-0.8844018767320323,-0.27224184806495383,-0.5403093384762852,0.33367144189725534,-0.8577035298658984,-1.311479992973772,-1.0064169325841306,-1.0813099434085147,-0.8915523367629506,-1.7101503814556616,-1.0421409270335906,-0.7297104957834565,-0.7297104957834566,0.31794851703412635,0.5146986523364505,-1.2389566441959468,1,0,at_risk_user,1,-2.7170297733611313,0.002064881829492425
512,-0.20346703366480073,1.5901916547417647,1.0444557544580695,0.23824686775531695,0.12392314519480867,0.12392314519480872,-0.48812513738344926,0.7521034755638172,-0.5138512660015244,-0.19178464021846164,0.7457717230161668,1.6467929481595125,1.139513053342669,0.3171956059729444,1.0025291660675202,0.4500662710098929,0.08789230061257318,0.08789230061257323,1.4804659467749903,-1.1627944755845299,0.5890889624806392,0,1,power_user,2,1.9704503634295611,0.7494710796210983
513,-0.7718107031195512,-1.1496285636279193,-0.736620899410813,-1.2379815727251318,-1.2877318855027686,-1.2877318855027688,1.6707077558015044,-1.4350566712732788,1.8439514113967574,-0.8577035298658984,0.5743340800170054,-1.3101610756667363,-0.12485353907747694,-0.6900943463069682,-1.7101503814556616,-1.0421409270335906,-0.7297104957834565,-0.7297104957834566,0.31794851703412635,0.004157265577891283,-0.444563225699601,1,0,at_risk_user,1,-2.015166765248782,-1.2849658377725872
514,-0.20346703366480073,-0.6016645199539825,-0.5387234934253817,-0.9099308081739209,-0.8844018767320323,-0.8844018767320323,-0.27224184806495383,-0.5403093384762852,-0.5121707818103663,-0.8577035298658984,-1.311479992973772,-0.49857972175201404,0.18305664901163074,-0.8915523367629506,-0.05240176908038397,-0.710539327468372,-0.7297104957834565,-0.7297104957834566,-0.2633101978363056,0.8064365876270558,-0.7338583253984657,1,0,casual_user,1,-1.3349935334524032,-0.7266925658563267
515,-0.7718107031195512,-0.6016645199539825,-0.1429286814545189,-1.0739561904495263,-1.0860668811174004,-1.0860668811174004,0.3754080198905321,-0.8385584494086165,1.8439514113967574,-0.8577035298658984,-1.311479992973772,-1.038036985334055,-1.0813099434085147,-0.8915523367629506,-1.7101503814556616,-1.0421409270335906,-0.7297104957834565,-0.7297104957834566,1.4804659467749903,0.6605676199817532,-1.2915557532321038,1,0,at_risk_user,1,-2.849186771638033,-0.1511081934916537
516,0.9332203052447002,-0.6016645199539825,-0.855359343002072,0.4022722500309223,0.7289181583509132,0.7289181583509132,-0.27224184806495383,0.05618888338837724,-0.519259067612873,0.4741342494289751,1.202938771013931,-0.5714016614185062,-0.041199144422601,0.7201115868849094,-0.32869320447626355,-0.2131369281205442,0.9054950970086029,0.905495097008603,0.31794851703412635,1.6816503934988718,0.8704145002043278,0,0,casual_user,0,0.7484437223280355,-0.5156506464866285
517,-0.7718107031195512,0.49426356739389105,1.0444557544580695,1.0583737791333439,0.7289181583509132,0.7289181583509132,0.3754080198905321,1.2491853271177025,-0.4381683543115902,1.1400531390764117,-0.8400264747260776,0.6502821948285668,0.4346375910307722,-0.48863635585098564,0.7764725371072548,0.9474686703577208,1.7230978934046326,1.7230978934046326,-0.8445689127067375,1.6816503934988718,0.5087956255807479,0,1,consistent_user,2,1.4095145254485981,0.9954822849126423
518,0.3648766357899498,-1.1496285636279193,-1.03346700838896,-0.08980389679589386,0.12392314519480867,0.12392314519480872,-0.48812513738344926,-0.04322748692239988,-0.17422799804567446,-0.19178464021846164,-0.054270610979920475,-0.7505819603347437,0.08785511658445516,-0.28717836539500313,-0.9733732203999828,-0.710539327468372,-0.7297104957834565,-0.7297104957834566,0.31794851703412635,0.5876331361591018,-0.17864550779458435,0,0,casual_user,1,-0.9154321859652688,-1.001377441450797
519,-1.3401543725743017,-1.1496285636279193,-0.1429286814545189,-1.402006955000737,-1.489396889888137,-1.489396889888137,-2.215191451931412,-3.2245513368672665,1.8439514113967574,-1.523622419513335,-1.311479992973772,-1.536292361999528,-2.0377663477395522,-0.8915523367629506,-1.7101503814556616,-1.0421409270335906,-0.7297104957834565,-0.7297104957834566,-0.8445689127067375,-1.7462703461657405,-1.9436378332300805,0,0,at_risk_user,3,-3.495069994156195,0.6748642134630441
520,-0.7718107031195512,-1.1496285636279193,-0.736620899410813,-1.2379815727251318,-1.2877318855027686,-1.2877318855027688,1.6707077558015044,-1.4350566712732788,1.8439514113967574,-0.8577035298658984,-1.311479992973772,-0.9364695431676316,-0.5218188133002654,-0.8915523367629506,-1.7101503814556616,-1.0421409270335906,-0.7297104957834565,-0.7297104957834566,-0.8445689127067375,-1.0169255079392272,-1.102052088651566,1,0,at_risk_user,1,-2.736139795819282,-1.1694169755596535
521,2.0699076441542013,1.042227611067828,-0.48218137742954414,2.0425260727869765,1.7372431802777542,1.7372431802777546,-0.8436976139080297,1.1965531310708206,-0.8822771072297995,0.4741342494289751,1.2600846520136515,1.8815478852422836,1.2285681394763497,2.130317520076787,1.4546424239880504,2.4396758684012045,0.9054950970086029,0.905495097008603,0.31794851703412635,-0.9439910241165759,1.4362534004417766,0,1,power_user,2,3.528874788141183,-0.2555255315649289
522,0.9332203052447002,-0.053700476280045734,-0.6178824558195544,0.07422148547971154,0.12392314519480867,0.12392314519480872,-0.48812513738344926,0.3544379943207086,-0.32367855962033887,-0.19178464021846164,0.5743340800170054,0.6359094435786014,0.4909668371007387,0.11573761551696186,0.610697675869727,0.11846467144467435,-0.7297104957834565,-0.7297104957834566,0.8992072319045583,-0.6522530888259707,0.2918243008065995,0,1,consistent_user,0,0.7339495201891276,-0.6316214325154144
523,-1.3401543725743017,-0.6016645199539825,1.0444557544580695,-1.2379815727251318,-1.2877318855027686,-1.2877318855027688,1.6707077558015044,-1.4350566712732788,1.8439514113967574,-0.8577035298658984,-1.311479992973772,-0.7937002140846403,-2.0377663477395522,-0.8915523367629506,-0.05240176908038397,-0.8763401272509813,-0.7297104957834565,-0.7297104957834566,0.8992072319045583,1.1711090067403125,-1.6280431790131376,1,0,at_risk_user,3,-2.591091069955805,1.0797108294811681
524,-0.20346703366480073,-0.053700476280045734,-0.1429286814545189,0.23824686775531695,0.5272531539655451,0.5272531539655451,-0.8021371945739878,0.029075327849074427,-0.757276086073118,-0.19178464021846164,0.7457717230161668,0.6397421772452587,0.9941287211390216,0.3171956059729444,0.7011203274538332,0.28426547122728363,0.08789230061257318,0.08789230061257323,0.31794851703412635,1.4628469420309178,0.6464698087019014,0,1,consistent_user,0,1.5405251330669043,-0.19727859079882296
525,0.3648766357899498,-0.6016645199539825,-0.736620899410813,0.5662976323065277,0.9305831627362814,0.9305831627362817,0.1761311374426905,0.07913112269086459,-0.5140960720403227,1.1400531390764117,0.13914621701913374,0.5659620541621022,0.7115380491431296,0.11573761551696186,1.0952703471794236,0.7816678705751114,1.7230978934046326,1.7230978934046326,-0.8445689127067375,0.15002623322319394,0.9533592490690377,0,1,consistent_user,2,2.085829393703861,-0.58580997568086
526,-0.7718107031195512,-1.1496285636279193,-0.736620899410813,-1.2379815727251318,-1.2877318855027686,-1.2877318855027688,1.6707077558015044,-1.4350566712732788,1.8439514113967574,-0.8577035298658984,-1.311479992973772,-1.293871957583442,-0.12485353907747694,-0.8915523367629506,-0.05240176908038397,-0.8763401272509813,-0.7297104957834565,-0.7297104957834566,-1.4258276275771695,-0.8710565402939247,-0.83905654347078,0,0,at_risk_user,1,-2.0705861245302106,-1.2511155160301732
527,-0.7718107031195512,0.49426356739389105,1.0444557544580695,0.07422148547971154,0.32558814958017684,0.3255881495801769,-0.6608317688382453,-0.003460938798088793,-0.7236313377372718,-0.19178464021846164,-0.1799915491793056,0.5487147526621435,0.18305664901163074,-0.28717836539500313,-0.05240176908038397,-0.2131369281205442,-0.7297104957834565,-0.7297104957834566,-0.2633101978363056,1.6087159096762205,-0.023770353410343822,0,1,consistent_user,0,0.11214873705264145,0.9553679289366488
528,-0.20346703366480073,-1.1496285636279193,-0.9345183053962445,-1.0739561904495263,-1.0860668811174004,-1.0860668811174004,0.3754080198905321,-0.8385584494086165,1.8439514113967574,-0.8577035298658984,-0.054270610979920475,-1.0658243044173217,-0.7733997553194069,-0.6900943463069682,-0.6049846398721432,-0.8763401272509813,-0.7297104957834565,-0.7297104957834566,1.4804659467749903,-0.7981220564712733,-0.5018422013492316,1,0,at_risk_user,1,-1.8082363883648402,-0.8793453950357863
529,2.0699076441542013,1.042227611067828,-0.48218137742954414,0.23824686775531695,-0.07774185919055952,-0.07774185919055944,1.6707077558015044,1.2491853271177025,-1.0244656407036958,1.1400531390764117,-0.2828541349788026,-0.5685271111685132,-0.30911015763833327,-0.28717836539500313,-0.5045150270009142,-0.3789377279031535,1.7230978934046326,1.7230978934046326,0.31794851703412635,0.7335021038044045,0.2894334322140467,1,0,casual_user,1,-0.1283599498192626,-0.5180065152152321
530,-0.20346703366480073,-0.053700476280045734,-0.1429286814545189,0.8943483968577386,0.7289181583509132,0.7289181583509132,-0.27224184806495383,0.9509362161853714,-0.7177976675150122,0.4741342494289751,-0.054270610979920475,0.4241509084957753,0.7425477791198799,0.11573761551696186,0.5001811017113752,0.6158670707925021,0.9054950970086029,0.905495097008603,-0.2633101978363056,-0.5793186050033193,0.5635863641600775,0,1,consistent_user,0,1.3365460620671377,-0.1363614621312685
531,-0.7718107031195512,-0.6016645199539825,-0.1429286814545189,-1.0739561904495263,-1.0860668811174004,-1.0860668811174004,0.3754080198905321,-0.8385584494086165,1.8439514113967574,-0.8577035298658984,-1.311479992973772,-0.9345531763343027,-1.0813099434085147,-0.8915523367629506,-1.7101503814556616,-1.0421409270335906,-0.7297104957834565,-0.7297104957834566,0.31794851703412635,0.9523055552723585,-1.2915557532321038,1,0,at_risk_user,1,-2.803654208943389,-0.14681494138537385
532,0.3648766357899498,1.042227611067828,0.1539174275236282,1.7144753082357655,1.9389081846631224,1.9389081846631226,-0.91989171602044,0.5532707349422629,-0.9031430703662598,0.4741342494289751,0.9514968946151606,1.8911297194089274,1.271029179251379,1.5259435487088393,1.4395719820573658,2.1080742688359857,2.540700689800662,2.5407006898006625,0.8992072319045583,0.8064365876270558,1.7295332811282282,0,1,power_user,2,4.1476678589360745,0.5018932078272086
533,-0.20346703366480073,2.1381556984157015,1.4402505664289322,0.5662976323065277,0.5272531539655451,0.5272531539655451,-0.8021371945739878,0.6798006607923425,-0.887567218217991,-0.19178464021846164,0.7193967010162958,0.6292021596619507,0.9152572599084369,0.5186535964289268,1.0952703471794236,0.7816678705751114,0.08789230061257318,0.08789230061257323,0.31794851703412635,1.6087159096762205,0.6998045696126901,0,1,consistent_user,0,1.6540997899448708,1.2534792493772107
534,-0.7718107031195512,-0.6016645199539825,-0.1429286814545189,-0.08980389679589386,0.12392314519480867,0.12392314519480872,-0.48812513738344926,-0.04322748692239988,-0.6991651522101512,-0.19178464021846164,-0.054270610979920475,-0.6039798975850948,-0.12485353907747694,-0.28717836539500313,0.13179252118353585,-0.2131369281205442,-0.7297104957834565,-0.7297104957834566,-0.2633101978363056,0.3688296846911479,-0.0033151443407271586,0,0,casual_user,0,-0.48722855086135103,-0.06855229426299349
535,0.3648766357899498,1.5901916547417647,0.4507635365017753,0.7303230145821331,0.7289181583509132,0.7289181583509132,-0.27224184806495383,0.6526871052530396,-0.5996544176450964,0.4741342494289751,1.1131381008715133,0.611954858161992,0.7115380491431296,0.9215695773408918,0.6580619219375923,0.6158670707925021,0.9054950970086029,0.905495097008603,-0.8445689127067375,-1.0898599917618785,0.9956504740999402,0,1,consistent_user,2,1.9238412084527419,0.44926703440259336
536,-0.7718107031195512,0.49426356739389105,1.0444557544580695,-0.25382927907149927,-0.07774185919055952,-0.07774185919055944,-0.27224184806495383,-0.09293567207778825,-0.19302399004589244,-0.19178464021846164,-0.3685729564783833,-0.7352510256681137,0.4346375910307722,-0.48863635585098564,0.36203538401343544,-0.2131369281205442,-0.7297104957834565,-0.7297104957834566,0.8992072319045583,1.2440434905629638,-0.12896857148265825,0,0,casual_user,0,-0.4557727980395698,0.7008694463929731
537,-0.20346703366480073,-0.053700476280045734,-0.1429286814545189,0.5662976323065277,0.5272531539655451,0.5272531539655451,-0.8021371945739878,0.6798006607923425,-0.6285819868448992,-0.19178464021846164,-0.7312295089766097,-0.6164362820017317,0.4346375910307722,-0.48863635585098564,0.3301556030062187,0.28426547122728363,-0.7297104957834565,-0.7297104957834566,0.8992072319045583,-0.06877721824476005,-0.10266901696457965,0,0,casual_user,0,-0.2677313433808978,-0.1862826525180289
538,0.3648766357899498,-1.1496285636279193,-1.03346700838896,-0.9099308081739209,-0.8844018767320323,-0.8844018767320323,1.6707077558015044,-0.5403093384762852,-0.9350918936641772,-0.19178464021846164,-0.3685729564783833,-1.107984374750554,-0.6843446691857261,-0.6900943463069682,-1.7101503814556616,-1.0421409270335906,-0.7297104957834565,-0.7297104957834566,1.4804659467749903,0.22296071704584525,-0.6832349022703811,1,0,at_risk_user,1,-2.3321515701705633,-1.3083665809724014
539,-0.20346703366480073,-0.053700476280045734,-0.1429286814545189,-0.5818800436227101,-0.48107186796129586,-0.4810718679612959,0.3754080198905321,-0.24206022754395373,-0.7604800612452531,-0.19178464021846164,-1.311479992973772,-1.1166080255005335,-0.5218188133002654,-0.8915523367629506,-1.7101503814556616,-1.0421409270335906,-0.7297104957834565,-0.7297104957834566,-1.4258276275771695,-1.4545324108751352,-0.8916556525069372,0,0,at_risk_user,1,-2.4024882819391613,-0.3051277470090576
540,-1.3401543725743017,-0.6016645199539825,1.0444557544580695,-1.2379815727251318,-1.2877318855027686,-1.2877318855027688,1.6707077558015044,-1.4350566712732788,1.8439514113967574,-0.8577035298658984,-1.311479992973772,-1.1424789777504714,-2.0377663477395522,-0.8915523367629506,-1.7101503814556616,-1.0421409270335906,-0.7297104957834565,-0.7297104957834566,0.31794851703412635,0.5876331361591018,-1.8910387241939233,1,0,at_risk_user,3,-3.4137072933243635,0.9798942044016951
541,1.5015639746994507,2.1381556984157015,0.054968724530912484,1.7144753082357655,1.5355781758923859,1.5355781758923863,-0.27224184806495383,1.025498493918454,-0.8260865551756079,1.1400531390764117,-0.1799915491793056,0.6675294963285254,0.5236926771644533,0.3171956059729444,0.9422473983447828,1.6106718694881579,0.08789230061257318,0.08789230061257323,-1.4258276275771695,-0.8710565402939247,0.6249519913689278,0,1,consistent_user,0,1.525377259414874,0.14568277390386158
542,-0.7718107031195512,1.042227611067828,1.6381479724143637,-0.41785466134710464,-0.48107186796129586,-0.4810718679612959,0.3754080198905321,0.3544379943207086,-0.5300442849575677,-0.19178464021846164,-0.7726759721192641,-0.6911745885015526,-0.5218188133002654,-0.6900943463069682,0.18441946125894132,-0.3789377279031535,-0.7297104957834565,-0.7297104957834566,1.4804659467749903,-0.5793186050033193,-0.40323535431404933,1,0,casual_user,3,-1.2416215608835204,1.4015304697786486
543,0.3648766357899498,-0.6016645199539825,-0.736620899410813,-0.08980389679589386,0.12392314519480867,0.12392314519480872,-0.48812513738344926,-0.04322748692239988,-0.048740540132948665,-0.19178464021846164,-0.8924101989758214,-0.4832487870853841,0.08785511658445516,-0.6900943463069682,-0.2365960593443038,-0.3789377279031535,-0.7297104957834565,-0.7297104957834566,-0.2633101978363056,-1.4545324108751352,-0.35397587124844154,0,0,casual_user,0,-0.8256459214267895,-0.7127818614985628
544,-0.20346703366480073,-1.1496285636279193,-0.9345183053962445,-1.0739561904495263,-1.0860668811174004,-1.0860668811174004,0.3754080198905321,-0.8385584494086165,1.8439514113967574,-0.8577035298658984,-0.054270610979920475,0.5832093556620609,0.7425477791198799,-0.6900943463069682,0.5001811017113752,-0.710539327468372,-0.7297104957834565,-0.7297104957834566,0.8992072319045583,-1.1627944755845299,-0.2604663440730513,1,0,consistent_user,0,-0.049779260562729695,-1.335329056014481
545,0.3648766357899498,-0.053700476280045734,-0.439774790432666,-0.5818800436227101,-0.48107186796129586,-0.4810718679612959,0.3754080198905321,-0.24206022754395373,-0.5739145571191326,-0.19178464021846164,-0.054270610979920475,-0.5407397920852464,-0.014404614921851248,-0.48863635585098564,-1.1575675106639025,-0.8763401272509813,-0.7297104957834565,-0.7297104957834566,-0.8445689127067375,0.9523055552723585,-0.36566456214536547,1,0,casual_user,1,-1.241798779926616,-0.6753363293428003
546,-0.7718107031195512,-0.6016645199539825,-0.1429286814545189,-0.08980389679589386,-0.07774185919055952,-0.07774185919055944,-0.27224184806495383,0.3544379943207086,-0.4913658804033492,-0.19178464021846164,0.7838689770159807,0.4711018959123293,0.9941287211390216,0.11573761551696186,1.2369582627670541,0.28426547122728363,-0.7297104957834565,-0.7297104957834566,1.4804659467749903,-0.725187572648622,0.41163338250006865,0,1,consistent_user,0,1.092016680982744,-0.43773575620453864
547,-1.3401543725743017,-1.1496285636279193,-0.1429286814545189,-1.402006955000737,-1.489396889888137,-1.489396889888137,-2.215191451931412,-3.2245513368672665,1.8439514113967574,-1.523622419513335,-1.311479992973772,-1.536292361999528,-2.0377663477395522,-0.8915523367629506,-1.7101503814556616,-1.0421409270335906,-0.7297104957834565,-0.7297104957834566,-0.8445689127067375,0.0770917494005426,-1.9436378332300805,1,0,at_risk_user,3,-3.495069994156195,0.6748642134630441
548,0.3648766357899498,-0.053700476280045734,-0.439774790432666,-0.08980389679589386,-0.07774185919055952,-0.07774185919055944,-1.2437166499981829,0.3544379943207086,-0.17444701470608207,-0.8577035298658984,-1.311479992973772,-0.635599950335019,0.08785511658445516,-0.8915523367629506,0.5001811017113752,-0.04733612833793493,-0.7297104957834565,-0.7297104957834566,-1.4258276275771695,-1.3086634432298325,-0.4357967075269085,0,0,casual_user,0,-0.8111344703484976,-0.29889507606819427
549,0.3648766357899498,1.042227611067828,0.1539174275236282,0.8943483968577386,0.9305831627362814,0.9305831627362817,-0.42169950990083516,0.6297448659505527,-0.8189591649972159,0.4741342494289751,0.19717126541884997,0.7575987374949764,0.9941287211390216,0.3171956059729444,0.9422473983447828,0.9474686703577208,0.9054950970086029,0.905495097008603,0.31794851703412635,-1.1627944755845299,0.7739828003047069,0,1,consistent_user,2,1.9517862189727109,0.12487713216830623
550,0.9332203052447002,-0.6016645199539825,-0.855359343002072,-0.5818800436227101,-0.682736872346664,-0.6827368723466641,-0.6608317688382453,0.3544379943207086,-0.9738956286756881,-0.8577035298658984,0.5743340800170054,-1.2047608998336554,-0.7733997553194069,-0.28717836539500313,-1.1575675106639025,-0.8763401272509813,-0.7297104957834565,-0.7297104957834566,-1.4258276275771695,0.8793710714497072,-0.26514621068652444,1,0,at_risk_user,1,-1.6240272852876727,-0.5746163550655569
551,0.9332203052447002,-1.1496285636279193,-1.0928362301845895,0.4022722500309223,0.32558814958017684,0.3255881495801769,0.1163480727083377,0.7123369274395064,-0.25744765256019575,0.4741342494289751,0.26003173451854256,0.5458402024121504,0.87406390502859,0.11573761551696186,0.5001811017113752,0.28426547122728363,0.9054950970086029,0.905495097008603,-0.8445689127067375,-0.21464618589006268,0.567969623246424,0,1,consistent_user,0,1.3685513528160187,-1.1347615156119066
552,0.3648766357899498,-0.053700476280045734,-0.439774790432666,-0.5818800436227101,-0.682736872346664,-0.6827368723466641,-0.6608317688382453,0.3544379943207086,-0.8012388077602937,-0.8577035298658984,-0.6828753019768462,-0.506245189085329,-0.014404614921851248,-0.6900943463069682,-1.7101503814556616,-1.0421409270335906,-0.7297104957834565,-0.7297104957834566,-0.2633101978363056,-1.6733358623430892,-0.7250918072257728,1,0,casual_user,1,-1.7338066040298026,-0.5320419932853127
553,-0.7718107031195512,0.49426356739389105,1.0444557544580695,-0.41785466134710464,-0.48107186796129586,-0.4810718679612959,-0.91989171602044,0.3544379943207086,-0.48345134668368556,-0.8577035298658984,-1.311479992973772,-0.635599950335019,-0.12485353907747694,-0.8915523367629506,-1.2365079207770109,-0.8763401272509813,-0.7297104957834565,-0.7297104957834566,-0.8445689127067375,-1.0898599917618785,-0.8165140681695698,1,0,casual_user,3,-1.786078681619579,0.8992400016226331
554,0.3648766357899498,-1.1496285636279193,-1.03346700838896,-0.9099308081739209,-0.8844018767320323,-0.8844018767320323,1.6707077558015044,-0.5403093384762852,-0.5121707818103663,-0.19178464021846164,-1.311479992973772,-0.5014542720020071,-0.3764344810966181,-0.8915523367629506,-0.8812760752680229,-0.8763401272509813,-0.7297104957834565,-0.7297104957834566,0.8992072319045583,0.7335021038044045,-0.8653560979888586,1,0,casual_user,1,-1.9773893225204726,-1.384685304428133
555,-0.20346703366480073,-0.6016645199539825,-0.5387234934253817,-0.9099308081739209,-0.8844018767320323,-0.8844018767320323,-0.27224184806495383,-0.5403093384762852,-0.7236313377372718,-0.8577035298658984,0.5743340800170054,-0.6336835835016904,-0.30911015763833327,-0.48863635585098564,-0.8812760752680229,-0.8763401272509813,-0.7297104957834565,-0.7297104957834566,-0.2633101978363056,-0.14171170206741138,-0.20786723503689408,1,0,casual_user,1,-1.1877800786735726,-0.5340757402515156
556,0.3648766357899498,-0.053700476280045734,-0.439774790432666,-0.5818800436227101,-0.48107186796129586,-0.4810718679612959,0.3754080198905321,-0.24206022754395373,-0.6358266857751745,-0.19178464021846164,0.5743340800170054,-0.6576381689182996,0.18305664901163074,-0.28717836539500313,-0.6049846398721432,-0.710539327468372,-0.7297104957834565,-0.7297104957834566,0.31794851703412635,0.22296071704584525,-0.058836426101115495,0,0,casual_user,1,-0.7498362887390461,-0.7100636397567017
557,-0.20346703366480073,-1.1496285636279193,-0.9345183053962445,-0.9099308081739209,-1.0860668811174004,-1.0860668811174004,0.3754080198905321,0.3544379943207086,1.8439514113967574,-0.8577035298658984,-1.311479992973772,-0.6039798975850948,-0.5218188133002654,-0.8915523367629506,0.7764725371072548,-0.5447385276857627,-0.7297104957834565,-0.7297104957834566,0.31794851703412635,-1.6004013785204378,-0.6549596618442298,1,0,casual_user,1,-1.43784432503017,-0.9203135272357251
558,-1.3401543725743017,-1.1496285636279193,-0.1429286814545189,-1.402006955000737,-1.489396889888137,-1.489396889888137,-2.215191451931412,-3.2245513368672665,1.8439514113967574,-1.523622419513335,-1.311479992973772,-1.536292361999528,-2.0377663477395522,-0.8915523367629506,-1.7101503814556616,-1.0421409270335906,-0.7297104957834565,-0.7297104957834566,-0.2633101978363056,1.5357814258535691,-1.9436378332300805,1,0,at_risk_user,3,-3.495069994156195,0.6748642134630441
559,-0.7718107031195512,-0.053700476280045734,0.4507635365017753,-0.9099308081739209,-0.8844018767320323,-0.8844018767320323,1.6707077558015044,-0.5403093384762852,-0.5121707818103663,-0.19178464021846164,-0.3685729564783833,-0.5177433900853013,0.4346375910307722,-0.6900943463069682,-0.8812760752680229,-0.8763401272509813,-0.7297104957834565,-0.7297104957834566,-0.2633101978363056,-1.0169255079392272,-0.5366116665128764,1,0,casual_user,1,-1.3048572657173798,-0.3564811277434091
560,0.9332203052447002,2.6861197420896383,0.5695019800930341,1.7144753082357655,1.7372431802777542,1.7372431802777546,0.07063161144089179,0.7754955626957646,-0.8518051710877964,1.8059720287238485,1.8944039311105494,1.69661848582606,1.1735857699519279,2.533233500988752,0.9422473983447828,1.6106718694881579,2.540700689800662,2.5407006898006625,-0.2633101978363056,1.0252400390950098,1.9267799400138186,0,1,power_user,2,4.055325703515868,0.6785319269116162
561,-0.20346703366480073,-0.6016645199539825,-0.5387234934253817,-0.9099308081739209,-0.8844018767320323,-0.8844018767320323,1.6707077558015044,-0.5403093384762852,-0.08924966995655548,-0.19178464021846164,-1.311479992973772,-1.1415207943338068,-0.7733997553194069,-0.8915523367629506,-0.05240176908038397,-0.710539327468372,-0.7297104957834565,-0.7297104957834566,-0.8445689127067375,0.8793710714497072,-0.7999038192207891,1,0,at_risk_user,1,-2.0781331891109502,-0.7784147105551229
562,0.3648766357899498,-0.6016645199539825,-0.736620899410813,-0.41785466134710464,-0.48107186796129586,-0.4810718679612959,0.3754080198905321,0.3544379943207086,0.2561181943479354,-0.19178464021846164,1.9213441321532747,-0.6020635307517661,-0.12485353907747694,0.3171956059729444,-0.7628654600983602,-0.710539327468372,-0.7297104957834565,-0.7297104957834566,-0.2633101978363056,0.0770917494005426,0.3857512812283084,0,0,casual_user,0,-0.3856011904417328,-0.823311605695712
563,-0.20346703366480073,-1.1496285636279193,-0.9345183053962445,-1.0739561904495263,-1.2877318855027686,-1.2877318855027688,1.6707077558015044,0.3544379943207086,1.8439514113967574,-0.8577035298658984,-1.311479992973772,-1.2162591008336279,-1.0813099434085147,-0.8915523367629506,-1.7101503814556616,-1.0421409270335906,-0.7297104957834565,-0.7297104957834566,1.4804659467749903,0.5146986523364505,-1.3441548622682613,1,0,at_risk_user,1,-3.0757954265754255,-1.141659493598582
564,-0.7718107031195512,-0.053700476280045734,0.4507635365017753,-0.9099308081739209,-0.8844018767320323,-0.8844018767320323,-0.27224184806495383,-0.5403093384762852,-0.9350918936641772,-0.8577035298658984,-0.3685729564783833,-1.1185243923338621,-1.0813099434085147,-0.6900943463069682,-0.05240176908038397,-0.710539327468372,-0.7297104957834565,-0.7297104957834566,0.31794851703412635,0.5146986523364505,-0.6472166675391784,1,0,at_risk_user,3,-1.7313781014627156,0.6343676401807578
565,0.3648766357899498,-0.053700476280045734,-0.439774790432666,-0.08980389679589386,-0.07774185919055952,-0.07774185919055944,-0.27224184806495383,0.3544379943207086,-0.46461264739859776,-0.19178464021846164,-0.054270610979920475,-0.6969236890015389,-0.014404614921851248,-0.28717836539500313,0.13179252118353585,-0.2131369281205442,-0.7297104957834565,-0.7297104957834566,1.4804659467749903,-0.43344963735801667,-0.055914253376884375,0,0,casual_user,0,-0.5835863851168644,-0.442314243040677
566,3.206594983063702,0.49426356739389105,-0.8025867014059569,1.3864245436845548,1.3339131715070178,1.333913171507018,0.3754080198905321,0.8316365718124386,-0.7209289389188674,1.8059720287238485,1.6220085650118816,1.8767569681589613,1.1221559073600256,1.9288595296208046,1.2369582627670541,1.6106718694881579,0.9054950970086029,0.905495097008603,-0.2633101978363056,-0.43344963735801667,1.4227051450839785,0,1,power_user,2,3.3052108497952664,-0.7880865030228087
567,-1.3401543725743017,-0.053700476280045734,2.231840190370658,-0.08980389679589386,-0.07774185919055952,-0.07774185919055944,0.6992329538682752,0.3544379943207086,-0.38022063971390635,0.4741342494289751,-0.8924101989758214,-0.6585963523349639,-2.0377663477395522,-0.6900943463069682,-0.9733732203999828,-0.710539327468372,0.08789230061257318,0.08789230061257323,-1.4258276275771695,-0.43344963735801667,-1.1371181613423373,0,0,casual_user,3,-1.8503342779646097,2.5154636883886328
568,-0.7718107031195512,-0.053700476280045734,0.4507635365017753,-0.9099308081739209,-0.8844018767320323,-0.8844018767320323,-0.27224184806495383,-0.5403093384762852,-0.7236313377372718,-0.8577035298658984,-1.311479992973772,-0.4525869177521242,0.18305664901163074,-0.8915523367629506,-0.8812760752680229,-0.8763401272509813,-0.7297104957834565,-0.7297104957834566,0.8992072319045583,1.2440434905629638,-0.8653560979888586,0,0,casual_user,1,-1.6494117853584325,0.10841029918694868
569,-1.3401543725743017,-0.053700476280045734,2.231840190370658,-1.0739561904495263,-1.2877318855027686,-1.2877318855027688,1.6707077558015044,0.3544379943207086,1.8439514113967574,-0.8577035298658984,-1.311479992973772,-1.0552842868340135,-2.0377663477395522,-0.8915523367629506,-1.7101503814556616,-1.0421409270335906,-0.7297104957834565,-0.7297104957834566,1.4804659467749903,1.6816503934988718,-1.8910387241939233,1,0,at_risk_user,3,-3.375435055095177,2.0345534356525894
570,0.9332203052447002,1.042227611067828,-0.1429286814545189,0.7303230145821331,1.1322481671216496,1.1322481671216498,-0.5498060771887336,0.09879589923585338,-0.838573226073803,0.4741342494289751,0.5743340800170054,0.563087503912109,0.7877936329810965,0.5186535964289268,0.6580619219375923,0.6158670707925021,0.9054950970086029,0.905495097008603,-1.4258276275771695,1.6087159096762205,0.9129947313288362,0,1,consistent_user,2,1.9121650433589523,-0.023936636442478565
571,-0.20346703366480073,-0.6016645199539825,-0.5387234934253817,-0.9099308081739209,-0.8844018767320323,-0.8844018767320323,1.6707077558015044,-0.5403093384762852,-0.5121707818103663,-0.19178464021846164,-1.311479992973772,-1.0504933697506917,-0.30911015763833327,-0.8915523367629506,-0.05240176908038397,-0.710539327468372,-0.7297104957834565,-0.7297104957834566,-0.2633101978363056,1.5357814258535691,-0.7338583253984657,1,0,at_risk_user,1,-1.8583668585432815,-0.9526716765641738
572,-0.7718107031195512,1.042227611067828,1.6381479724143637,-0.41785466134710464,-0.48107186796129586,-0.4810718679612959,-0.91989171602044,0.3544379943207086,-0.11061152409871587,-0.8577035298658984,-1.311479992973772,-1.0936116235005884,-0.12485353907747694,-0.8915523367629506,-0.7628654600983602,-0.710539327468372,-0.7297104957834565,-0.7297104957834566,-0.8445689127067375,-1.2357289594071812,-0.7413724838322023,0,0,at_risk_user,3,-1.796461977040191,1.4301440632009
573,0.3648766357899498,0.49426356739389105,-0.1429286814545189,0.8943483968577386,0.5272531539655451,0.5272531539655451,-0.09561006589527597,1.3305259937356109,-0.5340870050488211,0.4741342494289751,1.9572644002102417,0.6272857928286216,0.9941287211390216,1.727401539164822,1.1632805466614864,1.11326947014033,0.9054950970086029,0.905495097008603,1.4804659467749903,-0.725187572648622,1.3175069270116642,0,1,consistent_user,2,2.475071708661315,-0.1914927016018289
574,1.5015639746994507,2.6861197420896383,0.2528661305163439,2.2065514550625815,2.3422381934338588,2.342238193433859,0.5049379934816293,0.7123369274395064,-0.8181572218520999,3.1378098080187216,1.312261325969918,1.862384216908996,1.2457096631581628,2.3317755105327698,1.4611947900448696,2.6054766681838135,3.358303486196692,3.358303486196692,-0.8445689127067375,-1.3086634432298325,2.139272717460612,0,1,power_user,2,4.700498791221968,0.4557528455751013
575,2.0699076441542013,1.5901916547417647,-0.3125550294420315,2.0425260727869765,1.9389081846631224,1.9389081846631226,-0.91989171602044,0.9509362161853714,-0.815001898137384,0.4741342494289751,1.7743975810111365,1.8719660510756397,1.3122225341312252,2.7346914914447344,1.4546424239880504,2.4396758684012045,1.7230978934046326,1.7230978934046326,-0.2633101978363056,1.3169779743856151,1.8434980173732356,0,1,power_user,2,4.164481521930043,0.004468323824921811
576,-1.3401543725743017,-1.1496285636279193,-0.1429286814545189,-1.2379815727251318,-1.2877318855027686,-1.2877318855027688,1.6707077558015044,-1.4350566712732788,1.8439514113967574,-0.8577035298658984,-1.311479992973772,-1.1031934576672322,-2.0377663477395522,-0.8915523367629506,-1.7101503814556616,-1.0421409270335906,-0.7297104957834565,-0.7297104957834566,-0.8445689127067375,1.0252400390950098,-1.8910387241939233,0,0,at_risk_user,1,-3.3963286215934287,-0.06951771871930158
577,0.3648766357899498,1.042227611067828,0.1539174275236282,1.0583737791333439,1.1322481671216496,1.1322481671216498,-0.5498060771887336,0.6100800894055639,-0.6345018436950819,0.4741342494289751,0.10288056176931103,0.547756569245479,0.5800219232344195,0.3171956059729444,0.5692539605603452,0.7816678705751114,0.9054950970086029,0.905495097008603,1.4804659467749903,-1.4545324108751352,0.7345334685275887,0,1,consistent_user,2,1.6061902577669223,0.30024333322476426
578,-0.20346703366480073,-0.6016645199539825,-0.5387234934253817,-0.9099308081739209,-0.8844018767320323,-0.8844018767320323,-0.27224184806495383,-0.5403093384762852,-0.30071022588346086,-0.8577035298658984,-1.311479992973772,-1.0476188195006986,-0.5218188133002654,-0.8915523367629506,-0.8812760752680229,-0.8763401272509813,-0.7297104957834565,-0.7297104957834566,-1.4258276275771695,0.44176416851379924,-0.8653560979888586,1,0,at_risk_user,1,-2.1839855140216407,-0.5218571288479463
579,-0.7718107031195512,-0.6016645199539825,-0.1429286814545189,-0.41785466134710464,-0.2794068635759277,-0.2794068635759276,-1.1049345354362932,-0.15684619584900225,-0.5336815330119928,-0.8577035298658984,-0.23387195126475638,-0.5867325960851362,-0.12485353907747694,-0.48863635585098564,0.18441946125894132,-0.3789377279031535,-0.7297104957834565,-0.7297104957834566,-1.4258276275771695,-0.506384121180668,-0.1627822844344737,0,0,casual_user,0,-0.6759760730953613,0.01176707873737321
580,1.5015639746994507,2.1381556984157015,0.054968724530912484,2.0425260727869765,1.7372431802777542,1.7372431802777546,-0.38653300123356904,1.1965531310708206,-0.8295294859606382,1.1400531390764117,1.7743975810111365,1.9505370912421183,1.0244568630992683,2.7346914914447344,0.8518247467606765,1.7764726692707673,0.9054950970086029,0.905495097008603,0.31794851703412635,-1.6004013785204378,1.5199338011811179,0,1,power_user,2,3.415235246980565,0.19207931577134255
581,0.3648766357899498,-1.1496285636279193,-1.03346700838896,-0.08980389679589386,0.12392314519480867,0.12392314519480872,0.3754080198905321,-0.04322748692239988,0.004287460988384674,0.4741342494289751,1.202938771013931,0.5238019838288698,0.7728759210801273,0.3171956059729444,-0.2365960593443038,-0.3789377279031535,0.08789230061257318,0.08789230061257323,-0.8445689127067375,-0.9439910241165759,0.5518976732631542,0,1,consistent_user,0,0.9717881943418346,-1.221135702746934
582,0.9332203052447002,-1.1496285636279193,-1.0928362301845895,-0.08980389679589386,-0.07774185919055952,-0.07774185919055944,-0.27224184806495383,0.3544379943207086,-0.21997871756109177,-0.19178464021846164,-0.8924101989758214,-0.5723598448351706,-0.12485353907747694,-0.6900943463069682,0.5001811017113752,-0.04733612833793493,-0.7297104957834565,-0.7297104957834566,-0.8445689127067375,0.44176416851379924,-0.28968807131536073,0,0,casual_user,0,-0.7479966235615348,-0.9770891074749914
583,-0.7718107031195512,-0.6016645199539825,-0.1429286814545189,0.07422148547971154,0.12392314519480867,0.12392314519480872,-0.48812513738344926,0.3544379943207086,-0.6991651522101512,-0.19178464021846164,1.7058225238114717,0.8285043103281398,0.8316028652535606,0.7201115868849094,-0.05240176908038397,-0.2131369281205442,-0.7297104957834565,-0.7297104957834566,1.4804659467749903,0.9523055552723585,0.5811194005054636,0,1,consistent_user,0,1.1218876804880835,-0.33666792260573786
584,-1.3401543725743017,1.042227611067828,4.606609062195835,-0.08980389679589386,0.12392314519480867,0.12392314519480872,-0.48812513738344926,-0.04322748692239988,-0.8268541392584785,-0.19178464021846164,-0.8924101989758214,-0.4899560710020347,-2.0377663477395522,-0.6900943463069682,-0.6049846398721432,-0.5447385276857627,-0.7297104957834565,-0.7297104957834566,-1.4258276275771695,-0.8710565402939247,-1.2014059612754182,0,0,casual_user,3,-1.800490656791348,4.812738718714302
585,-0.20346703366480073,-1.1496285636279193,-0.9345183053962445,-1.0739561904495263,-1.0860668811174004,-1.0860668811174004,0.3754080198905321,-0.8385584494086165,1.8439514113967574,-0.8577035298658984,-1.311479992973772,-0.9565913949175833,-0.30911015763833327,-0.8915523367629506,-0.6049846398721432,-0.8763401272509813,-0.7297104957834565,-0.7297104957834566,0.31794851703412635,1.2440434905629638,-0.8741226161615515,1,0,at_risk_user,1,-2.0682871296142067,-1.0876285622454196
586,1.5015639746994507,3.234083785763575,0.4507635365017753,1.878500690511371,1.3339131715070178,1.333913171507018,-0.14271187447385666,1.5474344380500333,-0.8130623593545505,1.1400531390764117,1.0233374307290952,1.7608167747425725,1.3203156653156891,1.727401539164822,0.9738235623900261,1.7764726692707673,0.9054950970086029,0.905495097008603,1.4804659467749903,0.7335021038044045,1.1722331972927535,0,1,power_user,2,3.0162953590569495,0.314922964204479
587,0.9332203052447002,-0.6016645199539825,-0.855359343002072,-0.5818800436227101,-0.682736872346664,-0.6827368723466641,0.8935279142549213,0.3544379943207086,-0.5240294287220244,-0.19178464021846164,0.5743340800170054,0.6109966747453276,0.8316028652535606,-0.28717836539500313,0.5001811017113752,-0.3789377279031535,-0.7297104957834565,-0.7297104957834566,0.31794851703412635,-1.6004013785204378,0.06389482831658506,1,0,consistent_user,0,0.39328800855786045,-1.3428265149933254
588,0.3648766357899498,2.1381556984157015,0.7476096454799225,1.55044992596016,1.1322481671216496,1.1322481671216498,-0.5498060771887336,1.3770063746601304,-0.7640059103349868,0.4741342494289751,0.8720941968050229,0.6981913656617853,0.6473462466927044,1.324485558252857,0.5583477196894553,1.11326947014033,1.7230978934046326,1.7230978934046326,-1.4258276275771695,-1.1627944755845299,1.1763198448619792,0,1,consistent_user,2,2.3085893886642603,0.9183756704830051
589,2.0699076441542013,1.5901916547417647,-0.3125550294420315,2.698627601889398,2.7455682022045953,2.7455682022045953,-0.4488736302346319,0.8424819940281602,-0.9195269570493096,1.8059720287238485,1.8798976690106202,1.865258767158989,1.371794730956728,3.5405234532686647,1.4778277192660263,3.1028790675316413,3.358303486196692,3.358303486196692,0.8992072319045583,-0.36051515353536534,2.4450160335303153,0,1,power_user,2,5.19824814184225,0.15844844470049427
590,-0.20346703366480073,-0.6016645199539825,-0.5387234934253817,-0.41785466134710464,-0.2794068635759277,-0.2794068635759276,-1.1049345354362932,-0.15684619584900225,-0.3441160591737556,-0.8577035298658984,-0.7726759721192641,-0.3299394404190848,0.03767231680798374,-0.6900943463069682,-0.7628654600983602,-0.710539327468372,-0.7297104957834565,-0.7297104957834566,-0.8445689127067375,0.5146986523364505,-0.500919413952627,0,0,casual_user,0,-1.091490206213284,-0.45392358967605434
591,-0.20346703366480073,-0.053700476280045734,-0.1429286814545189,-0.7459054258983154,-0.682736872346664,-0.6827368723466641,-0.6608317688382453,-0.36135987191688623,-0.45592516592950466,-0.8577035298658984,-0.557154363777461,-1.165475379750416,-0.7733997553194069,-0.6900943463069682,-1.0470509365055505,-0.8763401272509813,-0.7297104957834565,-0.7297104957834566,0.8992072319045583,-1.6733358623430892,-0.6421064921123174,1,0,at_risk_user,1,-2.001232051317548,0.03202499096677399
592,-0.20346703366480073,-0.053700476280045734,-0.1429286814545189,-0.25382927907149927,-0.48107186796129586,-0.4810718679612959,-0.91989171602044,0.9509362161853714,-0.5300442849575677,-0.8577035298658984,-0.8400264747260776,0.5985402903286908,0.5450865151863976,-0.6900943463069682,0.7764725371072548,-0.04733612833793493,-0.7297104957834565,-0.7297104957834566,-1.4258276275771695,1.1711090067403125,-0.33279011899776706,1,0,consistent_user,0,0.011829167748418438,-0.24081313995352233
593,-0.7718107031195512,-1.1496285636279193,-0.736620899410813,-1.2379815727251318,-1.2877318855027686,-1.2877318855027688,1.6707077558015044,-1.4350566712732788,1.8439514113967574,-0.8577035298658984,-1.311479992973772,-1.2488373370002166,-0.12485353907747694,-0.8915523367629506,-0.05240176908038397,-0.8763401272509813,-0.7297104957834565,-0.7297104957834566,-0.2633101978363056,1.6816503934988718,-0.83905654347078,1,0,at_risk_user,1,-2.050771027801986,-1.2492471563172547
594,-0.7718107031195512,-0.6016645199539825,-0.1429286814545189,-0.9099308081739209,-0.8844018767320323,-0.8844018767320323,-0.27224184806495383,-0.5403093384762852,1.1795136656048768,-0.8577035298658984,-1.311479992973772,-0.9364695431676316,-1.0813099434085147,-0.8915523367629506,-0.8812760752680229,-0.8763401272509813,-0.7297104957834565,-0.7297104957834566,-0.8445689127067375,0.5146986523364505,-1.1074588716055538,0,0,at_risk_user,1,-2.351675822174224,0.04764018992863181
595,-0.7718107031195512,-0.053700476280045734,0.4507635365017753,-0.41785466134710464,-0.2794068635759277,-0.2794068635759276,0.005322381058825778,-0.15684619584900225,-0.08082481341565526,-0.19178464021846164,0.30493206958975133,-0.5963144302517799,0.4346375910307722,-0.28717836539500313,-0.2892229994197094,-0.5447385276857627,-0.7297104957834565,-0.7297104957834566,0.8992072319045583,-0.506384121180668,-0.05006990792842243,0,0,casual_user,0,-0.49723668481910144,0.08898474450036555
596,0.3648766357899498,0.49426356739389105,-0.1429286814545189,0.07422148547971154,0.12392314519480867,0.12392314519480872,0.3754080198905321,0.3544379943207086,0.17643471584385279,0.4741342494289751,0.5743340800170054,0.29000523016276314,0.8879321113235271,0.11573761551696186,0.610697675869727,0.11846467144467435,0.08789230061257318,0.08789230061257323,0.8992072319045583,-1.1627944755845299,0.4671546642604567,0,1,consistent_user,0,1.0114823934745196,-0.46044169882736813
597,-1.3401543725743017,-1.1496285636279193,-0.1429286814545189,-1.402006955000737,-1.489396889888137,-1.489396889888137,-2.215191451931412,-3.2245513368672665,1.8439514113967574,-1.523622419513335,-1.311479992973772,-1.536292361999528,-2.0377663477395522,-0.8915523367629506,-1.7101503814556616,-1.0421409270335906,-0.7297104957834565,-0.7297104957834566,1.4804659467749903,0.004157265577891283,-1.9436378332300805,1,0,at_risk_user,3,-3.495069994156195,0.6748642134630441
598,0.3648766357899498,-0.6016645199539825,-0.736620899410813,-0.7459054258983154,-0.8844018767320323,-0.8844018767320323,1.6707077558015044,0.3544379943207086,-0.08924966995655548,-0.19178464021846164,-0.557154363777461,-0.4851651539187128,0.27211173514531184,-0.6900943463069682,-0.38395149155543945,-0.710539327468372,-0.7297104957834565,-0.7297104957834566,-1.4258276275771695,0.5876331361591018,-0.5234618892538369,1,0,casual_user,1,-1.225767076961399,-1.3234634123594478
599,-0.20346703366480073,-1.1496285636279193,-0.9345183053962445,-1.0739561904495263,-1.0860668811174004,-1.0860668811174004,2.9660074917124764,-0.8385584494086165,1.8439514113967574,-0.19178464021846164,-1.311479992973772,-1.1568517290004368,-0.5218188133002654,-0.8915523367629506,-0.6049846398721432,-0.8763401272509813,-0.7297104957834565,-0.7297104957834566,0.8992072319045583,1.2440434905629638,-0.8741226161615515,1,0,at_risk_user,1,-2.358772312740438,-1.536779357292998
600,2.6382513136089516,2.1381556984157015,-0.2913517359435925,2.5346022196137925,2.7455682022045953,2.7455682022045953,-0.4488736302346319,0.6798006607923425,-0.9939118137554415,1.8059720287238485,1.2532271462936853,1.6535002320761631,1.1974183988545242,2.533233500988752,1.3401070653148495,2.771277467966423,2.540700689800662,2.5407006898006625,0.31794851703412635,0.3688296846911479,2.029348202634324,0,1,power_user,2,4.422697943378379,0.11940261139569591
601,-0.7718107031195512,1.042227611067828,1.6381479724143637,-0.08980389679589386,-0.07774185919055952,-0.07774185919055944,1.6707077558015044,0.3544379943207086,-0.18834598097108496,1.1400531390764117,-0.47334040497787094,-0.46983421925208285,-0.12485353907747694,-0.48863635585098564,0.13179252118353585,-0.2131369281205442,0.08789230061257318,0.08789230061257323,-1.4258276275771695,-1.4545324108751352,-0.026692526134574943,0,0,casual_user,1,-0.46309539980693515,1.1368503145641937
602,-1.3401543725743017,-1.1496285636279193,-0.1429286814545189,-1.402006955000737,-1.489396889888137,-1.489396889888137,-2.215191451931412,-3.2245513368672665,1.8439514113967574,-1.523622419513335,-1.311479992973772,-1.536292361999528,-2.0377663477395522,-0.8915523367629506,-1.7101503814556616,-1.0421409270335906,-0.7297104957834565,-0.7297104957834566,-0.2633101978363056,1.3169779743856151,-1.9436378332300805,1,0,at_risk_user,3,-3.495069994156195,0.6748642134630441
603,-1.3401543725743017,-0.6016645199539825,1.0444557544580695,-1.2379815727251318,-1.2877318855027686,-1.2877318855027688,1.6707077558015044,-1.4350566712732788,1.8439514113967574,-0.8577035298658984,0.5743340800170054,-0.7793274628346747,-2.0377663477395522,-0.6900943463069682,-0.05240176908038397,-0.8763401272509813,-0.7297104957834565,-0.7297104957834566,-1.4258276275771695,0.5146986523364505,-0.9705543160611729,1,0,at_risk_user,3,-1.8530259578115753,1.1324793578248473
604,-0.20346703366480073,-0.6016645199539825,-0.5387234934253817,-0.08980389679589386,0.12392314519480867,0.12392314519480872,-0.48812513738344926,-0.04322748692239988,-0.30071022588346086,-0.19178464021846164,-0.054270610979920475,-0.5215761237519589,-0.30911015763833327,-0.28717836539500313,-0.6049846398721432,-0.5447385276857627,-0.7297104957834565,-0.7297104957834566,-0.2633101978363056,-0.287580669712714,-0.1202020533099652,0,0,casual_user,0,-0.8196631296967,-0.3827589179596597
605,1.5015639746994507,1.042227611067828,-0.34082608743995035,1.878500690511371,1.7372431802777542,1.7372431802777546,-0.38653300123356904,0.9860243468832925,-0.7638035582767969,1.1400531390764117,1.5621414515836027,0.6493240114119022,0.5236926771644533,2.3317755105327698,0.9738235623900261,1.7764726692707673,2.540700689800662,2.5407006898006625,-0.2633101978363056,-0.8710565402939247,1.8159461031162014,0,1,consistent_user,2,3.2480368769640813,0.1631104390284088
606,-1.3401543725743017,0.49426356739389105,3.419224626283246,0.23824686775531695,0.32558814958017684,0.3255881495801769,-0.6608317688382453,0.3544379943207086,-0.6737122719786259,-0.19178464021846164,0.06002115101952067,-0.5694852945851775,-2.0377663477395522,-0.08572037493902064,-1.7101503814556616,-1.0421409270335906,0.08789230061257318,0.08789230061257323,0.31794851703412635,1.3899124582082665,-0.816741769940289,0,0,casual_user,3,-1.499565192327985,3.8754027990642985
607,-0.7718107031195512,-1.1496285636279193,-0.736620899410813,-1.2379815727251318,-1.2877318855027686,-1.2877318855027688,1.6707077558015044,-1.4350566712732788,1.8439514113967574,-0.8577035298658984,-1.311479992973772,-0.8665221537511325,-0.12485353907747694,-0.8915523367629506,-0.05240176908038397,-0.8763401272509813,-0.7297104957834565,-0.7297104957834566,-0.2633101978363056,1.6087159096762205,-0.83905654347078,1,0,at_risk_user,1,-1.8825535045134403,-1.2333859749246099
608,0.3648766357899498,-0.6016645199539825,-0.736620899410813,-0.41785466134710464,-0.2794068635759277,-0.2794068635759276,0.005322381058825778,-0.15684619584900225,-0.39594193768578007,-0.19178464021846164,0.8437360904442591,-0.7553728774180655,0.27211173514531184,-0.08572037493902064,-0.7628654600983602,-0.710539327468372,-0.7297104957834565,-0.7297104957834566,-0.2633101978363056,-1.6004013785204378,0.06264246857762884,1,0,casual_user,0,-0.6121564656431318,-0.9158132529937912
609,-1.3401543725743017,-0.6016645199539825,1.0444557544580695,-0.08980389679589386,-0.2794068635759277,-0.2794068635759276,0.005322381058825778,0.8657221844904192,-0.6461454416542143,-0.19178464021846164,-0.8924101989758214,-0.6566799855016353,-2.0377663477395522,-0.6900943463069682,0.13179252118353585,-0.2131369281205442,-0.7297104957834565,-0.7297104957834566,-0.8445689127067375,-0.14171170206741138,-1.1897172703784944,0,0,casual_user,3,-1.7755013035148421,1.5486031349952343
610,-0.20346703366480073,-0.053700476280045734,-0.1429286814545189,0.7303230145821331,0.5272531539655451,0.5272531539655451,-0.8021371945739878,1.005163327263977,-0.4704663162234256,-0.19178464021846164,1.382540111298767,0.7863442399949073,0.9941287211390216,1.1230275677968744,0.8948831522769175,0.7816678705751114,0.08789230061257318,0.08789230061257323,0.8992072319045583,-0.21464618589006268,0.8992187742003188,0,1,consistent_user,2,1.9303239005371144,-0.16360428488146342
611,-1.3401543725743017,-0.053700476280045734,2.231840190370658,-0.25382927907149927,-0.2794068635759277,-0.2794068635759276,0.005322381058825778,0.3544379943207086,-0.5121707818103663,-0.19178464021846164,-1.311479992973772,-0.6030217141684304,-2.0377663477395522,-0.8915523367629506,0.7764725371072548,-0.04733612833793493,-0.7297104957834565,-0.7297104957834566,-0.8445689127067375,-0.06877721824476005,-1.2335498612419586,0,0,casual_user,3,-1.6543673338358496,2.6234676153450116
612,-0.7718107031195512,2.1381556984157015,2.8255324083269517,1.55044992596016,1.1322481671216496,1.1322481671216498,-1.1049345354362932,1.3770063746601304,-0.6637865086047594,-0.19178464021846164,-0.3189462703470471,0.7489750867449971,0.4346375910307722,0.11573761551696186,0.5583477196894553,1.11326947014033,0.08789230061257318,0.08789230061257323,-0.8445689127067375,0.2958952008684966,0.41040299398460267,0,1,consistent_user,0,1.179758320690886,2.7374292703178478
613,1.5015639746994507,-0.053700476280045734,-0.736620899410813,0.23824686775531695,0.12392314519480867,0.12392314519480872,-0.48812513738344926,0.7521034755638172,-0.6163927788491583,-0.19178464021846164,-0.6257294209771256,0.6541149284952241,0.33943605860359666,-0.48863635585098564,0.7011203274538332,0.28426547122728363,0.08789230061257318,0.08789230061257323,0.8992072319045583,0.22296071704584525,0.06309787211906709,0,1,consistent_user,0,0.5702857392947229,-0.6149437709758147
614,0.3648766357899498,-0.6016645199539825,-0.736620899410813,0.23824686775531695,0.32558814958017684,0.3255881495801769,-0.6608317688382453,0.3544379943207086,-0.5942626304172137,-0.19178464021846164,0.06002115101952067,-0.6911745885015526,-0.24491835518790803,-0.08572037493902064,-0.20310618838722744,-0.2131369281205442,0.08789230061257318,0.08789230061257323,-1.4258276275771695,1.4628469420309178,0.2113317248573283,0,0,casual_user,0,-0.2504944029316924,-0.4181776691145408
615,-0.7718107031195512,0.49426356739389105,1.0444557544580695,0.4022722500309223,0.5272531539655451,0.5272531539655451,0.6109170627834363,0.3544379943207086,-0.2563506690497841,1.1400531390764117,-0.054270610979920475,0.7844278731615786,0.9941287211390216,-0.08572037493902064,0.5001811017113752,0.28426547122728363,0.9054950970086029,0.905495097008603,0.31794851703412635,0.5876331361591018,0.5109872551239208,0,1,consistent_user,2,1.4631974301393051,0.6338048687422859
616,-0.20346703366480073,-1.1496285636279193,-0.9345183053962445,-0.9099308081739209,-0.8844018767320323,-0.8844018767320323,-0.27224184806495383,-0.5403093384762852,-0.08924966995655548,-0.8577035298658984,-1.311479992973772,-1.0294133345840757,-0.30911015763833327,-0.8915523367629506,-0.05240176908038397,-0.710539327468372,-0.7297104957834565,-0.7297104957834566,-0.8445689127067375,-1.1627944755845299,-0.7338583253984657,1,0,at_risk_user,1,-1.7590327507761774,-0.910339566235558
617,1.5015639746994507,-0.6016645199539825,-0.9345183053962445,0.5662976323065277,0.5272531539655451,0.5272531539655451,-0.09561006589527597,0.6798006607923425,-0.4277247822401032,0.4741342494289751,1.5897724270120395,0.46247824516235,0.4798834448919891,1.1230275677968744,1.0952703471794236,0.7816678705751114,0.08789230061257318,0.08789230061257323,-0.2633101978363056,0.9523055552723585,1.0032609678982123,0,1,consistent_user,2,1.7173953743441457,-0.8069705940155573
618,1.5015639746994507,0.49426356739389105,-0.5387234934253817,1.2223991614089493,1.5355781758923859,1.5355781758923863,-0.7579792490315683,0.3544379943207086,-0.8842679102862807,0.4741342494289751,1.1289852779554694,1.808725945575791,1.0541327361221255,1.324485558252857,1.4103175947801552,1.6106718694881579,1.7230978934046326,1.7230978934046326,0.31794851703412635,-1.6733358623430892,1.5062449064943457,0,1,power_user,2,3.5844743295099004,-0.19469577270109134
619,0.3648766357899498,0.49426356739389105,-0.1429286814545189,0.7303230145821331,0.5272531539655451,0.5272531539655451,-0.8021371945739878,1.005163327263977,-0.6870343946563588,-0.19178464021846164,-0.23387195126475638,0.6809440641618266,0.5092435931882985,-0.08572037493902064,0.8948831522769175,0.7816678705751114,0.08789230061257318,0.08789230061257323,-0.2633101978363056,-0.506384121180668,0.33565689167006363,0,1,consistent_user,0,1.0690549080701195,-0.026765242916356336
620,0.3648766357899498,0.49426356739389105,-0.1429286814545189,0.7303230145821331,0.5272531539655451,0.5272531539655451,-0.8021371945739878,1.005163327263977,-0.8475020634922986,-0.19178464021846164,1.1131381008715133,0.6215366923286356,0.9420517894091867,0.9215695773408918,0.6580619219375923,0.6158670707925021,-0.7297104957834565,-0.7297104957834566,-1.4258276275771695,-1.3086634432298325,0.5923906381560692,0,1,consistent_user,0,1.3213991560023008,-0.2615849699479088
621,-0.20346703366480073,-0.053700476280045734,-0.1429286814545189,-0.08980389679589386,-0.07774185919055952,-0.07774185919055944,-1.2437166499981829,0.3544379943207086,-0.8329057586019778,-0.8577035298658984,0.36479918301803,0.5707529712454238,0.9941287211390216,-0.08572037493902064,0.8685696822392148,0.11846467144467435,-0.7297104957834565,-0.7297104957834566,-0.8445689127067375,0.6605676199817532,0.20708129180390142,0,1,consistent_user,0,0.8695666328215473,-0.26825888774778933
622,-1.3401543725743017,-0.6016645199539825,1.0444557544580695,-1.2379815727251318,-1.2877318855027686,-1.2877318855027688,1.6707077558015044,-1.4350566712732788,1.8439514113967574,-0.8577035298658984,0.5743340800170054,-1.1836808646670394,-2.0377663477395522,-0.6900943463069682,-0.05240176908038397,-0.8763401272509813,-0.7297104957834565,-0.7297104957834566,-1.4258276275771695,0.5146986523364505,-0.9705543160611729,1,0,at_risk_user,3,-2.0309402305628694,1.1157038727429023
623,-0.7718107031195512,0.49426356739389105,1.0444557544580695,-0.5818800436227101,-0.48107186796129586,-0.4810718679612959,-0.91989171602044,-0.24206022754395373,0.442922155201252,-0.8577035298658984,-0.054270610979920475,-0.5848162292518074,0.4346375910307722,-0.48863635585098564,0.5001811017113752,-0.3789377279031535,-0.7297104957834565,-0.7297104957834566,1.4804659467749903,1.3169779743856151,-0.10266901696457965,0,0,casual_user,0,-0.3583228396357541,0.8110004867235802
624,-0.20346703366480073,0.49426356739389105,0.2528661305163439,0.8943483968577386,0.9305831627362814,0.9305831627362817,-0.42169950990083516,0.6297448659505527,-0.7618865227083418,0.4741342494289751,0.7000550182163905,0.578418438578739,0.8316028652535606,0.7201115868849094,0.9422473983447828,0.9474686703577208,0.9054950970086029,0.905495097008603,-0.2633101978363056,-0.725187572648622,0.9493131637585636,0,1,consistent_user,2,2.0051610676069904,0.28126395450268843
625,0.3648766357899498,-0.053700476280045734,-0.439774790432666,0.7303230145821331,0.9305831627362814,0.9305831627362817,-0.42169950990083516,0.3544379943207086,-0.5013693162234678,0.4741342494289751,1.382540111298767,0.679027697328498,0.7728759210801273,1.1230275677968744,1.1317043826162427,0.9474686703577208,1.7230978934046326,1.7230978934046326,0.31794851703412635,0.7335021038044045,1.392648511349032,0,1,consistent_user,2,2.6841712306936474,-0.18504861288862895
626,-0.20346703366480073,-0.6016645199539825,-0.5387234934253817,-0.25382927907149927,-0.07774185919055952,-0.07774185919055944,-1.2437166499981829,-0.09293567207778825,-0.4537703173744452,-0.8577035298658984,1.0457875982646996,0.5803348054120676,0.8316028652535606,0.11573761551696186,0.7764725371072548,-0.04733612833793493,-0.7297104957834565,-0.7297104957834566,-0.8445689127067375,1.6816503934988718,0.42989696202651206,0,1,consistent_user,0,1.0379686951012352,-0.5417890348828145
627,-0.20346703366480073,1.042227611067828,0.6486609424872066,-0.25382927907149927,-0.07774185919055952,-0.07774185919055944,1.6707077558015044,-0.09293567207778825,-0.8189591649972159,1.1400531390764117,-0.8400264747260776,-0.6662618196682789,0.4346375910307722,-0.6900943463069682,0.7764725371072548,-0.04733612833793493,0.08789230061257318,0.08789230061257323,-0.2633101978363056,0.2958952008684966,-0.052261537471595405,1,0,casual_user,1,-0.21493691772279205,0.061339963400714244
628,0.9332203052447002,-0.6016645199539825,-0.855359343002072,-0.5818800436227101,-0.682736872346664,-0.6827368723466641,2.4478875973480876,0.3544379943207086,-0.2832683450141102,0.4741342494289751,-0.6828753019768462,-1.022706050667425,-0.6418836294106968,-0.6900943463069682,-1.7101503814556616,-1.0421409270335906,0.08789230061257318,0.08789230061257323,0.31794851703412635,1.1711090067403125,-0.5497614437719154,1,0,at_risk_user,1,-2.031816496742301,-1.216145058482667
629,-0.7718107031195512,1.042227611067828,1.6381479724143637,-0.5818800436227101,-0.8844018767320323,-0.8844018767320323,1.6707077558015044,1.2491853271177025,0.33367144189725534,-0.19178464021846164,-1.311479992973772,-1.0466606360840343,-0.5218188133002654,-0.8915523367629506,-1.1575675106639025,-0.8763401272509813,-0.7297104957834565,-0.7297104957834566,0.31794851703412635,-0.725187572648622,-0.9091886888523228,0,0,at_risk_user,1,-2.385288385583865,0.9990632551900978
630,0.3648766357899498,-1.1496285636279193,-1.03346700838896,-0.25382927907149927,-0.2794068635759277,-0.2794068635759276,0.005322381058825778,0.3544379943207086,0.36948848951441426,-0.19178464021846164,-0.3685729564783833,-0.6241017493350467,-0.014404614921851248,-0.48863635585098564,-0.8812760752680229,-0.710539327468372,-0.7297104957834565,-0.7297104957834566,-0.2633101978363056,1.2440434905629638,-0.37881433940440473,0,0,casual_user,1,-1.183479152936581,-1.1028974463414785
631,-0.20346703366480073,0.49426356739389105,0.2528661305163439,0.23824686775531695,0.5272531539655451,0.5272531539655451,-0.09561006589527597,0.029075327849074427,-0.6051326662577888,0.4741342494289751,1.7743975810111365,1.7799804430758601,1.4474232414317767,0.9215695773408918,1.3039380046812068,0.6158670707925021,0.9054950970086029,0.905495097008603,-0.8445689127067375,0.6605676199817532,1.2760652047407528,0,1,power_user,2,3.143501478384433,0.03504169315592391
632,-0.7718107031195512,0.49426356739389105,1.0444557544580695,-0.25382927907149927,-0.07774185919055952,-0.07774185919055944,1.6707077558015044,-0.09293567207778825,-0.22643575603284646,1.1400531390764117,-0.3685729564783833,0.4528964109957065,0.4346375910307722,-0.48863635585098564,0.36203538401343544,-0.2131369281205442,0.08789230061257318,0.08789230061257323,-0.2633101978363056,0.3688296846911479,0.04636179197119894,0,1,consistent_user,0,0.29310489240598725,0.44982431314469296
633,-1.3401543725743017,-1.1496285636279193,-0.1429286814545189,-1.402006955000737,-1.489396889888137,-1.489396889888137,-2.215191451931412,-3.2245513368672665,1.8439514113967574,-1.523622419513335,-1.311479992973772,-1.536292361999528,-2.0377663477395522,-0.8915523367629506,-1.7101503814556616,-1.0421409270335906,-0.7297104957834565,-0.7297104957834566,-0.2633101978363056,-0.287580669712714,-1.9436378332300805,1,0,at_risk_user,3,-3.495069994156195,0.6748642134630441
634,-0.20346703366480073,-1.1496285636279193,-0.9345183053962445,-1.0739561904495263,-1.0860668811174004,-1.0860668811174004,2.9660074917124764,-0.8385584494086165,1.8439514113967574,-0.19178464021846164,-0.054270610979920475,-1.025580600917418,-0.5218188133002654,-0.6900943463069682,-0.6049846398721432,-0.8763401272509813,-0.7297104957834565,-0.7297104957834566,0.8992072319045583,-1.6004013785204378,-0.4357967075269085,1,0,at_risk_user,1,-1.813185983697805,-1.4965517919389013
635,-1.3401543725743017,1.042227611067828,4.606609062195835,-0.5818800436227101,-0.8844018767320323,-0.8844018767320323,1.6707077558015044,1.2491853271177025,-0.30071022588346086,-0.19178464021846164,0.5743340800170054,-0.7342928422514494,-2.0377663477395522,-0.28717836539500313,-0.05240176908038397,-0.5447385276857627,-0.7297104957834565,-0.7297104957834566,-0.2633101978363056,-1.5274668946977865,-0.8653560979888585,1,0,casual_user,3,-1.6570204064117702,4.329992310432717
636,-0.20346703366480073,-0.053700476280045734,-0.1429286814545189,0.23824686775531695,0.12392314519480867,0.12392314519480872,-0.48812513738344926,0.7521034755638172,-0.6759692785533112,-0.19178464021846164,0.06002115101952067,-0.49091425441869907,-0.12485353907747694,-0.08572037493902064,-1.4087415428419747,-0.8763401272509813,0.08789230061257318,0.08789230061257323,0.8992072319045583,-1.6004013785204378,-0.032536871583036885,0,0,casual_user,0,-0.6988484046420135,-0.048544932130582155
637,-0.7718107031195512,-1.1496285636279193,-0.736620899410813,-0.41785466134710464,-0.2794068635759277,-0.2794068635759276,-1.1049345354362932,-0.15684619584900225,-0.3385627998995955,-0.8577035298658984,0.8437360904442591,-0.2983193876691605,0.4346375910307722,-0.08572037493902064,-0.2892229994197094,-0.5447385276857627,-0.7297104957834565,-0.7297104957834566,-1.4258276275771695,-1.2357289594071812,0.13778405291499596,0,0,casual_user,0,-0.10551319222638858,-0.7108992272611622
638,-0.7718107031195512,-0.6016645199539825,-0.1429286814545189,-0.41785466134710464,-0.48107186796129586,-0.4810718679612959,-0.91989171602044,0.3544379943207086,0.16836272368033958,-0.8577035298658984,0.30493206958975133,0.5353001848288423,0.9941287211390216,-0.28717836539500313,-0.2892229994197094,-0.5447385276857627,-0.7297104957834565,-0.7297104957834566,-1.4258276275771695,0.2958952008684966,-0.10266901696457965,0,1,consistent_user,0,0.17191695998089646,-0.4388133464625521
639,1.5015639746994507,-0.6016645199539825,-0.9345183053962445,0.07422148547971154,-0.07774185919055952,-0.07774185919055944,0.6992329538682752,0.8018116607192055,0.01037709174089312,0.4741342494289751,0.19717126541884997,0.5103874159955686,0.5236926771644533,-0.08572037493902064,-0.715501214030495,-0.5447385276857627,0.08789230061257318,0.08789230061257323,-0.2633101978363056,0.15002623322319394,0.07266134648927755,0,1,consistent_user,0,0.18261274886288711,-1.1775966296048512
640,0.3648766357899498,3.234083785763575,1.3413018634362166,2.8626529841650035,2.3422381934338588,2.342238193433859,-0.27224184806495383,1.4281347936771012,-0.9357840741004765,1.8059720287238485,1.4823186336792313,1.8987951867422423,1.0927331527293949,3.1376074723566996,1.2369582627670541,2.9370782677490324,1.7230978934046326,1.7230978934046326,0.31794851703412635,0.0770917494005426,1.812328174981439,0,1,power_user,2,4.036456020763948,1.446326359557551
641,-0.7718107031195512,-0.053700476280045734,0.4507635365017753,0.5662976323065277,0.7289181583509132,0.7289181583509132,-0.27224184806495383,0.3544379943207086,-0.4552061368085116,0.4741342494289751,0.42927145901771485,0.5410492853288285,0.4346375910307722,0.3171956059729444,1.0952703471794236,0.7816678705751114,0.9054950970086029,0.905495097008603,0.31794851703412635,-0.287580669712714,0.8265819093408642,0,1,consistent_user,2,1.6965856001544113,0.5560932264524987
642,-0.20346703366480073,2.1381556984157015,1.4402505664289322,0.8943483968577386,0.7289181583509132,0.7289181583509132,-0.91989171602044,0.9509362161853714,-0.7416363126597938,-0.19178464021846164,-0.3057124873786907,0.5803348054120676,0.4346375910307722,-0.08572037493902064,-0.6049846398721432,-0.2131369281205442,-0.7297104957834565,-0.7297104957834566,1.4804659467749903,-1.0169255079392272,-0.05006990792842243,0,1,consistent_user,0,0.1400502867976995,1.27339029139316
643,-0.7718107031195512,-1.1496285636279193,-0.736620899410813,-1.2379815727251318,-1.2877318855027686,-1.2877318855027688,1.6707077558015044,-1.4350566712732788,1.8439514113967574,-0.8577035298658984,-1.311479992973772,-1.0112078496674526,-0.12485353907747694,-0.8915523367629506,-1.7101503814556616,-1.0421409270335906,-0.7297104957834565,-0.7297104957834566,-0.2633101978363056,-0.9439910241165759,-1.102052088651566,1,0,at_risk_user,1,-2.615369395900896,-1.3247353527944754
644,-0.7718107031195512,0.49426356739389105,1.0444557544580695,0.23824686775531695,0.5272531539655451,0.5272531539655451,-0.8021371945739878,0.029075327849074427,-0.6737122719786259,-0.19178464021846164,1.08864700901449,0.6914840817451346,0.4346375910307722,0.5186535964289268,0.7011203274538332,0.28426547122728363,0.08789230061257318,0.08789230061257323,-0.2633101978363056,-1.0169255079392272,0.7660132383295313,0,1,consistent_user,0,1.4796774978300253,1.079934458225523
645,2.0699076441542013,-0.053700476280045734,-0.8214340734045693,1.0583737791333439,0.9305831627362814,0.9305831627362817,-1.0195301572443607,0.9050517375803967,-0.7393005594914486,-0.19178464021846164,-0.13284619735453612,0.514220149662226,0.5800219232344195,0.11573761551696186,0.36203538401343544,0.6158670707925021,0.08789230061257318,0.08789230061257323,-1.4258276275771695,0.44176416851379924,0.3915434450209806,0,1,consistent_user,0,1.0338045894593069,-0.5996980019021709
646,-1.3401543725743017,-1.1496285636279193,-0.1429286814545189,-1.402006955000737,-1.489396889888137,-1.489396889888137,-2.215191451931412,-3.2245513368672665,1.8439514113967574,-1.523622419513335,-1.311479992973772,-1.536292361999528,-2.0377663477395522,-0.8915523367629506,-1.7101503814556616,-1.0421409270335906,-0.7297104957834565,-0.7297104957834566,1.4804659467749903,1.5357814258535691,-1.9436378332300805,1,0,at_risk_user,3,-3.495069994156195,0.6748642134630441
647,0.9332203052447002,2.6861197420896383,0.5695019800930341,0.8943483968577386,0.9305831627362814,0.9305831627362817,0.7739617847862161,0.6297448659505527,-0.5140960720403226,1.8059720287238485,1.4543806474127012,0.5697947878287596,0.5971634469162329,1.324485558252857,0.9422473983447828,0.9474686703577208,0.08789230061257318,0.08789230061257323,0.8992072319045583,-1.4545324108751352,1.0369783454854924,0,1,consistent_user,2,1.8317667413598329,0.33937204145656463
648,-1.3401543725743017,-1.1496285636279193,-0.1429286814545189,-1.402006955000737,-1.489396889888137,-1.489396889888137,-2.215191451931412,-3.2245513368672665,1.8439514113967574,-1.523622419513335,-1.311479992973772,-1.536292361999528,-2.0377663477395522,-0.8915523367629506,-1.7101503814556616,-1.0421409270335906,-0.7297104957834565,-0.7297104957834566,1.4804659467749903,-0.9439910241165759,-1.9436378332300805,1,0,at_risk_user,3,-3.495069994156195,0.6748642134630441
649,1.5015639746994507,1.042227611067828,-0.34082608743995035,2.2065514550625815,2.3422381934338588,2.342238193433859,-0.27224184806495383,0.7123369274395064,-0.8364668463085897,1.8059720287238485,1.6402289908378795,1.7809386264925242,1.2199168577749853,2.7346914914447344,1.4611947900448696,2.6054766681838135,3.358303486196692,3.358303486196692,1.4804659467749903,0.22296071704584525,2.25361860666965,0,1,power_user,2,4.817996319022682,0.1025387121057333
650,-0.7718107031195512,-1.1496285636279193,-0.736620899410813,-1.2379815727251318,-1.2877318855027686,-1.2877318855027688,1.6707077558015044,-1.4350566712732788,1.8439514113967574,-0.8577035298658984,0.5743340800170054,-1.0610333873339997,-0.12485353907747694,-0.6900943463069682,-0.05240176908038397,-0.8763401272509813,-0.7297104957834565,-0.7297104957834566,1.4804659467749903,0.5146986523364505,-0.18156768051881547,1,0,at_risk_user,1,-1.2363967133639546,-1.1892834554621246
651,-0.20346703366480073,-0.6016645199539825,-0.5387234934253817,-0.08980389679589386,-0.07774185919055952,-0.07774185919055944,0.6992329538682752,0.3544379943207086,0.6277011671698581,0.4741342494289751,-1.311479992973772,-0.4650433021687611,-0.12485353907747694,-0.8915523367629506,0.5001811017113752,-0.04733612833793493,0.08789230061257318,0.08789230061257323,-1.4258276275771695,-1.6004013785204378,-0.2604663440730513,0,0,casual_user,1,-0.5923199223815355,-0.5981801392729532
652,-0.7718107031195512,-0.6016645199539825,-0.1429286814545189,-0.9099308081739209,-0.8844018767320323,-0.8844018767320323,-0.27224184806495383,-0.5403093384762852,-0.30071022588346086,-0.8577035298658984,-1.311479992973772,-1.1683499300004094,-0.5218188133002654,-0.8915523367629506,-0.05240176908038397,-0.710539327468372,-0.7297104957834565,-0.7297104957834566,0.31794851703412635,0.004157265577891283,-0.7338583253984657,1,0,at_risk_user,1,-1.9025605795173355,-0.1338452790019674
653,-0.20346703366480073,1.5901916547417647,1.0444557544580695,1.878500690511371,1.9389081846631224,1.9389081846631226,-0.05635855874645839,0.7521034755638172,-0.9031430703662598,1.8059720287238485,0.6641347501594234,1.777105892825867,1.139513053342669,1.324485558252857,1.28958520284246,2.1080742688359857,2.540700689800662,2.5407006898006625,1.4804659467749903,-0.5793186050033193,1.6055496669715725,0,1,power_user,2,3.8344629709599904,1.14606693529117
654,-0.20346703366480073,-0.053700476280045734,-0.1429286814545189,-0.08980389679589386,0.12392314519480867,0.12392314519480872,0.3754080198905321,-0.04322748692239988,-0.2541607474613363,0.4741342494289751,1.202938771013931,0.6665713129118609,0.8316028652535606,0.3171956059729444,0.8685696822392148,0.11846467144467435,0.08789230061257318,0.08789230061257323,1.4804659467749903,-0.5793186050033193,0.7272280367170114,0,1,consistent_user,0,1.503371164497018,-0.39255247610741395
655,2.6382513136089516,0.49426356739389105,-0.736620899410813,0.8943483968577386,0.5272531539655451,0.5272531539655451,0.6109170627834363,1.3305259937356109,-0.30808475393843154,1.1400531390764117,0.19717126541884997,0.6598640289952106,0.7556272600939117,0.3171956059729444,0.05811480507796785,0.28426547122728363,0.9054950970086029,0.905495097008603,-0.2633101978363056,0.22296071704584525,0.5285202914693063,0,1,consistent_user,0,1.235335941886979,-0.8722742261569703
656,-1.3401543725743017,-0.053700476280045734,2.231840190370658,-0.25382927907149927,-0.2794068635759277,-0.2794068635759276,0.005322381058825778,0.3544379943207086,-0.21516531513486276,-0.19178464021846164,-0.8400264747260776,-0.5896071463351292,-2.0377663477395522,-0.6900943463069682,-0.4668389221742034,-0.5447385276857627,-0.7297104957834565,-0.7297104957834566,-0.8445689127067375,-0.21464618589006268,-1.2664243043895569,0,0,casual_user,3,-1.9673956457034536,2.573057127316733
657,-0.20346703366480073,-0.053700476280045734,-0.1429286814545189,-0.41785466134710464,-0.2794068635759277,-0.2794068635759276,-1.1049345354362932,-0.15684619584900225,-0.2849966432532669,-0.8577035298658984,-0.7726759721192641,0.6560312953285529,0.6473462466927044,-0.6900943463069682,1.1317043826162427,-0.04733612833793493,-0.7297104957834565,-0.7297104957834566,0.8992072319045583,1.0252400390950098,-0.20035307660315727,0,1,consistent_user,0,0.34304008762369465,-0.19891356783118386
658,0.3648766357899498,-0.053700476280045734,-0.439774790432666,0.23824686775531695,0.12392314519480867,0.12392314519480872,-0.48812513738344926,0.7521034755638172,-0.46211925771965573,-0.19178464021846164,-0.6257294209771256,-0.5943980634184511,-0.12485353907747694,-0.48863635585098564,0.09830265022645933,-0.04733612833793493,0.08789230061257318,0.08789230061257323,-0.8445689127067375,0.8793710714497072,-0.032536871583036885,0,0,casual_user,0,-0.4021229813053636,-0.25698237366534676
659,-0.20346703366480073,1.5901916547417647,1.0444557544580695,2.0425260727869765,2.1405731890484905,2.140573189048491,-0.16998134259829825,0.7311737133931274,-0.8486035419535372,1.8059720287238485,1.945835224010298,1.844178731992373,1.4474232414317767,2.936149481900717,1.4546424239880504,2.4396758684012045,1.7230978934046326,1.7230978934046326,0.8992072319045583,1.5357814258535691,1.955868841223208,0,1,power_user,2,4.324490705887819,1.0274425876752857
660,-0.20346703366480073,-1.1496285636279193,-0.9345183053962445,-0.08980389679589386,-0.07774185919055952,-0.07774185919055944,-0.27224184806495383,0.3544379943207086,-0.2849966432532669,-0.19178464021846164,0.7838689770159807,-0.632725400085026,0.31457277492034114,0.11573761551696186,-0.6049846398721432,-0.5447385276857627,-0.7297104957834565,-0.7297104957834566,0.8992072319045583,1.3899124582082665,0.11941611007697311,0,0,casual_user,0,-0.40014561252185776,-1.0184766512937335
661,-0.20346703366480073,2.1381556984157015,1.4402505664289322,0.5662976323065277,0.5272531539655451,0.5272531539655451,-0.09561006589527597,0.6798006607923425,-0.787138615915593,0.4741342494289751,0.13914621701913374,-0.516785206668637,0.31457277492034114,0.11573761551696186,-0.1799208931092514,-0.04733612833793493,0.9054950970086029,0.905495097008603,-0.2633101978363056,0.15002623322319394,0.4705264020191847,0,0,casual_user,0,0.46086078353153337,1.3035579279335234
662,0.3648766357899498,-0.6016645199539825,-0.736620899410813,-0.7459054258983154,-0.682736872346664,-0.6827368723466641,-0.6608317688382453,-0.36135987191688623,-0.9738956286756881,-0.8577035298658984,-1.311479992973772,-0.36826677708565964,-0.3764344810966181,-0.8915523367629506,-1.0470509365055505,-0.8763401272509813,-0.7297104957834565,-0.7297104957834566,-0.2633101978363056,0.8793710714497072,-0.83905654347078,1,0,casual_user,1,-1.7894575280482972,-0.6335085437847813
663,1.5015639746994507,-0.053700476280045734,-0.736620899410813,0.4022722500309223,0.7289181583509132,0.7289181583509132,-0.27224184806495383,0.05618888338837724,-0.722458183994446,0.4741342494289751,-0.6828753019768462,-0.5723598448351706,-0.19563186912359795,-0.48863635585098564,-0.32869320447626355,-0.2131369281205442,0.9054950970086029,0.905495097008603,0.31794851703412635,0.004157265577891283,0.21292563725236366,0,0,casual_user,0,-0.04350526502281293,-0.40354070760050115
664,-0.20346703366480073,-0.053700476280045734,-0.1429286814545189,-0.08980389679589386,0.12392314519480867,0.12392314519480872,-0.48812513738344926,-0.04322748692239988,-0.4406776930344254,-0.19178464021846164,0.7838689770159807,0.7441841696616752,0.5450865151863976,0.11573761551696186,0.5001811017113752,-0.04733612833793493,-0.7297104957834565,-0.7297104957834566,0.31794851703412635,-0.14171170206741138,0.34734558256698755,0,1,consistent_user,0,0.8391954034510596,-0.22735795638557046
665,0.3648766357899498,-0.6016645199539825,-0.736620899410813,-0.5818800436227101,-0.48107186796129586,-0.4810718679612959,0.3754080198905321,-0.24206022754395373,-0.1584786298630235,-0.19178464021846164,0.5743340800170054,0.6550731119118887,0.6473462466927044,-0.28717836539500313,-0.05240176908038397,-0.5447385276857627,-0.7297104957834565,-0.7297104957834566,-1.4258276275771695,-0.36051515353536534,0.028828755625813395,1,0,consistent_user,0,0.23054207182032904,-1.06794789658875
666,-1.3401543725743017,-0.6016645199539825,1.0444557544580695,-0.5818800436227101,-0.48107186796129586,-0.4810718679612959,0.3754080198905321,-0.24206022754395373,-0.5005297802360913,-0.19178464021846164,-0.6828753019768462,-0.7304601085847918,-2.0377663477395522,-0.6900943463069682,-0.05240176908038397,-0.5447385276857627,-0.7297104957834565,-0.7297104957834566,-1.4258276275771695,-1.0898599917618785,-1.1984837885511872,0,0,casual_user,3,-1.9063934182387499,1.4459670143106869
667,0.9332203052447002,1.5901916547417647,0.09454820572799878,2.370576837338187,2.1405731890484905,2.140573189048491,0.6481027011349473,1.1079094324655454,-0.8519326845173001,3.1378098080187216,1.202938771013931,1.7972277445758187,1.2068373768009535,2.3317755105327698,1.1909096902010743,2.4396758684012045,1.7230978934046326,1.7230978934046326,0.8992072319045583,0.9523055552723585,1.6550178766603394,0,1,power_user,2,3.778157788630652,0.0778137362002829
668,0.3648766357899498,1.042227611067828,0.1539174275236282,1.0583737791333439,0.9305831627362814,0.9305831627362817,-1.0195301572443607,0.9050517375803967,-0.6396883099803792,-0.19178464021846164,1.0457875982646996,0.5860839059120537,0.7115380491431296,1.1230275677968744,0.36203538401343544,0.6158670707925021,0.08789230061257318,0.08789230061257323,-1.4258276275771695,1.0981745229176612,0.8024739843659585,0,1,consistent_user,0,1.573592617965745,0.24881650462851296
669,-0.7718107031195512,-0.6016645199539825,-0.1429286814545189,0.5662976323065277,0.9305831627362814,0.9305831627362817,0.7739617847862161,0.07913112269086459,-0.6745727643707246,1.8059720287238485,1.8798976690106202,1.9725753098253984,1.39109399536181,1.324485558252857,1.0952703471794236,0.7816678705751114,1.7230978934046326,1.7230978934046326,-1.4258276275771695,-0.14171170206741138,1.560272045640082,0,1,power_user,2,3.615479454714911,-0.3349070554434485
670,0.3648766357899498,-0.6016645199539825,-0.736620899410813,-0.5818800436227101,-0.48107186796129586,-0.4810718679612959,0.3754080198905321,-0.24206022754395373,-0.24940129129473057,-0.19178464021846164,-0.054270610979920475,-0.7170455407514905,0.18305664901163074,-0.48863635585098564,-0.05240176908038397,-0.5447385276857627,-0.7297104957834565,-0.7297104957834566,-0.8445689127067375,0.44176416851379924,-0.19033419869150797,1,0,casual_user,1,-0.7968142360293595,-0.9642305493383773
671,-0.20346703366480073,-0.053700476280045734,-0.1429286814545189,1.0583737791333439,0.9305831627362814,0.9305831627362817,0.7739617847862161,0.9050517375803967,-0.31819220400508696,1.8059720287238485,0.5743340800170054,0.5381747350788352,0.8316028652535606,0.7201115868849094,0.5692539605603452,0.7816678705751114,0.9054950970086029,0.905495097008603,0.8992072319045583,1.3899124582082665,0.8463065752294227,0,1,consistent_user,2,1.7327406946615607,-0.3345447293704311
672,-0.7718107031195512,-0.6016645199539825,-0.1429286814545189,-0.9099308081739209,-0.8844018767320323,-0.8844018767320323,-0.27224184806495383,-0.5403093384762852,-0.7236313377372718,-0.8577035298658984,-1.311479992973772,-0.932636809500974,-0.12485353907747694,-0.8915523367629506,0.7764725371072548,-0.5447385276857627,-0.7297104957834565,-0.7297104957834566,-1.4258276275771695,-0.725187572648622,-0.6023605528080727,1,0,at_risk_user,1,-1.3106151799272674,-0.2336105122239812
673,-0.7718107031195512,0.49426356739389105,1.0444557544580695,0.23824686775531695,0.32558814958017684,0.3255881495801769,0.1163480727083377,0.3544379943207086,-0.1427112093712614,0.4741342494289751,-0.2828541349788026,0.5065546823289111,0.6473462466927044,-0.28717836539500313,1.3039380046812068,0.6158670707925021,1.7230978934046326,1.7230978934046326,-0.8445689127067375,0.5146986523364505,0.6815358813926731,0,1,consistent_user,2,1.6932517567293615,0.9602472458367676
674,-0.7718107031195512,-0.053700476280045734,0.4507635365017753,-0.7459054258983154,-0.682736872346664,-0.6827368723466641,-0.6608317688382453,-0.36135987191688623,-0.5240294287220244,-0.8577035298658984,-1.311479992973772,-0.4545032845854531,0.4346375910307722,-0.8915523367629506,-1.0470509365055505,-0.8763401272509813,-0.7297104957834565,-0.7297104957834566,1.4804659467749903,-1.0169255079392272,-0.83905654347078,1,0,casual_user,1,-1.5135493929412462,0.10294714862331006
675,0.3648766357899498,-0.6016645199539825,-0.736620899410813,0.07422148547971154,0.12392314519480867,0.12392314519480872,0.3754080198905321,0.3544379943207086,-0.14829479553185132,0.4741342494289751,0.5743340800170054,0.5429656521621571,0.7115380491431296,0.11573761551696186,0.2791479533946715,-0.04733612833793493,0.08789230061257318,0.08789230061257323,0.8992072319045583,1.3899124582082665,0.4145555552242995,0,1,consistent_user,0,0.9207222735743609,-0.9248984142548542
676,-0.20346703366480073,2.1381556984157015,1.4402505664289322,0.23824686775531695,0.32558814958017684,0.3255881495801769,0.1163480727083377,0.3544379943207086,-0.2361487101905871,0.4741342494289751,0.06002115101952067,0.5458402024121504,0.6473462466927044,-0.08572037493902064,0.3997114888401463,0.11846467144467435,0.9054950970086029,0.905495097008603,0.31794851703412635,-0.43344963735801667,0.4822968320132895,0,1,consistent_user,0,1.162432309212763,1.183690636220213
677,-0.7718107031195512,-1.1496285636279193,-0.736620899410813,-0.9099308081739209,-0.8844018767320323,-0.8844018767320323,-0.27224184806495383,-0.5403093384762852,-0.08924966995655548,-0.8577035298658984,-1.311479992973772,-1.1520608119171152,-0.12485353907747694,-0.8915523367629506,-0.05240176908038397,-0.710539327468372,-0.7297104957834565,-0.7297104957834566,1.4804659467749903,0.22296071704584525,-0.7338583253984657,0,0,at_risk_user,1,-1.7416918074302328,-0.8109080688906408
678,-0.7718107031195512,0.49426356739389105,1.0444557544580695,0.5662976323065277,0.7289181583509132,0.7289181583509132,-0.91989171602044,0.3544379943207086,-0.7428651960307661,-0.19178464021846164,0.7193967010162958,0.4826000969123019,0.8316028652535606,0.5186535964289268,-0.6899973892247215,-0.3789377279031535,0.08789230061257318,0.08789230061257323,0.8992072319045583,1.6087159096762205,0.46917770691569316,0,1,consistent_user,0,0.9303090703597653,0.8822209279679563
679,-1.3401543725743017,-1.1496285636279193,-0.1429286814545189,-1.402006955000737,-1.489396889888137,-1.489396889888137,-2.215191451931412,-3.2245513368672665,1.8439514113967574,-1.523622419513335,-1.311479992973772,-1.536292361999528,-2.0377663477395522,-0.8915523367629506,-1.7101503814556616,-1.0421409270335906,-0.7297104957834565,-0.7297104957834566,-1.4258276275771695,-0.287580669712714,-1.9436378332300805,1,0,at_risk_user,3,-3.495069994156195,0.6748642134630441
680,-0.20346703366480073,-0.053700476280045734,-0.1429286814545189,0.07422148547971154,0.12392314519480867,0.12392314519480872,-0.48812513738344926,0.3544379943207086,0.07431563928278503,-0.19178464021846164,0.19717126541884997,-0.506245189085329,-0.12485353907747694,-0.08572037493902064,-1.0470509365055505,-0.710539327468372,-0.7297104957834565,-0.7297104957834566,0.8992072319045583,-1.0898599917618785,-0.10266901696457965,0,0,casual_user,0,-0.822503376560768,-0.11823229732796213
681,-0.20346703366480073,0.49426356739389105,0.2528661305163439,0.7303230145821331,0.5272531539655451,0.5272531539655451,-0.09561006589527597,1.005163327263977,-0.5121707818103663,0.4741342494289751,1.1131381008715133,0.6732785968285115,0.4346375910307722,0.9215695773408918,0.8948831522769175,0.7816678705751114,0.9054950970086029,0.905495097008603,-0.2633101978363056,0.9523055552723585,0.9806221572324672,0,1,consistent_user,2,1.8428321555057026,0.3381301192216025
682,0.3648766357899498,1.042227611067828,0.1539174275236282,1.0583737791333439,1.1322481671216496,1.1322481671216498,0.005322381058825778,0.6100800894055639,-0.8342045082427463,1.1400531390764117,1.988694634760088,1.8700496842423107,1.0443115209154932,1.9288595296208046,1.1909096902010743,1.2790702699229393,0.9054950970086029,0.905495097008603,0.31794851703412635,-1.3086634432298325,1.4906456609223484,0,1,power_user,2,3.324661635872316,0.14930116798450807
683,-1.3401543725743017,-0.6016645199539825,1.0444557544580695,-1.0739561904495263,-1.0860668811174004,-1.0860668811174004,0.3754080198905321,-0.8385584494086165,1.8439514113967574,-0.8577035298658984,-1.311479992973772,-0.632725400085026,-2.0377663477395522,-0.8915523367629506,0.5001811017113752,-0.710539327468372,-0.7297104957834565,-0.7297104957834566,0.31794851703412635,-1.6004013785204378,-1.4877788882500518,1,0,casual_user,3,-2.1489575265296343,1.3973010001476893
684,-0.20346703366480073,-1.1496285636279193,-0.9345183053962445,-0.9099308081739209,-0.8844018767320323,-0.8844018767320323,-0.27224184806495383,-0.5403093384762852,0.5451319978241609,-0.8577035298658984,-1.311479992973772,-0.9882114476675077,-0.7733997553194069,-0.8915523367629506,-0.8812760752680229,-0.8763401272509813,-0.7297104957834565,-0.7297104957834566,1.4804659467749903,-0.725187572648622,-0.931401591811182,1,0,at_risk_user,1,-2.255195896155107,-0.7732701657846734
685,0.9332203052447002,-0.6016645199539825,-0.855359343002072,-0.08980389679589386,-0.2794068635759277,-0.2794068635759276,0.005322381058825778,0.8657221844904192,0.09729585637990266,-0.19178464021846164,1.202938771013931,-0.524450674001952,-0.041199144422601,0.3171956059729444,-0.9733732203999828,-0.710539327468372,-0.7297104957834565,-0.7297104957834566,0.8992072319045583,-0.43344963735801667,0.1544821827677442,0,0,casual_user,0,-0.5774093969029591,-0.8920971021430186
686,-0.7718107031195512,-1.1496285636279193,-0.736620899410813,-0.7459054258983154,-0.8844018767320323,-0.8844018767320323,-0.27224184806495383,0.3544379943207086,0.9680531096779716,-0.8577035298658984,0.9514968946151606,0.6493240114119022,0.9941287211390216,-0.28717836539500313,0.9422473983447828,-0.3789377279031535,-0.7297104957834565,-0.7297104957834566,0.8992072319045583,-0.06877721824476005,0.21292563725236366,1,0,consistent_user,0,0.7636234083867437,-1.0514365065859634
687,-0.20346703366480073,1.5901916547417647,1.0444557544580695,1.0583737791333439,0.9305831627362814,0.9305831627362817,-0.42169950990083516,0.9050517375803967,-0.7353272762307822,0.4741342494289751,1.988694634760088,1.7330294556593058,1.5015429195174355,1.9288595296208046,0.5692539605603452,0.7816678705751114,0.08789230061257318,0.08789230061257323,0.8992072319045583,0.6605676199817532,1.164092858989539,0,1,power_user,2,2.8057798521801147,0.6979504406434214
688,-1.3401543725743017,-1.1496285636279193,-0.1429286814545189,-1.402006955000737,-1.489396889888137,-1.489396889888137,-2.215191451931412,-3.2245513368672665,1.8439514113967574,-1.523622419513335,-1.311479992973772,-1.536292361999528,-2.0377663477395522,-0.8915523367629506,-1.7101503814556616,-1.0421409270335906,-0.7297104957834565,-0.7297104957834566,-0.8445689127067375,1.3169779743856151,-1.9436378332300805,1,0,at_risk_user,3,-3.495069994156195,0.6748642134630441
689,-0.20346703366480073,-1.1496285636279193,-0.9345183053962445,-0.9099308081739209,-0.8844018767320323,-0.8844018767320323,1.6707077558015044,-0.5403093384762852,1.3909742215317822,-0.19178464021846164,-1.311479992973772,-0.8483166688345095,-0.7733997553194069,-0.8915523367629506,-0.8812760752680229,-0.8763401272509813,-0.7297104957834565,-0.7297104957834566,1.4804659467749903,0.5146986523364505,-0.931401591811182,1,0,at_risk_user,1,-2.283670519124183,-1.1592711402239688
690,0.3648766357899498,-1.1496285636279193,-1.03346700838896,-0.9099308081739209,-0.8844018767320323,-0.8844018767320323,1.6707077558015044,-0.5403093384762852,-0.7236313377372718,-0.19178464021846164,-1.311479992973772,-1.0830716059172802,-0.6843446691857261,-0.8915523367629506,-0.8812760752680229,-0.8763401272509813,-0.7297104957834565,-0.7297104957834566,0.31794851703412635,-1.5274668946977865,-0.8804815611559705,1,0,at_risk_user,1,-2.352483288263534,-1.29074575425064
691,-0.7718107031195512,-1.1496285636279193,-0.736620899410813,-1.2379815727251318,-1.2877318855027686,-1.2877318855027688,1.6707077558015044,-1.4350566712732788,1.8439514113967574,-0.8577035298658984,-1.311479992973772,-1.2804573897501408,-0.12485353907747694,-0.8915523367629506,-0.05240176908038397,-0.8763401272509813,-0.7297104957834565,-0.7297104957834566,0.8992072319045583,-1.6004013785204378,-0.83905654347078,1,0,at_risk_user,1,-2.064683755292017,-1.2505589833497293
692,1.5015639746994507,1.042227611067828,-0.34082608743995035,1.0583737791333439,1.1322481671216496,1.1322481671216498,-0.5498060771887336,0.6100800894055639,-0.6472297484710213,0.4741342494289751,1.0457875982646996,2.0444390660752263,1.0831838072727025,1.1230275677968744,0.7764725371072548,0.9474686703577208,0.9054950970086029,0.905495097008603,1.4804659467749903,-0.06877721824476005,1.0961523431511693,0,1,power_user,2,2.909040743186168,-0.23178227155169412
693,0.9332203052447002,2.6861197420896383,0.5695019800930341,1.3864245436845548,1.1322481671216496,1.1322481671216498,0.005322381058825778,1.1213642795752743,-0.7983082292598324,1.1400531390764117,1.6220085650118816,1.5145636366598294,0.9941287211390216,1.9288595296208046,1.2369582627670541,1.6106718694881579,0.9054950970086029,0.905495097008603,-1.4258276275771695,-0.506384121180668,1.3701060360478212,0,1,power_user,2,3.0250964037402603,0.5138865785297344
694,0.3648766357899498,-0.053700476280045734,-0.439774790432666,1.0583737791333439,1.1322481671216496,1.1322481671216498,0.005322381058825778,0.6100800894055639,-0.6845836143151632,1.1400531390764117,1.517241116512394,0.6704040465785186,0.8879321113235271,1.5259435487088393,0.7764725371072548,0.9474686703577208,1.7230978934046326,1.7230978934046326,-0.2633101978363056,-0.287580669712714,1.4358549223430175,0,1,consistent_user,2,2.702237703105027,-0.30893838556528475
695,-0.7718107031195512,-0.6016645199539825,-0.1429286814545189,-0.9099308081739209,-0.8844018767320323,-0.8844018767320323,-0.27224184806495383,-0.5403093384762852,-0.5121707818103663,-0.8577035298658984,-0.3685729564783833,-0.9623404954175696,-1.0813099434085147,-0.6900943463069682,-1.7101503814556616,-1.0421409270335906,-0.7297104957834565,-0.7297104957834566,0.8992072319045583,-1.4545324108751352,-0.9102122127199646,0,0,at_risk_user,1,-2.331765701883982,0.029979610872552565
696,-0.20346703366480073,-1.1496285636279193,-0.9345183053962445,-0.41785466134710464,-0.2794068635759277,-0.2794068635759276,0.005322381058825778,-0.15684619584900225,0.4859449550285351,-0.19178464021846164,-0.7726759721192641,-0.5742762116684994,-0.30911015763833327,-0.6900943463069682,-0.2892229994197094,-0.5447385276857627,-0.7297104957834565,-0.7297104957834566,-1.4258276275771695,1.6816503934988718,-0.42577782961525923,0,0,casual_user,1,-1.193454632163677,-0.8809364355298017
697,0.9332203052447002,0.49426356739389105,-0.3804055686370366,0.4022722500309223,0.5272531539655451,0.5272531539655451,-0.8021371945739878,0.3544379943207086,-0.6407141260884959,-0.19178464021846164,-0.054270610979920475,0.6004566571620196,0.87406390502859,-0.08572037493902064,1.0527639725031346,0.6158670707925021,0.08789230061257318,0.08789230061257323,0.8992072319045583,-1.0898599917618785,0.42332207339699196,0,1,consistent_user,0,1.3082905115167178,-0.36710734250578836
698,-1.3401543725743017,-1.1496285636279193,-0.1429286814545189,-1.0739561904495263,-1.0860668811174004,-1.0860668811174004,0.3754080198905321,-0.8385584494086165,1.8439514113967574,-0.8577035298658984,-1.311479992973772,-0.9431768270842821,-2.0377663477395522,-0.8915523367629506,-0.6049846398721432,-0.8763401272509813,-0.7297104957834565,-0.7297104957834566,-0.8445689127067375,0.004157265577891283,-1.663109251703909,0,0,at_risk_user,3,-2.7315651349114876,0.2764816247422143
699,0.9332203052447002,1.042227611067828,-0.1429286814545189,1.2223991614089493,1.5355781758923859,1.5355781758923863,-0.7579792490315683,0.3544379943207086,-0.8483247621242015,0.4741342494289751,0.9071247987800837,0.7968842575782157,0.5971634469162329,1.1230275677968744,-0.3449456418524919,0.11846467144467435,0.9054950970086029,0.905495097008603,-0.8445689127067375,0.004157265577891283,0.9750970407370725,0,1,consistent_user,2,1.8516267887551408,0.10092758655902621
700,-0.7718107031195512,0.49426356739389105,1.0444557544580695,-0.7459054258983154,-0.8844018767320323,-0.8844018767320323,-0.27224184806495383,0.3544379943207086,-0.9350918936641772,-0.8577035298658984,-1.311479992973772,-0.47654150316873345,0.18305664901163074,-0.8915523367629506,-0.38395149155543945,-0.710539327468372,-0.7297104957834565,-0.7297104957834566,1.4804659467749903,-1.3815979270524839,-0.7864574344346228,1,0,casual_user,1,-1.4592519243835265,0.6585414078593999
701,1.5015639746994507,0.49426356739389105,-0.5387234934253817,1.2223991614089493,1.1322481671216496,1.1322481671216498,-0.5498060771887336,0.8657221844904192,-0.6292364033573165,0.4741342494289751,-0.20217759709684407,0.5947075566620331,0.9313963317398734,0.11573761551696186,1.020259097750678,1.2790702699229393,2.540700689800662,2.5407006898006625,-0.8445689127067375,1.0252400390950098,1.050385961514317,0,1,consistent_user,2,2.4588390365869337,-0.2479389316922128
702,0.9332203052447002,-1.1496285636279193,-1.0928362301845895,0.4022722500309223,0.32558814958017684,0.3255881495801769,0.1163480727083377,0.7123369274395064,-0.31595187470609387,0.4741342494289751,-0.3685729564783833,0.7461005364950039,0.5971634469162329,-0.28717836539500313,1.0527639725031346,0.6158670707925021,0.9054950970086029,0.905495097008603,-0.2633101978363056,1.3899124582082665,0.43647185065603156,0,1,consistent_user,0,1.3286220875291812,-1.009216670536248
703,2.6382513136089516,2.6861197420896383,-0.1429286814545189,3.190703748716214,2.1405731890484905,2.140573189048491,1.05714472300157,2.0497487301465913,-0.8486035419535372,3.803728697666158,1.289642866323852,1.7138657873260188,0.9268043976807365,3.1376074723566996,1.491019352786254,3.600281466879469,1.7230978934046326,1.7230978934046326,0.31794851703412635,0.004157265577891283,1.7328585121592501,0,1,power_user,2,3.768933951483417,-0.09310925597658098
704,0.3648766357899498,0.49426356739389105,-0.1429286814545189,1.0583737791333439,0.9305831627362814,0.9305831627362817,-0.42169950990083516,0.9050517375803967,-0.7274937118988841,0.4741342494289751,-0.13284619735453612,0.7441841696616752,0.8316028652535606,0.11573761551696186,0.9836911136541646,1.11326947014033,1.7230978934046326,1.7230978934046326,0.31794851703412635,-1.1627944755845299,0.8408275013714893,0,1,consistent_user,2,2.0877960518074183,0.008351568092461648
705,1.5015639746994507,-0.053700476280045734,-0.736620899410813,1.0583737791333439,1.1322481671216496,1.1322481671216498,-0.5498060771887336,0.6100800894055639,-0.6987326849294923,0.4741342494289751,1.752967875636241,1.864300583742325,1.3203156653156891,1.727401539164822,0.7764725371072548,0.9474686703577208,0.9054950970086029,0.905495097008603,0.8992072319045583,-0.36051515353536534,1.3427106667581559,0,1,power_user,2,3.1960019713901757,-0.6609673992619479
706,-0.7718107031195512,-1.1496285636279193,-0.736620899410813,-1.2379815727251318,-1.2877318855027686,-1.2877318855027688,1.6707077558015044,-1.4350566712732788,1.8439514113967574,-0.8577035298658984,-1.311479992973772,-0.30311030475248246,-0.5218188133002654,-0.8915523367629506,-1.7101503814556616,-1.0421409270335906,-0.7297104957834565,-0.7297104957834566,-0.8445689127067375,0.44176416851379924,-1.102052088651566,1,0,casual_user,1,-2.457463648215951,-1.143140682575848
707,0.3648766357899498,-0.6016645199539825,-0.736620899410813,-0.7459054258983154,-0.682736872346664,-0.6827368723466641,0.8935279142549213,-0.36135987191688623,-0.6897454392899335,-0.19178464021846164,0.19717126541884997,-0.9623404954175696,-0.3764344810966181,-0.48863635585098564,-0.38395149155543945,-0.710539327468372,-0.7297104957834565,-0.7297104957834566,-1.4258276275771695,1.1711090067403125,-0.2078672350368938,1,0,at_risk_user,1,-1.2698157221208393,-0.8957223384429723
708,2.6382513136089516,1.5901916547417647,-0.439774790432666,1.7144753082357655,1.9389081846631224,1.9389081846631226,0.3754080198905321,0.5532707349422629,-0.8602335033551076,2.4718909183712854,1.1400783019142386,1.6803293677427655,1.2347145857698443,1.727401539164822,1.2737971208198382,1.9422734690533765,2.540700689800662,2.5407006898006625,0.8992072319045583,1.3899124582082665,1.7689826129053463,0,1,power_user,2,3.987146530621921,-0.2829688981556559
709,-0.7718107031195512,2.1381556984157015,2.8255324083269517,1.2223991614089493,1.1322481671216496,1.1322481671216498,0.5604508393063854,0.8657221844904192,-0.49478724357537246,1.8059720287238485,1.1289852779554694,1.8192659631590997,0.9941287211390216,1.324485558252857,1.4103175947801552,1.6106718694881579,0.9054950970086029,0.905495097008603,0.8992072319045583,0.5876331361591018,1.2257163249681742,0,1,power_user,2,3.011937319310219,2.406848299491671
710,-0.20346703366480073,0.49426356739389105,0.2528661305163439,0.4022722500309223,0.5272531539655451,0.5272531539655451,-0.8021371945739878,0.3544379943207086,-0.6407141260884959,-0.19178464021846164,0.5743340800170054,0.3446216849126323,0.8316028652535606,0.3171956059729444,0.5001811017113752,0.28426547122728363,-0.7297104957834565,-0.7297104957834566,1.4804659467749903,1.4628469420309178,0.3794894825335278,0,1,consistent_user,0,0.8839764942826374,0.09659126072623148
711,0.3648766357899498,-1.1496285636279193,-1.03346700838896,-0.08980389679589386,-0.07774185919055952,-0.07774185919055944,1.6707077558015044,0.3544379943207086,-0.28672841546924965,1.1400531390764117,-0.47334040497787094,0.436607292912412,0.6473462466927044,-0.48863635585098564,0.5001811017113752,-0.04733612833793493,0.08789230061257318,0.08789230061257323,1.4804659467749903,-1.0898599917618785,0.03175092835004422,0,1,consistent_user,0,0.3835454018347333,-1.4675246618257176
712,-0.20346703366480073,2.1381556984157015,1.4402505664289322,0.23824686775531695,-0.07774185919055952,-0.07774185919055944,-0.27224184806495383,1.2491853271177025,-0.5484516773935145,-0.19178464021846164,-0.6257294209771256,-0.5704434780018419,-0.30911015763833327,-0.48863635585098564,-0.20310618838722744,-0.2131369281205442,0.08789230061257318,0.08789230061257323,-0.8445689127067375,-1.4545324108751352,-0.1329533524702458,0,0,casual_user,0,-0.6829540787619287,1.3985036269124518
713,-0.7718107031195512,2.1381556984157015,2.8255324083269517,0.7303230145821331,0.5272531539655451,0.5272531539655451,-0.09561006589527597,1.005163327263977,-0.6407141260884959,0.4741342494289751,-0.5032739616920102,-0.5196597569186303,0.18305664901163074,-0.28717836539500313,-0.5260442297590348,-0.2131369281205442,0.9054950970086029,0.905495097008603,1.4804659467749903,-1.5274668946977865,0.19163552169010942,0,0,casual_user,0,0.01959273927696719,2.544491758787603
714,-0.20346703366480073,-0.6016645199539825,-0.5387234934253817,-0.9099308081739209,-0.8844018767320323,-0.8844018767320323,1.6707077558015044,-0.5403093384762852,0.12221088597034979,-0.19178464021846164,-0.3685729564783833,-1.0457024526673697,-0.7733997553194069,-0.6900943463069682,-0.8812760752680229,-0.8763401272509813,-0.7297104957834565,-0.7297104957834566,-0.8445689127067375,-1.5274668946977865,-0.6026571603351996,1,0,at_risk_user,1,-2.004680147874229,-0.7910267431528916
715,-0.7718107031195512,-1.1496285636279193,-0.736620899410813,-1.2379815727251318,-1.2877318855027686,-1.2877318855027688,1.6707077558015044,-1.4350566712732788,1.8439514113967574,-0.8577035298658984,0.5743340800170054,-1.2258409350002717,-0.5218188133002654,-0.6900943463069682,-1.7101503814556616,-1.0421409270335906,-0.7297104957834565,-0.7297104957834566,-1.4258276275771695,0.7335021038044045,-0.444563225699601,1,0,at_risk_user,1,-2.131721187139886,-1.1292499371945912
716,0.3648766357899498,-0.6016645199539825,-0.736620899410813,-0.7459054258983154,-0.682736872346664,-0.6827368723466641,2.4478875973480876,-0.36135987191688623,-0.6285819868448992,0.4741342494289751,0.19717126541884997,2.0789336690751434,1.1847589072038855,-0.48863635585098564,0.2791479533946715,-0.5447385276857627,0.08789230061257318,0.08789230061257323,0.8992072319045583,-1.3815979270524839,0.07266134648927755,1,0,power_user,0,1.1843972798155304,-1.5560317402752162
717,-0.7718107031195512,-0.053700476280045734,0.4507635365017753,-0.08980389679589386,0.12392314519480867,0.12392314519480872,-0.48812513738344926,-0.04322748692239988,-0.2376116771319324,-0.19178464021846164,-0.47334040497787094,-0.669136369918272,-0.12485353907747694,-0.48863635585098564,-0.2365960593443038,-0.3789377279031535,-0.7297104957834565,-0.7297104957834566,-1.4258276275771695,0.2958952008684966,-0.20786723503689408,0,0,casual_user,0,-0.8272539530850304,0.42370564948034883
718,-0.7718107031195512,-1.1496285636279193,-0.736620899410813,-1.2379815727251318,-1.2877318855027686,-1.2877318855027688,1.6707077558015044,-1.4350566712732788,1.8439514113967574,-0.8577035298658984,-1.311479992973772,-0.8281948170845576,-0.5218188133002654,-0.8915523367629506,-1.7101503814556616,-1.0421409270335906,-0.7297104957834565,-0.7297104957834566,1.4804659467749903,1.6816503934988718,-1.102052088651566,1,0,at_risk_user,1,-2.6884992441109965,-1.1649249617817867
719,1.5015639746994507,-0.053700476280045734,-0.736620899410813,1.0583737791333439,1.1322481671216496,1.1322481671216498,0.5604508393063854,0.6100800894055639,-0.590725214318237,1.8059720287238485,1.752967875636241,1.8911297194089274,1.2199168577749853,1.727401539164822,1.398128266747984,1.4448710697055487,2.540700689800662,2.5407006898006625,0.8992072319045583,-0.506384121180668,1.7919947231086653,0,1,power_user,2,4.000682021200783,-0.6303059171834
720,-0.20346703366480073,-0.053700476280045734,-0.1429286814545189,-0.08980389679589386,-0.07774185919055952,-0.07774185919055944,-0.27224184806495383,0.3544379943207086,-0.0808248134156554,-0.19178464021846164,-0.8924101989758214,-0.6499727015849847,-0.30911015763833327,-0.6900943463069682,0.5001811017113752,-0.04733612833793493,-0.7297104957834565,-0.7297104957834566,1.4804659467749903,-1.3815979270524839,-0.28968807131536073,0,0,casual_user,0,-0.8535415641027803,-0.06882179949183613
721,0.9332203052447002,1.5901916547417647,0.09454820572799878,1.7144753082357655,1.5355781758923859,1.5355781758923863,-0.7579792490315683,1.025498493918454,-0.8052944454429359,0.4741342494289751,0.008589858119772083,0.7144804837450794,0.6957678785066063,0.5186535964289268,1.2737971208198382,1.9422734690533765,2.540700689800662,2.5407006898006625,1.4804659467749903,0.8793710714497072,1.2692910770618535,0,1,consistent_user,2,2.790523289085919,0.511320683667959
722,-0.7718107031195512,-0.6016645199539825,-0.1429286814545189,-0.7459054258983154,-0.8844018767320323,-0.8844018767320323,-0.27224184806495383,0.3544379943207086,-0.5121707818103663,-0.8577035298658984,-1.311479992973772,0.6474076445785736,0.4346375910307722,-0.8915523367629506,0.2791479533946715,-0.5447385276857627,-0.7297104957834565,-0.7297104957834566,1.4804659467749903,-0.14171170206741138,-0.6812592163623085,1,0,consistent_user,0,-0.59958219085178,-0.40820173727071524
723,-0.7718107031195512,-1.1496285636279193,-0.736620899410813,-1.0739561904495263,-1.0860668811174004,-1.0860668811174004,0.3754080198905321,-0.8385584494086165,1.8439514113967574,-0.8577035298658984,-0.054270610979920475,-0.15746642541949793,0.4346375910307722,-0.6900943463069682,0.5001811017113752,-0.710539327468372,-0.7297104957834565,-0.7297104957834566,1.4804659467749903,-1.3086634432298325,-0.2604663440730513,1,0,casual_user,0,-0.4948739885285166,-1.0728147651956756
724,3.206594983063702,2.1381556984157015,-0.4067918894350941,2.5346022196137925,2.1405731890484905,2.140573189048491,-0.579023364464921,1.2962772920017545,-0.8715580600230373,1.1400531390764117,1.7058225238114717,1.6764966340761083,1.0504579672089875,3.1376074723566996,1.4727269543048713,2.9370782677490324,2.540700689800662,2.5407006898006625,-0.2633101978363056,-0.287580669712714,2.0503878462487872,0,1,power_user,2,4.346416663537791,0.05633998172840947
725,-0.7718107031195512,-0.053700476280045734,0.4507635365017753,-0.7459054258983154,-0.682736872346664,-0.6827368723466641,0.8935279142549213,-0.36135987191688623,-0.3939588153078783,-0.19178464021846164,-1.311479992973772,-0.3663504102523308,-0.12485353907747694,-0.8915523367629506,-1.0470509365055505,-0.8763401272509813,-0.7297104957834565,-0.7297104957834566,0.31794851703412635,-1.6004013785204378,-0.83905654347078,1,0,casual_user,1,-1.7633493161535259,0.007699302900557777
726,0.3648766357899498,0.49426356739389105,-0.1429286814545189,0.5662976323065277,0.12392314519480867,0.12392314519480872,-0.48812513738344926,1.5474344380500333,-0.48425461905960737,-0.19178464021846164,0.13914621701913374,0.42702545874576814,0.35576612980018774,0.11573761551696186,0.8402320991216888,0.6158670707925021,-0.7297104957834565,-0.7297104957834566,0.31794851703412635,0.15002623322319394,0.17651086945810102,0,1,consistent_user,0,0.5134600619790006,-0.16825006183405364
727,-0.7718107031195512,0.49426356739389105,1.0444557544580695,-0.08980389679589386,0.12392314519480867,0.12392314519480872,-0.48812513738344926,-0.04322748692239988,-0.36617854409711864,-0.19178464021846164,-0.8924101989758214,-0.488039704168706,0.4346375910307722,-0.6900943463069682,-0.6049846398721432,-0.5447385276857627,-0.7297104957834565,-0.7297104957834566,-0.8445689127067375,-1.1627944755845299,-0.4124193257330607,0,0,casual_user,0,-0.842364120678207,0.7116411514235091
728,-1.3401543725743017,-0.6016645199539825,1.0444557544580695,-0.41785466134710464,-0.48107186796129586,-0.4810718679612959,0.3754080198905321,0.3544379943207086,-0.16985797849198855,-0.19178464021846164,-0.7726759721192641,-0.5637361940851913,-2.0377663477395522,-0.6900943463069682,-1.2365079207770109,-0.8763401272509813,-0.7297104957834565,-0.7297104957834566,0.8992072319045583,0.44176416851379924,-1.4176467428685087,0,0,casual_user,3,-2.3458478049800364,1.3894375455224874
729,0.9332203052447002,1.042227611067828,-0.1429286814545189,1.7144753082357655,1.7372431802777542,1.7372431802777546,0.07063161144089179,0.7754955626957646,-0.7987810284033513,1.8059720287238485,0.9514968946151606,1.9055024706588928,1.419546032462886,1.5259435487088393,1.4395719820573658,2.1080742688359857,1.7230978934046326,1.7230978934046326,0.8992072319045583,-1.3815979270524839,1.5016038086382144,0,1,power_user,2,3.761246298413105,-0.1296903077869022
730,-0.20346703366480073,-0.6016645199539825,-0.5387234934253817,-0.7459054258983154,-0.682736872346664,-0.6827368723466641,0.8935279142549213,-0.36135987191688623,-0.5484516773935145,-0.19178464021846164,-0.557154363777461,-0.7534565105847367,0.03767231680798374,-0.6900943463069682,-0.38395149155543945,-0.710539327468372,-0.7297104957834565,-0.7297104957834566,-1.4258276275771695,-0.725187572648622,-0.4708627802176796,1,0,casual_user,1,-1.3103293154967823,-0.8915422699286316
731,-0.20346703366480073,-0.053700476280045734,-0.1429286814545189,-0.7459054258983154,-0.682736872346664,-0.6827368723466641,0.8935279142549213,-0.36135987191688623,-0.5240294287220244,-0.19178464021846164,-0.557154363777461,-1.1281062265005057,-0.30911015763833327,-0.6900943463069682,-0.38395149155543945,-0.710539327468372,-0.7297104957834565,-0.7297104957834566,0.8992072319045583,-1.5274668946977865,-0.4708627802176796,1,0,at_risk_user,1,-1.6094356701663701,-0.4237632478085861
732,2.0699076441542013,0.49426356739389105,-0.6518077254170568,0.5662976323065277,0.7289181583509132,0.7289181583509132,1.0230578878460184,0.3544379943207086,-0.596032536792698,1.8059720287238485,1.0095219430148772,0.6004566571620196,0.6140946398436786,0.7201115868849094,0.8402320991216888,0.6158670707925021,0.9054950970086029,0.905495097008603,-0.2633101978363056,0.3688296846911479,0.9884253217598087,0,1,consistent_user,2,1.85446002564071,-0.744503391472519
733,-1.3401543725743017,-1.1496285636279193,-0.1429286814545189,-1.402006955000737,-1.489396889888137,-1.489396889888137,-2.215191451931412,-3.2245513368672665,1.8439514113967574,-1.523622419513335,-1.311479992973772,-1.536292361999528,-2.0377663477395522,-0.8915523367629506,-1.7101503814556616,-1.0421409270335906,-0.7297104957834565,-0.7297104957834566,-0.2633101978363056,-0.506384121180668,-1.9436378332300805,1,0,at_risk_user,3,-3.495069994156195,0.6748642134630441
734,-0.7718107031195512,-0.6016645199539825,-0.1429286814545189,-0.41785466134710464,-0.2794068635759277,-0.2794068635759276,-1.1049345354362932,-0.15684619584900225,-0.526428370288338,-0.8577035298658984,-0.23387195126475638,-0.6796763875015802,-0.12485353907747694,-0.48863635585098564,-0.2892229994197094,-0.5447385276857627,-0.7297104957834565,-0.7297104957834566,0.8992072319045583,1.3169779743856151,-0.23792386877184082,0,0,casual_user,0,-0.9080580951529952,-0.016473690659397102
735,-0.20346703366480073,1.042227611067828,0.6486609424872066,0.4022722500309223,0.5272531539655451,0.5272531539655451,-0.8021371945739878,0.3544379943207086,-0.7976603324758345,-0.19178464021846164,0.5743340800170054,0.7815533229115857,0.6473462466927044,0.3171956059729444,1.0527639725031346,0.6158670707925021,0.08789230061257318,0.08789230061257323,-1.4258276275771695,-1.0898599917618785,0.6424850277143139,0,1,consistent_user,0,1.544048907610497,0.6556351260285144
736,-0.20346703366480073,-1.1496285636279193,-0.9345183053962445,-0.9099308081739209,-0.8844018767320323,-0.8844018767320323,-0.27224184806495383,-0.5403093384762852,0.9680531096779716,-0.8577035298658984,-1.311479992973772,-0.9537168446675902,-0.30911015763833327,-0.8915523367629506,-1.7101503814556616,-1.0421409270335906,-0.7297104957834565,-0.7297104957834566,0.31794851703412635,-0.9439910241165759,-0.9968538705792515,1,0,at_risk_user,1,-2.39488114753615,-0.9925459072124204
737,-1.3401543725743017,-1.1496285636279193,-0.1429286814545189,-1.402006955000737,-1.489396889888137,-1.489396889888137,-2.215191451931412,-3.2245513368672665,1.8439514113967574,-1.523622419513335,-1.311479992973772,-1.536292361999528,-2.0377663477395522,-0.8915523367629506,-1.7101503814556616,-1.0421409270335906,-0.7297104957834565,-0.7297104957834566,-1.4258276275771695,-0.9439910241165759,-1.9436378332300805,1,0,at_risk_user,3,-3.495069994156195,0.6748642134630441
738,0.3648766357899498,2.1381556984157015,0.7476096454799225,1.7144753082357655,1.9389081846631224,1.9389081846631226,-0.91989171602044,0.5532707349422629,-0.8099823444529104,0.4741342494289751,0.7629154873160832,1.9735334932420634,1.139513053342669,1.324485558252857,1.2737971208198382,1.9422734690533765,3.358303486196692,3.358303486196692,-0.2633101978363056,0.3688296846911479,1.8128152037688112,0,1,power_user,2,4.3090069260710635,1.1589779878724453
739,-0.20346703366480073,-0.6016645199539825,-0.5387234934253817,0.07422148547971154,0.32558814958017684,0.3255881495801769,0.1163480727083377,-0.003460938798088793,-0.5702081242993811,0.4741342494289751,-0.9343171783756165,-0.5225343071686234,0.03767231680798374,-0.6900943463069682,-0.715501214030495,-0.5447385276857627,0.08789230061257318,0.08789230061257323,0.31794851703412635,0.5876331361591018,-0.21663375320958686,0,0,casual_user,1,-0.6955930702760563,-0.5549788315265819
740,-0.7718107031195512,-0.053700476280045734,0.4507635365017753,0.07422148547971154,0.12392314519480867,0.12392314519480872,0.3754080198905321,0.3544379943207086,-0.5776451368471819,0.4741342494289751,1.328659709213316,1.8221405134090922,1.271029179251379,0.5186535964289268,1.2737971208198382,0.4500662710098929,0.08789230061257318,0.08789230061257323,-1.4258276275771695,-0.9439910241165759,0.8353484275135566,0,1,power_user,2,2.3942160096733924,0.03675089173146776
741,0.9332203052447002,-0.053700476280045734,-0.6178824558195544,2.2065514550625815,1.9389081846631224,1.9389081846631226,0.3754080198905321,1.1497689568069256,-0.8061294131629148,2.4718909183712854,1.80421282327186,1.7253639883259908,0.9552564347818123,2.936149481900717,1.0287386302947972,2.1080742688359857,1.7230978934046326,1.7230978934046326,0.31794851703412635,0.6605676199817532,1.7863250727687168,0,1,power_user,2,3.741461868200187,-0.4173071820182586
742,-1.3401543725743017,-1.1496285636279193,-0.1429286814545189,-0.5818800436227101,-0.682736872346664,-0.6827368723466641,0.8935279142549213,0.3544379943207086,0.3286280749646659,-0.19178464021846164,1.202938771013931,0.4711018959123293,-2.0377663477395522,-0.08572037493902064,0.5001811017113752,-0.3789377279031535,-0.7297104957834565,-0.7297104957834566,-0.8445689127067375,0.8064365876270558,-0.5059288529084512,0,1,consistent_user,0,-0.5350663362790994,0.39965491390290525
743,-0.20346703366480073,-0.6016645199539825,-0.5387234934253817,0.5662976323065277,0.7289181583509132,0.7289181583509132,-0.27224184806495383,0.3544379943207086,-0.574782848585197,0.4741342494289751,1.5897724270120395,1.7656076918258947,1.2068373768009535,1.1230275677968744,1.350308595237159,0.9474686703577208,0.9054950970086029,0.905495097008603,0.8992072319045583,-1.7462703461657405,1.271651293492963,0,1,power_user,2,3.0876129739302303,-0.5198378168259029
744,-1.3401543725743017,-0.6016645199539825,1.0444557544580695,-1.2379815727251318,-1.2877318855027686,-1.2877318855027688,1.6707077558015044,-1.4350566712732788,1.8439514113967574,-0.8577035298658984,-1.311479992973772,-0.7036309729181894,-2.0377663477395522,-0.8915523367629506,-1.7101503814556616,-1.0421409270335906,-0.7297104957834565,-0.7297104957834566,-1.4258276275771695,1.4628469420309178,-1.8910387241939233,1,0,casual_user,3,-3.2206154996748544,0.9981007735190669
745,3.206594983063702,-0.6016645199539825,-1.0664499093865323,1.878500690511371,1.5355781758923859,1.5355781758923863,-0.27224184806495383,1.2491853271177025,-0.6629236554748418,1.1400531390764117,0.8437360904442591,1.7521931239925934,1.156654577024482,1.5259435487088393,1.1317043826162427,1.9422734690533765,0.9054950970086029,0.905495097008603,0.31794851703412635,0.9523055552723585,1.1872615141602272,0,1,power_user,2,3.0375472379980413,-0.9151367737441014
746,-0.7718107031195512,-0.6016645199539825,-0.1429286814545189,-1.0739561904495263,-1.0860668811174004,-1.0860668811174004,2.9660074917124764,-0.8385584494086165,1.8439514113967574,-0.19178464021846164,-1.311479992973772,-0.8789785381677694,-1.0813099434085147,-0.8915523367629506,-1.7101503814556616,-1.0421409270335906,-0.7297104957834565,-0.7297104957834566,-0.2633101978363056,-0.43344963735801667,-1.2915557532321038,0,0,at_risk_user,1,-2.8992387392750096,-0.6669157263278128
747,0.9332203052447002,-0.6016645199539825,-0.855359343002072,0.8943483968577386,0.7289181583509132,0.7289181583509132,-0.27224184806495383,0.9509362161853714,-0.5517837410478548,0.4741342494289751,1.7058225238114717,1.8700496842423107,1.239306519828981,1.5259435487088393,1.38431369497819,1.2790702699229393,1.7230978934046326,1.7230978934046326,-1.4258276275771695,0.5146986523364505,1.4928372904655218,0,1,power_user,2,3.5210407363954435,-0.7118049314790614
748,1.5015639746994507,2.6861197420896383,0.2528661305163439,1.878500690511371,1.7372431802777542,1.7372431802777546,-0.38653300123356904,0.9860243468832925,-0.7638035582767969,1.1400531390764117,1.382540111298767,1.6592493325761495,1.4363398492230266,2.130317520076787,1.28958520284246,2.1080742688359857,0.9054950970086029,0.905495097008603,0.31794851703412635,1.2440434905629638,1.4527617788189253,0,1,power_user,2,3.471136339202402,0.2089267658945232
749,0.9332203052447002,0.49426356739389105,-0.3804055686370366,1.3864245436845548,0.9305831627362814,0.9305831627362817,-1.0195301572443607,1.4556654808400855,-0.8164867277738352,-0.19178464021846164,1.8315434620108568,1.7502767571592643,1.139513053342669,2.130317520076787,1.2369582627670541,1.6106718694881579,0.08789230061257318,0.08789230061257323,1.4804659467749903,-0.43344963735801667,1.215230881663581,0,1,power_user,2,2.909591050838556,-0.2731791213892243
750,-0.7718107031195512,0.49426356739389105,1.0444557544580695,-0.08980389679589386,-0.07774185919055952,-0.07774185919055944,-0.27224184806495383,0.3544379943207086,-0.3744076728994236,-0.19178464021846164,0.36479918301803,0.5554220365787939,0.6473462466927044,-0.08572037493902064,0.8685696822392148,0.11846467144467435,-0.7297104957834565,-0.7297104957834566,-1.4258276275771695,-1.2357289594071812,0.20708129180390142,0,1,consistent_user,0,0.683483395211947,0.7192193646684721
751,0.9332203052447002,1.042227611067828,-0.1429286814545189,1.2223991614089493,1.1322481671216496,1.1322481671216498,-0.5498060771887336,0.8657221844904192,-0.8578769290722866,0.4741342494289751,0.24154336125392692,0.5822511722453964,0.7425477791198799,0.5186535964289268,0.8252298492359393,1.11326947014033,0.9054950970086029,0.905495097008603,0.31794851703412635,0.8064365876270558,0.823487844103443,0,1,consistent_user,2,1.8414304821071885,-0.006392380946474193
752,1.5015639746994507,0.49426356739389105,-0.5387234934253817,0.23824686775531695,0.12392314519480867,0.12392314519480872,-0.48812513738344926,0.7521034755638172,-0.0031373901408249176,-0.19178464021846164,0.4028964370178437,-0.49762153833534967,0.1267274029416645,0.11573761551696186,-0.20310618838722744,-0.2131369281205442,0.08789230061257318,0.08789230061257323,-0.2633101978363056,-1.7462703461657405,0.2782760454488009,0,0,casual_user,0,0.01531371684912602,-0.4240837848346467
753,-0.7718107031195512,-0.6016645199539825,-0.1429286814545189,-1.0739561904495263,-1.0860668811174004,-1.0860668811174004,0.3754080198905321,-0.8385584494086165,1.8439514113967574,-0.8577035298658984,-1.311479992973772,-0.8770621713344406,-1.0813099434085147,-0.8915523367629506,-0.6049846398721432,-0.8763401272509813,-0.7297104957834565,-0.7297104957834566,-1.4258276275771695,0.6605676199817532,-1.1162253897782468,1,0,at_risk_user,1,-2.3322552586626983,-0.0875319510677047
754,3.206594983063702,1.042227611067828,-0.6706550974156692,2.2065514550625815,2.3422381934338588,2.342238193433859,0.1163480727083377,0.7123369274395064,-0.9357840741004765,2.4718909183712854,1.4762451584038987,1.6582911491594854,1.2231674479975445,2.533233500988752,1.1728906835448212,2.273875068618595,1.7230978934046326,1.7230978934046326,-0.2633101978363056,1.0252400390950098,1.8000465794738012,0,1,power_user,2,3.93505730151045,-0.47642625576255815
755,-0.7718107031195512,-1.1496285636279193,-0.736620899410813,-1.2379815727251318,-1.2877318855027686,-1.2877318855027688,1.6707077558015044,-1.4350566712732788,1.8439514113967574,-0.8577035298658984,-1.311479992973772,-0.17663009375278546,0.4346375910307722,-0.8915523367629506,-0.05240176908038397,-0.8763401272509813,-0.7297104957834565,-0.7297104957834566,-0.2633101978363056,-0.8710565402939247,-0.83905654347078,1,0,casual_user,1,-1.3624384872197872,-1.4193030859358329
756,-0.20346703366480073,-0.053700476280045734,-0.1429286814545189,0.07422148547971154,0.12392314519480867,0.12392314519480872,-0.48812513738344926,0.3544379943207086,-0.4169442155683568,-0.19178464021846164,0.9514968946151606,0.6761531470785047,0.5450865151863976,0.3171956059729444,0.610697675869727,0.11846467144467435,-0.7297104957834565,-0.7297104957834566,0.8992072319045583,-0.06877721824476005,0.42332207339699196,0,1,consistent_user,0,0.918915925011574,-0.2198530543558956
757,-0.20346703366480073,1.5901916547417647,1.0444557544580695,1.878500690511371,1.9389081846631224,1.9389081846631226,0.8071745985275229,0.7521034755638172,-0.902378831816309,3.1378098080187216,0.8437360904442591,1.9016697369922355,1.271029179251379,1.5259435487088393,1.4474660230686767,2.273875068618595,2.540700689800662,2.5407006898006625,-0.8445689127067375,-0.287580669712714,1.6932148486985008,0,1,power_user,2,4.033583432341566,0.9397660054059083
758,0.9332203052447002,1.042227611067828,-0.1429286814545189,0.7303230145821331,1.1322481671216496,1.1322481671216498,0.005322381058825778,0.09879589923585338,-0.754386095668454,1.1400531390764117,0.5743340800170054,0.7087313832450933,0.6473462466927044,0.5186535964289268,0.8948831522769175,0.7816678705751114,0.9054950970086029,0.905495097008603,-0.2633101978363056,-0.14171170206741138,0.9505655234975198,0,1,consistent_user,2,1.9917556050662366,-0.06379108635880418
759,-0.20346703366480073,-1.1496285636279193,-0.9345183053962445,-1.0739561904495263,-1.0860668811174004,-1.0860668811174004,0.3754080198905321,-0.8385584494086165,1.8439514113967574,-0.8577035298658984,-1.311479992973772,-0.622185382501718,0.31457277492034114,-0.8915523367629506,-0.6049846398721432,-0.8763401272509813,-0.7297104957834565,-0.7297104957834566,1.4804659467749903,-0.287580669712714,-0.8741226161615515,1,0,casual_user,1,-1.6797379045178034,-1.312908355981107
760,0.3648766357899498,1.5901916547417647,0.4507635365017753,1.55044992596016,1.5355781758923859,1.5355781758923863,-0.27224184806495383,0.8018116607192055,-0.8842679102862807,1.1400531390764117,-0.3189462703470471,0.7096895666617579,0.35576612980018774,0.11573761551696186,0.7328475736236948,1.2790702699229393,1.7230978934046326,1.7230978934046326,-0.2633101978363056,-1.1627944755845299,0.893945680562609,0,1,consistent_user,2,1.9727025408593004,0.7304798021344079
761,-0.20346703366480073,-0.053700476280045734,-0.1429286814545189,-0.7459054258983154,-0.8844018767320323,-0.8844018767320323,-0.27224184806495383,0.3544379943207086,-1.1465524495910826,-0.8577035298658984,-0.557154363777461,-0.4487541840854668,-0.12485353907747694,-0.6900943463069682,-0.38395149155543945,-0.710539327468372,-0.7297104957834565,-0.7297104957834566,1.4804659467749903,0.2958952008684966,-0.5234618892538369,1,0,casual_user,1,-1.273420067731061,-0.2524094288336796
762,-0.7718107031195512,3.234083785763575,4.01291684423954,1.0583737791333439,0.9305831627362814,0.9305831627362817,0.1761311374426905,0.9050517375803967,-0.7618865227083419,1.1400531390764117,0.8100608391408525,0.4548127778290352,0.18305664901163074,0.9215695773408918,0.7764725371072548,0.9474686703577208,2.540700689800662,2.5407006898006625,-0.8445689127067375,1.5357814258535691,1.3120278531537308,0,1,consistent_user,2,2.279761589553373,3.9100090582159224
763,-0.7718107031195512,-1.1496285636279193,-0.736620899410813,-1.2379815727251318,-1.2877318855027686,-1.2877318855027688,1.6707077558015044,-1.4350566712732788,1.8439514113967574,-0.8577035298658984,-1.311479992973772,-1.2440464199168946,-1.0813099434085147,-0.8915523367629506,-1.7101503814556616,-1.0421409270335906,-0.7297104957834565,-0.7297104957834566,-1.4258276275771695,1.6087159096762205,-1.3441548622682613,1,0,at_risk_user,1,-3.088037289824389,-0.9676386831557852
764,1.5015639746994507,0.49426356739389105,-0.5387234934253817,1.55044992596016,1.5355781758923859,1.5355781758923863,-0.7579792490315683,0.8018116607192055,-0.7974647760919378,0.4741342494289751,-0.12043952582170213,0.5975821069120263,0.7966674572055393,0.3171956059729444,1.0818472814921742,1.6106718694881579,0.9054950970086029,0.905495097008603,-0.2633101978363056,0.0770917494005426,0.8431921542996502,0,1,consistent_user,2,2.018397474867636,-0.289160513391235
765,-0.7718107031195512,0.49426356739389105,1.0444557544580695,0.07422148547971154,0.32558814958017684,0.3255881495801769,-0.6608317688382453,-0.003460938798088793,-0.46017759937359526,-0.19178464021846164,0.5743340800170054,0.6215366923286356,0.6473462466927044,0.11573761551696186,-0.05240176908038397,-0.2131369281205442,-0.7297104957834565,-0.7297104957834566,0.31794851703412635,-0.287580669712714,0.23922519177044227,0,1,consistent_user,0,0.6166011674097981,0.8012245659071346
766,-1.3401543725743017,-1.1496285636279193,-0.1429286814545189,-1.402006955000737,-1.489396889888137,-1.489396889888137,-2.215191451931412,-3.2245513368672665,1.8439514113967574,-1.523622419513335,-1.311479992973772,-1.536292361999528,-2.0377663477395522,-0.8915523367629506,-1.7101503814556616,-1.0421409270335906,-0.7297104957834565,-0.7297104957834566,-0.8445689127067375,-1.0898599917618785,-1.9436378332300805,1,0,at_risk_user,3,-3.495069994156195,0.6748642134630441
767,-0.7718107031195512,-0.6016645199539825,-0.1429286814545189,-0.9099308081739209,-0.8844018767320323,-0.8844018767320323,-0.27224184806495383,-0.5403093384762852,-0.08924966995655548,-0.8577035298658984,-0.3685729564783833,-0.42384141525219315,-0.12485353907747694,-0.6900943463069682,-1.7101503814556616,-1.0421409270335906,-0.7297104957834565,-0.7297104957834566,-1.4258276275771695,-1.0898599917618785,-0.6681094391032691,1,0,casual_user,1,-1.724608108890197,-0.31443606411888514
768,0.9332203052447002,1.042227611067828,-0.1429286814545189,1.3864245436845548,0.9305831627362814,0.9305831627362817,-1.0195301572443607,1.4556654808400855,-0.7973368348475838,-0.19178464021846164,1.202938771013931,1.9562861917421046,1.3020389092281293,1.5259435487088393,1.4211525530309739,1.7764726692707673,0.08789230061257318,0.08789230061257323,0.8992072319045583,0.44176416851379924,1.0252896545885686,0,1,power_user,2,2.893562315511207,-0.12465288504027296
769,-1.3401543725743017,-1.1496285636279193,-0.1429286814545189,-1.402006955000737,-1.489396889888137,-1.489396889888137,-2.215191451931412,-3.2245513368672665,1.8439514113967574,-1.523622419513335,-1.311479992973772,-1.536292361999528,-2.0377663477395522,-0.8915523367629506,-1.7101503814556616,-1.0421409270335906,-0.7297104957834565,-0.7297104957834566,-1.4258276275771695,0.8793710714497072,-1.9436378332300805,1,0,at_risk_user,3,-3.495069994156195,0.6748642134630441
770,-1.3401543725743017,-1.1496285636279193,-0.1429286814545189,-1.402006955000737,-1.489396889888137,-1.489396889888137,-2.215191451931412,-3.2245513368672665,1.8439514113967574,-1.523622419513335,-1.311479992973772,-1.536292361999528,-2.0377663477395522,-0.8915523367629506,-1.7101503814556616,-1.0421409270335906,-0.7297104957834565,-0.7297104957834566,-0.2633101978363056,-0.725187572648622,-1.9436378332300805,1,0,at_risk_user,3,-3.495069994156195,0.6748642134630441
771,0.9332203052447002,1.042227611067828,-0.1429286814545189,0.4022722500309223,0.5272531539655451,0.5272531539655451,-0.09561006589527597,0.3544379943207086,-0.019864713340852585,0.4741342494289751,0.8886364255154683,0.8400025113281122,0.7425477791198799,0.5186535964289268,0.7764725371072548,0.4500662710098929,0.9054950970086029,0.905495097008603,0.8992072319045583,-0.43344963735801667,0.8835642774633673,0,1,consistent_user,2,1.900496526725176,-0.135676627582007
772,0.9332203052447002,-0.053700476280045734,-0.6178824558195544,-0.25382927907149927,-0.2794068635759277,-0.2794068635759276,0.005322381058825778,0.3544379943207086,-0.8189591649972159,-0.19178464021846164,0.10288056176931103,0.6474076445785736,0.5450865151863976,-0.28717836539500313,1.1909096902010743,0.11846467144467435,-0.7297104957834565,-0.7297104957834566,-0.2633101978363056,1.6087159096762205,0.11430230780956874,1,0,consistent_user,0,0.6118916892216041,-0.7770937412650811
773,2.0699076441542013,1.042227611067828,-0.48218137742954414,1.3864245436845548,1.3339131715070178,1.333913171507018,0.3754080198905321,0.8316365718124386,-0.5942997030683159,1.8059720287238485,0.5743340800170054,0.7748460389949351,0.5092435931882985,0.9215695773408918,1.0527639725031346,1.4448710697055487,1.7230978934046326,1.7230978934046326,-0.2633101978363056,-1.1627944755845299,1.2035421907666572,0,1,consistent_user,2,2.418356619800188,-0.262164681282187
774,-0.7718107031195512,-1.1496285636279193,-0.736620899410813,-0.9099308081739209,-1.0860668811174004,-1.0860668811174004,0.3754080198905321,0.3544379943207086,1.8439514113967574,-0.8577035298658984,-1.311479992973772,-1.0696570380839792,-0.5218188133002654,-0.8915523367629506,-1.7101503814556616,-1.0421409270335906,-0.7297104957834565,-0.7297104957834566,0.8992072319045583,1.1711090067403125,-1.0494529796154086,1,0,at_risk_user,1,-2.646488318889164,-0.8924796966578887
775,-0.7718107031195512,1.042227611067828,1.6381479724143637,0.5662976323065277,0.32558814958017684,0.3255881495801769,-0.6608317688382453,1.0702358605583036,-0.43168529539555645,-0.19178464021846164,0.13914621701913374,0.4088199738291453,0.6473462466927044,0.11573761551696186,0.3301556030062187,0.28426547122728363,0.08789230061257318,0.08789230061257323,-0.2633101978363056,-1.1627944755845299,0.3235186357386426,0,1,consistent_user,0,0.8246411480027989,1.417042880794837
776,0.3648766357899498,-0.6016645199539825,-0.736620899410813,-0.5818800436227101,-0.48107186796129586,-0.4810718679612959,0.3754080198905321,-0.24206022754395373,-0.3989264843441226,-0.19178464021846164,-1.311479992973772,-0.7831601965013323,0.18305664901163074,-0.8915523367629506,-0.05240176908038397,-0.5447385276857627,-0.7297104957834565,-0.7297104957834566,-0.8445689127067375,1.0981745229176612,-0.6286601073261513,1,0,casual_user,1,-1.3137319144864759,-1.0017549559588907
777,0.3648766357899498,2.1381556984157015,0.7476096454799225,1.2223991614089493,1.3339131715070178,1.333913171507018,0.3754080198905321,0.5930372830665736,-0.8130623593545505,1.8059720287238485,0.24154336125392692,0.5707529712454238,0.9420517894091867,0.5186535964289268,0.6302006007212011,0.9474686703577208,0.9054950970086029,0.905495097008603,-1.4258276275771695,0.0770917494005426,0.8451463007653897,0,1,consistent_user,2,1.8801647657599763,0.5295565455910072
778,-0.7718107031195512,0.49426356739389105,1.0444557544580695,-0.5818800436227101,-0.48107186796129586,-0.4810718679612959,0.3754080198905321,-0.24206022754395373,-0.04100937482961757,-0.19178464021846164,-1.311479992973772,-0.7103382568348401,0.4346375910307722,-0.8915523367629506,-1.1575675106639025,-0.8763401272509813,-0.7297104957834565,-0.7297104957834566,1.4804659467749903,-0.43344963735801667,-0.8039904707800084,1,0,casual_user,1,-1.6305528064824446,0.4244614498210256
779,-0.7718107031195512,-0.6016645199539825,-0.1429286814545189,-0.5818800436227101,-0.682736872346664,-0.6827368723466641,0.8935279142549213,0.3544379943207086,0.3286280749646659,-0.19178464021846164,-0.054270610979920475,-0.7659128950013736,-0.12485353907747694,-0.48863635585098564,-1.7101503814556616,-1.0421409270335906,-0.7297104957834565,-0.7297104957834566,1.4804659467749903,0.9523055552723585,-0.5059288529084512,1,0,casual_user,1,-1.718943438182968,-0.5337555195263682
780,0.9332203052447002,0.49426356739389105,-0.3804055686370366,0.5662976323065277,0.9305831627362814,0.9305831627362817,0.1761311374426905,0.07913112269086459,-0.5892644306288967,1.1400531390764117,0.7193967010162958,0.4116945240791382,0.8316028652535606,0.5186535964289268,1.350308595237159,0.9474686703577208,0.9054950970086029,0.905495097008603,0.31794851703412635,-0.14171170206741138,1.020794004243598,0,1,consistent_user,2,2.076371864813164,-0.3852203525291169
781,-1.3401543725743017,-1.1496285636279193,-0.1429286814545189,-1.0739561904495263,-1.0860668811174004,-1.0860668811174004,0.3754080198905321,-0.8385584494086165,1.8439514113967574,-0.8577035298658984,-1.311479992973772,-1.2699173721668326,-2.0377663477395522,-0.8915523367629506,0.5001811017113752,-0.710539327468372,-0.7297104957834565,-0.7297104957834566,1.4804659467749903,1.6816503934988718,-1.4877788882500518,0,0,at_risk_user,3,-2.4292269035247993,0.3198239289986037
782,0.3648766357899498,-0.053700476280045734,-0.439774790432666,-0.41785466134710464,-0.2794068635759277,-0.2794068635759276,0.005322381058825778,-0.15684619584900225,-0.2151653151348629,-0.19178464021846164,-1.311479992973772,-0.614519915168403,0.18305664901163074,-0.8915523367629506,-0.7628654600983602,-0.710539327468372,-0.7297104957834565,-0.7297104957834566,-1.4258276275771695,-1.0898599917618785,-0.6887733747960453,1,0,casual_user,1,-1.4209514025447691,-0.6726861605395599
783,-0.20346703366480073,2.1381556984157015,1.4402505664289322,1.878500690511371,2.1405731890484905,2.140573189048491,0.6481027011349473,0.5428058538569176,-0.8464046271947556,3.1378098080187216,0.30493206958975133,0.5975821069120263,0.7425477791198799,0.9215695773408918,0.5001811017113752,1.2790702699229393,2.540700689800662,2.5407006898006625,-1.4258276275771695,0.3688296846911479,1.4076768282165049,0,1,consistent_user,2,2.7593589434834827,1.4283196283839155
784,-0.20346703366480073,-0.6016645199539825,-0.5387234934253817,0.8943483968577386,0.7289181583509132,0.7289181583509132,-0.91989171602044,0.9509362161853714,-0.6372879928155166,-0.19178464021846164,0.9514968946151606,0.7192714008284014,0.18305664901163074,0.9215695773408918,0.2791479533946715,0.4500662710098929,0.08789230061257318,0.08789230061257323,-1.4258276275771695,0.0770917494005426,0.7038506549231636,0,1,consistent_user,0,1.264790951041914,-0.204345763691951
785,-0.20346703366480073,-0.6016645199539825,-0.5387234934253817,-0.7459054258983154,-0.682736872346664,-0.6827368723466641,-0.6608317688382453,-0.36135987191688623,-0.9738956286756881,-0.8577035298658984,-1.311479992973772,-0.41905049816887124,-0.30911015763833327,-0.8915523367629506,-0.38395149155543945,-0.710539327468372,-0.7297104957834565,-0.7297104957834566,0.8992072319045583,-1.1627944755845299,-0.7338583253984655,0,0,casual_user,1,-1.5180963785152297,-0.45211882182156726
786,0.3648766357899498,-1.1496285636279193,-1.03346700838896,-0.25382927907149927,-0.48107186796129586,-0.4810718679612959,-0.91989171602044,0.9509362161853714,0.6969179380695404,-0.8577035298658984,1.988694634760088,1.8872969857422695,1.428901152440849,0.5186535964289268,1.1909096902010743,0.11846467144467435,-0.7297104957834565,-0.7297104957834566,0.8992072319045583,1.6087159096762205,0.7191920617253762,0,1,power_user,2,2.185950328911049,-1.214934270360832
787,-0.7718107031195512,-0.6016645199539825,-0.1429286814545189,-1.0739561904495263,-1.0860668811174004,-1.0860668811174004,0.3754080198905321,-0.8385584494086165,1.8439514113967574,-0.8577035298658984,-0.054270610979920475,-0.9383859100009603,-1.0813099434085147,-0.6900943463069682,-0.6049846398721432,-0.8763401272509813,-0.7297104957834565,-0.7297104957834566,-1.4258276275771695,1.3169779743856151,-0.6778994811436035,0,0,at_risk_user,1,-1.8714100879684303,-0.055294604911406066
788,-0.7718107031195512,-0.053700476280045734,0.4507635365017753,-0.9099308081739209,-0.8844018767320323,-0.8844018767320323,1.6707077558015044,-0.5403093384762852,-0.9350918936641772,-0.19178464021846164,-1.311479992973772,-0.7371673925014425,-0.12485353907747694,-0.8915523367629506,-0.05240176908038397,-0.710539327468372,-0.7297104957834565,-0.7297104957834566,-1.4258276275771695,1.1711090067403125,-0.7338583253984657,1,0,casual_user,1,-1.6492610228353985,-0.1344583545528305
789,-0.20346703366480073,0.49426356739389105,0.2528661305163439,-0.25382927907149927,-0.07774185919055952,-0.07774185919055944,-0.27224184806495383,-0.09293567207778825,-0.526428370288338,-0.19178464021846164,-0.3685729564783833,-0.4305486991688438,-0.12485353907747694,-0.48863635585098564,-0.8812760752680229,-0.710539327468372,-0.7297104957834565,-0.7297104957834566,1.4804659467749903,1.3899124582082665,-0.32621523036824757,0,0,casual_user,1,-1.0400731556036058,0.163344886332704
790,-0.20346703366480073,-0.6016645199539825,-0.5387234934253817,0.8943483968577386,0.9305831627362814,0.9305831627362817,-0.42169950990083516,0.6297448659505527,-0.5734414980607841,0.4741342494289751,-0.3057124873786907,0.6100384913286631,0.6473462466927044,-0.08572037493902064,0.2791479533946715,0.4500662710098929,0.9054950970086029,0.905495097008603,0.8992072319045583,-0.7981220564712733,0.49345421877853474,0,1,consistent_user,0,1.28989112058611,-0.40942880561365225
791,-0.20346703366480073,-1.1496285636279193,-0.9345183053962445,-1.0739561904495263,-1.0860668811174004,-1.0860668811174004,0.3754080198905321,-0.8385584494086165,1.8439514113967574,-0.8577035298658984,-1.311479992973772,-1.0054587491674665,-0.5218188133002654,-0.8915523367629506,-0.6049846398721432,-0.8763401272509813,-0.7297104957834565,-0.7297104957834566,-0.2633101978363056,0.9523055552723585,-0.8741226161615515,1,0,at_risk_user,1,-2.1721226570195293,-1.0080920681379995
792,0.3648766357899498,0.49426356739389105,-0.1429286814545189,1.2223991614089493,1.3339131715070178,1.333913171507018,0.8935279142549213,0.5930372830665736,-0.7155749736048115,2.4718909183712854,0.6852643196046981,1.737820372742628,1.0927331527293949,0.9215695773408918,1.2152883462654165,1.4448710697055487,1.7230978934046326,1.7230978934046326,1.4804659467749903,-0.7981220564712733,1.268001883212928,0,1,power_user,2,3.152529117465276,-0.23870200646286827
793,-1.3401543725743017,-1.1496285636279193,-0.1429286814545189,-0.41785466134710464,-0.2794068635759277,-0.2794068635759276,-1.1049345354362932,-0.15684619584900225,-0.8790736527853069,-0.8577035298658984,0.30493206958975133,0.547756569245479,-2.0377663477395522,-0.28717836539500313,0.6580619219375923,-0.2131369281205442,-0.7297104957834565,-0.7297104957834566,-0.2633101978363056,1.5357814258535691,-0.6887733747960451,0,1,consistent_user,0,-0.5169875965923343,0.831637964529638
794,-1.3401543725743017,-1.1496285636279193,-0.1429286814545189,-0.7459054258983154,-0.8844018767320323,-0.8844018767320323,-0.27224184806495383,0.3544379943207086,0.12221088597034979,-0.8577035298658984,0.19717126541884997,-0.4104268474188919,-2.0377663477395522,-0.48863635585098564,-0.38395149155543945,-0.710539327468372,-0.7297104957834565,-0.7297104957834566,-1.4258276275771695,1.0981745229176612,-1.0494529796154086,0,0,casual_user,3,-1.7042989533017,0.503562535626224
795,0.3648766357899498,-0.053700476280045734,-0.439774790432666,0.23824686775531695,0.5272531539655451,0.5272531539655451,-0.8021371945739878,0.029075327849074427,-0.5220373499636555,-0.19178464021846164,-0.9686047069754489,-0.49857972175201404,-0.014404614921851248,-0.6900943463069682,0.3997114888401463,0.11846467144467435,0.08789230061257318,0.08789230061257323,-1.4258276275771695,-1.3815979270524839,0.0009352887126994188,0,0,casual_user,0,-0.13757073208073792,-0.1834861489530333
796,-0.20346703366480073,-0.053700476280045734,-0.1429286814545189,-0.08980389679589386,-0.07774185919055952,-0.07774185919055944,-1.2437166499981829,0.3544379943207086,-0.18834598097108496,-0.8577035298658984,-0.054270610979920475,-0.5694852945851775,0.18305664901163074,-0.28717836539500313,0.8685696822392148,0.11846467144467435,-0.7297104957834565,-0.7297104957834566,-1.4258276275771695,1.3169779743856151,0.06097265559235366,0,0,casual_user,0,-0.1086889949529502,-0.016149631105020965
797,-0.20346703366480073,-0.053700476280045734,-0.1429286814545189,-0.08980389679589386,-0.07774185919055952,-0.07774185919055944,-0.27224184806495383,0.3544379943207086,-0.2849966432532669,-0.19178464021846164,1.202938771013931,0.6550731119118887,0.4346375910307722,0.3171956059729444,0.13179252118353585,-0.2131369281205442,-0.7297104957834565,-0.7297104957834566,-1.4258276275771695,-0.21464618589006268,0.3824116552577586,0,1,consistent_user,0,0.6729049210164866,-0.2608685347035953
798,-1.3401543725743017,-0.053700476280045734,2.231840190370658,-0.9099308081739209,-0.8844018767320323,-0.8844018767320323,-0.27224184806495383,-0.5403093384762852,-0.08924966995655548,-0.8577035298658984,-1.311479992973772,-0.2849048198358593,-2.0377663477395522,-0.8915523367629506,-0.05240176908038397,-0.710539327468372,-0.7297104957834565,-0.7297104957834566,-0.2633101978363056,1.3899124582082665,-1.522844960940823,0,0,casual_user,3,-2.10081795623001,2.586185189492277
799,0.9332203052447002,-0.6016645199539825,-0.855359343002072,0.5662976323065277,0.5272531539655451,0.5272531539655451,-0.8021371945739878,0.6798006607923425,-0.5982934084099787,-0.19178464021846164,1.299647185013458,0.5880002727453828,0.8316028652535606,0.9215695773408918,0.3301556030062187,0.28426547122728363,0.08789230061257318,0.08789230061257323,-0.2633101978363056,1.5357814258535691,0.7807262758221624,0,1,consistent_user,0,1.5200812629969311,-0.7715044444723882
800,1.5015639746994507,1.042227611067828,-0.34082608743995035,2.370576837338187,2.7455682022045953,2.7455682022045953,2.02397132014086,0.5171193275565256,-0.8038613366432927,6.4674042562559055,1.517241116512394,1.715782154159347,1.166838201927578,2.7346914914447344,1.4672011255969541,2.771277467966423,2.540700689800662,2.5407006898006625,-1.4258276275771695,-1.0898599917618785,2.1415596352447928,0,1,power_user,2,4.47743352443051,-0.3948941196789653
801,1.5015639746994507,1.5901916547417647,-0.1429286814545189,2.370576837338187,2.3422381934338588,2.342238193433859,-0.6608317688382453,0.8912863939989045,-0.961635557723108,1.1400531390764117,1.3600899437631626,1.897837003325578,1.2199168577749853,2.533233500988752,1.4672011255969541,2.771277467966423,0.9054950970086029,0.905495097008603,0.8992072319045583,-0.06877721824476005,1.630909951685434,0,1,power_user,2,3.832772148649227,0.07908172863164084
802,-1.3401543725743017,-0.053700476280045734,2.231840190370658,-0.25382927907149927,-0.07774185919055952,-0.07774185919055944,-0.27224184806495383,-0.09293567207778825,-0.837694538914419,-0.19178464021846164,0.10288056176931103,0.5669202375787664,-2.0377663477395522,-0.28717836539500313,0.36203538401343544,-0.2131369281205442,-0.7297104957834565,-0.7297104957834566,0.8992072319045583,0.9523055552723585,-0.7535829912870246,0,1,consistent_user,3,-0.6569831147256671,2.7670294638659634
803,2.6382513136089516,-0.053700476280045734,-0.8850439538998865,1.2223991614089493,1.1322481671216496,1.1322481671216498,-0.5498060771887336,0.8657221844904192,-0.7341756131582001,0.4741342494289751,-0.6458985554476152,0.6368676269952656,0.6473462466927044,-0.28717836539500313,1.020259097750678,1.2790702699229393,0.9054950970086029,0.905495097008603,0.31794851703412635,-0.5793186050033193,0.545021972735552,0,1,consistent_user,0,1.5630450221272534,-0.6390330962723653
804,-1.3401543725743017,-0.6016645199539825,1.0444557544580695,-0.5818800436227101,-0.48107186796129586,-0.4810718679612959,-0.91989171602044,-0.24206022754395373,-0.1287555008585674,-0.8577035298658984,-0.054270610979920475,-0.5589452770018695,-2.0377663477395522,-0.48863635585098564,-0.05240176908038397,-0.5447385276857627,-0.7297104957834565,-0.7297104957834566,0.31794851703412635,-0.7981220564712733,-0.9793208342338656,0,0,casual_user,3,-1.5269950950710416,1.7316766400962325
805,-0.7718107031195512,0.49426356739389105,1.0444557544580695,0.23824686775531695,0.5272531539655451,0.5272531539655451,-0.09561006589527597,0.029075327849074427,-0.6979768704429066,0.4741342494289751,-0.9686047069754489,-0.4669596690020898,-0.12485353907747694,-0.6900943463069682,0.3997114888401463,0.11846467144467435,0.9054950970086029,0.905495097008603,0.31794851703412635,0.3688296846911479,0.1762656521665572,0,0,casual_user,0,0.1168605089359022,1.1229722168649936
806,-0.20346703366480073,-0.053700476280045734,-0.1429286814545189,-0.7459054258983154,-0.682736872346664,-0.6827368723466641,0.8935279142549213,-0.36135987191688623,-0.24940129129473057,-0.19178464021846164,-1.311479992973772,-0.4937888046686921,0.31457277492034114,-0.8915523367629506,-1.0470509365055505,-0.8763401272509813,-0.7297104957834565,-0.7297104957834566,-1.4258276275771695,1.2440434905629638,-0.83905654347078,1,0,casual_user,1,-1.6492846401275667,-0.6916081683896681
807,0.9332203052447002,0.49426356739389105,-0.3804055686370366,0.07422148547971154,0.32558814958017684,0.3255881495801769,0.1163480727083377,-0.003460938798088793,-0.02262417801861523,0.4741342494289751,-0.1799915491793056,0.5755438883287457,0.6473462466927044,-0.28717836539500313,0.9422473983447828,0.28426547122728363,0.08789230061257318,0.08789230061257323,-0.2633101978363056,-0.5793186050033193,0.30935733715198505,0,1,consistent_user,0,0.9853857392887586,-0.49684963948460037
808,-0.20346703366480073,0.49426356739389105,0.2528661305163439,0.8943483968577386,1.1322481671216496,1.1322481671216498,-0.5498060771887336,0.3544379943207086,-0.7830773137439799,0.4741342494289751,1.7058225238114717,1.8614260334923318,1.0687347232965478,1.5259435487088393,1.38431369497819,1.2790702699229393,0.9054950970086029,0.905495097008603,1.4804659467749903,-0.5793186050033193,1.4227051450839785,0,1,power_user,2,3.3243422098272206,0.34124057059572593
809,-0.7718107031195512,-0.6016645199539825,-0.1429286814545189,-0.5818800436227101,-0.48107186796129586,-0.4810718679612959,-0.91989171602044,-0.24206022754395373,-0.1287555008585674,-0.8577035298658984,-1.311479992973772,-0.6528472518349777,-0.12485353907747694,-0.8915523367629506,-0.05240176908038397,-0.5447385276857627,-0.7297104957834565,-0.7297104957834566,1.4804659467749903,0.004157265577891283,-0.6286601073261513,0,0,casual_user,0,-1.3156066922671075,-0.09155532680313573
810,0.9332203052447002,-0.6016645199539825,-0.855359343002072,0.7303230145821331,0.7289181583509132,0.7289181583509132,-0.91989171602044,0.6526871052530396,-0.5969357694154769,-0.19178464021846164,1.382540111298767,1.8259732470757501,1.0687347232965478,1.1230275677968744,1.3685256129555685,1.11326947014033,0.08789230061257318,0.08789230061257323,0.8992072319045583,-0.8710565402939247,1.0269594675738438,0,1,power_user,2,2.701569716306344,-0.7103158081609081
811,0.3648766357899498,0.49426356739389105,-0.1429286814545189,0.5662976323065277,0.9305831627362814,0.9305831627362817,0.1761311374426905,0.07913112269086459,-0.745334254382419,1.1400531390764117,1.0095219430148772,0.47206007932899385,0.5092435931882985,0.7201115868849094,0.8402320991216888,0.6158670707925021,0.9054950970086029,0.905495097008603,-0.8445689127067375,0.0770917494005426,1.041024430795966,0,1,consistent_user,2,1.8848187570326171,-0.06713188111221736
812,2.6382513136089516,-1.1496285636279193,-1.1818900628780338,0.7303230145821331,0.5272531539655451,0.5272531539655451,-0.8021371945739878,1.005163327263977,-0.3306081473300132,-0.19178464021846164,0.30493206958975133,0.6665713129118609,0.4671067340588001,0.3171956059729444,0.8948831522769175,0.7816678705751114,0.08789230061257318,0.08789230061257323,0.8992072319045583,1.1711090067403125,0.5235108525134821,0,1,consistent_user,0,1.2555712638480525,-0.915959197344639
813,-0.7718107031195512,-1.1496285636279193,-0.736620899410813,-1.2379815727251318,-1.2877318855027686,-1.2877318855027688,1.6707077558015044,-1.4350566712732788,1.8439514113967574,-0.8577035298658984,0.5743340800170054,-1.2545864375002027,-0.5218188133002654,-0.6900943463069682,-1.7101503814556616,-1.0421409270335906,-0.7297104957834565,-0.7297104957834566,0.31794851703412635,-0.7981220564712733,-0.444563225699601,1,0,at_risk_user,1,-2.1443691212217324,-1.1304425072241135
814,0.3648766357899498,1.5901916547417647,0.4507635365017753,0.8943483968577386,1.1322481671216496,1.1322481671216498,0.005322381058825778,0.3544379943207086,-0.5333499825865629,1.1400531390764117,0.7000550182163905,0.47972554666230866,0.6473462466927044,0.7201115868849094,0.7212142500280788,0.7816678705751114,0.9054950970086029,0.905495097008603,-0.2633101978363056,-1.6733358623430892,0.9668462001039497,0,1,consistent_user,2,1.8696279794074473,0.4467660489536755
815,-0.7718107031195512,-1.1496285636279193,-0.736620899410813,-1.2379815727251318,-1.2877318855027686,-1.2877318855027688,1.6707077558015044,-1.4350566712732788,1.8439514113967574,-0.8577035298658984,-1.311479992973772,-0.3596431263356803,0.4346375910307722,-0.8915523367629506,-0.05240176908038397,-0.8763401272509813,-0.7297104957834565,-0.7297104957834566,-0.8445689127067375,-0.7981220564712733,-0.83905654347078,1,0,casual_user,1,-1.4429636675408708,-1.4268957817904575
816,-0.7718107031195512,-1.1496285636279193,-0.736620899410813,-1.2379815727251318,-1.2877318855027686,-1.2877318855027688,1.6707077558015044,-1.4350566712732788,1.8439514113967574,-0.8577035298658984,-1.311479992973772,-1.2622519048335177,-0.12485353907747694,-0.8915523367629506,-0.05240176908038397,-0.8763401272509813,-0.7297104957834565,-0.7297104957834566,0.8992072319045583,1.6087159096762205,-0.83905654347078,1,0,at_risk_user,1,-2.0566733970401816,-1.2498036889976987
817,-0.20346703366480073,0.49426356739389105,0.2528661305163439,0.7303230145821331,0.7289181583509132,0.7289181583509132,-0.27224184806495383,0.6526871052530396,-0.7177976675150122,0.4741342494289751,0.03553005916249759,0.700107732495114,0.6473462466927044,0.11573761551696186,0.6580619219375923,0.6158670707925021,0.9054950970086029,0.905495097008603,1.4804659467749903,-0.725187572648622,0.6199425524131034,0,1,consistent_user,2,1.5196589434567849,0.27255247724083187
818,0.9332203052447002,-0.6016645199539825,-0.855359343002072,0.23824686775531695,0.12392314519480867,0.12392314519480872,-1.3516582946574307,0.7521034755638172,-0.5038342656882788,-0.8577035298658984,0.4028964370178437,0.7432259862450107,0.6473462466927044,0.11573761551696186,0.7011203274538332,0.28426547122728363,0.08789230061257318,0.08789230061257323,1.4804659467749903,1.1711090067403125,0.42172816100195715,0,1,consistent_user,0,1.1678316852734032,-0.6318271371606531
819,-0.7718107031195512,-0.053700476280045734,0.4507635365017753,-0.25382927907149927,-0.07774185919055952,-0.07774185919055944,-1.2437166499981829,-0.09293567207778825,-0.2661719505885913,-0.8577035298658984,-0.8400264747260776,-0.47654150316873345,0.18305664901163074,-0.6900943463069682,-0.4668389221742034,-0.5447385276857627,-0.7297104957834565,-0.7297104957834566,0.8992072319045583,-1.0898599917618785,-0.42483855981104246,0,0,casual_user,0,-0.9117739570156083,0.4227372259548845
820,2.0699076441542013,2.1381556984157015,-0.1429286814545189,1.7144753082357655,1.7372431802777542,1.7372431802777546,-0.8436976139080297,0.7754955626957646,-0.773951875141578,0.4741342494289751,1.8944039311105494,1.7809386264925242,1.29177956894674,2.533233500988752,1.4395719820573658,2.1080742688359857,1.7230978934046326,1.7230978934046326,-1.4258276275771695,1.1711090067403125,1.8303482401141966,0,1,power_user,2,4.0652201225157985,0.1245992354103085
821,-0.20346703366480073,0.49426356739389105,0.2528661305163439,-0.08980389679589386,0.12392314519480867,0.12392314519480872,-0.48812513738344926,-0.04322748692239988,-0.6897454392899335,-0.19178464021846164,-0.054270610979920475,-0.6097289980850811,-0.5218188133002654,-0.28717836539500313,0.5001811017113752,-0.04733612833793493,-0.7297104957834565,-0.7297104957834566,0.31794851703412635,-1.7462703461657405,0.05512831014389201,0,0,casual_user,0,-0.49474319277626433,0.45274009325137826
822,-0.20346703366480073,-1.1496285636279193,-0.9345183053962445,-1.0739561904495263,-1.0860668811174004,-1.0860668811174004,2.9660074917124764,-0.8385584494086165,1.8439514113967574,-0.19178464021846164,-1.311479992973772,-0.18525374450276477,0.18305664901163074,-0.8915523367629506,-0.6049846398721432,-0.8763401272509813,-0.7297104957834565,-0.7297104957834566,-1.4258276275771695,-0.36051515353536534,-0.8741226161615515,1,0,casual_user,1,-1.6584330127558198,-1.7667574025613708
823,-0.7718107031195512,-0.053700476280045734,0.4507635365017753,0.23824686775531695,0.32558814958017684,0.3255881495801769,0.1163480727083377,0.3544379943207086,-0.5605902725060973,0.4741342494289751,1.08864700901449,0.7202295842450659,0.8316028652535606,0.5186535964289268,0.09830265022645933,-0.04733612833793493,0.9054950970086029,0.905495097008603,0.8992072319045583,0.5876331361591018,0.7931097490451273,0,1,consistent_user,2,1.5880287899752372,0.2573435801207559
824,-0.20346703366480073,1.042227611067828,0.6486609424872066,0.5662976323065277,0.7289181583509132,0.7289181583509132,-0.27224184806495383,0.3544379943207086,-0.6541524703973047,0.4741342494289751,1.299647185013458,0.4921819310789457,0.7425477791198799,0.9215695773408918,1.0952703471794236,0.7816678705751114,0.9054950970086029,0.905495097008603,0.31794851703412635,-0.21464618589006268,1.1300383076263858,0,1,consistent_user,2,2.1319793670878533,0.6352497653531934
825,0.3648766357899498,0.49426356739389105,-0.1429286814545189,0.5662976323065277,0.7289181583509132,0.7289181583509132,-0.27224184806495383,0.3544379943207086,-0.6832655835760872,0.4741342494289751,1.8798976690106202,2.0137771967419664,0.9420517894091867,1.324485558252857,1.350308595237159,0.9474686703577208,0.9054950970086029,0.905495097008603,0.8992072319045583,0.9523055552723585,1.372803426254804,0,1,power_user,2,3.2068596338774795,-0.0496352658440751
826,0.3648766357899498,-0.053700476280045734,-0.439774790432666,-0.25382927907149927,-0.07774185919055952,-0.07774185919055944,-0.27224184806495383,-0.09293567207778825,-0.4473456160566742,-0.19178464021846164,-1.311479992973772,-0.6978818724182032,-0.12485353907747694,-0.8915523367629506,0.36203538401343544,-0.2131369281205442,-0.7297104957834565,-0.7297104957834566,-1.4258276275771695,1.3899124582082665,-0.4577130029586406,0,0,casual_user,0,-1.0216492033403355,-0.4229297535483648
827,-1.3401543725743017,-0.053700476280045734,2.231840190370658,-0.25382927907149927,-0.07774185919055952,-0.07774185919055944,-0.27224184806495383,-0.09293567207778825,-0.5484516773935145,-0.19178464021846164,1.0457875982646996,0.8869534987446663,-2.0377663477395522,0.11573761551696186,0.7764725371072548,-0.04733612833793493,-0.7297104957834565,-0.7297104957834566,0.8992072319045583,1.0981745229176612,-0.35908967351584564,0,1,consistent_user,3,0.016989779731075294,2.8277295590394207
828,-1.3401543725743017,-1.1496285636279193,-0.1429286814545189,-1.402006955000737,-1.489396889888137,-1.489396889888137,-2.215191451931412,-3.2245513368672665,1.8439514113967574,-1.523622419513335,-1.311479992973772,-1.536292361999528,-2.0377663477395522,-0.8915523367629506,-1.7101503814556616,-1.0421409270335906,-0.7297104957834565,-0.7297104957834566,-1.4258276275771695,-1.2357289594071812,-1.9436378332300805,1,0,at_risk_user,3,-3.495069994156195,0.6748642134630441
829,0.3648766357899498,0.49426356739389105,-0.1429286814545189,-0.08980389679589386,0.12392314519480867,0.12392314519480872,0.3754080198905321,-0.04322748692239988,-0.6044775906602557,0.4741342494289751,-0.054270610979920475,-0.5714016614185062,0.27211173514531184,-0.28717836539500313,0.8685696822392148,0.11846467144467435,0.08789230061257318,0.08789230061257323,-0.2633101978363056,1.0252400390950098,0.2889021280823681,0,0,casual_user,0,0.254274773973972,-0.26415519587835984
830,-1.3401543725743017,2.6861197420896383,8.1687623699336,1.3864245436845548,0.9305831627362814,0.9305831627362817,0.7739617847862161,1.4556654808400855,-0.7618865227083419,1.8059720287238485,1.202938771013931,1.8911297194089274,-2.0377663477395522,1.5259435487088393,1.2369582627670541,1.6106718694881579,1.7230978934046326,1.7230978934046326,0.31794851703412635,-0.06877721824476005,0.5577420187116159,0,1,power_user,3,2.0462844201753625,8.32238072887061
831,-0.7718107031195512,-0.6016645199539825,-0.1429286814545189,-1.0739561904495263,-1.0860668811174004,-1.0860668811174004,0.3754080198905321,-0.8385584494086165,1.8439514113967574,-0.8577035298658984,-0.054270610979920475,-0.4774996865853978,-0.12485353907747694,-0.6900943463069682,0.5001811017113752,-0.710539327468372,-0.7297104957834565,-0.7297104957834566,0.31794851703412635,0.3688296846911479,-0.2604663440730513,1,0,casual_user,1,-0.85229883487863,-0.3460323687239289
832,1.5015639746994507,1.042227611067828,-0.34082608743995035,0.8943483968577386,1.1322481671216496,1.1322481671216498,-0.5498060771887336,0.3544379943207086,-0.585870735814425,0.4741342494289751,0.4486131418176202,0.5515893029121365,0.5661537169394822,0.5186535964289268,0.7212142500280788,0.7816678705751114,0.08789230061257318,0.08789230061257323,1.4804659467749903,0.8793710714497072,0.7038506549231642,0,1,consistent_user,0,1.4819148409358147,-0.20629233830059338
833,-0.20346703366480073,1.042227611067828,0.6486609424872066,1.3864245436845548,0.9305831627362814,0.9305831627362817,-0.42169950990083516,1.4556654808400855,-0.7814035897614559,0.4741342494289751,0.5743340800170054,0.4136108909124673,0.8316028652535606,0.9215695773408918,0.5001811017113752,0.9474686703577208,0.08789230061257318,0.08789230061257323,-0.2633101978363056,0.7335021038044045,0.6600180640596994,0,1,consistent_user,0,1.389266898514364,0.5070697321696138
834,-1.3401543725743017,-0.6016645199539825,1.0444557544580695,-0.7459054258983154,-0.682736872346664,-0.6827368723466641,0.8935279142549213,-0.36135987191688623,0.8144520729204711,-0.19178464021846164,-0.557154363777461,-0.5474470760018969,-2.0377663477395522,-0.6900943463069682,0.9422473983447828,-0.3789377279031535,-0.7297104957834565,-0.7297104957834566,0.8992072319045583,-0.7981220564712733,-1.0494529796154086,0,0,casual_user,3,-1.4878351316478582,1.382504997681306
835,-0.7718107031195512,-0.6016645199539825,-0.1429286814545189,0.23824686775531695,0.12392314519480867,0.12392314519480872,0.3754080198905321,0.7521034755638172,-0.15901753026838367,0.4741342494289751,0.7457717230161668,0.6589058455785461,0.4346375910307722,0.3171956059729444,0.3997114888401463,0.11846467144467435,0.9054950970086029,0.905495097008603,0.31794851703412635,1.0252400390950098,0.6687845822323925,0,1,consistent_user,0,1.2958200250023573,-0.18597231066860376
836,-0.7718107031195512,-0.6016645199539825,-0.1429286814545189,0.23824686775531695,0.32558814958017684,0.3255881495801769,-0.6608317688382453,0.3544379943207086,-0.45438530385359194,-0.19178464021846164,0.06002115101952067,0.567878420995431,0.18305664901163074,-0.08572037493902064,0.3997114888401463,0.11846467144467435,0.08789230061257318,0.08789230061257323,0.31794851703412635,-0.06877721824476005,0.30696646855943227,0,1,consistent_user,0,0.7124255787627489,0.026504491226786418
837,-1.3401543725743017,0.49426356739389105,3.419224626283246,-0.9099308081739209,-1.0860668811174004,-1.0860668811174004,0.3754080198905321,0.3544379943207086,1.8439514113967574,-0.8577035298658984,-1.311479992973772,-0.5388234252519176,-2.0377663477395522,-0.8915523367629506,0.7764725371072548,-0.5447385276857627,-0.7297104957834565,-0.7297104957834566,1.4804659467749903,0.0770917494005426,-1.4439462973865873,1,0,casual_user,3,-1.9963014949711795,3.517504729131471
838,0.3648766357899498,-0.6016645199539825,-0.736620899410813,0.7303230145821331,0.9305831627362814,0.9305831627362817,-0.42169950990083516,0.3544379943207086,-0.5430388903943594,0.4741342494289751,-0.5032739616920102,-0.5714016614185062,0.27211173514531184,-0.28717836539500313,0.42124069159826694,0.4500662710098929,0.9054950970086029,0.905495097008603,-0.2633101978363056,0.44176416851379924,0.4471169084371587,0,0,casual_user,0,0.6055304609319637,-0.48788232794216174
839,-0.20346703366480073,-1.1496285636279193,-0.9345183053962445,-1.0739561904495263,-1.0860668811174004,-1.0860668811174004,2.9660074917124764,-0.8385584494086165,1.8439514113967574,-0.19178464021846164,-0.054270610979920475,-1.28908104050012,-0.5218188133002654,-0.6900943463069682,-1.7101503814556616,-1.0421409270335906,-0.7297104957834565,-0.7297104957834566,1.4804659467749903,1.3169779743856151,-0.6111270709807657,1,0,at_risk_user,1,-2.375228461565056,-1.5643815341348128
840,-0.7718107031195512,0.49426356739389105,1.0444557544580695,-0.25382927907149927,-0.07774185919055952,-0.07774185919055944,-0.27224184806495383,-0.09293567207778825,-0.5005297802360913,-0.19178464021846164,-0.3685729564783833,0.5353001848288423,0.6473462466927044,-0.48863635585098564,-0.05240176908038397,-0.3789377279031535,-0.7297104957834565,-0.7297104957834566,-0.8445689127067375,-0.725187572648622,-0.19471745777785449,0,1,consistent_user,0,0.01831127205031391,0.650680484693262
841,-1.3401543725743017,-1.1496285636279193,-0.1429286814545189,-1.402006955000737,-1.489396889888137,-1.489396889888137,-2.215191451931412,-3.2245513368672665,1.8439514113967574,-1.523622419513335,-1.311479992973772,-1.536292361999528,-2.0377663477395522,-0.8915523367629506,-1.7101503814556616,-1.0421409270335906,-0.7297104957834565,-0.7297104957834566,1.4804659467749903,1.4628469420309178,-1.9436378332300805,1,0,casual_user,3,-3.495069994156195,0.6748642134630441
842,-0.7718107031195512,-0.6016645199539825,-0.1429286814545189,-0.7459054258983154,-0.682736872346664,-0.6827368723466641,-0.6608317688382453,-0.36135987191688623,0.5004886490411173,-0.8577035298658984,-1.311479992973772,-0.8876021889177487,-0.5218188133002654,-0.8915523367629506,-0.38395149155543945,-0.710539327468372,-0.7297104957834565,-0.7297104957834566,0.31794851703412635,-1.6733358623430892,-0.7338583253984655,0,0,at_risk_user,1,-1.8066227974551912,-0.03964659386916787
843,-0.20346703366480073,-0.6016645199539825,-0.5387234934253817,-0.9099308081739209,-0.8844018767320323,-0.8844018767320323,1.6707077558015044,-0.5403093384762852,0.7565925537510662,-0.19178464021846164,-0.3685729564783833,-1.170266296833738,-0.5218188133002654,-0.6900943463069682,-1.7101503814556616,-1.0421409270335906,-0.7297104957834565,-0.7297104957834566,0.31794851703412635,-1.3815979270524839,-0.6681094391032691,1,0,at_risk_user,1,-2.296684673974336,-0.9353375089197205
844,0.9332203052447002,1.042227611067828,-0.1429286814545189,0.4022722500309223,0.32558814958017684,0.3255881495801769,-0.6608317688382453,0.7123369274395064,-0.4984730330098142,-0.19178464021846164,0.26003173451854256,0.625369425995293,0.6473462466927044,0.11573761551696186,1.329055407899014,0.7816678705751114,0.08789230061257318,0.08789230061257323,-0.8445689127067375,0.8793710714497072,0.5241370323829598,0,1,consistent_user,0,1.3701770327988199,-0.09576446720070543
845,-0.7718107031195512,0.49426356739389105,1.0444557544580695,-0.08980389679589386,-0.07774185919055952,-0.07774185919055944,-0.27224184806495383,0.3544379943207086,-0.5978404888439461,-0.19178464021846164,0.7838689770159807,-0.34527037508571473,-0.12485353907747694,0.11573761551696186,-0.2365960593443038,-0.3789377279031535,-0.7297104957834565,-0.7297104957834566,-0.2633101978363056,0.6605676199817532,0.177859564561592,0,0,casual_user,0,-0.2952111169088012,0.9326508068797195
846,-1.3401543725743017,-0.6016645199539825,1.0444557544580695,-0.9099308081739209,-0.8844018767320323,-0.8844018767320323,-0.27224184806495383,-0.5403093384762852,1.8138953333855932,-0.8577035298658984,1.517241116512394,-0.774536545751353,-2.0377663477395522,-0.28717836539500313,-0.8812760752680229,-0.8763401272509813,-0.7297104957834565,-0.7297104957834566,0.31794851703412635,-1.3086634432298325,-0.6681094391032691,0,0,casual_user,3,-1.5531268655378234,1.5504149551274822
847,0.9332203052447002,1.5901916547417647,0.09454820572799878,1.55044992596016,1.5355781758923859,1.5355781758923863,-0.27224184806495383,0.8018116607192055,-0.7671129982704412,1.1400531390764117,1.4676144303810574,1.8307641641590717,1.239306519828981,1.9288595296208046,1.0818472814921742,1.6106718694881579,1.7230978934046326,1.7230978934046326,0.31794851703412635,0.5146986523364505,1.5721973497130572,0,1,power_user,2,3.6420987470093076,0.19027498936479015
848,2.0699076441542013,1.042227611067828,-0.48218137742954414,1.3864245436845548,1.3339131715070178,1.333913171507018,-1.1789516632026342,0.8316365718124386,-0.8200108315461314,-0.19178464021846164,1.4124736680129062,1.9102933877422144,1.0927331527293949,1.727401539164822,1.4211525530309739,1.7764726692707673,0.08789230061257318,0.08789230061257323,1.4804659467749903,-1.1627944755845299,1.2035421907666566,0,1,power_user,2,3.0574967903559904,-0.2661353457739487
849,-0.20346703366480073,0.49426356739389105,0.2528661305163439,-0.5818800436227101,-0.682736872346664,-0.6827368723466641,-0.6608317688382453,0.3544379943207086,-0.6897454392899335,-0.8577035298658984,-1.311479992973772,-0.6375163171683478,-0.5218188133002654,-0.8915523367629506,0.5001811017113752,-0.3789377279031535,-0.7297104957834565,-0.7297104957834566,1.4804659467749903,-0.9439910241165759,-0.5935940346353799,1,0,casual_user,0,-1.3397343591892281,0.3665943018705785
850,0.9332203052447002,-1.1496285636279193,-1.0928362301845895,0.8943483968577386,0.7289181583509132,0.7289181583509132,1.0230578878460184,0.9509362161853714,-0.4936447971140026,1.8059720287238485,0.9514968946151606,0.7029822827451072,0.6473462466927044,0.9215695773408918,0.7212142500280788,0.7816678705751114,0.9054950970086029,0.905495097008603,-1.4258276275771695,-0.06877721824476005,0.9493131637585641,0,1,consistent_user,2,1.841919451129004,-1.1511200376293698
851,-0.20346703366480073,-0.053700476280045734,-0.1429286814545189,-0.5818800436227101,-0.682736872346664,-0.6827368723466641,-0.6608317688382453,0.3544379943207086,-0.3939588153078784,-0.8577035298658984,-0.054270610979920475,-0.5330743247519314,0.03767231680798374,-0.48863635585098564,0.5001811017113752,-0.3789377279031535,-0.7297104957834565,-0.7297104957834566,-0.2633101978363056,-0.6522530888259707,-0.15526812600073686,1,0,casual_user,0,-0.5893571153539314,-0.1591772461319706
852,-0.20346703366480073,-1.1496285636279193,-0.9345183053962445,-0.9099308081739209,-0.8844018767320323,-0.8844018767320323,1.6707077558015044,-0.5403093384762852,1.6024347774586878,-0.19178464021846164,-0.3685729564783833,-0.4889978875853704,0.03767231680798374,-0.6900943463069682,-0.8812760752680229,-0.8763401272509813,-0.7297104957834565,-0.7297104957834566,0.8992072319045583,0.004157265577891283,-0.5366116665128764,1,0,casual_user,1,-1.4457556713777937,-1.4292862595218347
853,0.9332203052447002,-0.6016645199539825,-0.855359343002072,0.4022722500309223,0.5272531539655451,0.5272531539655451,-0.09561006589527597,0.3544379943207086,-0.4381683543115902,0.4741342494289751,-0.9971776474753091,-0.5512798096685545,0.31457277492034114,-0.6900943463069682,-0.8812760752680229,-0.5447385276857627,0.9054950970086029,0.905495097008603,-1.4258276275771695,-1.7462703461657405,-0.03692013066938313,0,0,casual_user,0,-0.27816144996065395,-0.7974326146086348
854,-0.7718107031195512,-1.1496285636279193,-0.736620899410813,-1.2379815727251318,-1.2877318855027686,-1.2877318855027688,1.6707077558015044,-1.4350566712732788,1.8439514113967574,-0.8577035298658984,-1.311479992973772,-0.8693967040011256,-1.0813099434085147,-0.8915523367629506,-1.7101503814556616,-1.0421409270335906,-0.7297104957834565,-0.7297104957834566,1.4804659467749903,-1.6733358623430892,-1.3441548622682613,1,0,at_risk_user,1,-2.9231925489576684,-0.9520955204376792
855,-0.20346703366480073,-0.6016645199539825,-0.5387234934253817,0.07422148547971154,-0.07774185919055952,-0.07774185919055944,-1.2437166499981829,0.8018116607192055,-0.18679171154952912,-0.8577035298658984,0.19717126541884997,-0.6557218020849709,0.31457277492034114,-0.08572037493902064,-0.38395149155543945,-0.3789377279031535,-0.7297104957834565,-0.7297104957834566,0.31794851703412635,0.8793710714497072,-0.05006990792842243,0,0,casual_user,0,-0.5037132469187382,-0.47803283795602375
856,-1.3401543725743017,-0.6016645199539825,1.0444557544580695,-0.9099308081739209,-0.8844018767320323,-0.8844018767320323,-0.27224184806495383,-0.5403093384762852,0.9680531096779716,-0.8577035298658984,-1.311479992973772,-1.038036985334055,-2.0377663477395522,-0.8915523367629506,-0.8812760752680229,-0.8763401272509813,-0.7297104957834565,-0.7297104957834566,-0.8445689127067375,-0.14171170206741138,-1.6543427335312162,0,0,at_risk_user,3,-2.7666779789430356,1.4612246981968169
857,0.3648766357899498,0.49426356739389105,-0.1429286814545189,0.5662976323065277,0.12392314519480867,0.12392314519480872,0.3754080198905321,1.5474344380500333,-0.17861774710820402,0.4741342494289751,0.42927145901771485,0.6062057576620056,0.5092435931882985,0.3171956059729444,0.3301556030062187,0.28426547122728363,0.9054950970086029,0.905495097008603,1.4804659467749903,-1.6733358623430892,0.5474020229181835,0,1,consistent_user,0,1.1506240863873094,-0.2291037806065635
858,0.3648766357899498,-0.6016645199539825,-0.736620899410813,-0.7459054258983154,-0.8844018767320323,-0.8844018767320323,-0.27224184806495383,0.3544379943207086,-1.1465524495910826,-0.8577035298658984,-0.557154363777461,-0.5857744126684719,0.27211173514531184,-0.6900943463069682,0.2791479533946715,-0.5447385276857627,-0.7297104957834565,-0.7297104957834566,0.31794851703412635,1.3899124582082665,-0.41826367118152236,1,0,casual_user,0,-0.9123450948102676,-0.9016938820579634
859,-0.7718107031195512,-0.6016645199539825,-0.1429286814545189,-0.25382927907149927,-0.07774185919055952,-0.07774185919055944,-0.27224184806495383,-0.09293567207778825,-0.19302399004589244,-0.19178464021846164,-0.8400264747260776,-0.6959655055848745,-0.5218188133002654,-0.6900943463069682,0.36203538401343544,-0.2131369281205442,-0.7297104957834565,-0.7297104957834566,-0.2633101978363056,-0.9439910241165759,-0.29334078722064943,0,0,casual_user,0,-0.991549040445007,0.005170949317566642
860,-0.7718107031195512,-0.6016645199539825,-0.1429286814545189,-1.0739561904495263,-1.0860668811174004,-1.0860668811174004,0.3754080198905321,-0.8385584494086165,1.8439514113967574,-0.8577035298658984,-1.311479992973772,-0.8732294376677832,-0.12485353907747694,-0.8915523367629506,-1.7101503814556616,-1.0421409270335906,-0.7297104957834565,-0.7297104957834566,-0.8445689127067375,-0.9439910241165759,-1.0494529796154086,1,0,at_risk_user,1,-2.406452321708241,-0.5110272788668798
861,0.3648766357899498,0.49426356739389105,-0.1429286814545189,0.07422148547971154,0.32558814958017684,0.3255881495801769,-0.6608317688382453,-0.003460938798088793,-0.647423622561467,-0.19178464021846164,-0.1799915491793056,-0.6058962644184235,-0.24491835518790803,-0.28717836539500313,-0.715501214030495,-0.5447385276857627,-0.7297104957834565,-0.7297104957834566,-0.8445689127067375,-0.725187572648622,-0.12896857148265825,0,0,casual_user,0,-0.829103398623088,-0.013605630483102536
862,-0.7718107031195512,1.042227611067828,1.6381479724143637,-0.08980389679589386,-0.07774185919055952,-0.07774185919055944,0.6992329538682752,0.3544379943207086,0.014235677910744917,0.4741342494289751,-0.47334040497787094,-0.4774996865853978,0.4346375910307722,-0.48863635585098564,0.5001811017113752,-0.04733612833793493,0.08789230061257318,0.08789230061257323,0.31794851703412635,0.6605676199817532,0.03175092835004422,0,0,casual_user,0,-0.056188604443371926,1.1368618618809254
863,-0.20346703366480073,-0.6016645199539825,-0.5387234934253817,0.07422148547971154,0.12392314519480867,0.12392314519480872,-0.48812513738344926,0.3544379943207086,-0.2661719505885914,-0.19178464021846164,0.19717126541884997,-0.5455307091685683,0.18305664901163074,-0.08572037493902064,-0.38395149155543945,-0.3789377279031535,-0.7297104957834565,-0.7297104957834566,-0.8445689127067375,-0.8710565402939247,0.002529201107734787,0,0,casual_user,0,-0.45291188377567787,-0.5541399062639627
864,-0.7718107031195512,-0.053700476280045734,0.4507635365017753,-0.9099308081739209,-1.0860668811174004,-1.0860668811174004,0.3754080198905321,0.3544379943207086,1.8439514113967574,-0.8577035298658984,-1.311479992973772,-0.9345531763343027,-1.0813099434085147,-0.8915523367629506,-1.7101503814556616,-1.0421409270335906,-0.7297104957834565,-0.7297104957834566,-0.2633101978363056,-0.506384121180668,-1.2915557532321038,1,0,at_risk_user,3,-2.803700789852928,0.3787059430286313
865,0.9332203052447002,-0.6016645199539825,-0.855359343002072,-0.25382927907149927,-0.48107186796129586,-0.4810718679612959,0.3754080198905321,0.9509362161853714,0.058958196637214445,-0.19178464021846164,1.0457875982646996,0.7116059334950866,0.31457277492034114,0.11573761551696186,-0.05240176908038397,-0.3789377279031535,-0.7297104957834565,-0.7297104957834566,1.4804659467749903,-1.0169255079392272,0.19320097136380457,1,0,consistent_user,0,0.30955290872274926,-1.030060496449237
866,-0.20346703366480073,-1.1496285636279193,-0.9345183053962445,-0.5818800436227101,-0.48107186796129586,-0.4810718679612959,-0.91989171602044,-0.24206022754395373,-0.3553394984958528,-0.8577035298658984,-0.6828753019768462,-0.3701831439189883,-0.12485353907747694,-0.6900943463069682,-0.6049846398721432,-0.710539327468372,-0.7297104957834565,-0.7297104957834566,1.4804659467749903,0.8064365876270558,-0.4971623347357582,0,0,casual_user,1,-1.1703110586069716,-0.7915810780845136
867,2.6382513136089516,-0.053700476280045734,-0.8850439538998865,1.55044992596016,1.5355781758923859,1.5355781758923863,0.2134955529016607,0.8018116607192055,-0.6352657567057092,1.8059720287238485,1.8646279194317474,1.7416531064092853,1.2347145857698443,2.3317755105327698,1.0818472814921742,1.6106718694881579,2.540700689800662,2.5407006898006625,0.8992072319045583,-1.6733358623430892,1.8859464211568016,0,1,power_user,2,4.048857699586691,-0.6742714303442965
868,0.3648766357899498,-0.6016645199539825,-0.736620899410813,-0.7459054258983154,-0.682736872346664,-0.6827368723466641,0.8935279142549213,-0.36135987191688623,-0.6897454392899336,-0.19178464021846164,-0.557154363777461,-0.5388234252519176,0.27211173514531184,-0.6900943463069682,0.2791479533946715,-0.5447385276857627,-0.7297104957834565,-0.7297104957834566,-1.4258276275771695,1.6816503934988718,-0.36566456214536547,1,0,casual_user,1,-0.8574685737126136,-1.1135692636207328
869,0.3648766357899498,-0.053700476280045734,-0.439774790432666,-0.5818800436227101,-0.8844018767320323,-0.8844018767320323,1.6707077558015044,1.2491853271177025,0.33367144189725534,-0.19178464021846164,-1.311479992973772,-0.9632986788342339,-1.0813099434085147,-0.8915523367629506,-1.7101503814556616,-1.0421409270335906,-0.7297104957834565,-0.7297104957834566,-0.2633101978363056,1.6087159096762205,-1.2389566441959468,1,0,at_risk_user,1,-2.788062483950984,-0.6507115205828632
870,-0.7718107031195512,-0.6016645199539825,-0.1429286814545189,-1.0739561904495263,-1.0860668811174004,-1.0860668811174004,0.3754080198905321,-0.8385584494086165,1.8439514113967574,-0.8577035298658984,-1.311479992973772,-1.0993607240005747,-0.5218188133002654,-0.8915523367629506,-1.7101503814556616,-1.0421409270335906,-0.7297104957834565,-0.7297104957834566,-1.4258276275771695,-0.287580669712714,-1.0494529796154086,1,0,at_risk_user,1,-2.6596044316832765,-0.3681911346077233
871,0.3648766357899498,1.042227611067828,0.1539174275236282,0.5662976323065277,0.7289181583509132,0.7289181583509132,-0.27224184806495383,0.3544379943207086,-0.6908343729252704,0.4741342494289751,1.0095219430148772,0.6301603430786149,0.7115380491431296,0.7201115868849094,1.0952703471794236,0.7816678705751114,0.9054950970086029,0.905495097008603,1.4804659467749903,1.6816503934988718,1.0288861748645455,0,1,consistent_user,2,2.0681496399142425,0.20690431943405982
872,-0.20346703366480073,2.1381556984157015,1.4402505664289322,1.3864245436845548,1.3339131715070178,1.333913171507018,-0.14271187447385666,0.8316365718124386,-0.7089746282030568,1.1400531390764117,2.041078359009832,1.6707475335761217,1.0687347232965478,2.3317755105327698,1.4211525530309739,1.7764726692707673,2.540700689800662,2.5407006898006625,-0.8445689127067375,0.15002623322319394,1.9486962354455502,0,1,power_user,2,4.086929118186355,1.517644066004019
873,0.3648766357899498,2.1381556984157015,0.7476096454799225,1.7144753082357655,1.7372431802777542,1.7372431802777546,0.07063161144089179,0.7754955626957646,-0.9921234942527509,1.8059720287238485,1.517241116512394,1.5873855763263216,1.1847589072038855,2.130317520076787,1.2737971208198382,1.9422734690533765,1.7230978934046326,1.7230978934046326,-0.8445689127067375,-0.8710565402939247,1.672550913005725,0,1,power_user,2,3.682932791633909,0.7425401673080021
874,-1.3401543725743017,-0.6016645199539825,1.0444557544580695,-0.7459054258983154,-0.682736872346664,-0.6827368723466641,0.8935279142549213,-0.36135987191688623,0.04964909480405343,-0.19178464021846164,-0.557154363777461,-0.5340325081685957,-2.0377663477395522,-0.6900943463069682,-1.0470509365055505,-0.8763401272509813,-0.7297104957834565,-0.7297104957834566,-1.4258276275771695,-1.2357289594071812,-1.3650476338323518,0,0,casual_user,3,-2.2849183102202635,1.2806453998962244
875,-0.20346703366480073,-0.6016645199539825,-0.5387234934253817,-0.5818800436227101,-0.48107186796129586,-0.4810718679612959,-0.91989171602044,-0.24206022754395373,-0.7604800612452531,-0.8577035298658984,0.5743340800170054,-0.4506705509187955,-0.5218188133002654,-0.28717836539500313,-0.05240176908038397,-0.5447385276857627,-0.7297104957834565,-0.7297104957834566,1.4804659467749903,0.9523055552723585,0.028828755625813395,1,0,casual_user,0,-0.6485323853796451,-0.2291249020511832
876,0.9332203052447002,-0.6016645199539825,-0.855359343002072,0.4022722500309223,0.5272531539655451,0.5272531539655451,-0.09561006589527597,0.3544379943207086,-0.4778554575766434,0.4741342494289751,0.5743340800170054,0.7786787726615925,0.7425477791198799,0.3171956059729444,-0.05240176908038397,-0.04733612833793493,0.9054950970086029,0.905495097008603,0.31794851703412635,1.1711090067403125,0.6424850277143133,0,1,consistent_user,0,1.4170359953370515,-0.8202145998572489
877,-0.20346703366480073,-0.6016645199539825,-0.5387234934253817,0.4022722500309223,0.5272531539655451,0.5272531539655451,-0.09561006589527597,0.3544379943207086,-0.4022566833731001,0.4741342494289751,-0.6828753019768462,-0.6595545357516284,0.31457277492034114,-0.48863635585098564,-0.05240176908038397,-0.04733612833793493,0.9054950970086029,0.905495097008603,-0.8445689127067375,1.5357814258535691,0.2041591190796706,0,0,casual_user,0,0.1307073242842745,-0.470278061783577
878,0.9332203052447002,1.5901916547417647,0.09454820572799878,0.07422148547971154,-0.48107186796129586,-0.4810718679612959,1.6707077558015044,2.143932659914696,-0.6979768704429066,0.4741342494289751,1.7058225238114717,0.8227552098281536,0.8316028652535606,0.7201115868849094,0.610697675869727,0.11846467144467435,0.08789230061257318,0.08789230061257323,1.4804659467749903,1.0981745229176612,0.7038506549231636,1,0,consistent_user,0,1.3383897152066608,-0.500210198470179
879,-1.3401543725743017,-0.6016645199539825,1.0444557544580695,-0.08980389679589386,0.12392314519480867,0.12392314519480872,0.3754080198905321,-0.04322748692239988,-0.46211925771965584,0.4741342494289751,0.36479918301803,0.790176973661565,-2.0377663477395522,-0.08572037493902064,0.13179252118353585,-0.2131369281205442,0.08789230061257318,0.08789230061257323,-0.8445689127067375,-0.06877721824476005,-0.4708627802176796,0,1,consistent_user,3,-0.17561510580900486,1.7027672406068437
880,0.3648766357899498,-1.1496285636279193,-1.03346700838896,-0.25382927907149927,-0.07774185919055952,-0.07774185919055944,-0.27224184806495383,-0.09293567207778825,-0.4284162953076742,-0.19178464021846164,-0.8400264747260776,-0.387430445418947,-0.12485353907747694,-0.6900943463069682,-0.05240176908038397,-0.3789377279031535,-0.7297104957834565,-0.7297104957834566,-1.4258276275771695,1.0252400390950098,-0.35908967351584564,0,0,casual_user,1,-0.8693583038649129,-0.943864514658285
881,0.3648766357899498,-1.1496285636279193,-1.03346700838896,-0.7459054258983154,-0.8844018767320323,-0.8844018767320323,1.6707077558015044,0.3544379943207086,1.1795136656048768,-0.19178464021846164,-1.311479992973772,-1.1031934576672322,-0.8686012877465826,-0.8915523367629506,-1.7101503814556616,-1.0421409270335906,-0.7297104957834565,-0.7297104957834566,-0.8445689127067375,0.44176416851379924,-1.1173338179524712,1,0,at_risk_user,1,-2.767235142773575,-1.263600108964817
882,0.9332203052447002,-0.6016645199539825,-0.855359343002072,0.5662976323065277,0.32558814958017684,0.3255881495801769,-0.6608317688382453,1.0702358605583036,-0.25655002002765953,-0.19178464021846164,1.0095219430148772,0.5650038707454377,0.6473462466927044,0.7201115868849094,0.3301556030062187,0.28426547122728363,0.08789230061257318,0.08789230061257323,-0.8445689127067375,-0.5793186050033193,0.6269750340241648,0,1,consistent_user,0,1.2312839120229304,-0.7595857063292077
883,-0.20346703366480073,-1.1496285636279193,-0.9345183053962445,-1.0739561904495263,-1.2877318855027686,-1.2877318855027688,1.6707077558015044,0.3544379943207086,1.8439514113967574,-0.8577035298658984,1.202938771013931,-0.5838580458351431,-0.12485353907747694,-0.48863635585098564,-1.7101503814556616,-1.0421409270335906,-0.7297104957834565,-0.7297104957834566,0.8992072319045583,-1.3815979270524839,-0.22540027138227964,1,0,casual_user,1,-1.4516663887765364,-1.412616448721689
884,2.6382513136089516,-0.6016645199539825,-1.03346700838896,1.55044992596016,1.3339131715070178,1.333913171507018,0.3754080198905321,1.0702358605583036,-0.7979342957038816,1.8059720287238485,-0.3189462703470471,-0.44971236750213117,0.101864119258409,0.11573761551696186,-0.31415154998174366,0.28426547122728363,1.7230978934046326,1.7230978934046326,0.31794851703412635,1.5357814258535691,0.6752441219385872,0,0,casual_user,0,0.8235384828558503,-0.7398276119811472
885,-0.20346703366480073,-1.1496285636279193,-0.9345183053962445,-0.25382927907149927,-0.48107186796129586,-0.4810718679612959,-0.91989171602044,0.9509362161853714,0.42405531928774426,-0.8577035298658984,0.10288056176931103,0.500805581828925,0.8316028652535606,-0.28717836539500313,0.7764725371072548,-0.04733612833793493,-0.7297104957834565,-0.7297104957834566,0.8992072319045583,-0.7981220564712733,-0.00404568752178472,0,1,consistent_user,0,0.4456619683727875,-1.0293419455241477
886,-1.3401543725743017,-0.6016645199539825,1.0444557544580695,-1.0739561904495263,-1.0860668811174004,-1.0860668811174004,0.3754080198905321,-0.8385584494086165,1.8439514113967574,-0.8577035298658984,-0.054270610979920475,-0.7285437417514631,-2.0377663477395522,-0.6900943463069682,0.5001811017113752,-0.710539327468372,-0.7297104957834565,-0.7297104957834566,-0.8445689127067375,-1.5274668946977865,-1.0494529796154086,1,0,casual_user,3,-1.703289876733582,1.428107262268561
887,1.5015639746994507,-0.6016645199539825,-0.9345183053962445,0.5662976323065277,0.9305831627362814,0.9305831627362817,-0.42169950990083516,0.07913112269086459,-0.695717029545364,0.4741342494289751,0.13914621701913374,0.6608222124118748,0.4346375910307722,0.11573761551696186,0.8402320991216888,0.6158670707925021,0.9054950970086029,0.905495097008603,0.8992072319045583,-0.725187572648622,0.7375680325104437,0,1,consistent_user,2,1.6290317817033664,-0.6349114256863838
888,0.9332203052447002,-0.053700476280045734,-0.6178824558195544,0.8943483968577386,1.1322481671216496,1.1322481671216498,-1.1049345354362932,0.3544379943207086,-0.8309676555590797,-0.19178464021846164,0.7000550182163905,0.7441841696616752,0.9152572599084369,0.7201115868849094,0.9422473983447828,0.9474686703577208,0.08789230061257318,0.08789230061257323,0.31794851703412635,-0.43344963735801667,0.8265819093408636,0,1,consistent_user,2,1.9143150829195485,-0.44713004664882633
889,2.0699076441542013,1.042227611067828,-0.48218137742954414,1.3864245436845548,1.1322481671216496,1.1322481671216498,0.5604508393063854,1.1213642795752743,-0.5840611075037505,1.8059720287238485,1.202938771013931,1.8077677621591268,1.1163213324457208,1.5259435487088393,1.2369582627670541,1.6106718694881579,1.7230978934046326,1.7230978934046326,0.31794851703412635,-1.3086634432298325,1.3993277632901306,0,1,power_user,2,3.3292783733816247,-0.4837983697037139
890,0.3648766357899498,-0.6016645199539825,-0.736620899410813,-0.08980389679589386,0.12392314519480867,0.12392314519480872,-0.48812513738344926,-0.04322748692239988,0.07953676683414147,-0.19178464021846164,-0.8924101989758214,-0.4794160534187267,0.18305664901163074,-0.6900943463069682,-0.9733732203999828,-0.710539327468372,-0.7297104957834565,-0.7297104957834566,1.4804659467749903,1.1711090067403125,-0.4708627802176796,0,0,casual_user,1,-1.084511524939675,-0.7870601062842608
891,2.6382513136089516,2.1381556984157015,-0.2913517359435925,2.2065514550625815,2.1405731890484905,2.140573189048491,-0.16998134259829825,0.9195415729293365,-0.8656435255409057,1.8059720287238485,0.8203098286679761,1.9323316063254954,1.1974183988545242,1.727401539164822,1.3170427367948452,2.4396758684012045,1.7230978934046326,1.7230978934046326,-1.4258276275771695,0.3688296846911479,1.5416248698613775,0,1,power_user,2,3.7743387187504567,-0.09367946779430707
892,-0.7718107031195512,1.042227611067828,1.6381479724143637,-0.41785466134710464,-0.2794068635759277,-0.2794068635759276,0.005322381058825778,-0.15684619584900225,-0.2849966432532669,-0.19178464021846164,-0.23387195126475638,0.6541149284952241,0.4346375910307722,-0.48863635585098564,0.6580619219375923,-0.2131369281205442,-0.7297104957834565,-0.7297104957834566,-0.2633101978363056,-0.06877721824476005,-0.08764070009710599,1,0,consistent_user,0,0.22616045770715668,1.2257665403117213
893,-0.7718107031195512,-0.053700476280045734,0.4507635365017753,0.07422148547971154,0.32558814958017684,0.3255881495801769,-0.6608317688382453,-0.003460938798088793,-0.3978592090466591,-0.19178464021846164,-0.557154363777461,-0.7045891563348539,0.18305664901163074,-0.48863635585098564,0.2791479533946715,-0.04733612833793493,-0.7297104957834565,-0.7297104957834566,-1.4258276275771695,-0.43344963735801667,-0.10266901696457965,0,0,casual_user,0,-0.451771912391847,0.38448589764728
894,0.9332203052447002,-0.6016645199539825,-0.855359343002072,-0.41785466134710464,-0.48107186796129586,-0.4810718679612959,1.6707077558015044,0.3544379943207086,0.12221088597034979,0.4741342494289751,-0.7726759721192641,-0.699798239251532,0.25038097246991586,-0.6900943463069682,-0.2892229994197094,-0.5447385276857627,0.08789230061257318,0.08789230061257323,0.8992072319045583,-1.6004013785204378,-0.30304657519755923,1,0,casual_user,1,-0.8814029819003926,-1.2962388863330265
895,-0.20346703366480073,0.49426356739389105,0.2528661305163439,1.2223991614089493,1.5355781758923859,1.5355781758923863,0.2134955529016607,0.3544379943207086,-0.7426488577228686,1.8059720287238485,1.57270623630624,1.6793711843261014,1.2068373768009535,1.727401539164822,1.020259097750678,1.2790702699229393,2.540700689800662,2.5407006898006625,-0.2633101978363056,1.0981745229176612,1.7743972270708335,0,1,power_user,2,3.8724411563298275,0.329835664367277
896,2.0699076441542013,-1.1496285636279193,-1.1606867693795946,-0.25382927907149927,-0.48107186796129586,-0.4810718679612959,0.3754080198905321,0.9509362161853714,-0.07177240693879156,-0.19178464021846164,0.10288056176931103,-0.669136369918272,-0.24491835518790803,-0.28717836539500313,-1.7101503814556616,-1.0421409270335906,-0.7297104957834565,-0.7297104957834566,0.8992072319045583,1.5357814258535691,-0.3985390052929639,1,0,casual_user,1,-1.5495353641687435,-1.254505598946177
897,-1.3401543725743017,-0.6016645199539825,1.0444557544580695,-1.2379815727251318,-1.2877318855027686,-1.2877318855027688,1.6707077558015044,-1.4350566712732788,1.8439514113967574,-0.8577035298658984,-1.311479992973772,-0.17183917666946352,-2.0377663477395522,-0.8915523367629506,-0.05240176908038397,-0.8763401272509813,-0.7297104957834565,-0.7297104957834566,-0.8445689127067375,-1.2357289594071812,-1.6280431790131376,1,0,casual_user,3,-2.317474095985213,1.1055100944531653
898,0.3648766357899498,-1.1496285636279193,-1.03346700838896,-0.9099308081739209,-1.0860668811174004,-1.0860668811174004,0.3754080198905321,0.3544379943207086,1.8439514113967574,-0.8577035298658984,-1.311479992973772,-0.9652150456675627,-0.5218188133002654,-0.8915523367629506,0.7764725371072548,-0.5447385276857627,-0.7297104957834565,-0.7297104957834566,-0.2633101978363056,0.5876331361591018,-0.6549596618442298,1,0,at_risk_user,1,-1.5967789331737727,-1.0228869713423883
899,0.9332203052447002,-0.053700476280045734,-0.6178824558195544,0.5662976323065277,0.12392314519480867,0.12392314519480872,-1.3516582946574307,1.5474344380500333,-0.6084200055927248,-0.8577035298658984,0.13914621701913374,0.6301603430786149,0.4909668371007387,0.11573761551696186,1.350308595237159,0.9474686703577208,0.08789230061257318,0.08789230061257323,-0.2633101978363056,-0.7981220564712733,0.4327629391214305,0,1,consistent_user,0,1.217239219189733,-0.340219641993626
900,0.9332203052447002,2.1381556984157015,0.33202509291051646,1.2223991614089493,0.7289181583509132,0.7289181583509132,-0.91989171602044,1.5474344380500333,-0.6372879928155166,-0.19178464021846164,1.57270623630624,1.7953113777424903,1.3020389092281293,1.727401539164822,1.4103175947801552,1.6106718694881579,0.08789230061257318,0.08789230061257323,-0.8445689127067375,-0.506384121180668,1.099891005313053,0,1,power_user,2,2.8689499306390798,0.2574052620637232
901,0.3648766357899498,-0.053700476280045734,-0.439774790432666,-0.41785466134710464,-0.2794068635759277,-0.2794068635759276,0.005322381058825778,-0.15684619584900225,-0.4580867589739623,-0.19178464021846164,-0.7726759721192641,0.3177925492460302,0.7115380491431296,-0.6900943463069682,-0.2892229994197094,-0.5447385276857627,-0.7297104957834565,-0.7297104957834566,1.4804659467749903,1.1711090067403125,-0.42577782961525923,1,0,consistent_user,0,-0.40591927477290085,-0.797363995505819
902,-0.20346703366480073,0.49426356739389105,0.2528661305163439,-0.5818800436227101,-0.48107186796129586,-0.4810718679612959,0.3754080198905321,-0.24206022754395373,-0.600563641934638,-0.19178464021846164,-0.6828753019768462,-0.49666335491868535,0.4346375910307722,-0.6900943463069682,0.5001811017113752,-0.3789377279031535,-0.7297104957834565,-0.7297104957834566,-0.8445689127067375,1.3899124582082665,-0.321831971281901,1,0,casual_user,0,-0.6234060503847385,-0.16463076901395612
903,-0.7718107031195512,-1.1496285636279193,-0.736620899410813,-1.2379815727251318,-1.2877318855027686,-1.2877318855027688,1.6707077558015044,-1.4350566712732788,1.8439514113967574,-0.8577035298658984,-1.311479992973772,-0.4439632670021449,0.18305664901163074,-0.8915523367629506,-1.7101503814556616,-1.0421409270335906,-0.7297104957834565,-0.7297104957834566,-1.4258276275771695,0.2958952008684966,-1.102052088651566,1,0,casual_user,1,-2.246599397198757,-1.4192711879867292
904,1.5015639746994507,-0.053700476280045734,-0.736620899410813,-0.25382927907149927,-0.2794068635759277,-0.2794068635759276,0.005322381058825778,0.3544379943207086,-0.6930200837345618,-0.19178464021846164,-0.8400264747260776,-0.46983421925208285,-0.19563186912359795,-0.6900943463069682,-0.4668389221742034,-0.5447385276857627,-0.7297104957834565,-0.7297104957834566,0.8992072319045583,1.2440434905629638,-0.4774376688471994,1,0,casual_user,1,-1.2014202278172232,-0.7559510334420213
905,-0.7718107031195512,-1.1496285636279193,-0.736620899410813,-1.2379815727251318,-1.2877318855027686,-1.2877318855027688,1.6707077558015044,-1.4350566712732788,1.8439514113967574,-0.8577035298658984,-1.311479992973772,-1.1894299651670255,-0.5218188133002654,-0.8915523367629506,-1.7101503814556616,-1.0421409270335906,-0.7297104957834565,-0.7297104957834566,0.8992072319045583,0.44176416851379924,-1.102052088651566,1,0,at_risk_user,1,-2.847441615739522,-1.1799115918194487
906,-0.20346703366480073,-1.1496285636279193,-0.9345183053962445,-1.0739561904495263,-1.0860668811174004,-1.0860668811174004,0.3754080198905321,-0.8385584494086165,1.8439514113967574,-0.8577035298658984,1.202938771013931,-0.8358602844178727,0.4346375910307722,-0.48863635585098564,-0.6049846398721432,-0.8763401272509813,-0.7297104957834565,-0.7297104957834566,-0.2633101978363056,-1.6004013785204378,0.002529201107734787,1,0,casual_user,1,-0.7516253579383539,-1.2982494007364134
907,-0.7718107031195512,-0.053700476280045734,0.4507635365017753,-0.08980389679589386,0.12392314519480867,0.12392314519480872,-0.48812513738344926,-0.04322748692239988,-0.43766755248496564,-0.19178464021846164,-0.8924101989758214,-0.5934398800017868,0.4346375910307722,-0.6900943463069682,-0.6049846398721432,-0.5447385276857627,-0.7297104957834565,-0.7297104957834566,0.8992072319045583,1.6087159096762205,-0.4124193257330607,0,0,casual_user,0,-0.888693298068768,0.18174751023458924
908,-0.20346703366480073,-1.1496285636279193,-0.9345183053962445,-1.0739561904495263,-1.0860668811174004,-1.0860668811174004,0.3754080198905321,-0.8385584494086165,1.8439514113967574,-0.8577035298658984,-1.311479992973772,-0.6193108322517248,-0.5218188133002654,-0.8915523367629506,-0.6049846398721432,-0.8763401272509813,-0.7297104957834565,-0.7297104957834566,-1.4258276275771695,-0.9439910241165759,-0.8741226161615515,1,0,casual_user,1,-2.0022187425200713,-0.9920718774080848
909,-0.20346703366480073,-0.053700476280045734,-0.1429286814545189,0.07422148547971154,0.12392314519480867,0.12392314519480872,-0.48812513738344926,0.3544379943207086,-0.5556148192942237,-0.19178464021846164,-0.557154363777461,0.35803625274593354,0.8316028652535606,-0.48863635585098564,1.2737971208198382,0.4500662710098929,-0.7297104957834565,-0.7297104957834566,-0.8445689127067375,-0.725187572648622,0.002529201107734787,0,1,consistent_user,0,0.5721174837649757,-0.35051559043993713
910,0.9332203052447002,0.49426356739389105,-0.3804055686370366,-0.08980389679589386,-0.07774185919055952,-0.07774185919055944,0.6992329538682752,0.3544379943207086,-0.47120159227931313,0.4741342494289751,1.202938771013931,0.805507908328195,0.6473462466927044,0.3171956059729444,1.2369582627670541,0.28426547122728363,0.08789230061257318,0.08789230061257323,1.4804659467749903,0.8064365876270558,0.733072382165473,1,0,consistent_user,0,1.5386618961381149,-0.5939374050573927
911,1.5015639746994507,-1.1496285636279193,-1.132415711381676,-0.5818800436227101,-0.48107186796129586,-0.4810718679612959,2.9660074917124764,-0.24206022754395373,-0.8475020634922986,1.1400531390764117,-0.054270610979920475,-0.5579870935852049,-0.19563186912359795,-0.48863635585098564,-0.6049846398721432,-0.710539327468372,0.08789230061257318,0.08789230061257323,1.4804659467749903,-1.4545324108751352,-0.10266901696457965,1,0,casual_user,1,-0.9003429407657764,-1.6221580657466854
912,-0.20346703366480073,1.042227611067828,0.6486609424872066,0.07422148547971154,0.12392314519480867,0.12392314519480872,-1.3516582946574307,0.3544379943207086,-0.3799428322696249,-0.8577035298658984,0.5743340800170054,-0.5072033725019933,0.03767231680798374,0.11573761551696186,-0.715501214030495,-0.5447385276857627,-0.7297104957834565,-0.7297104957834566,0.31794851703412635,-1.6733358623430892,0.08142786466197062,0,0,casual_user,0,-0.43988595682566045,0.7217406435156901
913,-1.3401543725743017,-0.6016645199539825,1.0444557544580695,-1.0739561904495263,-1.0860668811174004,-1.0860668811174004,0.3754080198905321,-0.8385584494086165,1.8439514113967574,-0.8577035298658984,-1.311479992973772,-1.0734897717506366,-2.0377663477395522,-0.8915523367629506,-0.6049846398721432,-0.8763401272509813,-0.7297104957834565,-0.7297104957834566,1.4804659467749903,0.004157265577891283,-1.663109251703909,1,0,at_risk_user,3,-2.7889955979016,1.3221170761030576
914,-0.20346703366480073,-0.6016645199539825,-0.5387234934253817,-0.9099308081739209,-0.8844018767320323,-0.8844018767320323,-0.27224184806495383,-0.5403093384762852,-0.08924966995655548,-0.8577035298658984,-0.3685729564783833,-0.7132128070848331,0.18305664901163074,-0.6900943463069682,-0.05240176908038397,-0.710539327468372,-0.7297104957834565,-0.7297104957834566,0.31794851703412635,-0.9439910241165759,-0.40511389392248337,1,0,casual_user,1,-1.0635608687118632,-0.7095109670789662
915,0.9332203052447002,-0.053700476280045734,-0.6178824558195544,-0.41785466134710464,-0.48107186796129586,-0.4810718679612959,0.3754080198905321,0.3544379943207086,-0.2875956108831576,-0.19178464021846164,-1.311479992973772,-0.5263670408352809,0.31457277492034114,-0.8915523367629506,-0.2892229994197094,-0.5447385276857627,-0.7297104957834565,-0.7297104957834566,-0.8445689127067375,-0.5793186050033193,-0.6662308994948349,1,0,casual_user,1,-1.2454400337415155,-0.9486198592668632
916,-0.20346703366480073,-1.1496285636279193,-0.9345183053962445,-1.0739561904495263,-1.2877318855027686,-1.2877318855027688,1.6707077558015044,0.3544379943207086,1.8439514113967574,-0.8577035298658984,1.202938771013931,-1.0773225054172941,-0.12485353907747694,-0.48863635585098564,-1.7101503814556616,-1.0421409270335906,-0.7297104957834565,-0.7297104957834566,0.31794851703412635,0.15002623322319394,-0.22540027138227964,1,0,at_risk_user,1,-1.6687892571815508,-1.4330889008951535
917,2.0699076441542013,-1.1496285636279193,-1.1606867693795946,0.07422148547971154,-0.07774185919055952,-0.07774185919055944,-0.27224184806495383,0.8018116607192055,-0.27126580529603095,-0.19178464021846164,-0.557154363777461,-0.6681781865016077,0.1362767483983575,-0.48863635585098564,0.2791479533946715,-0.04733612833793493,-0.7297104957834565,-0.7297104957834566,0.8992072319045583,1.3899124582082665,-0.20786723503689408,0,0,casual_user,0,-0.6482075766420127,-1.143359678986244
918,-0.7718107031195512,-0.6016645199539825,-0.1429286814545189,-0.9099308081739209,-0.8844018767320323,-0.8844018767320323,-0.27224184806495383,-0.5403093384762852,-0.9350918936641772,-0.8577035298658984,-0.3685729564783833,-0.9211386085010017,-0.12485353907747694,-0.6900943463069682,-0.8812760752680229,-0.8763401272509813,-0.7297104957834565,-0.7297104957834566,-1.4258276275771695,1.2440434905629638,-0.5366116665128764,0,0,at_risk_user,1,-1.6088400569183752,-0.29239413793565033
919,0.9332203052447002,-0.053700476280045734,-0.6178824558195544,0.7303230145821331,0.7289181583509132,0.7289181583509132,0.3754080198905321,0.6526871052530396,-0.531254311962376,1.1400531390764117,-0.23387195126475638,0.578418438578739,0.5971634469162329,-0.08572037493902064,1.3685256129555685,1.11326947014033,0.9054950970086029,0.905495097008603,1.4804659467749903,-1.6004013785204378,0.6387279484974452,0,1,consistent_user,2,1.5989966752761842,-0.5854948596784256
920,0.3648766357899498,1.5901916547417647,0.4507635365017753,1.0583737791333439,1.3339131715070178,1.333913171507018,-0.14271187447385666,0.3544379943207086,-0.6605587083931049,1.1400531390764117,1.0457875982646996,0.6550731119118887,0.9420517894091867,1.1230275677968744,-0.2596203456272937,0.11846467144467435,1.7230978934046326,1.7230978934046326,-0.8445689127067375,-1.3086634432298325,1.1597095999031923,0,1,consistent_user,2,2.2103079127523575,0.4426811708312044
921,0.3648766357899498,-0.053700476280045734,-0.439774790432666,-0.5818800436227101,-0.48107186796129586,-0.4810718679612959,0.3754080198905321,-0.24206022754395373,-0.8602335033551076,-0.19178464021846164,-0.6828753019768462,-0.5254088574186163,0.18305664901163074,-0.6900943463069682,-0.05240176908038397,-0.5447385276857627,-0.7297104957834565,-0.7297104957834566,-0.2633101978363056,1.6087159096762205,-0.4094971530088299,1,0,casual_user,1,-0.956431680972928,-0.7109103880441997
922,-1.3401543725743017,-1.1496285636279193,-0.1429286814545189,-1.402006955000737,-1.489396889888137,-1.489396889888137,-2.215191451931412,-3.2245513368672665,1.8439514113967574,-1.523622419513335,-1.311479992973772,-1.536292361999528,-2.0377663477395522,-0.8915523367629506,-1.7101503814556616,-1.0421409270335906,-0.7297104957834565,-0.7297104957834566,-0.2633101978363056,1.3169779743856151,-1.9436378332300805,1,0,at_risk_user,3,-3.495069994156195,0.6748642134630441
923,-0.7718107031195512,0.49426356739389105,1.0444557544580695,0.4022722500309223,0.32558814958017684,0.3255881495801769,0.8935279142549213,0.7123369274395064,-0.4010656188150278,1.1400531390764117,0.5743340800170054,0.5736275214954171,0.18305664901163074,0.3171956059729444,0.5001811017113752,0.28426547122728363,0.9054950970086029,0.905495097008603,1.4804659467749903,-0.06877721824476005,0.677551100405085,0,1,consistent_user,2,1.199084591749481,0.8752090347856175
924,0.9332203052447002,-1.1496285636279193,-1.0928362301845895,1.2223991614089493,0.9305831627362814,0.9305831627362817,-0.42169950990083516,1.1803586092102416,-0.18806319906479005,0.4741342494289751,0.24154336125392692,0.5094292325789044,0.87406390502859,0.5186535964289268,1.020259097750678,1.2790702699229393,1.7230978934046326,1.7230978934046326,0.31794851703412635,0.8064365876270558,0.977159750895353,0,1,consistent_user,2,2.1610475967902687,-0.8462626258960299
925,-1.3401543725743017,-1.1496285636279193,-0.1429286814545189,-1.402006955000737,-1.489396889888137,-1.489396889888137,-2.215191451931412,-3.2245513368672665,1.8439514113967574,-1.523622419513335,-1.311479992973772,-1.536292361999528,-2.0377663477395522,-0.8915523367629506,-1.7101503814556616,-1.0421409270335906,-0.7297104957834565,-0.7297104957834566,-0.8445689127067375,-0.14171170206741138,-1.9436378332300805,0,0,at_risk_user,3,-3.495069994156195,0.6748642134630441
926,0.3648766357899498,1.5901916547417647,0.4507635365017753,1.878500690511371,1.9389081846631224,1.9389081846631226,0.3754080198905321,0.7521034755638172,-0.7808010717178885,2.4718909183712854,0.6641347501594234,1.9419134404921385,1.1847589072038855,1.324485558252857,1.1317043826162427,1.9422734690533765,0.08789230061257318,0.08789230061257323,-1.4258276275771695,-1.6004013785204378,1.0545113818308787,0,1,power_user,2,2.89242971415706,0.24043741123028387
927,0.3648766357899498,1.042227611067828,0.1539174275236282,0.4022722500309223,0.5272531539655451,0.5272531539655451,-0.8021371945739878,0.3544379943207086,-0.5526196778046689,-0.19178464021846164,-0.054270610979920475,-0.5589452770018695,-0.12485353907747694,-0.08572037493902064,0.22388966631549578,0.11846467144467435,0.08789230061257318,0.08789230061257323,1.4804659467749903,1.5357814258535691,0.2918243008065989,0,0,casual_user,0,0.07688273360065087,0.3981260593805469
928,0.9332203052447002,-0.053700476280045734,-0.6178824558195544,0.4022722500309223,0.32558814958017684,0.3255881495801769,0.1163480727083377,0.7123369274395064,-0.7106153457218517,0.4741342494289751,0.8886364255154683,0.6627385792452035,0.5971634469162329,0.5186535964289268,0.22388966631549578,0.11846467144467435,0.08789230061257318,0.08789230061257323,-0.8445689127067375,0.15002623322319394,0.5679696232464246,1,0,consistent_user,0,1.1290316152153208,-0.6916170956797875
929,1.5015639746994507,0.49426356739389105,-0.5387234934253817,1.7144753082357655,1.7372431802777542,1.7372431802777546,-0.38653300123356904,0.7754955626957646,-0.7915097593742434,1.1400531390764117,2.2715667457087045,1.9208334053255225,1.166838201927578,2.936149481900717,1.4395719820573658,2.1080742688359857,2.540700689800662,2.5407006898006625,-1.4258276275771695,1.6087159096762205,2.1371763761584464,0,1,power_user,2,4.519732382453942,-0.16232311676579658
930,-0.7718107031195512,-0.053700476280045734,0.4507635365017753,-0.41785466134710464,-0.2794068635759277,-0.2794068635759276,0.005322381058825778,-0.15684619584900225,-0.5484516773935145,-0.19178464021846164,-0.7726759721192641,-0.397970463002255,0.4346375910307722,-0.6900943463069682,0.18441946125894132,-0.3789377279031535,-0.7297104957834565,-0.7297104957834566,1.4804659467749903,-1.5274668946977865,-0.3506362452778921,0,0,casual_user,0,-0.6369167016632568,0.09178556019838281
931,-0.7718107031195512,-1.1496285636279193,-0.736620899410813,-1.2379815727251318,-1.2877318855027686,-1.2877318855027688,1.6707077558015044,-1.4350566712732788,1.8439514113967574,-0.8577035298658984,-1.311479992973772,-0.46983421925208285,-0.5218188133002654,-0.8915523367629506,-1.7101503814556616,-1.0421409270335906,-0.7297104957834565,-0.7297104957834566,-0.8445689127067375,1.5357814258535691,-1.102052088651566,1,0,casual_user,1,-2.5308216658906555,-1.1500575887470768
932,-0.20346703366480073,-0.6016645199539825,-0.5387234934253817,-0.9099308081739209,-0.8844018767320323,-0.8844018767320323,-0.27224184806495383,-0.5403093384762852,-0.30071022588346086,-0.8577035298658984,-0.3685729564783833,-0.41713413133554256,0.31457277492034114,-0.6900943463069682,-0.05240176908038397,-0.710539327468372,-0.7297104957834565,-0.7297104957834566,0.31794851703412635,0.6605676199817532,-0.40511389392248337,1,0,casual_user,0,-0.8823806442766393,-0.7476578050787348
933,-1.3401543725743017,-1.1496285636279193,-0.1429286814545189,-1.2379815727251318,-1.2877318855027686,-1.2877318855027688,1.6707077558015044,-1.4350566712732788,1.8439514113967574,-0.8577035298658984,-1.311479992973772,-0.8176547995012495,-2.0377663477395522,-0.8915523367629506,-1.7101503814556616,-1.0421409270335906,-0.7297104957834565,-0.7297104957834566,1.4804659467749903,-0.21464618589006268,-1.8910387241939233,0,0,at_risk_user,1,-3.2706924763804306,-0.05767152309271466
934,-1.3401543725743017,-0.6016645199539825,1.0444557544580695,-0.25382927907149927,-0.07774185919055952,-0.07774185919055944,-0.27224184806495383,-0.09293567207778825,-0.5661583858401689,-0.19178464021846164,-0.3685729564783833,-0.7524983271680724,-2.0377663477395522,-0.48863635585098564,0.36203538401343544,-0.2131369281205442,-0.7297104957834565,-0.7297104957834566,1.4804659467749903,0.004157265577891283,-0.9179552070250157,0,0,casual_user,3,-1.4203654135391257,1.6482056698506555
935,0.9332203052447002,1.5901916547417647,0.09454820572799878,1.2223991614089493,1.3339131715070178,1.333913171507018,-0.6608317688382453,0.5930372830665736,-0.8362131975109356,0.4741342494289751,1.350845757130855,1.885380618908941,1.271029179251379,1.5259435487088393,1.4103175947801552,1.6106718694881579,0.9054950970086029,0.905495097008603,-0.8445689127067375,-1.3815979270524839,1.3556670649398563,0,1,power_user,2,3.3793340026460554,0.15969157903279557
936,0.3648766357899498,-0.053700476280045734,-0.439774790432666,-0.5818800436227101,-0.48107186796129586,-0.4810718679612959,-0.91989171602044,-0.24206022754395373,-0.8602335033551076,-0.8577035298658984,-0.6828753019768462,-1.1204407591671908,-0.5218188133002654,-0.6900943463069682,-1.1575675106639025,-0.8763401272509813,-0.7297104957834565,-0.7297104957834566,1.4804659467749903,1.2440434905629638,-0.584827516462687,0,0,at_risk_user,1,-1.8771675251574407,-0.2610043154812864
937,1.5015639746994507,1.042227611067828,-0.34082608743995035,1.3864245436845548,1.5355781758923859,1.5355781758923863,-0.7579792490315683,0.5781248275199571,-0.7236313377372718,0.4741342494289751,1.8315434620108568,1.7119494204926897,1.3679022744648628,2.130317520076787,1.4211525530309739,1.7764726692707673,2.540700689800662,2.5407006898006625,-1.4258276275771695,0.5876331361591018,1.9282410263759338,0,1,power_user,2,4.256436850522797,-0.03239180776526592
938,0.9332203052447002,1.5901916547417647,0.09454820572799878,1.0583737791333439,0.7289181583509132,0.7289181583509132,-0.27224184806495383,1.2491853271177025,-0.6832655835760872,0.4741342494289751,1.517241116512394,1.8288477973257429,0.9941287211390216,1.5259435487088393,0.9836911136541646,1.11326947014033,0.9054950970086029,0.905495097008603,1.4804659467749903,-0.287580669712714,1.188200783964444,0,1,power_user,2,2.8569246943574247,0.10402391806096796
939,-1.3401543725743017,-1.1496285636279193,-0.1429286814545189,-1.0739561904495263,-1.0860668811174004,-1.0860668811174004,0.3754080198905321,-0.8385584494086165,1.8439514113967574,-0.8577035298658984,-1.311479992973772,-0.903891307001043,-2.0377663477395522,-0.8915523367629506,-1.7101503814556616,-1.0421409270335906,-0.7297104957834565,-0.7297104957834566,-0.2633101978363056,-1.5274668946977865,-1.8384396151577662,0,0,at_risk_user,3,-3.1603827071166313,0.22121362019060314
940,-0.20346703366480073,-0.6016645199539825,-0.5387234934253817,-0.7459054258983154,-0.682736872346664,-0.6827368723466641,-0.6608317688382453,-0.36135987191688623,-0.5240294287220245,-0.8577035298658984,0.19717126541884997,-0.47462513633540476,0.18305664901163074,-0.48863635585098564,-1.0470509365055505,-0.8763401272509813,-0.7297104957834565,-0.7297104957834566,-1.4258276275771695,-0.7981220564712733,-0.31306545310920797,1,0,casual_user,1,-1.0343128957089662,-0.6355484218126317
941,0.9332203052447002,-0.6016645199539825,-0.855359343002072,0.23824686775531695,0.32558814958017684,0.3255881495801769,-0.6608317688382453,0.3544379943207086,-0.2502917641278493,-0.19178464021846164,1.08864700901449,0.6272857928286216,0.9152572599084369,0.5186535964289268,1.3039380046812068,0.6158670707925021,0.08789230061257318,0.08789230061257323,-0.8445689127067375,0.0770917494005426,0.809048872995478,0,1,consistent_user,0,1.7861614930518734,-0.8074103856557711
942,-0.20346703366480073,1.5901916547417647,1.0444557544580695,0.7303230145821331,0.9305831627362814,0.9305831627362817,-0.42169950990083516,0.3544379943207086,-0.4610453703879919,0.4741342494289751,0.5743340800170054,-0.5675689277518489,0.18305664901163074,0.5186535964289268,0.6580619219375923,0.6158670707925021,0.9054950970086029,0.905495097008603,-0.8445689127067375,-1.4545324108751352,0.860395622292679,0,0,casual_user,0,1.0863374951685165,1.1649929196446882
943,-0.20346703366480073,-1.1496285636279193,-0.9345183053962445,-0.7459054258983154,-0.682736872346664,-0.6827368723466641,-0.6608317688382453,-0.36135987191688623,-0.014365960636963517,-0.8577035298658984,-1.311479992973772,-0.6700945533349365,0.31457277492034114,-0.8915523367629506,-0.38395149155543945,-0.710539327468372,-0.7297104957834565,-0.7297104957834566,0.31794851703412635,1.2440434905629638,-0.7338583253984655,1,0,casual_user,1,-1.3871123569460548,-1.0520345481011937
944,-0.7718107031195512,0.49426356739389105,1.0444557544580695,0.7303230145821331,0.9305831627362814,0.9305831627362817,-0.42169950990083516,0.3544379943207086,-0.7576823986485565,0.4741342494289751,1.1131381008715133,0.5870420893287183,0.4346375910307722,0.9215695773408918,1.1317043826162427,0.9474686703577208,1.7230978934046326,1.7230978934046326,0.8992072319045583,-1.5274668946977865,1.2987215309273223,0,1,consistent_user,2,2.4081235983222298,1.2471828435381551
945,-0.20346703366480073,-0.6016645199539825,-0.5387234934253817,-0.7459054258983154,-0.8844018767320323,-0.8844018767320323,-0.27224184806495383,0.3544379943207086,2.236816445239404,-0.8577035298658984,-1.311479992973772,-0.5781089453351569,-0.12485353907747694,-0.8915523367629506,0.9422473983447828,-0.3789377279031535,-0.7297104957834565,-0.7297104957834566,-1.4258276275771695,-1.3086634432298325,-0.576060998289994,0,0,casual_user,1,-1.087677476660596,-0.5607147272637506
946,1.5015639746994507,-0.053700476280045734,-0.736620899410813,0.5662976323065277,0.7289181583509132,0.7289181583509132,-0.91989171602044,0.3544379943207086,-0.6747641980371758,-0.19178464021846164,1.8798976690106202,1.6381692974095334,1.2199168577749853,1.324485558252857,1.0952703471794236,0.7816678705751114,0.08789230061257318,0.08789230061257323,-1.4258276275771695,0.004157265577891283,1.1570122096962105,0,1,power_user,2,2.760132402359945,-0.671282833770254
947,1.5015639746994507,1.042227611067828,-0.34082608743995035,0.7303230145821331,0.9305831627362814,0.9305831627362817,0.1761311374426905,0.3544379943207086,-0.7217133183197201,1.1400531390764117,1.6519421217260208,1.7742313425758736,1.1936327314283277,1.324485558252857,1.3685256129555685,1.11326947014033,0.9054950970086029,0.905495097008603,0.31794851703412635,-1.1627944755845299,1.348815920485567,0,1,power_user,2,3.1852166315173123,-0.40574206304968136
948,2.0699076441542013,-1.1496285636279193,-1.1606867693795946,0.23824686775531695,-0.07774185919055952,-0.07774185919055944,-0.27224184806495383,1.2491853271177025,0.09369570901440652,-0.19178464021846164,-0.2828541349788026,-0.4660014855854254,0.03767231680798374,-0.28717836539500313,0.7011203274538332,0.28426547122728363,0.08789230061257318,0.08789230061257323,0.31794851703412635,1.0981745229176612,0.1300421927105403,0,0,casual_user,0,-0.004528014267590879,-0.9763816180241576
949,-0.7718107031195512,-0.6016645199539825,-0.1429286814545189,-0.5818800436227101,-0.48107186796129586,-0.4810718679612959,-0.91989171602044,-0.24206022754395373,-0.5484516773935145,-0.8577035298658984,0.5743340800170054,-0.606854447835088,0.4346375910307722,-0.28717836539500313,-0.6049846398721432,-0.710539327468372,-0.7297104957834565,-0.7297104957834566,-1.4258276275771695,0.2958952008684966,-0.058836426101115495,0,0,casual_user,0,-0.5701157943619877,-0.2804626882760492
950,0.3648766357899498,-1.1496285636279193,-1.03346700838896,-0.9099308081739209,-0.8844018767320323,-0.8844018767320323,1.6707077558015044,-0.5403093384762852,-0.7236313377372718,-0.19178464021846164,-0.3685729564783833,-1.0303715180007398,-0.5218188133002654,-0.6900943463069682,-0.8812760752680229,-0.8763401272509813,-0.7297104957834565,-0.7297104957834566,0.8992072319045583,0.5876331361591018,-0.5366116665128764,1,0,at_risk_user,1,-1.9005152657636555,-1.3247943507604143
951,-0.20346703366480073,-0.053700476280045734,-0.1429286814545189,1.0583737791333439,0.9305831627362814,0.9305831627362817,-1.0195301572443607,0.9050517375803967,-0.7814035897614559,-0.19178464021846164,0.10288056176931103,0.7537660038283187,0.31457277492034114,0.3171956059729444,0.5692539605603452,0.7816678705751114,0.08789230061257318,0.08789230061257323,0.31794851703412635,1.0981745229176612,0.5066039960375743,0,1,consistent_user,0,1.2115142507120462,0.12981264134415374
952,-1.3401543725743017,-1.1496285636279193,-0.1429286814545189,-1.2379815727251318,-1.2877318855027686,-1.2877318855027688,1.6707077558015044,-1.4350566712732788,1.8439514113967574,-0.8577035298658984,-1.311479992973772,-0.5014542720020071,-2.0377663477395522,-0.8915523367629506,-1.7101503814556616,-1.0421409270335906,-0.7297104957834565,-0.7297104957834566,-0.2633101978363056,-0.6522530888259707,-1.8910387241939233,1,0,casual_user,1,-3.131565201480128,-0.04455325276797063
953,-0.7718107031195512,1.042227611067828,1.6381479724143637,1.0583737791333439,0.9305831627362814,0.9305831627362817,0.1761311374426905,0.9050517375803967,-0.8475020634922986,1.1400531390764117,-0.13284619735453612,0.7087313832450933,0.4346375910307722,0.11573761551696186,0.36203538401343544,0.6158670707925021,0.9054950970086029,0.905495097008603,0.8992072319045583,0.8793710714497072,0.5668738084748378,0,1,consistent_user,2,1.32364396795128,1.4916339241354293
954,-1.3401543725743017,-0.053700476280045734,2.231840190370658,-1.0739561904495263,-1.2877318855027686,-1.2877318855027688,1.6707077558015044,0.3544379943207086,1.8439514113967574,-0.8577035298658984,-1.311479992973772,-1.1951790656670116,-2.0377663477395522,-0.8915523367629506,-1.7101503814556616,-1.0421409270335906,-0.7297104957834565,-0.7297104957834566,-0.8445689127067375,0.6605676199817532,-1.8910387241939233,1,0,at_risk_user,3,-3.4369883342934933,2.0287495948422483
955,0.9332203052447002,1.042227611067828,-0.1429286814545189,1.55044992596016,1.7372431802777542,1.7372431802777546,-0.38653300123356904,0.5649667785082366,-0.9262155948118084,1.1400531390764117,0.8720941968050229,0.4356491094957475,0.5450865151863976,1.324485558252857,1.0818472814921742,1.6106718694881579,2.540700689800662,2.5407006898006625,0.8992072319045583,-1.7462703461657405,1.5924987602182405,0,1,consistent_user,2,2.938135198833578,0.30768660479510107
956,-0.7718107031195512,-1.1496285636279193,-0.736620899410813,-1.0739561904495263,-1.0860668811174004,-1.0860668811174004,0.3754080198905321,-0.8385584494086165,1.8439514113967574,-0.8577035298658984,1.202938771013931,-0.9910859979175006,-0.12485353907747694,-0.48863635585098564,-1.7101503814556616,-1.0421409270335906,-0.7297104957834565,-0.7297104957834566,0.31794851703412635,0.6605676199817532,-0.17280116234612242,0,0,at_risk_user,1,-1.4826074103965263,-0.9718747092967008
957,-1.3401543725743017,-0.6016645199539825,1.0444557544580695,-1.2379815727251318,-1.2877318855027686,-1.2877318855027688,1.6707077558015044,-1.4350566712732788,1.8439514113967574,-0.8577035298658984,-1.311479992973772,-0.8377766512512015,-2.0377663477395522,-0.8915523367629506,-0.05240176908038397,-0.8763401272509813,-0.7297104957834565,-0.7297104957834566,-0.8445689127067375,0.8064365876270558,-1.6280431790131376,1,0,at_risk_user,3,-2.6104845688813016,1.077882222102568
958,0.3648766357899498,1.042227611067828,0.1539174275236282,0.23824686775531695,0.12392314519480867,0.12392314519480872,-0.48812513738344926,0.7521034755638172,-0.6944307632509512,-0.19178464021846164,0.7457717230161668,0.625369425995293,0.7728759210801273,0.3171956059729444,0.09830265022645933,-0.04733612833793493,0.08789230061257318,0.08789230061257323,0.31794851703412635,1.1711090067403125,0.445636846927483,0,1,consistent_user,0,1.014187759979578,0.012849243204061462
959,0.9332203052447002,0.49426356739389105,-0.3804055686370366,0.5662976323065277,0.7289181583509132,0.7289181583509132,-0.27224184806495383,0.3544379943207086,-0.18990277561196842,0.4741342494289751,2.1700229110092013,1.897837003325578,1.271029179251379,1.5259435487088393,1.350308595237159,0.9474686703577208,1.7230978934046326,1.7230978934046326,1.4804659467749903,0.44176416851379924,1.6492859224705019,0,1,power_user,2,3.711903480545996,-0.29130787347727427
960,-0.7718107031195512,0.49426356739389105,1.0444557544580695,-0.41785466134710464,-0.48107186796129586,-0.4810718679612959,-0.91989171602044,0.3544379943207086,-0.054574834278193526,-0.8577035298658984,0.8437360904442591,-0.6653036362516146,0.18305664901163074,-0.08572037493902064,-0.2892229994197094,-0.5447385276857627,-0.7297104957834565,-0.7297104957834566,-1.4258276275771695,0.15002623322319394,0.08518494387883874,0,0,casual_user,0,-0.4613144492273201,0.8883334690339346
961,0.3648766357899498,0.49426356739389105,-0.1429286814545189,-0.25382927907149927,-0.2794068635759277,-0.2794068635759276,0.005322381058825778,0.3544379943207086,-0.6033004451720976,-0.19178464021846164,0.10288056176931103,-0.4660014855854254,-0.12485353907747694,-0.28717836539500313,-0.05240176908038397,-0.3789377279031535,-0.7297104957834565,-0.7297104957834566,0.8992072319045583,0.3688296846911479,-0.08294435107602055,1,0,casual_user,0,-0.639224721446743,-0.2099885174565386
962,-0.7718107031195512,-1.1496285636279193,-0.736620899410813,-1.2379815727251318,-1.2877318855027686,-1.2877318855027688,1.6707077558015044,-1.4350566712732788,1.8439514113967574,-0.8577035298658984,-1.311479992973772,-0.9901278145008364,-0.5218188133002654,-0.8915523367629506,-1.7101503814556616,-1.0421409270335906,-0.7297104957834565,-0.7297104957834566,0.8992072319045583,-1.2357289594071812,-1.102052088651566,1,0,at_risk_user,1,-2.7597492727720594,-1.171643106281428
963,0.9332203052447002,0.49426356739389105,-0.3804055686370366,0.8943483968577386,1.3339131715070178,1.333913171507018,-0.6608317688382453,0.11583870557484367,-0.7634613598255083,0.4741342494289751,1.9572644002102417,1.6055910612429445,1.0687347232965478,1.727401539164822,1.38431369497819,1.2790702699229393,0.9054950970086029,0.905495097008603,1.4804659467749903,-0.21464618589006268,1.5629694358470647,0,1,power_user,2,3.402770190432907,-0.17932412380695126
964,-1.3401543725743017,-1.1496285636279193,-0.1429286814545189,-1.402006955000737,-1.489396889888137,-1.489396889888137,-2.215191451931412,-3.2245513368672665,1.8439514113967574,-1.523622419513335,-1.311479992973772,-1.536292361999528,-2.0377663477395522,-0.8915523367629506,-1.7101503814556616,-1.0421409270335906,-0.7297104957834565,-0.7297104957834566,-1.4258276275771695,-0.14171170206741138,-1.9436378332300805,1,0,at_risk_user,3,-3.495069994156195,0.6748642134630441
965,-0.20346703366480073,0.49426356739389105,0.2528661305163439,0.4022722500309223,0.7289181583509132,0.7289181583509132,-0.27224184806495383,0.05618888338837724,-0.48158081799487396,0.4741342494289751,0.8886364255154683,0.7547241872449832,0.6473462466927044,0.5186535964289268,0.5001811017113752,0.28426547122728363,0.9054950970086029,0.905495097008603,1.4804659467749903,-0.6522530888259707,0.8923307956360604,0,1,consistent_user,2,1.810986762599455,0.2902918250992504
966,0.3648766357899498,-0.053700476280045734,-0.439774790432666,0.5662976323065277,0.32558814958017684,0.3255881495801769,0.1163480727083377,1.0702358605583036,-0.5326401203380674,0.4741342494289751,-0.15097902497944737,0.5295510843288559,0.8316028652535606,-0.08572037493902064,1.0952703471794236,0.7816678705751114,0.9054950970086029,0.905495097008603,1.4804659467749903,-0.287580669712714,0.5190794257448684,0,1,consistent_user,0,1.4256246842846239,-0.5218160707465889
967,-0.20346703366480073,-0.6016645199539825,-0.5387234934253817,-0.9099308081739209,-0.8844018767320323,-0.8844018767320323,1.6707077558015044,-0.5403093384762852,0.33367144189725534,-0.19178464021846164,0.5743340800170054,-0.617394465418396,-0.12485353907747694,-0.48863635585098564,-0.05240176908038397,-0.710539327468372,-0.7297104957834565,-0.7297104957834566,-1.4258276275771695,-1.4545324108751352,-0.07636946244650104,1,0,casual_user,1,-0.8647425175418357,-0.9531852101242444
968,-0.20346703366480073,-1.1496285636279193,-0.9345183053962445,-0.5818800436227101,-0.48107186796129586,-0.4810718679612959,0.3754080198905321,-0.24206022754395373,0.5691907737964662,-0.19178464021846164,-0.054270610979920475,-0.5723598448351706,0.4346375910307722,-0.48863635585098564,-1.1575675106639025,-0.8763401272509813,-0.7297104957834565,-0.7297104957834566,0.31794851703412635,0.004157265577891283,-0.36566456214536547,0,0,casual_user,1,-1.0818600231222506,-1.2867689998646723
969,0.3648766357899498,-1.1496285636279193,-1.03346700838896,0.07422148547971154,0.12392314519480867,0.12392314519480872,-0.48812513738344926,0.3544379943207086,-0.17861774710820402,-0.19178464021846164,0.19717126541884997,-0.599188980501773,-0.24491835518790803,-0.08572037493902064,0.610697675869727,0.11846467144467435,-0.7297104957834565,-0.7297104957834566,0.8992072319045583,-1.1627944755845299,0.16032652821620644,0,0,casual_user,0,-0.2406478653356858,-0.778983559682071
970,-0.7718107031195512,-1.1496285636279193,-0.736620899410813,-1.2379815727251318,-1.2877318855027686,-1.2877318855027688,1.6707077558015044,-1.4350566712732788,1.8439514113967574,-0.8577035298658984,0.5743340800170054,-0.9853368974175145,-1.0813099434085147,-0.6900943463069682,-1.7101503814556616,-1.0421409270335906,-0.7297104957834565,-0.7297104957834566,1.4804659467749903,1.6087159096762205,-0.6866659993162963,1,0,at_risk_user,1,-2.242464737984472,-0.9047333095611668
971,-1.3401543725743017,-0.6016645199539825,1.0444557544580695,-1.2379815727251318,-1.2877318855027686,-1.2877318855027688,1.6707077558015044,-1.4350566712732788,1.8439514113967574,-0.8577035298658984,-1.311479992973772,-1.2335064023335867,-2.0377663477395522,-0.8915523367629506,-1.7101503814556616,-1.0421409270335906,-0.7297104957834565,-0.7297104957834566,1.4804659467749903,1.0981745229176612,-1.8910387241939233,1,0,at_risk_user,3,-3.4537590845835417,0.9761177326415414
972,-0.7718107031195512,-1.1496285636279193,-0.736620899410813,-0.9099308081739209,-0.8844018767320323,-0.8844018767320323,-0.27224184806495383,-0.5403093384762852,-0.08924966995655548,-0.8577035298658984,-0.3685729564783833,-0.9805459803341926,-0.5218188133002654,-0.6900943463069682,-0.05240176908038397,-0.710539327468372,-0.7297104957834565,-0.7297104957834566,-0.2633101978363056,-0.725187572648622,-0.40511389392248337,0,0,at_risk_user,1,-1.4540102567214184,-0.6254885842253013
973,-0.20346703366480073,-1.1496285636279193,-0.9345183053962445,-0.9099308081739209,-0.8844018767320323,-0.8844018767320323,1.6707077558015044,-0.5403093384762852,0.7565925537510662,-0.19178464021846164,-0.3685729564783833,-1.092653440083924,-0.7733997553194069,-0.6900943463069682,-1.7101503814556616,-1.0421409270335906,-0.7297104957834565,-0.7297104957834566,0.8992072319045583,0.6605676199817532,-0.7341549329255926,1,0,at_risk_user,1,-2.359884697855967,-1.1859952515044163
974,-1.3401543725743017,-0.6016645199539825,1.0444557544580695,-1.0739561904495263,-1.0860668811174004,-1.0860668811174004,0.3754080198905321,-0.8385584494086165,1.8439514113967574,-0.8577035298658984,-1.311479992973772,-0.5742762116684994,-2.0377663477395522,-0.8915523367629506,-0.6049846398721432,-0.8763401272509813,-0.7297104957834565,-0.7297104957834566,-0.2633101978363056,0.0770917494005426,-1.663109251703909,1,0,casual_user,3,-2.5693431426802156,1.3428280422824261
975,1.5015639746994507,-0.6016645199539825,-0.9345183053962445,0.23824686775531695,0.32558814958017684,0.3255881495801769,0.8935279142549213,0.3544379943207086,-0.622451945508764,1.1400531390764117,-0.9686047069754489,-0.45162873433545986,0.06800045876823052,-0.6900943463069682,-0.20310618838722744,-0.2131369281205442,0.9054950970086029,0.905495097008603,-0.2633101978363056,0.004157265577891283,0.028031799428296006,0,0,casual_user,1,-0.1789861539800221,-0.9538376575613878
976,0.3648766357899498,-1.1496285636279193,-1.03346700838896,-0.7459054258983154,-0.682736872346664,-0.6827368723466641,0.8935279142549213,-0.36135987191688623,-0.09632200872651124,-0.19178464021846164,-1.311479992973772,-1.1453535280004645,-0.6843446691857261,-0.8915523367629506,-1.0470509365055505,-0.8763401272509813,-0.7297104957834565,-0.7297104957834566,-0.2633101978363056,-1.1627944755845299,-0.8541820066378919,1,0,at_risk_user,1,-2.3225564768270517,-1.1238827642147504
977,-0.7718107031195512,-1.1496285636279193,-0.736620899410813,-1.2379815727251318,-1.2877318855027686,-1.2877318855027688,1.6707077558015044,-1.4350566712732788,1.8439514113967574,-0.8577035298658984,0.5743340800170054,-1.2200918345002854,-0.12485353907747694,-0.6900943463069682,-1.7101503814556616,-1.0421409270335906,-0.7297104957834565,-0.7297104957834566,0.8992072319045583,-0.36051515353536534,-0.444563225699601,1,0,at_risk_user,1,-1.9755365717923328,-1.2812291183467512
978,1.5015639746994507,2.1381556984157015,0.054968724530912484,2.0425260727869765,1.9389081846631224,1.9389081846631226,-0.91989171602044,0.9509362161853714,-0.815001898137384,0.4741342494289751,1.7743975810111365,1.7953113777424903,1.2958924629346342,2.7346914914447344,1.3039380046812068,2.273875068618595,1.7230978934046326,1.7230978934046326,0.8992072319045583,0.6605676199817532,1.8195893314477098,0,1,power_user,2,4.063571673678124,0.3251136133514653
979,-0.7718107031195512,-0.6016645199539825,-0.1429286814545189,-1.0739561904495263,-1.0860668811174004,-1.0860668811174004,0.3754080198905321,-0.8385584494086165,1.8439514113967574,-0.8577035298658984,-0.054270610979920475,-0.7774110960013461,-0.12485353907747694,-0.6900943463069682,-0.6049846398721432,-0.8763401272509813,-0.7297104957834565,-0.7297104957834566,1.4804659467749903,0.7335021038044045,-0.4357967075269085,1,0,casual_user,1,-1.4303620292495516,-0.4153726996239019
980,-0.20346703366480073,1.042227611067828,0.6486609424872066,0.5662976323065277,0.5272531539655451,0.5272531539655451,-0.8021371945739878,0.6798006607923425,-0.855927713678262,-0.19178464021846164,0.42927145901771485,0.7949678907448866,0.4346375910307722,0.3171956059729444,0.8402320991216888,0.6158670707925021,0.08789230061257318,0.08789230061257323,0.8992072319045583,0.3688296846911479,0.558191583746113,0,1,consistent_user,0,1.3255404027366744,0.7228003780992209
981,-0.7718107031195512,0.49426356739389105,1.0444557544580695,0.23824686775531695,0.12392314519480867,0.12392314519480872,-0.48812513738344926,0.7521034755638172,0.01716696572824904,-0.19178464021846164,-0.2828541349788026,0.7307696018283739,0.8316028652535606,-0.28717836539500313,1.3039380046812068,0.6158670707925021,0.08789230061257318,0.08789230061257323,-1.4258276275771695,-1.6004013785204378,0.27827604544880147,0,1,consistent_user,0,1.1707517077826497,0.8165970733765769
982,0.3648766357899498,0.49426356739389105,-0.1429286814545189,1.3864245436845548,1.5355781758923859,1.5355781758923863,-0.27224184806495383,0.5781248275199571,-0.6922623014753697,1.1400531390764117,-0.054270610979920475,0.5611711370787803,0.8316028652535606,0.3171956059729444,0.8685696822392148,1.2790702699229393,1.7230978934046326,1.7230978934046326,-1.4258276275771695,0.7335021038044045,1.007756618243183,0,1,consistent_user,2,2.2490707017613634,0.03064595398203467
983,-0.20346703366480073,-0.053700476280045734,-0.1429286814545189,-0.41785466134710464,-0.2794068635759277,-0.2794068635759276,-1.1049345354362932,-0.15684619584900225,-0.25942564121061223,-0.8577035298658984,0.30493206958975133,-0.6126035483350741,0.18305664901163074,-0.28717836539500313,-0.2892229994197094,-0.5447385276857627,-0.7297104957834565,-0.7297104957834566,1.4804659467749903,0.2958952008684966,-0.05006990792842243,0,0,casual_user,0,-0.5502932508740241,-0.11685388912850342
984,0.3648766357899498,0.49426356739389105,-0.1429286814545189,0.23824686775531695,0.12392314519480867,0.12392314519480872,-0.48812513738344926,0.7521034755638172,-0.48104734688492834,-0.19178464021846164,2.1172728670094596,0.568836604412095,0.6473462466927044,1.1230275677968744,0.3997114888401463,0.11846467144467435,0.08789230061257318,0.08789230061257323,-0.2633101978363056,-1.3086634432298325,0.9716279372890546,0,1,consistent_user,0,1.59458733300233,-0.15066075756177824
985,-1.3401543725743017,-1.1496285636279193,-0.1429286814545189,-1.402006955000737,-1.489396889888137,-1.489396889888137,-2.215191451931412,-3.2245513368672665,1.8439514113967574,-1.523622419513335,-1.311479992973772,-1.536292361999528,-2.0377663477395522,-0.8915523367629506,-1.7101503814556616,-1.0421409270335906,-0.7297104957834565,-0.7297104957834566,-1.4258276275771695,-1.5274668946977865,-1.9436378332300805,1,0,casual_user,3,-3.495069994156195,0.6748642134630441
986,-0.20346703366480073,-0.053700476280045734,-0.1429286814545189,0.8943483968577386,1.1322481671216496,1.1322481671216498,0.005322381058825778,0.3544379943207086,-0.45838204772467506,1.1400531390764117,-0.3057124873786907,-0.6883000382515595,-0.12485353907747694,-0.08572037493902064,0.2791479533946715,0.4500662710098929,1.7230978934046326,1.7230978934046326,-1.4258276275771695,-0.8710565402939247,0.7213836912685492,0,0,casual_user,0,0.8042693403238862,0.20977217478634805
987,0.9332203052447002,-0.053700476280045734,-0.6178824558195544,0.4022722500309223,0.5272531539655451,0.5272531539655451,-0.8021371945739878,0.3544379943207086,-0.6737122719786259,-0.19178464021846164,0.26003173451854256,0.6320767099119436,0.7425477791198799,0.11573761551696186,0.5001811017113752,0.28426547122728363,0.08789230061257318,0.08789230061257323,0.31794851703412635,1.6087159096762205,0.44523836882872403,0,1,consistent_user,0,1.1702206844370673,-0.5453271111762288
988,0.3648766357899498,-0.6016645199539825,-0.736620899410813,0.5662976323065277,0.7289181583509132,0.7289181583509132,0.3754080198905321,0.3544379943207086,-0.43536840626186596,1.1400531390764117,0.13914621701913374,-0.6796763875015802,-0.014404614921851248,0.11573761551696186,0.3301556030062187,0.28426547122728363,1.7230978934046326,1.7230978934046326,0.31794851703412635,-0.43344963735801667,0.7793775807186714,0,0,casual_user,0,0.8504493548386443,-0.45995837917042987
989,-0.7718107031195512,-0.053700476280045734,0.4507635365017753,-0.41785466134710464,-0.2794068635759277,-0.2794068635759276,0.005322381058825778,-0.15684619584900225,-0.25942564121061223,-0.19178464021846164,-1.311479992973772,-0.4707924026687474,-0.5218188133002654,-0.8915523367629506,0.18441946125894132,-0.3789377279031535,-0.7297104957834565,-0.7297104957834566,-1.4258276275771695,-1.3815979270524839,-0.5384902061213105,0,0,casual_user,1,-1.2482466611320882,0.44061451443124594
990,1.5015639746994507,0.49426356739389105,-0.5387234934253817,1.878500690511371,1.5355781758923859,1.5355781758923863,0.6992329538682752,1.2491853271177025,-0.7076664703626161,2.4718909183712854,0.48453340987458726,0.6320767099119436,0.4346375910307722,1.1230275677968744,0.6580619219375923,1.4448710697055487,1.7230978934046326,1.7230978934046326,-0.2633101978363056,-0.9439910241165759,1.162214319381105,0,1,consistent_user,2,2.205727896447674,-0.356375672547948
991,-1.3401543725743017,-1.1496285636279193,-0.1429286814545189,-1.402006955000737,-1.489396889888137,-1.489396889888137,-2.215191451931412,-3.2245513368672665,1.8439514113967574,-1.523622419513335,-1.311479992973772,-1.536292361999528,-2.0377663477395522,-0.8915523367629506,-1.7101503814556616,-1.0421409270335906,-0.7297104957834565,-0.7297104957834566,0.8992072319045583,0.004157265577891283,-1.9436378332300805,1,0,casual_user,3,-3.495069994156195,0.6748642134630441
992,0.9332203052447002,-0.053700476280045734,-0.6178824558195544,0.7303230145821331,0.9305831627362814,0.9305831627362817,0.1761311374426905,0.3544379943207086,-0.7393005594914486,1.1400531390764117,0.03553005916249759,0.5410492853288285,0.5971634469162329,0.11573761551696186,0.8948831522769175,0.7816678705751114,0.9054950970086029,0.905495097008603,-0.8445689127067375,-1.5274668946977865,0.7101124536179442,0,1,consistent_user,2,1.5933703761331919,-0.5425320636045371
993,1.5015639746994507,1.042227611067828,-0.34082608743995035,0.4022722500309223,0.32558814958017684,0.3255881495801769,0.8935279142549213,0.7123369274395064,-0.4151224693267176,1.1400531390764117,-0.054270610979920475,0.511345599412233,0.5661537169394822,-0.08572037493902064,0.7764725371072548,0.4500662710098929,0.9054950970086029,0.905495097008603,0.8992072319045583,1.3899124582082665,0.5022207369512278,0,1,consistent_user,0,1.1876884820904097,-0.5036564330381197
994,-0.20346703366480073,-0.053700476280045734,-0.1429286814545189,-0.25382927907149927,-0.07774185919055952,-0.07774185919055944,-1.2437166499981829,-0.09293567207778825,0.1327402228231394,-0.8577035298658984,-0.3685729564783833,-0.6288926664183685,-0.30911015763833327,-0.48863635585098564,-0.8812760752680229,-0.710539327468372,-0.7297104957834565,-0.7297104957834566,0.8992072319045583,1.6816503934988718,-0.32621523036824757,0,0,casual_user,0,-1.1536198848099504,0.07132513647827249
995,-1.3401543725743017,-1.1496285636279193,-0.1429286814545189,-1.2379815727251318,-1.2877318855027686,-1.2877318855027688,1.6707077558015044,-1.4350566712732788,1.8439514113967574,-0.8577035298658984,-1.311479992973772,-0.8761039879177761,-2.0377663477395522,-0.8915523367629506,-1.7101503814556616,-1.0421409270335906,-0.7297104957834565,-0.7297104957834566,0.8992072319045583,1.4628469420309178,-1.8910387241939233,1,0,at_risk_user,1,-3.2964099423468487,-0.060096415486076346
996,-0.20346703366480073,1.042227611067828,0.6486609424872066,0.23824686775531695,0.32558814958017684,0.3255881495801769,-0.6608317688382453,0.3544379943207086,-0.03980625871044385,-0.19178464021846164,-0.6257294209771256,-0.5781089453351569,-0.12485353907747694,-0.48863635585098564,0.09830265022645933,-0.04733612833793493,0.08789230061257318,0.08789230061257323,0.8992072319045583,0.0770917494005426,0.020062237453120333,0,0,casual_user,0,-0.29880376673607506,0.763235108671375
997,0.9332203052447002,2.1381556984157015,0.33202509291051646,1.0583737791333439,1.1322481671216496,1.1322481671216498,-0.5498060771887336,0.6100800894055639,-0.6472297484710213,0.4741342494289751,0.3386073208931582,0.4145690743291314,0.5450865151863976,0.5186535964289268,1.1909096902010743,1.2790702699229393,1.7230978934046326,1.7230978934046326,-1.4258276275771695,1.2440434905629638,1.0906732692932364,0,1,consistent_user,2,2.192576536744268,0.5957634846843162
998,-0.7718107031195512,-1.1496285636279193,-0.736620899410813,-1.0739561904495263,-1.0860668811174004,-1.0860668811174004,0.3754080198905321,-0.8385584494086165,1.8439514113967574,-0.8577035298658984,-1.311479992973772,-0.9173058748343441,-0.5218188133002654,-0.8915523367629506,-0.6049846398721432,-0.8763401272509813,-0.7297104957834565,-0.7297104957834566,-0.2633101978363056,1.1711090067403125,-0.8741226161615515,1,0,at_risk_user,1,-2.133351186138383,-0.8292612252427966
999,-0.7718107031195512,-0.053700476280045734,0.4507635365017753,-0.25382927907149927,-0.2794068635759277,-0.2794068635759276,-1.1049345354362932,0.3544379943207086,-0.5336815330119928,-0.8577035298658984,-0.8400264747260776,-0.625059932751711,0.18305664901163074,-0.6900943463069682,-0.4668389221742034,-0.5447385276857627,-0.7297104957834565,-0.7297104957834566,0.31794851703412635,-0.287580669712714,-0.4774376688471994,0,0,casual_user,0,-1.0717871509434127,0.3673299126981102
1000,0.3648766357899498,-1.1496285636279193,-1.03346700838896,-0.08980389679589386,0.12392314519480867,0.12392314519480872,-0.48812513738344926,-0.04322748692239988,0.0353228110026348,-0.19178464021846164,-0.8924101989758214,-0.5311579579186027,0.08785511658445516,-0.6900943463069682,0.13179252118353585,-0.2131369281205442,-0.7297104957834565,-0.7297104957834566,-1.4258276275771695,0.9523055552723585,-0.2955324167638224,0,0,casual_user,0,-0.6980014937360958,-0.9585639703352274
1001,-0.7718107031195512,-1.1496285636279193,-0.736620899410813,-0.5818800436227101,-0.48107186796129586,-0.4810718679612959,0.3754080198905321,-0.24206022754395373,0.9609926373484539,-0.19178464021846164,-0.054270610979920475,-0.681592754334909,-0.5218188133002654,-0.48863635585098564,-0.05240176908038397,-0.5447385276857627,-0.7297104957834565,-0.7297104957834566,0.8992072319045583,-1.1627944755845299,-0.19033419869150797,0,0,casual_user,1,-1.0540542453466544,-0.6924728007024102
1002,-0.7718107031195512,-0.6016645199539825,-0.1429286814545189,-0.7459054258983154,-0.682736872346664,-0.6827368723466641,-0.6608317688382453,-0.36135987191688623,0.04964909480405343,-0.8577035298658984,0.19717126541884997,-0.4458796338354736,-0.12485353907747694,-0.48863635585098564,-0.38395149155543945,-0.710539327468372,-0.7297104957834565,-0.7297104957834566,1.4804659467749903,-0.06877721824476005,-0.2078672350368938,0,0,casual_user,0,-0.8732182657836673,-0.1318006682437729
1003,-0.7718107031195512,-0.6016645199539825,-0.1429286814545189,-0.9099308081739209,-0.8844018767320323,-0.8844018767320323,-0.27224184806495383,-0.5403093384762852,0.33367144189725534,-0.8577035298658984,-0.3685729564783833,-1.004500565750802,-0.5218188133002654,-0.6900943463069682,-1.7101503814556616,-1.0421409270335906,-0.7297104957834565,-0.7297104957834566,-1.4258276275771695,-0.287580669712714,-0.6681094391032691,0,0,at_risk_user,1,-2.133751405874661,-0.18630828355716877
1004,0.3648766357899498,0.49426356739389105,-0.1429286814545189,0.7303230145821331,0.9305831627362814,0.9305831627362817,-0.42169950990083516,0.3544379943207086,-0.5323564051588217,0.4741342494289751,1.1131381008715133,0.7508914535783258,0.7115380491431296,0.9215695773408918,0.42124069159826694,0.4500662710098929,0.9054950970086029,0.905495097008603,-0.2633101978363056,-1.3086634432298325,1.0106787909674138,0,1,consistent_user,2,1.9845861464694223,-0.03128368287163972
1005,1.5015639746994507,0.49426356739389105,-0.5387234934253817,0.07422148547971154,0.12392314519480867,0.12392314519480872,1.2389411771645134,0.3544379943207086,-0.4907162158221342,1.1400531390764117,0.19717126541884997,0.6569894787452174,0.5236926771644533,-0.08572037493902064,0.2791479533946715,-0.04733612833793493,0.08789230061257318,0.08789230061257323,0.8992072319045583,-0.287580669712714,0.2830577826339064,1,0,consistent_user,0,0.7118061521082611,-0.8575342286427392
1006,0.3648766357899498,-0.053700476280045734,-0.439774790432666,-0.41785466134710464,-0.2794068635759277,-0.2794068635759276,1.1155792975539447,-0.15684619584900225,-0.4982266618104257,0.4741342494289751,0.30493206958975133,-0.5934398800017868,-0.12485353907747694,-0.28717836539500313,0.6580619219375923,-0.2131369281205442,0.08789230061257318,0.08789230061257323,-0.2633101978363056,0.5146986523364505,0.2755436242001696,1,0,casual_user,0,-0.06541274728419268,-0.5682906258711329
1007,0.9332203052447002,1.042227611067828,-0.1429286814545189,1.2223991614089493,1.7372431802777542,1.7372431802777546,-0.38653300123356904,0.14390921013318064,-0.7951265873730716,1.1400531390764117,2.016427194657011,1.7109912370760254,1.0687347232965478,2.130317520076787,1.020259097750678,1.2790702699229393,2.540700689800662,2.5407006898006625,-1.4258276275771695,-1.6733358623430892,1.9816995979780412,0,1,power_user,2,4.121141050899074,0.18829018206324596
1008,0.9332203052447002,1.042227611067828,-0.1429286814545189,0.7303230145821331,0.7289181583509132,0.7289181583509132,-0.91989171602044,0.6526871052530396,-0.722458183994446,-0.19178464021846164,-1.0420779825465178,-0.5828998624184788,-0.041199144422601,-0.6900943463069682,-0.05240176908038397,0.11846467144467435,0.08789230061257318,0.08789230061257323,-0.8445689127067375,1.5357814258535691,-0.04380810923364184,0,0,casual_user,0,-0.3023810052117052,0.10574685351165597
1009,-0.20346703366480073,1.042227611067828,0.6486609424872066,0.7303230145821331,0.7289181583509132,0.7289181583509132,-0.91989171602044,0.6526871052530396,-0.7682803075011173,-0.19178464021846164,1.1131381008715133,1.9438298073254676,1.332367051188376,0.9215695773408918,0.8948831522769175,0.7816678705751114,0.08789230061257318,0.08789230061257323,-0.8445689127067375,0.2958952008684966,0.8578909028147665,0,1,power_user,2,2.559632037347497,0.4929646123871204
1010,-1.3401543725743017,-0.053700476280045734,2.231840190370658,-1.0739561904495263,-1.0860668811174004,-1.0860668811174004,2.9660074917124764,-0.8385584494086165,1.8439514113967574,-0.19178464021846164,-1.311479992973772,-0.88568582208442,-2.0377663477395522,-0.8915523367629506,-1.7101503814556616,-1.0421409270335906,-0.7297104957834565,-0.7297104957834566,0.8992072319045583,0.7335021038044045,-1.8384396151577662,1,0,casual_user,3,-3.2725958753928084,1.8016460318658047
1011,-0.20346703366480073,-1.1496285636279193,-0.9345183053962445,-0.9099308081739209,-1.0860668811174004,-1.0860668811174004,0.3754080198905321,0.3544379943207086,1.8439514113967574,-0.8577035298658984,0.5743340800170054,-0.643265417668334,0.4346375910307722,-0.48863635585098564,-1.7101503814556616,-1.0421409270335906,-0.7297104957834565,-0.7297104957834566,0.8992072319045583,-0.36051515353536534,-0.39196411666344405,1,0,casual_user,1,-1.3569009967414238,-1.364547779573546
1012,0.3648766357899498,-0.053700476280045734,-0.439774790432666,-0.5818800436227101,-0.48107186796129586,-0.4810718679612959,0.3754080198905321,-0.24206022754395373,-0.9970272565416906,-0.19178464021846164,-1.311479992973772,-0.5838580458351431,0.08785511658445516,-0.8915523367629506,0.5001811017113752,-0.3789377279031535,-0.7297104957834565,-0.7297104957834566,1.4804659467749903,-0.43344963735801667,-0.5409949255992227,1,0,casual_user,1,-1.0398613809361514,-0.6657717491340044
1013,-1.3401543725743017,-1.1496285636279193,-0.1429286814545189,-1.402006955000737,-1.489396889888137,-1.489396889888137,-2.215191451931412,-3.2245513368672665,1.8439514113967574,-1.523622419513335,-1.311479992973772,-1.536292361999528,-2.0377663477395522,-0.8915523367629506,-1.7101503814556616,-1.0421409270335906,-0.7297104957834565,-0.7297104957834566,-1.4258276275771695,-0.9439910241165759,-1.9436378332300805,1,0,at_risk_user,3,-3.495069994156195,0.6748642134630441
1014,0.3648766357899498,0.49426356739389105,-0.1429286814545189,0.8943483968577386,1.3339131715070178,1.333913171507018,-0.6608317688382453,0.11583870557484367,-0.7604800612452531,0.4741342494289751,0.9514968946151606,2.0607281841585205,1.2285681394763497,0.9215695773408918,1.1632805466614864,1.11326947014033,2.540700689800662,2.5407006898006625,-1.4258276275771695,1.5357814258535691,1.527903363156293,0,1,power_user,2,3.8176439851141906,0.1322067258340076
1015,0.3648766357899498,-1.1496285636279193,-1.03346700838896,-0.9099308081739209,-1.0860668811174004,-1.0860668811174004,0.3754080198905321,0.3544379943207086,1.8439514113967574,-0.8577035298658984,-1.311479992973772,-0.9987514652508157,-0.12485353907747694,-0.8915523367629506,0.7764725371072548,-0.5447385276857627,-0.7297104957834565,-0.7297104957834566,0.8992072319045583,0.3688296846911479,-0.6549596618442298,1,0,at_risk_user,1,-1.4578798277380751,-1.1764959982015617
1016,0.3648766357899498,1.5901916547417647,0.4507635365017753,-0.08980389679589386,-0.07774185919055952,-0.07774185919055944,-0.27224184806495383,0.3544379943207086,-0.8790736527853069,-0.19178464021846164,0.36479918301803,0.614829408411985,0.4346375910307722,-0.08572037493902064,0.8685696822392148,0.11846467144467435,-0.7297104957834565,-0.7297104957834566,-0.2633101978363056,0.15002623322319394,0.20708129180390142,1,0,consistent_user,0,0.6273350004244488,0.27772698813975366
1017,2.6382513136089516,1.042227611067828,-0.5881978449217395,2.2065514550625815,2.1405731890484905,2.140573189048491,0.6481027011349473,0.9195415729293365,-0.8863007792164257,3.1378098080187216,1.6402289908378795,1.935206156575488,1.323769671903525,2.7346914914447344,1.4611947900448696,2.6054766681838135,2.540700689800662,2.5407006898006625,0.8992072319045583,0.0770917494005426,2.0256891341796353,0,1,power_user,2,4.479087639154959,-0.448169100061501
1018,0.3648766357899498,-0.053700476280045734,-0.439774790432666,0.07422148547971154,0.12392314519480867,0.12392314519480872,-0.48812513738344926,0.3544379943207086,-0.3855182489356249,-0.19178464021846164,-0.1799915491793056,-0.7333346588347849,0.08785511658445516,-0.28717836539500313,-1.3786006589806061,-0.8763401272509813,-0.7297104957834565,-0.7297104957834566,-1.4258276275771695,1.4628469420309178,-0.2867658985911296,0,0,casual_user,1,-1.1202438795421548,-0.4994817096691687
1019,0.9332203052447002,2.1381556984157015,0.33202509291051646,2.5346022196137925,1.9389081846631224,1.9389081846631226,-0.05635855874645839,1.5474344380500333,-0.8099823444529104,1.8059720287238485,0.9514968946151606,1.9284988726588372,1.1735857699519279,2.130317520076787,1.2074871763248272,2.6054766681838135,1.7230978934046326,1.7230978934046326,1.4804659467749903,-1.0898599917618785,1.5173835413490608,0,1,power_user,2,3.676560000742989,0.42091401406557716
1020,-1.3401543725743017,-0.6016645199539825,1.0444557544580695,-0.25382927907149927,-0.2794068635759277,-0.2794068635759276,1.1155792975539447,0.3544379943207086,-0.16377259580948256,0.4741342494289751,-0.3685729564783833,-0.6748854704182583,-2.0377663477395522,-0.48863635585098564,-0.05240176908038397,-0.3789377279031535,0.08789230061257318,0.08789230061257323,-0.2633101978363056,1.3899124582082665,-0.8609728389025122,0,0,casual_user,3,-1.3899209445517064,1.420435477004525
1021,-0.20346703366480073,-0.6016645199539825,-0.5387234934253817,-0.5818800436227101,-0.682736872346664,-0.6827368723466641,-0.6608317688382453,0.3544379943207086,-0.1852399550988242,-0.8577035298658984,0.5743340800170054,0.7116059334950866,0.9152572599084369,-0.28717836539500313,-0.6049846398721432,-0.710539327468372,-0.7297104957834565,-0.7297104957834566,1.4804659467749903,0.3688296846911479,-0.11143553513727242,1,0,consistent_user,0,0.09583063484880568,-0.8339062773174377
1022,1.5015639746994507,-0.053700476280045734,-0.736620899410813,-0.08980389679589386,-0.2794068635759277,-0.2794068635759276,0.005322381058825778,0.8657221844904192,-0.6461454416542143,-0.19178464021846164,-0.054270610979920475,-0.4545032845854531,-0.057529215619191824,-0.28717836539500313,-0.2365960593443038,-0.3789377279031535,-0.7297104957834565,-0.7297104957834566,1.4804659467749903,-0.506384121180668,-0.16695681689766076,1,0,casual_user,0,-0.7433883985719341,-0.7746787784570558
1023,-1.3401543725743017,-0.6016645199539825,1.0444557544580695,-0.7459054258983154,-0.8844018767320323,-0.8844018767320323,-0.27224184806495383,0.3544379943207086,0.33367144189725534,-0.8577035298658984,-0.557154363777461,-0.6930909553348813,-2.0377663477395522,-0.6900943463069682,0.2791479533946715,-0.5447385276857627,-0.7297104957834565,-0.7297104957834566,0.8992072319045583,1.0981745229176612,-1.20725030672388,0,0,casual_user,3,-1.8537980756967158,1.5561471786542074
1024,-0.20346703366480073,2.6861197420896383,1.8360453783997952,0.07422148547971154,-0.07774185919055952,-0.07774185919055944,-0.27224184806495383,0.8018116607192055,-0.706362200089837,-0.19178464021846164,-0.9343171783756165,-0.6078126312517523,-0.12485353907747694,-0.6900943463069682,0.2791479533946715,-0.04733612833793493,-0.7297104957834565,-0.7297104957834566,-0.8445689127067375,-0.287580669712714,-0.33936500762728683,1,0,casual_user,0,-0.8693070721752338,1.601470799360878
1025,0.9332203052447002,1.042227611067828,-0.1429286814545189,1.2223991614089493,1.3339131715070178,1.333913171507018,-0.6608317688382453,0.5930372830665736,-0.8012388077602937,0.4741342494289751,1.350845757130855,1.7914786440758323,1.1735857699519279,1.5259435487088393,1.4103175947801552,1.6106718694881579,1.7230978934046326,1.7230978934046326,-0.2633101978363056,0.3688296846911479,1.530997428393714,0,1,power_user,2,3.6164425347837383,0.07441929327401549
1026,-1.3401543725743017,-0.6016645199539825,1.0444557544580695,-1.0739561904495263,-1.0860668811174004,-1.0860668811174004,0.3754080198905321,-0.8385584494086165,1.8439514113967574,-0.8577035298658984,-1.311479992973772,-1.1223571260005196,-2.0377663477395522,-0.8915523367629506,-0.6049846398721432,-0.8763401272509813,-0.7297104957834565,-0.7297104957834566,1.4804659467749903,1.6087159096762205,-1.663109251703909,1,0,at_risk_user,3,-2.810497085840737,1.3200897070528694
1027,-1.3401543725743017,-1.1496285636279193,-0.1429286814545189,-1.402006955000737,-1.489396889888137,-1.489396889888137,-2.215191451931412,-3.2245513368672665,1.8439514113967574,-1.523622419513335,-1.311479992973772,-1.536292361999528,-2.0377663477395522,-0.8915523367629506,-1.7101503814556616,-1.0421409270335906,-0.7297104957834565,-0.7297104957834566,-1.4258276275771695,0.9523055552723585,-1.9436378332300805,0,0,at_risk_user,3,-3.495069994156195,0.6748642134630441
1028,0.9332203052447002,-0.6016645199539825,-0.855359343002072,0.4022722500309223,0.32558814958017684,0.3255881495801769,-0.6608317688382453,0.7123369274395064,-0.6426471613192251,-0.19178464021846164,-0.6828753019768462,0.6521985616618955,0.5450865151863976,-0.48863635585098564,0.5001811017113752,0.28426547122728363,-0.7297104957834565,-0.7297104957834566,-1.4258276275771695,0.004157265577891283,-0.11143553513727271,0,1,consistent_user,0,0.32588335999064894,-0.8462909153605793
1029,1.5015639746994507,2.1381556984157015,0.054968724530912484,1.7144753082357655,1.7372431802777542,1.7372431802777546,-0.8436976139080297,0.7754955626957646,-0.8651089695406831,0.4741342494289751,1.517241116512394,1.976408043492056,1.4139023644264948,2.130317520076787,0.9422473983447828,1.6106718694881579,0.9054950970086029,0.905495097008603,-1.4258276275771695,1.5357814258535691,1.4446214405157105,0,1,power_user,2,3.5352622013325186,0.13354866646765842
1030,1.5015639746994507,1.042227611067828,-0.34082608743995035,2.698627601889398,2.1405731890484905,2.140573189048491,-0.16998134259829825,1.4846451515379642,-0.9598659777685711,1.8059720287238485,1.8798976690106202,1.8384296314923867,1.3443140947485366,3.5405234532686647,1.0952703471794236,2.6054766681838135,1.7230978934046326,1.7230978934046326,-1.4258276275771695,-0.9439910241165759,1.8758666998570248,0,1,power_user,2,4.111512067665527,-0.17979972037595132
1031,-1.3401543725743017,-1.1496285636279193,-0.1429286814545189,-0.7459054258983154,-0.8844018767320323,-0.8844018767320323,-0.27224184806495383,0.3544379943207086,-0.9350918936641772,-0.8577035298658984,0.19717126541884997,-0.6288926664183685,-2.0377663477395522,-0.48863635585098564,0.2791479533946715,-0.5447385276857627,-0.7297104957834565,-0.7297104957834566,1.4804659467749903,-1.4545324108751352,-0.9442547615430943,1,0,casual_user,3,-1.5327614030535257,0.5286377135570305
1032,-1.3401543725743017,0.49426356739389105,3.419224626283246,0.4022722500309223,0.5272531539655451,0.5272531539655451,-0.09561006589527597,0.3544379943207086,-0.7207045131133053,0.4741342494289751,0.5743340800170054,0.3177925492460302,-2.0377663477395522,0.3171956059729444,0.5001811017113752,0.28426547122728363,0.9054950970086029,0.905495097008603,-0.2633101978363056,-0.6522530888259707,-0.058836426101115495,0,1,consistent_user,3,0.360775656197109,4.038984802829782
1033,-0.20346703366480073,-0.6016645199539825,-0.5387234934253817,-0.9099308081739209,-0.8844018767320323,-0.8844018767320323,-0.27224184806495383,-0.5403093384762852,-0.7236313377372718,-0.8577035298658984,-1.311479992973772,-1.0428279024173768,-0.5218188133002654,-0.8915523367629506,-1.7101503814556616,-1.0421409270335906,-0.7297104957834565,-0.7297104957834566,-0.8445689127067375,-0.8710565402939247,-0.9968538705792515,1,0,at_risk_user,1,-2.5164548365957495,-0.564331754870328
1034,-0.20346703366480073,0.49426356739389105,0.2528661305163439,0.23824686775531695,0.5272531539655451,0.5272531539655451,-1.5086643232527,0.029075327849074427,-0.8475020634922986,-0.8577035298658984,1.4315222950128133,0.7096895666617579,0.9941287211390216,0.7201115868849094,0.09830265022645933,-0.04733612833793493,0.08789230061257318,0.08789230061257323,-1.4258276275771695,0.5876331361591018,0.7899219242550571,0,1,consistent_user,0,1.6267668729428044,0.2863815979516666
1035,-0.7718107031195512,1.5901916547417647,2.231840190370658,-0.25382927907149927,-0.48107186796129586,-0.4810718679612959,0.3754080198905321,0.9509362161853714,-0.43467013997355874,-0.19178464021846164,0.5743340800170054,0.6713622299951828,0.8316028652535606,-0.08572037493902064,0.7764725371072548,-0.04733612833793493,-0.7297104957834565,-0.7297104957834566,1.4804659467749903,1.3169779743856151,0.16032652821620644,1,0,consistent_user,0,0.6433746305717605,1.5323518708581836
1036,1.5015639746994507,-1.1496285636279193,-1.132415711381676,-0.5818800436227101,-0.682736872346664,-0.6827368723466641,0.8935279142549213,0.3544379943207086,-0.9738956286756881,-0.19178464021846164,-1.311479992973772,0.4921819310789457,0.6862185330499136,-0.8915523367629506,-0.6049846398721432,-0.710539327468372,-0.7297104957834565,-0.7297104957834566,-1.4258276275771695,0.8793710714497072,-0.7689243980892371,1,0,consistent_user,1,-0.893087137131834,-1.6463208568829628
1037,0.9332203052447002,1.042227611067828,-0.1429286814545189,0.7303230145821331,0.9305831627362814,0.9305831627362817,0.7739617847862161,0.3544379943207086,-0.6494054568647419,1.8059720287238485,-0.23387195126475638,0.47685099641231576,0.3759106468573385,-0.08572037493902064,0.8948831522769175,0.7816678705751114,0.9054950970086029,0.905495097008603,1.4804659467749903,1.4628469420309178,0.6161854731962353,0,1,consistent_user,2,1.347209458753549,-0.16794712324503805
1038,-0.7718107031195512,2.1381556984157015,2.8255324083269517,1.0583737791333439,0.9305831627362814,0.9305831627362817,0.7739617847862161,0.9050517375803967,-0.4252157775179328,1.8059720287238485,1.0457875982646996,0.6215366923286356,0.9941287211390216,1.1230275677968744,0.9836911136541646,1.11326947014033,0.9054950970086029,0.905495097008603,-1.4258276275771695,-0.43344963735801667,1.07642767726261,0,1,consistent_user,2,2.182320311819094,2.268576803902731
1039,1.5015639746994507,1.042227611067828,-0.34082608743995035,2.370576837338187,2.1405731890484905,2.140573189048491,-0.9880653863315437,1.1079094324655454,-0.8926961465066942,0.4741342494289751,1.517241116512394,1.8681333174089823,1.3679022744648628,2.7346914914447344,1.4672011255969541,2.771277467966423,0.9054950970086029,0.905495097008603,-0.2633101978363056,0.0770917494005426,1.6331015812286074,0,1,power_user,2,3.864905537945918,-0.1049935140300891
1040,0.9332203052447002,-0.6016645199539825,-0.855359343002072,-0.5818800436227101,-0.682736872346664,-0.6827368723466641,-0.6608317688382453,0.3544379943207086,-0.9738956286756881,-0.8577035298658984,-1.311479992973772,-0.5570289101685406,0.11227831896551003,-0.8915523367629506,-0.6049846398721432,-0.710539327468372,-0.7297104957834565,-0.7297104957834566,-0.2633101978363056,-1.2357289594071812,-0.7689243980892371,1,0,casual_user,1,-1.5048936145512606,-0.9110833888671811
1041,-0.7718107031195512,0.49426356739389105,1.0444557544580695,0.5662976323065277,0.7289181583509132,0.7289181583509132,-0.91989171602044,0.3544379943207086,-0.7682803075011173,-0.19178464021846164,0.13914621701913374,0.44618912707905584,0.8316028652535606,0.11573761551696186,0.5851938510639536,0.4500662710098929,0.08789230061257318,0.08789230061257323,-0.2633101978363056,-1.3815979270524839,0.46917770691569316,0,1,consistent_user,0,1.2038715578054604,0.9303087069995639
1042,0.3648766357899498,-1.1496285636279193,-1.03346700838896,-0.7459054258983154,-0.8844018767320323,-0.8844018767320323,-0.27224184806495383,0.3544379943207086,2.0253558893124985,-0.8577035298658984,-0.557154363777461,-0.684467304584902,0.08785511658445516,-0.6900943463069682,0.2791479533946715,-0.5447385276857627,-0.7297104957834565,-0.7297104957834566,0.31794851703412635,0.22296071704584525,-0.41826367118152236,1,0,casual_user,1,-1.0270673671015003,-1.097894982699202
1043,-0.20346703366480073,-0.053700476280045734,-0.1429286814545189,0.07422148547971154,-0.07774185919055952,-0.07774185919055944,-1.2437166499981829,0.8018116607192055,-0.2798220873809042,-0.8577035298658984,1.328659709213316,0.9243226519945769,0.4346375910307722,0.5186535964289268,1.2737971208198382,0.4500662710098929,-0.7297104957834565,-0.7297104957834566,0.31794851703412635,-1.6004013785204378,0.6074189550235423,0,1,consistent_user,0,1.346143782527922,0.008476873686921288
1044,-0.7718107031195512,-0.6016645199539825,-0.1429286814545189,-0.08980389679589386,0.12392314519480867,0.12392314519480872,-0.48812513738344926,-0.04322748692239988,-0.5005297802360913,-0.19178464021846164,-0.47334040497787094,-0.5426561589185752,0.4346375910307722,-0.48863635585098564,-0.2365960593443038,-0.3789377279031535,-0.7297104957834565,-0.7297104957834566,-0.2633101978363056,1.2440434905629638,-0.20786723503689408,0,0,casual_user,0,-0.5549918628860111,-0.31110671852351424
1045,-0.20346703366480073,-1.1496285636279193,-0.9345183053962445,-1.0739561904495263,-1.0860668811174004,-1.0860668811174004,2.9660074917124764,-0.8385584494086165,1.8439514113967574,-0.19178464021846164,-0.054270610979920475,0.7192714008284014,0.7425477791198799,-0.6900943463069682,0.5001811017113752,-0.710539327468372,-0.7297104957834565,-0.7297104957834566,-0.8445689127067375,-1.3815979270524839,-0.2604663440730513,1,0,consistent_user,1,-0.10994957546518248,-1.8520906448742585
1046,2.0699076441542013,-0.053700476280045734,-0.8214340734045693,0.7303230145821331,0.7289181583509132,0.7289181583509132,0.3754080198905321,0.6526871052530396,-0.3979303133956057,1.1400531390764117,0.30493206958975133,0.6809440641618266,0.8316028652535606,0.3171956059729444,0.18441946125894132,0.28426547122728363,1.7230978934046326,1.7230978934046326,-1.4258276275771695,0.004157265577891283,0.814058311951303,0,1,consistent_user,2,1.782094696347109,-0.8059053871801294
1047,-1.3401543725743017,-1.1496285636279193,-0.1429286814545189,-0.9099308081739209,-0.8844018767320323,-0.8844018767320323,1.6707077558015044,-0.5403093384762852,-0.7236313377372718,-0.19178464021846164,-0.3685729564783833,-0.3634758600023377,-2.0377663477395522,-0.6900943463069682,-1.7101503814556616,-1.0421409270335906,-0.7297104957834565,-0.7297104957834566,1.4804659467749903,-0.36051515353536534,-1.457096074645627,1,0,casual_user,1,-2.5285146052068015,0.029776491449114713
1048,-0.20346703366480073,1.5901916547417647,1.0444557544580695,0.8943483968577386,0.9305831627362814,0.9305831627362817,-1.0195301572443607,0.6297448659505527,-0.8239608829072751,-0.19178464021846164,1.7058225238114717,1.821182329992428,1.332367051188376,1.5259435487088393,1.38431369497819,1.2790702699229393,0.08789230061257318,0.08789230061257323,0.8992072319045583,0.8793710714497072,1.194775672593964,0,1,power_user,2,3.026023975045906,0.9211703778649076
1049,-0.7718107031195512,-1.1496285636279193,-0.736620899410813,-1.2379815727251318,-1.2877318855027686,-1.2877318855027688,1.6707077558015044,-1.4350566712732788,1.8439514113967574,-0.8577035298658984,-1.311479992973772,-0.9882114476675077,-1.0813099434085147,-0.8915523367629506,-1.7101503814556616,-1.0421409270335906,-0.7297104957834565,-0.7297104957834566,0.31794851703412635,-0.06877721824476005,-1.3441548622682613,1,0,at_risk_user,1,-2.975470676495964,-0.9570248098930378
1050,1.5015639746994507,1.042227611067828,-0.34082608743995035,1.0583737791333439,1.1322481671216496,1.1322481671216498,-0.5498060771887336,0.6100800894055639,-0.6787541239648955,0.4741342494289751,1.2815143573885468,0.5937493732453689,0.7240256901289529,1.324485558252857,-0.05240176908038397,0.28426547122728363,0.9054950970086029,0.905495097008603,-1.4258276275771695,-0.06877721824476005,1.0468406784297717,0,1,consistent_user,2,1.888611149153787,-0.1903987518091544
1051,-0.20346703366480073,1.042227611067828,0.6486609424872066,0.4022722500309223,0.32558814958017684,0.3255881495801769,-0.6608317688382453,0.7123369274395064,-0.5702081242993811,-0.19178464021846164,0.26003173451854256,0.7575987374949764,0.5450865151863976,0.11573761551696186,0.5001811017113752,0.28426547122728363,0.08789230061257318,0.08789230061257323,-0.2633101978363056,1.4628469420309178,0.3926392597925668,0,1,consistent_user,0,1.0541360031015687,0.6069543243753805
1052,-0.7718107031195512,0.49426356739389105,1.0444557544580695,-0.5818800436227101,-0.682736872346664,-0.6827368723466641,-0.6608317688382453,0.3544379943207086,0.3486994809028374,-0.8577035298658984,0.5743340800170054,0.7988006244115443,0.4346375910307722,-0.28717836539500313,1.0527639725031346,-0.2131369281205442,-0.7297104957834565,-0.7297104957834566,-0.2633101978363056,0.3688296846911479,0.15156001004351338,0,1,consistent_user,0,0.6171909532432875,0.8407422451447887
1053,-0.7718107031195512,-0.053700476280045734,0.4507635365017753,-0.08980389679589386,0.12392314519480867,0.12392314519480872,-0.48812513738344926,-0.04322748692239988,-0.6625850983496434,-0.19178464021846164,-1.311479992973772,-0.5637361940851913,-0.5218188133002654,-0.8915523367629506,-0.2365960593443038,-0.3789377279031535,-0.7297104957834565,-0.7297104957834566,0.31794851703412635,-0.14171170206741138,-0.5000845074599893,0,0,casual_user,0,-1.2597515100286956,0.557108437711586
1054,-0.20346703366480073,1.5901916547417647,1.0444557544580695,0.8943483968577386,1.1322481671216496,1.1322481671216498,-0.5498060771887336,0.3544379943207086,-0.8309676555590797,0.4741342494289751,1.4543806474127012,1.6544584154928272,0.9152572599084369,1.324485558252857,0.9422473983447828,0.9474686703577208,0.9054950970086029,0.905495097008603,-1.4258276275771695,-0.725187572648622,1.2649078179755069,0,1,power_user,2,2.8978010864738235,1.062484599162797
1055,0.9332203052447002,0.49426356739389105,-0.3804055686370366,0.7303230145821331,0.9305831627362814,0.9305831627362817,1.969623079473267,0.3544379943207086,-0.5179643430527849,3.1378098080187216,0.03553005916249759,0.5285929009121917,0.5971634469162329,0.11573761551696186,0.42124069159826694,0.4500662710098929,0.9054950970086029,0.905495097008603,-0.2633101978363056,-1.3086634432298325,0.6349708692805771,0,1,consistent_user,2,1.3135812582171646,-0.7188912664603999
1056,1.5015639746994507,1.042227611067828,-0.34082608743995035,0.8943483968577386,1.3339131715070178,1.333913171507018,0.3754080198905321,0.11583870557484367,-0.77101813944808,1.8059720287238485,2.208706276609012,1.5653473577430408,1.2199168577749853,1.9288595296208046,1.1632805466614864,1.11326947014033,0.9054950970086029,0.905495097008603,-1.4258276275771695,0.7335021038044045,1.6155685448832213,0,1,power_user,2,3.4039086743087243,-0.41731614299804726
1057,-1.3401543725743017,-1.1496285636279193,-0.1429286814545189,-1.402006955000737,-1.489396889888137,-1.489396889888137,-2.215191451931412,-3.2245513368672665,1.8439514113967574,-1.523622419513335,-1.311479992973772,-1.536292361999528,-2.0377663477395522,-0.8915523367629506,-1.7101503814556616,-1.0421409270335906,-0.7297104957834565,-0.7297104957834566,0.31794851703412635,0.7335021038044045,-1.9436378332300805,1,0,at_risk_user,3,-3.495069994156195,0.6748642134630441
1058,1.5015639746994507,-0.053700476280045734,-0.736620899410813,1.2223991614089493,1.5355781758923859,1.5355781758923863,-0.7579792490315683,0.3544379943207086,-0.7402229885130097,0.4741342494289751,1.7945667154816256,1.9026279204088996,0.9631189911622713,1.9288595296208046,1.4103175947801552,1.6106718694881579,0.9054950970086029,0.905495097008603,0.8992072319045583,0.0770917494005426,1.562969435847064,0,1,power_user,2,3.5327146291373737,-0.40412719409325243
1059,0.3648766357899498,0.49426356739389105,-0.1429286814545189,-0.41785466134710464,-0.2794068635759277,-0.2794068635759276,0.005322381058825778,-0.15684619584900225,-0.8189591649972159,-0.19178464021846164,1.382540111298767,0.65315674507856,0.6473462466927044,0.11573761551696186,0.6580619219375923,-0.2131369281205442,-0.7297104957834565,-0.7297104957834566,1.4804659467749903,-1.0898599917618785,0.4759211824331492,1,0,consistent_user,0,0.9354193379020662,-0.3876806627117174
1060,-0.7718107031195512,1.042227611067828,1.6381479724143637,-0.41785466134710464,-0.48107186796129586,-0.4810718679612959,0.3754080198905321,0.3544379943207086,-0.3553394984958528,-0.19178464021846164,-0.7726759721192641,-0.5599034604185339,-0.5218188133002654,-0.6900943463069682,0.18441946125894132,-0.3789377279031535,-0.7297104957834565,-0.7297104957834566,-0.2633101978363056,-1.1627944755845299,-0.40323535431404933,1,0,casual_user,3,-1.183862661909759,1.4069765395801332
1061,0.9332203052447002,-1.1496285636279193,-1.0928362301845895,0.07422148547971154,0.12392314519480867,0.12392314519480872,1.2389411771645134,0.3544379943207086,0.6202447711169566,1.1400531390764117,-0.1799915491793056,0.6177039586619781,0.5450865151863976,-0.28717836539500313,0.2791479533946715,-0.04733612833793493,0.08789230061257318,0.08789230061257323,0.31794851703412635,-1.6733358623430892,0.15156001004351338,0,1,consistent_user,0,0.5564968921067627,-1.3682882223273973
1062,0.3648766357899498,-0.053700476280045734,-0.439774790432666,0.4022722500309223,0.5272531539655451,0.5272531539655451,-0.8021371945739878,0.3544379943207086,-0.6633189385765321,-0.19178464021846164,0.26003173451854256,0.8361697776614548,0.4346375910307722,0.11573761551696186,0.7764725371072548,0.4500662710098929,0.08789230061257318,0.08789230061257323,-1.4258276275771695,1.5357814258535691,0.4890709596921888,0,1,consistent_user,0,1.2523487131875055,-0.24690991896960476
1063,-0.7718107031195512,0.49426356739389105,1.0444557544580695,-0.7459054258983154,-0.8844018767320323,-0.8844018767320323,-0.27224184806495383,0.3544379943207086,-0.30071022588346086,-0.8577035298658984,-1.311479992973772,-1.2440464199168946,-0.12485353907747694,-0.8915523367629506,-0.38395149155543945,-0.710539327468372,-0.7297104957834565,-0.7297104957834566,0.31794851703412635,-1.4545324108751352,-0.7864574344346228,1,0,at_risk_user,3,-1.916135863855856,0.744769005179316
1064,-1.3401543725743017,-1.1496285636279193,-0.1429286814545189,-1.2379815727251318,-1.2877318855027686,-1.2877318855027688,1.6707077558015044,-1.4350566712732788,1.8439514113967574,-0.8577035298658984,-1.311479992973772,-0.9067658572510361,-2.0377663477395522,-0.8915523367629506,-0.05240176908038397,-0.8763401272509813,-0.7297104957834565,-0.7297104957834566,-0.2633101978363056,0.3688296846911479,-1.6280431790131376,1,0,at_risk_user,1,-2.6407464488586516,0.023978285203703847
1065,-1.3401543725743017,-1.1496285636279193,-0.1429286814545189,-1.402006955000737,-1.489396889888137,-1.489396889888137,-2.215191451931412,-3.2245513368672665,1.8439514113967574,-1.523622419513335,-1.311479992973772,-1.536292361999528,-2.0377663477395522,-0.8915523367629506,-1.7101503814556616,-1.0421409270335906,-0.7297104957834565,-0.7297104957834566,0.8992072319045583,-1.7462703461657405,-1.9436378332300805,1,0,at_risk_user,3,-3.495069994156195,0.6748642134630441
1066,-0.7718107031195512,0.49426356739389105,1.0444557544580695,0.4022722500309223,0.32558814958017684,0.3255881495801769,-0.6608317688382453,0.7123369274395064,-0.38098512998797246,-0.19178464021846164,1.517241116512394,1.6793711843261014,0.8316028652535606,0.9215695773408918,1.0527639725031346,0.6158670707925021,0.08789230061257318,0.08789230061257323,-0.2633101978363056,-0.21464618589006268,0.918630350154139,0,1,power_user,2,2.2814641025853666,0.9489080703639513
1067,0.3648766357899498,-0.053700476280045734,-0.439774790432666,-0.08980389679589386,-0.2794068635759277,-0.2794068635759276,-1.1049345354362932,0.8657221844904192,-0.38412057245850456,-0.8577035298658984,-0.8924101989758214,-0.44779600066880243,0.4346375910307722,-0.6900943463069682,0.13179252118353585,-0.2131369281205442,-0.7297104957834565,-0.7297104957834566,1.4804659467749903,-1.0898599917618785,-0.40073063483613686,0,0,casual_user,0,-0.6750281596715778,-0.48069636677704486
1068,-0.20346703366480073,-0.053700476280045734,-0.1429286814545189,-0.5818800436227101,-0.8844018767320323,-0.8844018767320323,-0.27224184806495383,1.2491853271177025,-0.9350918936641772,-0.8577035298658984,-0.054270610979920475,0.4069036069958166,0.9941287211390216,-0.48863635585098564,1.0527639725031346,-0.2131369281205442,-0.7297104957834565,-0.7297104957834566,-1.4258276275771695,-0.506384121180668,-0.1202020533099652,1,0,consistent_user,0,0.3112609475435766,-0.5581083741704896
1069,0.3648766357899498,-0.053700476280045734,-0.439774790432666,0.5662976323065277,0.5272531539655451,0.5272531539655451,-0.8021371945739878,0.6798006607923425,-0.812203953583863,-0.19178464021846164,1.5897724270120395,0.715438667161744,0.7728759210801273,1.1230275677968744,0.8402320991216888,0.6158670707925021,0.08789230061257318,0.08789230061257323,0.31794851703412635,1.4628469420309178,0.9628001147934762,0,1,consistent_user,2,1.871858768320078,-0.3415466716180725
1070,-0.7718107031195512,1.042227611067828,1.6381479724143637,-0.5818800436227101,-0.682736872346664,-0.6827368723466641,0.8935279142549213,0.3544379943207086,-0.1852399550988241,-0.19178464021846164,-0.6828753019768462,-0.5072033725019933,-0.5218188133002654,-0.6900943463069682,-1.7101503814556616,-1.0421409270335906,-0.7297104957834565,-0.7297104957834566,0.31794851703412635,0.5876331361591018,-0.7250918072257728,1,0,casual_user,3,-2.002820517740596,1.1883672113631052
1071,1.5015639746994507,-0.6016645199539825,-0.9345183053962445,0.7303230145821331,0.7289181583509132,0.7289181583509132,-0.91989171602044,0.6526871052530396,-0.3071963895405836,-0.19178464021846164,0.5743340800170054,0.6665713129118609,0.6473462466927044,0.5186535964289268,0.8948831522769175,0.7816678705751114,0.08789230061257318,0.08789230061257323,0.8992072319045583,0.004157265577891283,0.6700369419713481,0,1,consistent_user,0,1.5235435818702872,-0.7136470539320232
1072,0.9332203052447002,-0.6016645199539825,-0.855359343002072,0.07422148547971154,0.12392314519480867,0.12392314519480872,-0.48812513738344926,0.3544379943207086,-0.11473058981706076,-0.19178464021846164,0.5743340800170054,0.6167457752453136,0.4909668371007387,0.11573761551696186,1.2737971208198382,0.4500662710098929,-0.7297104957834565,-0.7297104957834566,-0.8445689127067375,-0.21464618589006268,0.39702251887891393,0,1,consistent_user,0,0.9931980457685791,-0.8084861228121895
1073,-0.20346703366480073,-1.1496285636279193,-0.9345183053962445,-0.41785466134710464,-0.48107186796129586,-0.4810718679612959,0.3754080198905321,0.3544379943207086,0.5517272838400961,-0.19178464021846164,-1.311479992973772,-0.5599034604185339,-0.12485353907747694,-0.8915523367629506,-0.2892229994197094,-0.5447385276857627,-0.7297104957834565,-0.7297104957834566,0.31794851703412635,0.15002623322319394,-0.6662308994948349,0,0,casual_user,1,-1.4302617165645153,-1.0617894695767693
1074,-0.20346703366480073,-0.6016645199539825,-0.5387234934253817,-0.08980389679589386,0.12392314519480867,0.12392314519480872,0.3754080198905321,-0.04322748692239988,-0.38551824893562475,0.4741342494289751,-0.054270610979920475,-0.4889978875853704,-0.12485353907747694,-0.28717836539500313,-0.9733732203999828,-0.710539327468372,0.08789230061257318,0.08789230061257323,-1.4258276275771695,-0.36051515353536534,-0.0033151443407271586,0,0,casual_user,1,-0.6065969264445619,-0.5536958066760435
1075,-0.7718107031195512,-0.053700476280045734,0.4507635365017753,-0.9099308081739209,-0.8844018767320323,-0.8844018767320323,-0.27224184806495383,-0.5403093384762852,-1.1465524495910826,-0.8577035298658984,-1.311479992973772,-0.3653922268356664,0.18305664901163074,-0.8915523367629506,-1.7101503814556616,-1.0421409270335906,-0.7297104957834565,-0.7297104957834566,-0.2633101978363056,-0.8710565402939247,-0.9968538705792515,1,0,casual_user,1,-1.9456236968979164,0.06935437391586402
1076,-0.7718107031195512,-0.6016645199539825,-0.1429286814545189,-1.0739561904495263,-1.0860668811174004,-1.0860668811174004,0.3754080198905321,-0.8385584494086165,1.8439514113967574,-0.8577035298658984,-1.311479992973772,-0.8205293497512428,-0.5218188133002654,-0.8915523367629506,0.5001811017113752,-0.710539327468372,-0.7297104957834565,-0.7297104957834566,0.8992072319045583,-1.4545324108751352,-0.6987922527076942,1,0,casual_user,1,-1.6447133068553763,-0.24282750480410847
1077,0.3648766357899498,-0.053700476280045734,-0.439774790432666,-0.5818800436227101,-0.682736872346664,-0.6827368723466641,-0.6608317688382453,0.3544379943207086,-0.8012388077602937,-0.8577035298658984,-0.6828753019768462,-0.5781089453351569,0.18305664901163074,-0.6900943463069682,0.5001811017113752,-0.3789377279031535,-0.7297104957834565,-0.7297104957834566,-0.2633101978363056,0.9523055552723585,-0.3744310803180582,1,0,casual_user,0,-0.7967881079729441,-0.4969449163746648
1078,-0.20346703366480073,-1.1496285636279193,-0.9345183053962445,-1.0739561904495263,-1.2877318855027686,-1.2877318855027688,1.6707077558015044,0.3544379943207086,1.8439514113967574,-0.8577035298658984,1.202938771013931,-0.9853368974175145,-0.5218188133002654,-0.48863635585098564,-1.7101503814556616,-1.0421409270335906,-0.7297104957834565,-0.7297104957834566,-1.4258276275771695,0.3688296846911479,-0.22540027138227964,1,0,casual_user,1,-1.7819708966508292,-1.277054981642618
1079,-0.20346703366480073,2.1381556984157015,1.4402505664289322,0.4022722500309223,0.12392314519480867,0.12392314519480872,-0.48812513738344926,1.1497689568069256,-0.11886616501535609,-0.19178464021846164,-0.054270610979920475,0.6368676269952656,0.8316028652535606,-0.08572037493902064,1.0527639725031346,0.6158670707925021,0.08789230061257318,0.08789230061257323,1.4804659467749903,1.0252400390950098,0.3181238553246781,0,1,consistent_user,0,1.1167129014342534,1.1564411795675347
1080,0.3648766357899498,-0.053700476280045734,-0.439774790432666,0.07422148547971154,-0.07774185919055952,-0.07774185919055944,-0.27224184806495383,0.8018116607192055,-0.24443088673213548,-0.19178464021846164,-0.1799915491793056,-0.5886489629184649,-0.014404614921851248,-0.28717836539500313,-0.715501214030495,-0.5447385276857627,-0.7297104957834565,-0.7297104957834566,-1.4258276275771695,1.6816503934988718,-0.2341667895549727,0,0,casual_user,1,-0.926740939371833,-0.4849220640163503
1081,-0.20346703366480073,1.042227611067828,0.6486609424872066,0.7303230145821331,0.7289181583509132,0.7289181583509132,-0.27224184806495383,0.6526871052530396,-0.581777235411022,0.4741342494289751,-1.0420779825465178,-0.5838580458351431,-0.30911015763833327,-0.6900943463069682,-0.5260442297590348,-0.2131369281205442,0.9054950970086029,0.905495097008603,-0.2633101978363056,-0.43344963735801667,0.05638066988284795,0,0,casual_user,0,-0.31163817918360975,0.8456133995157075
1082,-0.7718107031195512,-1.1496285636279193,-0.736620899410813,-1.2379815727251318,-1.2877318855027686,-1.2877318855027688,1.6707077558015044,-1.4350566712732788,1.8439514113967574,-0.8577035298658984,-1.311479992973772,-1.162600829500423,-1.0813099434085147,-0.8915523367629506,-0.05240176908038397,-0.8763401272509813,-0.7297104957834565,-0.7297104957834566,-0.2633101978363056,-1.3086634432298325,-1.0811593170874751,1,0,at_risk_user,1,-2.3830468534169937,-0.8789129593508683
1083,-1.3401543725743017,-1.1496285636279193,-0.1429286814545189,-1.402006955000737,-1.489396889888137,-1.489396889888137,-2.215191451931412,-3.2245513368672665,1.8439514113967574,-1.523622419513335,-1.311479992973772,-1.536292361999528,-2.0377663477395522,-0.8915523367629506,-1.7101503814556616,-1.0421409270335906,-0.7297104957834565,-0.7297104957834566,-0.8445689127067375,1.3899124582082665,-1.9436378332300805,1,0,at_risk_user,3,-3.495069994156195,0.6748642134630441
1084,-0.7718107031195512,-0.6016645199539825,-0.1429286814545189,-1.0739561904495263,-1.0860668811174004,-1.0860668811174004,0.3754080198905321,-0.8385584494086165,1.8439514113967574,-0.8577035298658984,-1.311479992973772,-0.5177433900853013,0.4346375910307722,-0.8915523367629506,-0.6049846398721432,-0.8763401272509813,-0.7297104957834565,-0.7297104957834566,-1.4258276275771695,-0.506384121180668,-0.8741226161615515,1,0,casual_user,1,-1.5873718554497245,-0.6539201042962528
1085,-0.7718107031195512,0.49426356739389105,1.0444557544580695,0.4022722500309223,0.5272531539655451,0.5272531539655451,-0.09561006589527597,0.3544379943207086,-0.4277247822401032,0.4741342494289751,-0.6828753019768462,-0.49187243783536344,0.18305664901163074,-0.48863635585098564,0.7764725371072548,0.4500662710098929,1.7230978934046326,1.7230978934046326,-0.8445689127067375,1.0981745229176612,0.5109872551239208,0,0,casual_user,0,0.8041578494284692,1.1226381062715716
1086,0.9332203052447002,1.5901916547417647,0.09454820572799878,0.7303230145821331,1.1322481671216496,1.1322481671216498,0.5604508393063854,0.09879589923585338,-0.6506334875407922,1.8059720287238485,1.6519421217260208,1.885380618908941,1.0687347232965478,1.324485558252857,1.1317043826162427,0.9474686703577208,1.7230978934046326,1.7230978934046326,-1.4258276275771695,-1.3086634432298325,1.5391746008068978,0,1,power_user,2,3.476701069547383,0.05517793959415702
1087,-1.3401543725743017,-1.1496285636279193,-0.1429286814545189,-1.402006955000737,-1.489396889888137,-1.489396889888137,-2.215191451931412,-3.2245513368672665,1.8439514113967574,-1.523622419513335,-1.311479992973772,-1.536292361999528,-2.0377663477395522,-0.8915523367629506,-1.7101503814556616,-1.0421409270335906,-0.7297104957834565,-0.7297104957834566,-1.4258276275771695,0.5876331361591018,-1.9436378332300805,1,0,at_risk_user,3,-3.495069994156195,0.6748642134630441
1088,2.0699076441542013,-1.1496285636279193,-1.1606867693795946,1.2223991614089493,1.1322481671216496,1.1322481671216498,-0.5498060771887336,0.8657221844904192,-0.38723709536598117,0.4741342494289751,0.9071247987800837,0.5985402903286908,0.8316028652535606,1.1230275677968744,-0.3449456418524919,0.11846467144467435,0.9054950970086029,0.905495097008603,-0.8445689127067375,1.6816503934988718,0.869898822664758,0,1,consistent_user,2,1.6690655675215895,-0.9825890637098683
1089,1.5015639746994507,1.5901916547417647,-0.1429286814545189,2.0425260727869765,1.3339131715070178,1.333913171507018,-1.1789516632026342,1.7860337267958983,-0.8362131975109356,-0.19178464021846164,0.5743340800170054,1.5634309909097124,1.0831838072727025,1.324485558252857,1.1532335853743634,2.1080742688359857,0.08789230061257318,0.08789230061257323,-0.8445689127067375,0.5146986523364505,0.8688205878092929,0,1,power_user,2,2.4677909741119977,-0.013547395256960202
1090,-1.3401543725743017,1.042227611067828,4.606609062195835,-0.7459054258983154,-0.682736872346664,-0.6827368723466641,0.8935279142549213,-0.36135987191688623,-0.6285819868448992,-0.19178464021846164,0.19717126541884997,-0.6202690156683891,-2.0377663477395522,-0.48863635585098564,-1.7101503814556616,-1.0421409270335906,-0.7297104957834565,-0.7297104957834566,-1.4258276275771695,0.8064365876270558,-1.20725030672388,1,0,casual_user,3,-2.2981069891519126,4.416923183468081
1091,-0.7718107031195512,-0.6016645199539825,-0.1429286814545189,-1.0739561904495263,-1.0860668811174004,-1.0860668811174004,0.3754080198905321,-0.8385584494086165,1.8439514113967574,-0.8577035298658984,-1.311479992973772,-0.7237528246681412,0.18305664901163074,-0.8915523367629506,-1.7101503814556616,-1.0421409270335906,-0.7297104957834565,-0.7297104957834566,-0.2633101978363056,-1.3815979270524839,-1.0494529796154086,1,0,casual_user,1,-2.221498964995591,-0.622895131821523
1092,-0.20346703366480073,-1.1496285636279193,-0.9345183053962445,-0.9099308081739209,-0.8844018767320323,-0.8844018767320323,1.6707077558015044,-0.5403093384762852,2.0253558893124985,-0.19178464021846164,-1.311479992973772,-0.4832487870853841,0.18305664901163074,-0.8915523367629506,-0.05240176908038397,-0.710539327468372,-0.7297104957834565,-0.7297104957834566,-0.8445689127067375,0.2958952008684966,-0.7338583253984657,1,0,casual_user,1,-1.4182448168364508,-1.4682086000328884
1093,1.5015639746994507,0.49426356739389105,-0.5387234934253817,0.5662976323065277,0.32558814958017684,0.3255881495801769,0.1163480727083377,1.0702358605583036,-0.1237988799678133,0.4741342494289751,-0.15097902497944737,0.3676180869125774,0.6073470718193292,-0.08572037493902064,0.07511735494848346,0.11846467144467435,0.9054950970086029,0.905495097008603,-1.4258276275771695,-1.1627944755845299,0.35723601332592325,0,1,consistent_user,0,0.8557913197450653,-0.582650469142823
1094,-0.20346703366480073,-1.1496285636279193,-0.9345183053962445,-1.0739561904495263,-1.0860668811174004,-1.0860668811174004,0.3754080198905321,-0.8385584494086165,1.8439514113967574,-0.8577035298658984,-1.311479992973772,-0.38263952833562526,0.18305664901163074,-0.8915523367629506,-1.7101503814556616,-1.0421409270335906,-0.7297104957834565,-0.7297104957834566,0.8992072319045583,0.2958952008684966,-1.0494529796154086,1,0,casual_user,1,-2.0713480393449712,-1.3094378133565334
1095,1.5015639746994507,-0.6016645199539825,-0.9345183053962445,0.5662976323065277,0.5272531539655451,0.5272531539655451,-0.09561006589527597,0.6798006607923425,-0.34133464220150406,0.4741342494289751,0.42927145901771485,0.4385236597457407,0.5236926771644533,0.3171956059729444,0.5851938510639536,0.4500662710098929,0.9054950970086029,0.905495097008603,1.4804659467749903,0.8064365876270558,0.6930610940952341,0,1,consistent_user,0,1.3837411980808079,-0.7916629573822017
1096,-1.3401543725743017,-0.6016645199539825,1.0444557544580695,-1.2379815727251318,-1.2877318855027686,-1.2877318855027688,1.6707077558015044,-1.4350566712732788,1.8439514113967574,-0.8577035298658984,-1.311479992973772,-1.002584198917473,-2.0377663477395522,-0.8915523367629506,-1.7101503814556616,-1.0421409270335906,-0.7297104957834565,-0.7297104957834566,1.4804659467749903,-0.06877721824476005,-1.8910387241939233,1,0,casual_user,3,-3.352154014126049,0.9856980452120369
1097,-0.20346703366480073,-0.6016645199539825,-0.5387234934253817,-0.41785466134710464,-0.48107186796129586,-0.4810718679612959,0.3754080198905321,0.3544379943207086,-0.3367201757285049,-0.19178464021846164,-0.7726759721192641,-0.5273252242519453,-0.12485353907747694,-0.6900943463069682,-1.7101503814556616,-1.0421409270335906,-0.7297104957834565,-0.7297104957834566,-0.8445689127067375,0.8793710714497072,-0.7038016916635187,1,0,casual_user,1,-1.7804506521895052,-0.7683386576010865
1098,0.3648766357899498,0.49426356739389105,-0.1429286814545189,0.8943483968577386,1.3339131715070178,1.333913171507018,-0.6608317688382453,0.11583870557484367,-0.8200108315461314,0.4741342494289751,0.4486131418176202,0.7575987374949764,0.5800219232344195,0.5186535964289268,-0.1629183432387358,0.11846467144467435,0.9054950970086029,0.905495097008603,1.4804659467749903,1.6087159096762205,0.7915158366500925,0,1,consistent_user,2,1.6305321400024222,0.06170722750505644
1099,-0.7718107031195512,-0.053700476280045734,0.4507635365017753,-0.9099308081739209,-0.8844018767320323,-0.8844018767320323,-0.27224184806495383,-0.5403093384762852,-0.5121707818103663,-0.8577035298658984,-0.3685729564783833,-0.6106871815017454,0.4346375910307722,-0.6900943463069682,-0.8812760752680229,-0.8763401272509813,-0.7297104957834565,-0.7297104957834566,-0.8445689127067375,-0.9439910241165759,-0.5366116665128764,1,0,casual_user,1,-1.2557243504146227,0.03146771107743901
1100,2.0699076441542013,2.1381556984157015,-0.1429286814545189,1.2223991614089493,1.3339131715070178,1.333913171507018,0.3754080198905321,0.5930372830665736,-0.6897454392899335,1.8059720287238485,0.9071247987800837,0.7250205013283878,0.6473462466927044,1.1230275677968744,1.020259097750678,1.2790702699229393,1.7230978934046326,1.7230978934046326,0.8992072319045583,-0.43344963735801667,1.314412861774243,0,1,consistent_user,2,2.5658730063231685,-0.009356690032761494
1101,-0.7718107031195512,1.042227611067828,1.6381479724143637,1.3864245436845548,1.1322481671216496,1.1322481671216498,-0.5498060771887336,1.1213642795752743,-0.6897454392899335,0.4741342494289751,0.36479918301803,0.5353001848288423,0.6473462466927044,0.7201115868849094,0.31598681144745566,0.7816678705751114,1.7230978934046326,1.7230978934046326,-0.2633101978363056,-0.8710565402939247,0.961001854655488,0,1,consistent_user,2,1.9421756203441156,1.6733868629728101
1102,0.3648766357899498,-0.053700476280045734,-0.439774790432666,0.07422148547971154,0.32558814958017684,0.3255881495801769,0.1163480727083377,-0.003460938798088793,-0.16117607912116952,0.4741342494289751,-0.557154363777461,-0.7208782744181481,-0.12485353907747694,-0.48863635585098564,0.2791479533946715,-0.04733612833793493,0.08789230061257318,0.08789230061257323,0.8992072319045583,0.5146986523364505,0.07266134648927755,0,0,casual_user,0,-0.2979401467979281,-0.35165714020104694
1103,0.9332203052447002,-0.053700476280045734,-0.6178824558195544,1.0583737791333439,0.5272531539655451,0.5272531539655451,-0.09561006589527597,1.6558886602072447,-0.6556683282145582,0.4741342494289751,1.752967875636241,0.6196203254953069,0.6473462466927044,1.727401539164822,0.7764725371072548,0.9474686703577208,0.08789230061257318,0.08789230061257323,-0.2633101978363056,-1.6733358623430892,1.009582976195827,0,1,consistent_user,2,1.7859732777468063,-0.5962855273110155
1104,0.3648766357899498,0.49426356739389105,-0.1429286814545189,0.8943483968577386,0.9305831627362814,0.9305831627362817,-0.42169950990083516,0.6297448659505527,-0.544387525731718,0.4741342494289751,0.7000550182163905,0.48834919741228794,0.7728759210801273,0.7201115868849094,0.5001811017113752,0.6158670707925021,0.08789230061257318,0.08789230061257323,1.4804659467749903,0.7335021038044045,0.7038506549231636,0,1,consistent_user,0,1.4482646912174415,-0.16452690069696826
1105,-1.3401543725743017,-1.1496285636279193,-0.1429286814545189,-1.0739561904495263,-1.0860668811174004,-1.0860668811174004,0.3754080198905321,-0.8385584494086165,1.8439514113967574,-0.8577035298658984,-1.311479992973772,-0.9853368974175145,-2.0377663477395522,-0.8915523367629506,-1.7101503814556616,-1.0421409270335906,-0.7297104957834565,-0.7297104957834566,-1.4258276275771695,-0.43344963735801667,-1.8384396151577662,0,0,at_risk_user,3,-3.196218520348528,0.21783467177362356
1106,-0.20346703366480073,-1.1496285636279193,-0.9345183053962445,-1.0739561904495263,-1.0860668811174004,-1.0860668811174004,2.9660074917124764,-0.8385584494086165,1.8439514113967574,-0.19178464021846164,-1.311479992973772,-0.9125149577510223,-0.30911015763833327,-0.8915523367629506,-1.7101503814556616,-1.0421409270335906,-0.7297104957834565,-0.7297104957834566,-0.2633101978363056,-1.0898599917618785,-1.0494529796154086,1,0,at_risk_user,1,-2.6150339156955646,-1.6651042254582922
1107,0.3648766357899498,0.49426356739389105,-0.1429286814545189,0.4022722500309223,0.7289181583509132,0.7289181583509132,0.3754080198905321,0.05618888338837724,-0.6908343729252704,1.1400531390764117,0.26003173451854256,0.8601243630780642,0.5800219232344195,0.11573761551696186,0.5001811017113752,0.28426547122728363,1.7230978934046326,1.7230978934046326,0.8992072319045583,1.4628469420309178,0.8484982047725962,0,1,consistent_user,2,1.8735353655350395,-0.08639249720244387
1108,-0.20346703366480073,-1.1496285636279193,-0.9345183053962445,-1.0739561904495263,-1.0860668811174004,-1.0860668811174004,0.3754080198905321,-0.8385584494086165,1.8439514113967574,-0.8577035298658984,-0.054270610979920475,-0.2628666012525789,0.03767231680798374,-0.6900943463069682,-0.6049846398721432,-0.8763401272509813,-0.7297104957834565,-0.7297104957834566,0.31794851703412635,0.8793710714497072,-0.4357967075269085,1,0,casual_user,1,-1.1409923305069547,-1.1570413052091524
1109,-0.20346703366480073,-0.6016645199539825,-0.5387234934253817,-0.9099308081739209,-0.8844018767320323,-0.8844018767320323,1.6707077558015044,-0.5403093384762852,-0.7236313377372718,-0.19178464021846164,-0.3685729564783833,-0.9757550632508708,-0.5218188133002654,-0.6900943463069682,-0.8812760752680229,-0.8763401272509813,-0.7297104957834565,-0.7297104957834566,-0.8445689127067375,-0.506384121180668,-0.5366116665128764,1,0,at_risk_user,1,-1.8765230084327649,-0.8845943973593182
1110,0.3648766357899498,1.5901916547417647,0.4507635365017753,0.07422148547971154,0.12392314519480867,0.12392314519480872,2.102474334438495,0.3544379943207086,-0.600563641934638,1.8059720287238485,-0.557154363777461,-0.6892582216682239,-0.24491835518790803,-0.48863635585098564,-0.715501214030495,-0.5447385276857627,0.08789230061257318,0.08789230061257323,-0.8445689127067375,0.7335021038044045,-0.13773508965535103,1,0,casual_user,1,-0.9123275533075619,0.010995981400112795
1111,0.3648766357899498,1.5901916547417647,0.4507635365017753,2.0425260727869765,1.5355781758923859,1.5355781758923863,0.2134955529016607,1.4728721603169508,-0.7995826177222567,1.8059720287238485,2.1172728670094596,1.7502767571592643,1.0443115209154932,3.1376074723566996,1.3039380046812068,2.273875068618595,1.7230978934046326,1.7230978934046326,0.31794851703412635,-0.9439910241165759,1.8339345430030258,0,1,power_user,2,3.8504026513390115,0.5084758516430467
1112,-0.7718107031195512,-0.053700476280045734,0.4507635365017753,-0.9099308081739209,-0.8844018767320323,-0.8844018767320323,-0.27224184806495383,-0.5403093384762852,-0.9350918936641772,-0.8577035298658984,-0.3685729564783833,-0.8607730532511462,0.18305664901163074,-0.6900943463069682,0.7764725371072548,-0.5447385276857627,-0.7297104957834565,-0.7297104957834566,0.8992072319045583,1.3899124582082665,-0.27361612133209035,1,0,casual_user,0,-0.7939872535934859,0.20290870182013038
1113,-0.7718107031195512,1.042227611067828,1.6381479724143637,0.23824686775531695,0.32558814958017684,0.3255881495801769,-0.6608317688382453,0.3544379943207086,-0.6686729803303041,-0.19178464021846164,1.08864700901449,0.5956657400786975,0.8316028652535606,0.5186535964289268,1.0025291660675202,0.4500662710098929,0.08789230061257318,0.08789230061257323,0.8992072319045583,-0.36051515353536534,0.7612315011444263,0,1,consistent_user,0,1.6180081882614523,1.4150254707148235
1114,-0.20346703366480073,-1.1496285636279193,-0.9345183053962445,-0.7459054258983154,-0.682736872346664,-0.6827368723466641,0.8935279142549213,-0.36135987191688623,1.4662193579290133,-0.19178464021846164,-0.557154363777461,-1.040911535584048,-0.30911015763833327,-0.6900943463069682,-0.38395149155543945,-0.710539327468372,-0.7297104957834565,-0.7297104957834566,0.31794851703412635,1.0252400390950098,-0.4708627802176796,0,0,at_risk_user,1,-1.571008162238719,-1.1208402979377086
1115,-0.7718107031195512,-0.053700476280045734,0.4507635365017753,-0.9099308081739209,-0.8844018767320323,-0.8844018767320323,-0.27224184806495383,-0.5403093384762852,-1.1465524495910826,-0.8577035298658984,-0.3685729564783833,-1.0888207064172666,-0.5218188133002654,-0.6900943463069682,-0.8812760752680229,-0.8763401272509813,-0.7297104957834565,-0.7297104957834566,-0.2633101978363056,0.7335021038044045,-0.5366116665128764,1,0,at_risk_user,1,-1.8363212818365318,0.37838778313087323
1116,-1.3401543725743017,0.49426356739389105,3.419224626283246,0.4022722500309223,0.5272531539655451,0.5272531539655451,-0.09561006589527597,0.3544379943207086,-0.757276086073118,0.4741342494289751,-0.054270610979920475,0.6014148405786837,-2.0377663477395522,-0.08572037493902064,0.7764725371072548,0.4500662710098929,0.9054950970086029,0.905495097008603,0.31794851703412635,-1.3086634432298325,-0.23416678955497242,0,1,consistent_user,3,0.3531806612994659,4.047585208576084
1117,-0.20346703366480073,1.042227611067828,0.6486609424872066,-0.41785466134710464,-0.48107186796129586,-0.4810718679612959,1.6707077558015044,0.3544379943207086,-0.5739145571191326,0.4741342494289751,0.8437360904442591,-0.4707924026687474,0.18305664901163074,-0.08572037493902064,-1.2365079207770109,-0.8763401272509813,0.08789230061257318,0.08789230061257323,0.31794851703412635,0.0770917494005426,0.11023213865796111,1,0,casual_user,1,-0.5619859973796615,0.0663467178033247
1118,0.3648766357899498,-0.053700476280045734,-0.439774790432666,-0.08980389679589386,-0.07774185919055952,-0.07774185919055944,-0.27224184806495383,0.3544379943207086,-0.3515807459798505,-0.19178464021846164,-0.8924101989758214,-0.6011053473351018,-0.014404614921851248,-0.6900943463069682,-0.2365960593443038,-0.3789377279031535,-0.7297104957834565,-0.7297104957834566,0.31794851703412635,0.3688296846911479,-0.40657498028459876,0,0,casual_user,1,-1.01534591892896,-0.48049262339688653
1119,0.9332203052447002,1.5901916547417647,0.09454820572799878,0.07422148547971154,0.12392314519480867,0.12392314519480872,1.2389411771645134,0.3544379943207086,-0.9112608640721969,1.1400531390764117,0.19717126541884997,0.6751949636618402,0.5450865151863976,-0.08572037493902064,-0.38395149155543945,-0.3789377279031535,0.9054950970086029,0.905495097008603,-1.4258276275771695,-1.3086634432298325,0.3531899280154492,1,0,consistent_user,0,0.7765102954318355,-0.2470987874819607
1120,-1.3401543725743017,-1.1496285636279193,-0.1429286814545189,-1.402006955000737,-1.489396889888137,-1.489396889888137,-2.215191451931412,-3.2245513368672665,1.8439514113967574,-1.523622419513335,-1.311479992973772,-1.536292361999528,-2.0377663477395522,-0.8915523367629506,-1.7101503814556616,-1.0421409270335906,-0.7297104957834565,-0.7297104957834566,1.4804659467749903,0.3688296846911479,-1.9436378332300805,0,0,at_risk_user,3,-3.495069994156195,0.6748642134630441
1121,1.5015639746994507,-0.053700476280045734,-0.736620899410813,1.2223991614089493,0.7289181583509132,0.7289181583509132,-0.91989171602044,1.5474344380500333,-0.5576602168012708,-0.19178464021846164,0.9071247987800837,0.7278950515783807,0.6473462466927044,1.1230275677968744,0.8252298492359393,1.11326947014033,-0.7297104957834565,-0.7297104957834566,-0.8445689127067375,1.6087159096762205,0.5996837919299898,0,1,consistent_user,0,1.335401046887835,-0.6217751963415508
1122,-0.20346703366480073,0.49426356739389105,0.2528661305163439,0.5662976323065277,0.5272531539655451,0.5272531539655451,-0.8021371945739878,0.6798006607923425,-0.5915384221206266,-0.19178464021846164,-0.4411042669780285,-0.699798239251532,0.31457277492034114,-0.28717836539500313,-0.6899973892247215,-0.3789377279031535,-0.7297104957834565,-0.7297104957834566,-1.4258276275771695,-1.7462703461657405,-0.16336029662168386,0,0,casual_user,0,-0.6501273022386028,0.162150822407367
1123,-0.20346703366480073,-1.1496285636279193,-0.9345183053962445,-0.7459054258983154,-0.682736872346664,-0.6827368723466641,-0.6608317688382453,-0.36135987191688623,-0.1852399550988242,-0.8577035298658984,-1.311479992973772,-1.1348135104171562,-1.0813099434085147,-0.8915523367629506,-0.38395149155543945,-0.710539327468372,-0.7297104957834565,-0.7297104957834566,-1.4258276275771695,-0.36051515353536534,-0.9759610990151607,0,0,at_risk_user,1,-2.131897522009037,-0.5360584169553099
1124,0.9332203052447002,1.5901916547417647,0.09454820572799878,1.3864245436845548,1.7372431802777542,1.7372431802777546,-0.38653300123356904,0.3544379943207086,-0.8651089695406832,1.1400531390764117,-0.47334040497787094,0.5803348054120676,0.5450865151863976,-0.08572037493902064,0.8685696822392148,1.2790702699229393,2.540700689800662,2.5407006898006625,0.8992072319045583,-0.43344963735801667,1.0895774545216497,0,1,consistent_user,2,2.393626832269646,0.47569497189255716
1125,-1.3401543725743017,-0.6016645199539825,1.0444557544580695,-1.2379815727251318,-1.2877318855027686,-1.2877318855027688,1.6707077558015044,-1.4350566712732788,1.8439514113967574,-0.8577035298658984,-1.311479992973772,-0.9872532642508433,-2.0377663477395522,-0.8915523367629506,-0.05240176908038397,-0.8763401272509813,-0.7297104957834565,-0.7297104957834566,-1.4258276275771695,-1.1627944755845299,-1.6280431790131376,1,0,at_risk_user,3,-2.676253826106899,1.0716808579490515
1126,0.9332203052447002,0.49426356739389105,-0.3804055686370366,0.5662976323065277,0.32558814958017684,0.3255881495801769,-0.6608317688382453,1.0702358605583036,-0.3513129434781961,-0.19178464021846164,0.13914621701913374,0.8361697776614548,0.4346375910307722,0.11573761551696186,0.8402320991216888,0.6158670707925021,0.08789230061257318,0.08789230061257323,-1.4258276275771695,1.6087159096762205,0.40444034194811546,0,1,consistent_user,0,1.1363918338536638,-0.24417417567639826
1127,0.3648766357899498,-0.053700476280045734,-0.439774790432666,-0.5818800436227101,-0.682736872346664,-0.6827368723466641,-0.6608317688382453,0.3544379943207086,-0.8475020634922986,-0.8577035298658984,0.5743340800170054,0.6272857928286216,0.4346375910307722,-0.28717836539500313,-0.05240176908038397,-0.5447385276857627,-0.7297104957834565,-0.7297104957834566,-0.8445689127067375,1.2440434905629638,-0.023770353410343822,1,0,consistent_user,0,0.09573831671179078,-0.5370734839916649
1128,0.3648766357899498,-0.053700476280045734,-0.439774790432666,-0.5818800436227101,-0.682736872346664,-0.6827368723466641,0.8935279142549213,0.3544379943207086,-0.3939588153078783,-0.19178464021846164,-0.6828753019768462,-0.7611219779180517,0.08785511658445516,-0.6900943463069682,-0.05240176908038397,-0.5447385276857627,-0.7297104957834565,-0.7297104957834566,-0.2633101978363056,-1.3086634432298325,-0.4620962620449871,1,0,casual_user,1,-1.2092372111073089,-0.8099250356077602
1129,0.3648766357899498,0.49426356739389105,-0.1429286814545189,0.5662976323065277,0.9305831627362814,0.9305831627362817,-0.42169950990083516,0.07913112269086459,-0.7618865227083419,0.4741342494289751,-0.15097902497944737,0.6943586319951279,0.7115380491431296,-0.08572037493902064,1.0952703471794236,0.7816678705751114,0.9054950970086029,0.905495097008603,0.31794851703412635,-0.43344963735801667,0.6768767528533395,0,1,consistent_user,2,1.7412779333193575,-0.03390023712065633
1130,0.9332203052447002,-0.6016645199539825,-0.855359343002072,0.7303230145821331,0.7289181583509132,0.7289181583509132,-0.27224184806495383,0.6526871052530396,-0.6531444857616368,0.4741342494289751,0.30493206958975133,0.6224948757453,0.3759106468573385,0.3171956059729444,1.1317043826162427,0.9474686703577208,0.9054950970086029,0.905495097008603,-0.2633101978363056,-0.7981220564712733,0.78901111717218,0,1,consistent_user,2,1.6762522306982357,-0.5757188976142751
1131,0.3648766357899498,1.042227611067828,0.1539174275236282,1.3864245436845548,1.1322481671216496,1.1322481671216498,1.1155792975539447,1.1213642795752743,-0.6897454392899336,2.4718909183712854,0.993403874014956,1.7138657873260188,1.271029179251379,1.324485558252857,1.4211525530309739,1.7764726692707673,0.08789230061257318,0.08789230061257323,-1.4258276275771695,-1.3815979270524839,1.0048344455189522,0,1,power_user,2,2.6828703513230017,-0.275151010910273
1132,-0.20346703366480073,-1.1496285636279193,-0.9345183053962445,-1.0739561904495263,-1.0860668811174004,-1.0860668811174004,2.9660074917124764,-0.8385584494086165,1.8439514113967574,-0.19178464021846164,-1.311479992973772,-1.1587680958337656,-0.12485353907747694,-0.8915523367629506,-0.6049846398721432,-0.8763401272509813,-0.7297104957834565,-0.7297104957834566,-1.4258276275771695,0.9523055552723585,-0.8741226161615515,1,0,at_risk_user,1,-2.20596047981471,-1.6890765571196973
1133,2.0699076441542013,0.49426356739389105,-0.6518077254170568,0.07422148547971154,-0.07774185919055952,-0.07774185919055944,3.6136573596679624,0.8018116607192055,-1.0244656407036958,2.4718909183712854,2.0829853384096273,2.1268428399083623,1.271029179251379,0.9215695773408918,1.2737971208198382,0.4500662710098929,0.08789230061257318,0.08789230061257323,-0.2633101978363056,-1.6733358623430892,1.0457448636581854,1,0,power_user,2,2.582785602708981,-1.5799739940144164
1134,-1.3401543725743017,-1.1496285636279193,-0.1429286814545189,-1.402006955000737,-1.489396889888137,-1.489396889888137,-2.215191451931412,-3.2245513368672665,1.8439514113967574,-1.523622419513335,-1.311479992973772,-1.536292361999528,-2.0377663477395522,-0.8915523367629506,-1.7101503814556616,-1.0421409270335906,-0.7297104957834565,-0.7297104957834566,-0.8445689127067375,1.5357814258535691,-1.9436378332300805,1,0,at_risk_user,3,-3.495069994156195,0.6748642134630441
1135,-0.20346703366480073,-0.6016645199539825,-0.5387234934253817,-0.9099308081739209,-0.8844018767320323,-0.8844018767320323,1.6707077558015044,-0.5403093384762852,0.12221088597034979,-0.19178464021846164,-0.3685729564783833,-0.7333346588347849,0.03767231680798374,-0.6900943463069682,-1.7101503814556616,-1.0421409270335906,-0.7297104957834565,-0.7297104957834566,-0.8445689127067375,1.0981745229176612,-0.6681094391032691,1,0,casual_user,1,-1.8878714766009235,-1.1317492361907386
1136,-0.7718107031195512,-1.1496285636279193,-0.736620899410813,-1.2379815727251318,-1.2877318855027686,-1.2877318855027688,1.6707077558015044,-1.4350566712732788,1.8439514113967574,-0.8577035298658984,-1.311479992973772,-0.6662618196682789,-0.12485353907747694,-0.8915523367629506,-1.7101503814556616,-1.0421409270335906,-0.7297104957834565,-0.7297104957834566,0.8992072319045583,1.3169779743856151,-1.102052088651566,1,0,casual_user,1,-2.4635941869187485,-1.3104245124402094
1137,-0.20346703366480073,-1.1496285636279193,-0.9345183053962445,-0.7459054258983154,-0.682736872346664,-0.6827368723466641,0.8935279142549213,-0.36135987191688623,-0.06831094856461352,-0.19178464021846164,-0.557154363777461,-0.6308090332516973,0.4346375910307722,-0.6900943463069682,0.9422473983447828,-0.3789377279031535,-0.7297104957834565,-0.7297104957834566,-1.4258276275771695,1.2440434905629638,-0.260466344073051,1,0,casual_user,1,-0.5673550157362978,-1.3207415022597215
1138,-1.3401543725743017,0.49426356739389105,3.419224626283246,0.23824686775531695,0.5272531539655451,0.5272531539655451,-0.09561006589527597,0.029075327849074427,-0.8690454358558546,0.4741342494289751,1.08864700901449,0.41840180799578885,-2.0377663477395522,0.5186535964289268,-0.20310618838722744,-0.2131369281205442,0.9054950970086029,0.905495097008603,1.4804659467749903,-1.0169255079392272,0.00890485068787509,0,1,consistent_user,3,0.3207254128009251,4.021179868676416
1139,1.5015639746994507,2.1381556984157015,0.054968724530912484,1.7144753082357655,1.3339131715070178,1.333913171507018,-0.6608317688382453,1.3088351493041683,-0.8777907734982127,0.4741342494289751,0.9514968946151606,1.716740337576012,1.0244568630992683,1.5259435487088393,1.2737971208198382,1.9422734690533765,0.9054950970086029,0.905495097008603,0.8992072319045583,1.0252400390950098,1.194775672593964,0,1,power_user,2,2.999630305231756,0.19413264468225092
1140,0.3648766357899498,-0.053700476280045734,-0.439774790432666,0.07422148547971154,-0.07774185919055952,-0.07774185919055944,0.6992329538682752,0.8018116607192055,0.18637609965422178,0.4741342494289751,0.5743340800170054,0.6167457752453136,0.8879321113235271,0.11573761551696186,1.2737971208198382,0.4500662710098929,0.08789230061257318,0.08789230061257323,-0.8445689127067375,-0.287580669712714,0.5197537732966139,0,1,consistent_user,0,1.3196927635041602,-0.762068330624026
1141,-0.20346703366480073,-0.053700476280045734,-0.1429286814545189,0.23824686775531695,0.5272531539655451,0.5272531539655451,-0.8021371945739878,0.029075327849074427,-0.887567218217991,-0.19178464021846164,-0.6257294209771256,-0.7342928422514494,0.18305664901163074,-0.48863635585098564,-0.20310618838722744,-0.2131369281205442,0.08789230061257318,0.08789230061257323,0.8992072319045583,1.0252400390950098,0.024843974638225852,0,0,casual_user,0,-0.27516002429693004,-0.027771308147628463
1142,-1.3401543725743017,-0.053700476280045734,2.231840190370658,-0.41785466134710464,-0.48107186796129586,-0.4810718679612959,1.6707077558015044,0.3544379943207086,-0.15471452549050171,0.4741342494289751,0.8437360904442591,0.7087313832450933,-2.0377663477395522,-0.08572037493902064,-0.2892229994197094,-0.5447385276857627,0.08789230061257318,0.08789230061257323,-0.2633101978363056,-0.7981220564712733,-0.5284713282096615,0,1,consistent_user,3,-0.5203726028021793,2.4170226432518276
1143,-1.3401543725743017,-0.6016645199539825,1.0444557544580695,-1.0739561904495263,-1.0860668811174004,-1.0860668811174004,0.3754080198905321,-0.8385584494086165,1.8439514113967574,-0.8577035298658984,-1.311479992973772,-0.4621687519187679,-2.0377663477395522,-0.8915523367629506,0.5001811017113752,-0.710539327468372,-0.7297104957834565,-0.7297104957834566,0.31794851703412635,-0.9439910241165759,-1.4877788882500518,0,0,casual_user,3,-2.0739131176440178,1.4043769156561874
1144,2.6382513136089516,2.1381556984157015,-0.2913517359435925,1.55044992596016,1.3339131715070178,1.333913171507018,0.3754080198905321,1.0702358605583036,-0.5984677079029166,1.8059720287238485,1.4676144303810574,1.8298059807424076,1.0790709132848075,1.9288595296208046,0.9073474275579347,1.4448710697055487,0.9054950970086029,0.905495097008603,-0.2633101978363056,-0.287580669712714,1.3165841356250647,0,1,power_user,2,3.074878435731597,-0.34222235206751406
1145,0.3648766357899498,-1.1496285636279193,-1.03346700838896,0.23824686775531695,0.12392314519480867,0.12392314519480872,0.3754080198905321,0.7521034755638172,-0.06831094856461352,0.4741342494289751,-0.9686047069754489,-0.7266273749181344,-0.014404614921851248,-0.6900943463069682,0.09830265022645933,-0.04733612833793493,0.9054950970086029,0.905495097008603,-1.4258276275771695,0.5146986523364505,0.023250062243190484,0,0,casual_user,0,-0.27443689301025775,-0.9224956472104656
1146,0.9332203052447002,-0.053700476280045734,-0.6178824558195544,0.5662976323065277,0.7289181583509132,0.7289181583509132,0.3754080198905321,0.3544379943207086,-0.5129544531012294,1.1400531390764117,-0.15097902497944737,0.5870420893287183,0.6473462466927044,-0.08572037493902064,-0.4349591411669864,-0.2131369281205442,0.9054950970086029,0.905495097008603,0.31794851703412635,1.0252400390950098,0.38151252518876483,0,1,consistent_user,0,0.9263985668724701,-0.694936358453289
1147,-0.7718107031195512,-0.053700476280045734,0.4507635365017753,-0.08980389679589386,0.12392314519480867,0.12392314519480872,-0.48812513738344926,-0.04322748692239988,-0.6163927788491583,-0.19178464021846164,-0.8924101989758214,-0.6662618196682789,0.4346375910307722,-0.6900943463069682,-0.6049846398721432,-0.5447385276857627,-0.7297104957834565,-0.7297104957834566,-0.8445689127067375,-0.9439910241165759,-0.4124193257330607,0,0,casual_user,0,-0.92073473107611,0.1787263328264664
1148,-1.3401543725743017,-1.1496285636279193,-0.1429286814545189,-1.402006955000737,-1.489396889888137,-1.489396889888137,-2.215191451931412,-3.2245513368672665,1.8439514113967574,-1.523622419513335,-1.311479992973772,-1.536292361999528,-2.0377663477395522,-0.8915523367629506,-1.7101503814556616,-1.0421409270335906,-0.7297104957834565,-0.7297104957834566,-0.2633101978363056,0.2958952008684966,-1.9436378332300805,1,0,at_risk_user,3,-3.495069994156195,0.6748642134630441
1149,0.9332203052447002,3.234083785763575,0.8069788672755519,1.2223991614089493,0.9305831627362814,0.9305831627362817,0.7739617847862161,1.1803586092102416,-0.5777131920316761,1.8059720287238485,1.7945667154816256,1.609423794909602,1.332367051188376,1.9288595296208046,1.4103175947801552,1.6106718694881579,1.7230978934046326,1.7230978934046326,-0.2633101978363056,0.3688296846911479,1.58050247219245,0,1,power_user,2,3.5269468690683072,0.5272382871425587
1150,-0.7718107031195512,1.042227611067828,1.6381479724143637,1.2223991614089493,1.3339131715070178,1.333913171507018,-0.14271187447385666,0.5930372830665736,-0.8977274878157436,1.1400531390764117,0.9071247987800837,1.823098696825757,0.9941287211390216,1.1230275677968744,1.4103175947801552,1.6106718694881579,0.9054950970086029,0.905495097008603,-1.4258276275771695,-0.06877721824476005,1.2009638030688057,0,1,power_user,2,3.0484461753617276,1.5128833006025768
1151,-0.7718107031195512,0.49426356739389105,1.0444557544580695,0.4022722500309223,0.12392314519480867,0.12392314519480872,-1.3516582946574307,1.1497689568069256,-0.6944307632509513,-0.8577035298658984,0.26003173451854256,-0.6097289980850811,-0.5218188133002654,0.11573761551696186,0.5001811017113752,0.28426547122728363,0.08789230061257318,0.08789230061257323,-1.4258276275771695,-1.5274668946977865,0.3400401507564102,0,0,casual_user,0,-0.0167117249451485,1.4277322405835937
1152,0.3648766357899498,-0.6016645199539825,-0.736620899410813,-0.7459054258983154,-0.682736872346664,-0.6827368723466641,0.8935279142549213,-0.36135987191688623,-0.1852399550988242,-0.19178464021846164,-0.557154363777461,-0.7869929301679897,-0.014404614921851248,-0.6900943463069682,-1.0470509365055505,-0.8763401272509813,-0.7297104957834565,-0.7297104957834566,-0.8445689127067375,0.7335021038044045,-0.576060998289994,1,0,casual_user,1,-1.612889199231218,-1.0822768619365881
1153,-0.7718107031195512,1.5901916547417647,2.231840190370658,0.23824686775531695,0.32558814958017684,0.3255881495801769,0.1163480727083377,0.3544379943207086,-0.8969880360762748,0.4741342494289751,1.08864700901449,0.4749346295789867,0.9941287211390216,0.5186535964289268,0.7011203274538332,0.28426547122728363,0.9054950970086029,0.905495097008603,1.4804659467749903,-0.725187572648622,0.8887444927472312,0,1,consistent_user,2,1.786198534428379,1.7924437302659835
1154,-0.20346703366480073,-0.6016645199539825,-0.5387234934253817,-0.7459054258983154,-0.682736872346664,-0.6827368723466641,-0.6608317688382453,-0.36135987191688623,1.3614327412776424,-0.8577035298658984,0.19717126541884997,0.8677898304113789,0.31457277492034114,-0.48863635585098564,-0.38395149155543945,-0.710539327468372,-0.7297104957834565,-0.7297104957834566,1.4804659467749903,-1.1627944755845299,-0.2078672350368938,0,1,consistent_user,0,-0.12508602142436473,-0.5961470005826182
1155,-0.20346703366480073,0.49426356739389105,0.2528661305163439,0.7303230145821331,0.7289181583509132,0.7289181583509132,-0.27224184806495383,0.6526871052530396,-0.46753317389032806,0.4741342494289751,-1.0420779825465178,-0.6662618196682789,0.03767231680798374,-0.6900943463069682,-0.2892229994197094,-0.04733612833793493,0.9054950970086029,0.905495097008603,1.4804659467749903,0.3688296846911479,0.0939514620515318,0,0,casual_user,0,-0.11804045881886605,0.37106491041025064
1156,0.3648766357899498,-0.6016645199539825,-0.736620899410813,-0.5818800436227101,-0.682736872346664,-0.6827368723466641,-0.6608317688382453,0.3544379943207086,0.5004886490411173,-0.8577035298658984,-0.6828753019768462,0.9042008002446249,0.27211173514531184,-0.6900943463069682,-0.05240176908038397,-0.5447385276857627,-0.7297104957834565,-0.7297104957834566,-0.8445689127067375,0.22296071704584525,-0.4620962620449871,1,0,consistent_user,0,-0.3331336287120408,-0.7608059005718583
1157,-1.3401543725743017,0.49426356739389105,3.419224626283246,-0.08980389679589386,0.12392314519480867,0.12392314519480872,-0.48812513738344926,-0.04322748692239988,-0.6759692785533112,-0.19178464021846164,0.36479918301803,-0.49283062125202776,-2.0377663477395522,-0.08572037493902064,0.13179252118353585,-0.2131369281205442,-0.7297104957834565,-0.7297104957834566,-0.8445689127067375,0.004157265577891283,-0.6461931436715369,0,0,casual_user,3,-1.016432803566916,3.834291088608367
1158,0.3648766357899498,1.042227611067828,0.1539174275236282,0.4022722500309223,0.12392314519480867,0.12392314519480872,-0.48812513738344926,1.1497689568069256,-0.600563641934638,-0.19178464021846164,0.8886364255154683,0.6742367802451761,0.7115380491431296,0.5186535964289268,-0.32869320447626355,-0.2131369281205442,-0.7297104957834565,-0.7297104957834566,-0.2633101978363056,1.3169779743856151,0.2523749690294813,0,1,consistent_user,0,0.5788995472699676,-0.07110077558994211
1159,0.9332203052447002,0.49426356739389105,-0.3804055686370366,0.23824686775531695,0.12392314519480867,0.12392314519480872,-0.48812513738344926,0.7521034755638172,-0.34730667375957236,-0.19178464021846164,-0.6257294209771256,-0.40755229716889885,-0.21390862521115772,-0.48863635585098564,-0.20310618838722744,-0.2131369281205442,0.08789230061257318,0.08789230061257323,-0.2633101978363056,-1.0169255079392272,-0.08035424343408859,0,0,casual_user,0,-0.4760514738494524,-0.1780476975072257
1160,0.3648766357899498,1.5901916547417647,0.4507635365017753,1.2223991614089493,1.3339131715070178,1.333913171507018,0.3754080198905321,0.5930372830665736,-0.7834359474137925,1.8059720287238485,1.1289852779554694,1.7426112898259496,1.39109399536181,1.324485558252857,1.4103175947801552,1.6106718694881579,0.9054950970086029,0.905495097008603,1.4804659467749903,-0.8710565402939247,1.2783154340043312,0,1,power_user,2,3.228859903246418,0.2079412674471432
1161,-0.7718107031195512,-0.6016645199539825,-0.1429286814545189,-1.0739561904495263,-1.0860668811174004,-1.0860668811174004,0.3754080198905321,-0.8385584494086165,1.8439514113967574,-0.8577035298658984,-1.311479992973772,-0.821487533167907,-0.5218188133002654,-0.8915523367629506,-0.6049846398721432,-0.8763401272509813,-0.7297104957834565,-0.7297104957834566,0.31794851703412635,1.0252400390950098,-0.8741226161615515,1,0,at_risk_user,1,-2.0912379867751034,-0.29976510739705076
1162,-0.7718107031195512,-0.053700476280045734,0.4507635365017753,-0.9099308081739209,-0.8844018767320323,-0.8844018767320323,-0.27224184806495383,-0.5403093384762852,-0.5121707818103663,-0.8577035298658984,-0.3685729564783833,0.25551062716284584,0.6473462466927044,-0.6900943463069682,-0.8812760752680229,-0.8763401272509813,-0.7297104957834565,-0.7297104957834566,1.4804659467749903,0.5146986523364505,-0.5366116665128764,1,0,consistent_user,0,-0.7922658972821582,-0.01416004185723342
1163,-0.20346703366480073,1.042227611067828,0.6486609424872066,1.0583737791333439,1.1322481671216496,1.1322481671216498,-1.1049345354362932,0.6100800894055639,-0.9606682439292622,-0.19178464021846164,0.8100608391408525,1.6851202848260871,1.332367051188376,0.9215695773408918,1.1909096902010743,1.2790702699229393,-0.7297104957834565,-0.7297104957834566,-0.8445689127067375,-0.5793186050033193,0.729054394669656,0,1,power_user,2,2.316610980963001,0.4774543961783264
1164,-0.20346703366480073,1.042227611067828,0.6486609424872066,0.5662976323065277,0.7289181583509132,0.7289181583509132,-0.27224184806495383,0.3544379943207086,-0.5476215579486376,0.4741342494289751,1.299647185013458,0.7566405540783119,0.5450865151863976,0.9215695773408918,0.3301556030062187,0.28426547122728363,0.9054950970086029,0.905495097008603,-0.8445689127067375,0.004157265577891283,1.0086557483121767,0,1,consistent_user,2,1.8630675983015899,0.6825477887477769
1165,-0.7718107031195512,-0.6016645199539825,-0.1429286814545189,-1.0739561904495263,-1.0860668811174004,-1.0860668811174004,0.3754080198905321,-0.8385584494086165,1.8439514113967574,-0.8577035298658984,-1.311479992973772,-0.8780203547511048,-0.12485353907747694,-0.8915523367629506,0.5001811017113752,-0.710539327468372,-0.7297104957834565,-0.7297104957834566,1.4804659467749903,1.1711090067403125,-0.6987922527076942,1,0,at_risk_user,1,-1.5163541464878825,-0.3974303400212172
1166,0.3648766357899498,-1.1496285636279193,-1.03346700838896,-0.7459054258983154,-0.8844018767320323,-0.8844018767320323,-0.27224184806495383,0.3544379943207086,1.1795136656048768,-0.8577035298658984,-1.311479992973772,-0.6384745005850123,-0.24491835518790803,-0.8915523367629506,-1.0470509365055505,-0.8763401272509813,-0.7297104957834565,-0.7297104957834566,0.31794851703412635,1.6816503934988718,-0.891655652506937,0,0,casual_user,1,-1.9636588650685476,-1.0575300598285264
1167,0.9332203052447002,0.49426356739389105,-0.3804055686370366,-0.08980389679589386,-0.2794068635759277,-0.2794068635759276,1.1155792975539447,0.8657221844904192,-0.44521712762157356,0.4741342494289751,-0.054270610979920475,0.49888921499559596,0.8316028652535606,-0.28717836539500313,0.5001811017113752,-0.04733612833793493,0.08789230061257318,0.08789230061257323,0.8992072319045583,1.1711090067403125,0.12526045552543477,1,0,consistent_user,0,0.5823154401305656,-0.8552431976662591
1168,-1.3401543725743017,-0.053700476280045734,2.231840190370658,-1.0739561904495263,-1.0860668811174004,-1.0860668811174004,2.9660074917124764,-0.8385584494086165,1.8439514113967574,-0.19178464021846164,1.202938771013931,-1.1012770908339036,-2.0377663477395522,-0.48863635585098564,-0.6049846398721432,-0.8763401272509813,-0.7297104957834565,-0.7297104957834566,1.4804659467749903,-1.7462703461657405,-0.7864574344346229,1,0,at_risk_user,3,-1.9456974387519073,1.9191625980082399
1169,-1.3401543725743017,-0.6016645199539825,1.0444557544580695,-0.41785466134710464,-0.48107186796129586,-0.4810718679612959,0.3754080198905321,0.3544379943207086,-0.43467013997355874,-0.19178464021846164,-0.23387195126475638,-0.6643454528349503,-2.0377663477395522,-0.48863635585098564,-0.2892229994197094,-0.5447385276857627,-0.7297104957834565,-0.7297104957834566,-1.4258276275771695,-0.287580669712714,-1.0795096133503557,0,0,casual_user,3,-1.798672605279551,1.4489394915919582
1170,-0.7718107031195512,-1.1496285636279193,-0.736620899410813,-1.2379815727251318,-1.2877318855027686,-1.2877318855027688,1.6707077558015044,-1.4350566712732788,1.8439514113967574,-0.8577035298658984,-1.311479992973772,-0.9930023647508295,-0.12485353907747694,-0.8915523367629506,-0.05240176908038397,-0.8763401272509813,-0.7297104957834565,-0.7297104957834566,-0.2633101978363056,0.6605676199817532,-0.83905654347078,1,0,at_risk_user,1,-1.9382044144735608,-1.2386332830545073
1171,-0.7718107031195512,-1.1496285636279193,-0.736620899410813,-1.2379815727251318,-1.2877318855027686,-1.2877318855027688,1.6707077558015044,-1.4350566712732788,1.8439514113967574,-0.8577035298658984,-1.311479992973772,-1.2727919224168258,-0.12485353907747694,-0.8915523367629506,-0.05240176908038397,-0.8763401272509813,-0.7297104957834565,-0.7297104957834566,0.8992072319045583,1.5357814258535691,-0.83905654347078,1,0,at_risk_user,1,-2.061310972870191,-1.2502409646751902
1172,0.3648766357899498,1.042227611067828,0.1539174275236282,0.8943483968577386,0.9305831627362814,0.9305831627362817,-1.0195301572443607,0.6297448659505527,-0.8671799577962835,-0.19178464021846164,0.9514968946151606,0.5467983858288146,0.7115380491431296,0.9215695773408918,0.5001811017113752,0.6158670707925021,0.08789230061257318,0.08789230061257323,-1.4258276275771695,0.5146986523364505,0.7915158366500925,0,1,consistent_user,0,1.5754829360633487,0.2516902780373814
1173,0.9332203052447002,-0.6016645199539825,-0.855359343002072,0.23824686775531695,0.5272531539655451,0.5272531539655451,0.6109170627834363,0.029075327849074427,-0.6481351394264425,1.1400531390764117,-0.2828541349788026,0.4921819310789457,0.5971634469162329,-0.28717836539500313,0.3997114888401463,0.11846467144467435,0.9054950970086029,0.905495097008603,-0.8445689127067375,1.4628469420309178,0.41535251142181684,0,1,consistent_user,0,1.0518534086633917,-0.9192651683152608
1174,-0.20346703366480073,0.49426356739389105,0.2528661305163439,-0.25382927907149927,-0.07774185919055952,-0.07774185919055944,-0.27224184806495383,-0.09293567207778825,0.07918938356709687,-0.19178464021846164,-0.3685729564783833,-0.4612105685021035,-0.12485353907747694,-0.48863635585098564,-0.8812760752680229,-0.710539327468372,-0.7297104957834565,-0.7297104957834566,1.4804659467749903,-0.36051515353536534,-0.32621523036824757,0,0,casual_user,1,-1.0535642852909075,0.16207281163454695
1175,0.9332203052447002,1.042227611067828,-0.1429286814545189,0.8943483968577386,1.1322481671216496,1.1322481671216498,0.5604508393063854,0.3544379943207086,-0.645198596894694,1.8059720287238485,0.4486131418176202,0.6157875918286495,0.4346375910307722,0.5186535964289268,0.9422473983447828,0.9474686703577208,0.9054950970086029,0.905495097008603,-0.8445689127067375,1.6087159096762205,0.9142470910677925,0,1,consistent_user,2,1.8131402814857178,-0.09906710281691568
1176,0.3648766357899498,-1.1496285636279193,-1.03346700838896,0.4022722500309223,0.32558814958017684,0.3255881495801769,-0.6608317688382453,0.7123369274395064,-0.17751844555859572,-0.19178464021846164,-0.054270610979920475,0.6751949636618402,0.4346375910307722,-0.08572037493902064,0.5001811017113752,0.28426547122728363,0.08789230061257318,0.08789230061257323,0.31794851703412635,0.2958952008684966,0.2830577826339064,0,1,consistent_user,0,0.8533017813338415,-0.8517835708617222
1177,1.5015639746994507,-1.1496285636279193,-1.132415711381676,1.0583737791333439,0.7289181583509132,0.7289181583509132,-0.27224184806495383,1.2491853271177025,-0.23894013875680373,0.4741342494289751,1.0457875982646996,1.7809386264925242,1.1116358443737782,1.1230275677968744,1.398128266747984,1.4448710697055487,0.9054950970086029,0.905495097008603,1.4804659467749903,0.44176416851379924,1.0895774545216497,0,1,power_user,2,2.865778420397428,-1.0208050693028152
1178,0.9332203052447002,1.042227611067828,-0.1429286814545189,1.2223991614089493,1.3339131715070178,1.333913171507018,-0.6608317688382453,0.5930372830665736,-0.8200108315461314,0.4741342494289751,1.1289852779554694,1.7933950109091614,1.239306519828981,1.324485558252857,1.2152883462654165,1.4448710697055487,0.08789230061257318,0.08789230061257323,1.4804659467749903,0.5876331361591018,1.072044418176264,0,1,power_user,2,2.8456646378382464,-0.14981433186175777
1179,-0.7718107031195512,1.042227611067828,1.6381479724143637,0.7303230145821331,0.7289181583509132,0.7289181583509132,-0.91989171602044,0.6526871052530396,-0.7941181897129069,-0.19178464021846164,1.9213441321532747,2.1210937394083764,0.9941287211390216,1.5259435487088393,1.3685256129555685,1.11326947014033,0.08789230061257318,0.08789230061257323,1.4804659467749903,-1.1627944755845299,1.214813428417262,0,1,power_user,2,3.011417037362205,1.5526299078537409
1180,2.0699076441542013,-0.6016645199539825,-0.9910604213920822,1.878500690511371,1.7372431802777542,1.7372431802777546,0.07063161144089179,0.9860243468832925,-0.7411107885749983,1.8059720287238485,1.202938771013931,2.00132081232533,1.2499619774982944,1.9288595296208046,1.28958520284246,2.1080742688359857,2.540700689800662,2.5407006898006625,-0.2633101978363056,1.6816503934988718,1.7408045187788337,0,1,power_user,2,4.090978247157819,-0.7207303723014444
1181,-1.3401543725743017,-1.1496285636279193,-0.1429286814545189,-0.7459054258983154,-0.682736872346664,-0.6827368723466641,0.8935279142549213,-0.36135987191688623,-0.11061152409871587,-0.19178464021846164,-1.311479992973772,-0.40755229716889885,-2.0377663477395522,-0.8915523367629506,-0.38395149155543945,-0.710539327468372,-0.7297104957834565,-0.7297104957834566,-1.4258276275771695,-0.6522530888259707,-1.522844960940823,0,0,casual_user,1,-2.2542088472121877,0.2481207520217189
1182,-0.7718107031195512,-1.1496285636279193,-0.736620899410813,-1.2379815727251318,-1.2877318855027686,-1.2877318855027688,1.6707077558015044,-1.4350566712732788,1.8439514113967574,-0.8577035298658984,-1.311479992973772,-0.8818530884177624,-1.0813099434085147,-0.8915523367629506,-1.7101503814556616,-1.0421409270335906,-0.7297104957834565,-0.7297104957834566,-1.4258276275771695,0.5146986523364505,-1.3441548622682613,1,0,at_risk_user,1,-2.928673320393136,-0.952612300783806
1183,-0.7718107031195512,-0.053700476280045734,0.4507635365017753,-0.08980389679589386,-0.07774185919055952,-0.07774185919055944,-0.27224184806495383,0.3544379943207086,-0.3441160591737556,-0.19178464021846164,0.7838689770159807,-0.663387269418286,-0.5218188133002654,0.11573761551696186,-0.9733732203999828,-0.710539327468372,-0.7297104957834565,-0.7297104957834566,0.31794851703412635,-0.725187572648622,0.06097265559235395,0,0,casual_user,0,-0.8861920897808703,0.5082179424579832
1184,0.3648766357899498,-0.6016645199539825,-0.736620899410813,-0.7459054258983154,-0.682736872346664,-0.6827368723466641,-0.6608317688382453,-0.36135987191688623,-0.45592516592950477,-0.8577035298658984,-0.557154363777461,-1.0984025405839102,-0.3764344810966181,-0.6900943463069682,0.2791479533946715,-0.5447385276857627,-0.7297104957834565,-0.7297104957834566,1.4804659467749903,0.44176416851379924,-0.36566456214536547,1,0,at_risk_user,1,-1.2826948971454513,-0.5746535048927274
1185,1.5015639746994507,2.1381556984157015,0.054968724530912484,1.878500690511371,1.9389081846631224,1.9389081846631226,-0.91989171602044,0.7521034755638172,-0.9031430703662598,0.4741342494289751,1.202938771013931,1.8489696490756946,1.166838201927578,1.9288595296208046,1.28958520284246,2.1080742688359857,3.358303486196692,3.358303486196692,-0.2633101978363056,-1.6004013785204378,1.9687339912688486,0,1,power_user,2,4.4419429187026465,0.5432109139110916
1186,-0.7718107031195512,-1.1496285636279193,-0.736620899410813,-1.0739561904495263,-1.0860668811174004,-1.0860668811174004,0.3754080198905321,-0.8385584494086165,1.8439514113967574,-0.8577035298658984,-1.311479992973772,-0.9901278145008364,-0.12485353907747694,-0.8915523367629506,-1.7101503814556616,-1.0421409270335906,-0.7297104957834565,-0.7297104957834566,-0.8445689127067375,0.5146986523364505,-1.0494529796154086,1,0,at_risk_user,1,-2.45784067273154,-1.0413979480676083
1187,-0.20346703366480073,-0.6016645199539825,-0.5387234934253817,-0.9099308081739209,-0.8844018767320323,-0.8844018767320323,-0.27224184806495383,-0.5403093384762852,-0.9350918936641772,-0.8577035298658984,0.5743340800170054,-0.9805459803341926,-0.30911015763833327,-0.48863635585098564,-0.8812760752680229,-0.8763401272509813,-0.7297104957834565,-0.7297104957834566,0.8992072319045583,0.6605676199817532,-0.20786723503689408,1,0,at_risk_user,1,-1.3403984832611755,-0.5484660852744168
1188,0.3648766357899498,-0.053700476280045734,-0.439774790432666,0.4022722500309223,0.7289181583509132,0.7289181583509132,-0.91989171602044,0.05618888338837724,-0.7283568616056095,-0.19178464021846164,0.5743340800170054,-0.5522379930852188,0.18305664901163074,0.3171956059729444,-0.05240176908038397,-0.04733612833793493,0.08789230061257318,0.08789230061257323,-0.2633101978363056,1.5357814258535691,0.5197537732966133,0,0,casual_user,0,0.42514374968092783,-0.19701410100551928
1189,-1.3401543725743017,-0.6016645199539825,1.0444557544580695,-1.0739561904495263,-1.0860668811174004,-1.0860668811174004,0.3754080198905321,-0.8385584494086165,1.8439514113967574,-0.8577035298658984,-1.311479992973772,-0.7898674804179829,-2.0377663477395522,-0.8915523367629506,-0.6049846398721432,-0.8763401272509813,-0.7297104957834565,-0.7297104957834566,1.4804659467749903,0.22296071704584525,-1.663109251703909,1,0,at_risk_user,3,-2.6642026482940566,1.3338837670610098
1190,0.3648766357899498,-0.053700476280045734,-0.439774790432666,-0.08980389679589386,0.12392314519480867,0.12392314519480872,-0.48812513738344926,-0.04322748692239988,-0.5274593337266694,-0.19178464021846164,0.36479918301803,0.7451423530783393,0.8316028652535606,-0.08572037493902064,0.8685696822392148,0.11846467144467435,-0.7297104957834565,-0.7297104957834566,1.4804659467749903,-0.21464618589006268,0.25968040084005867,0,1,consistent_user,0,0.9366352717962048,-0.5925722046056208
1191,0.3648766357899498,0.49426356739389105,-0.1429286814545189,2.0425260727869765,1.9389081846631224,1.9389081846631226,0.3754080198905321,0.9509362161853714,-0.833500350020089,2.4718909183712854,1.6029599380119746,1.8269314304924145,1.0443115209154932,2.533233500988752,1.3039380046812068,2.273875068618595,1.7230978934046326,1.7230978934046326,1.4804659467749903,0.2958952008684966,1.759817616633895,0,1,power_user,2,3.8535789045686495,-0.018224754520609454
1192,2.6382513136089516,1.042227611067828,-0.5881978449217395,2.2065514550625815,2.3422381934338588,2.342238193433859,0.5049379934816293,0.7123369274395064,-0.9121497663262512,3.1378098080187216,1.6402289908378795,1.9610771088254262,1.3064125259208814,2.7346914914447344,1.4611947900448696,2.6054766681838135,1.7230978934046326,1.7230978934046326,-0.2633101978363056,0.9523055552723585,1.9029578797619355,0,1,power_user,2,4.262496563613844,-0.4817774456595572
1193,-0.7718107031195512,-0.6016645199539825,-0.1429286814545189,0.07422148547971154,0.12392314519480867,0.12392314519480872,-0.48812513738344926,0.3544379943207086,-0.34199601217542624,-0.19178464021846164,1.328659709213316,0.6732785968285115,0.18305664901163074,0.5186535964289268,0.610697675869727,0.11846467144467435,-0.7297104957834565,-0.7297104957834566,1.4804659467749903,-1.3086634432298325,0.554819845987385,0,1,consistent_user,0,0.9238669283221645,-0.07071626950610514
1194,-1.3401543725743017,-0.053700476280045734,2.231840190370658,0.07422148547971154,0.32558814958017684,0.3255881495801769,0.1163480727083377,-0.003460938798088793,-0.7106153457218517,0.4741342494289751,-0.557154363777461,-0.5522379930852188,-2.0377663477395522,-0.48863635585098564,-0.05240176908038397,-0.2131369281205442,0.9054950970086029,0.905495097008603,-1.4258276275771695,1.3169779743856151,-0.5935940346353799,0,0,casual_user,3,-0.7820944107368845,2.8280936566276655
1195,-0.7718107031195512,-0.6016645199539825,-0.1429286814545189,-1.0739561904495263,-1.0860668811174004,-1.0860668811174004,0.3754080198905321,-0.8385584494086165,1.8439514113967574,-0.8577035298658984,-1.311479992973772,-0.4286323323355149,0.4346375910307722,-0.8915523367629506,-0.6049846398721432,-0.8763401272509813,-0.7297104957834565,-0.7297104957834566,-0.8445689127067375,0.5146986523364505,-0.8741226161615515,1,0,casual_user,1,-1.548163259796003,-0.6502231372047341
1196,-0.20346703366480073,-0.053700476280045734,-0.1429286814545189,1.0583737791333439,1.1322481671216496,1.1322481671216498,0.5604508393063854,0.6100800894055639,-0.5745064310679596,1.8059720287238485,1.0457875982646996,-0.6298508498350328,-0.12485353907747694,1.1230275677968744,-1.0884946518149325,-0.5447385276857627,0.9054950970086029,0.905495097008603,1.4804659467749903,0.8793710714497072,0.800282354822785,0,0,casual_user,0,0.46050215450244475,-0.02423493517252043
1197,-0.7718107031195512,-0.6016645199539825,-0.1429286814545189,-0.41785466134710464,-0.48107186796129586,-0.4810718679612959,0.3754080198905321,0.3544379943207086,-0.2661719505885914,-0.19178464021846164,-0.7726759721192641,-0.6720109201682652,0.4346375910307722,-0.6900943463069682,-1.2365079207770109,-0.8763401272509813,-0.7297104957834565,-0.7297104957834566,-0.2633101978363056,1.5357814258535691,-0.6286601073261513,0,0,casual_user,1,-1.436391339818794,-0.614148002558785
1198,-0.7718107031195512,-1.1496285636279193,-0.736620899410813,-1.2379815727251318,-1.2877318855027686,-1.2877318855027688,1.6707077558015044,-1.4350566712732788,1.8439514113967574,-0.8577035298658984,0.5743340800170054,-0.8646057869178038,-0.5218188133002654,-0.6900943463069682,-1.7101503814556616,-1.0421409270335906,-0.7297104957834565,-0.7297104957834566,0.31794851703412635,1.6816503934988718,-0.444563225699601,1,0,at_risk_user,1,-1.9727788155113613,-1.1142633071569292
1199,0.9332203052447002,-0.6016645199539825,-0.855359343002072,1.55044992596016,1.5355781758923859,1.5355781758923863,1.6707077558015044,0.8018116607192055,-0.6290565361545538,3.803728697666158,0.8720941968050229,0.6081221244953343,0.6957678785066063,1.324485558252857,1.2563471354264142,1.7764726692707673,2.540700689800662,2.5407006898006625,-0.2633101978363056,-1.3815979270524839,1.5675833927800609,0,1,consistent_user,2,2.959282270927202,-0.800690251045516
1200,-0.20346703366480073,3.782047829437512,2.6276350023415205,1.878500690511371,1.5355781758923859,1.5355781758923863,-0.27224184806495383,1.2491853271177025,-0.7161454271652063,1.1400531390764117,1.202938771013931,1.935206156575488,1.0687347232965478,1.9288595296208046,1.4474660230686767,2.273875068618595,1.7230978934046326,1.7230978934046326,1.4804659467749903,0.7335021038044045,1.5379222410679416,0,1,power_user,2,3.6667126781417427,2.5137377028966643
1201,0.9332203052447002,1.5901916547417647,0.09454820572799878,2.2065514550625815,2.3422381934338588,2.342238193433859,-0.27224184806495383,0.7123369274395064,-0.8350562904157761,1.8059720287238485,1.9681966557058408,1.5960092270763007,1.0687347232965478,3.1376074723566996,1.1728906835448212,2.273875068618595,3.358303486196692,3.358303486196692,0.31794851703412635,-0.14171170206741138,2.3222261401950726,0,1,power_user,2,4.6889596877217254,0.5324503173527501
1202,0.3648766357899498,-0.053700476280045734,-0.439774790432666,-0.5818800436227101,-0.682736872346664,-0.6827368723466641,0.8935279142549213,0.3544379943207086,-0.5484516773935145,-0.19178464021846164,0.5743340800170054,0.6675294963285254,0.35576612980018774,-0.28717836539500313,0.5001811017113752,-0.3789377279031535,-0.7297104957834565,-0.7297104957834566,0.31794851703412635,0.7335021038044045,0.06389482831658506,1,0,consistent_user,0,0.23394553349211264,-0.7901552808483666
1203,1.5015639746994507,0.49426356739389105,-0.5387234934253817,1.55044992596016,1.3339131715070178,1.333913171507018,-0.6608317688382453,1.0702358605583036,-0.7263511158635635,0.4741342494289751,0.2765739632289878,1.8757987847422972,1.0831838072727025,0.7201115868849094,1.430846989360654,1.9422734690533765,0.9054950970086029,0.905495097008603,-1.4258276275771695,0.9523055552723585,0.9843792364493352,0,1,power_user,2,2.8939010995066634,-0.3578950876010159
1204,0.9332203052447002,-1.1496285636279193,-1.0928362301845895,0.07422148547971154,0.12392314519480867,0.12392314519480872,-0.48812513738344926,0.3544379943207086,-0.11473058981706076,-0.19178464021846164,0.5743340800170054,0.5937493732453689,0.7877936329810965,0.11573761551696186,1.2737971208198382,0.4500662710098929,-0.7297104957834565,-0.7297104957834566,-0.8445689127067375,1.6087159096762205,0.39702251887891393,0,1,consistent_user,0,1.0979923348301452,-1.13346778497436
1205,1.5015639746994507,-1.1496285636279193,-1.132415711381676,-0.5818800436227101,-0.682736872346664,-0.6827368723466641,2.4478875973480876,0.3544379943207086,-0.9738956286756881,0.4741342494289751,-0.6828753019768462,-0.6835091211682376,0.006662586831233435,-0.6900943463069682,0.5001811017113752,-0.3789377279031535,0.08789230061257318,0.08789230061257323,1.4804659467749903,0.3688296846911479,-0.19910071686420103,1,0,casual_user,1,-0.7393074442112482,-1.5822073807799197
1206,-1.3401543725743017,-0.6016645199539825,1.0444557544580695,-1.0739561904495263,-1.0860668811174004,-1.0860668811174004,0.3754080198905321,-0.8385584494086165,1.8439514113967574,-0.8577035298658984,-1.311479992973772,-1.1453535280004645,-2.0377663477395522,-0.8915523367629506,-1.7101503814556616,-1.0421409270335906,-0.7297104957834565,-0.7297104957834566,-0.2633101978363056,-1.2357289594071812,-1.8384396151577662,1,0,at_risk_user,3,-3.266718515223212,1.262237800770627
1207,-1.3401543725743017,0.49426356739389105,3.419224626283246,-0.08980389679589386,-0.07774185919055952,-0.07774185919055944,0.6992329538682752,0.3544379943207086,0.1327402228231394,0.4741342494289751,-0.47334040497787094,-0.5301997745019383,-2.0377663477395522,-0.48863635585098564,-0.2365960593443038,-0.3789377279031535,0.08789230061257318,0.08789230061257323,1.4804659467749903,-1.0898599917618785,-0.8741226161615515,0,0,casual_user,3,-1.3339221361171554,3.621358002038462
1208,0.9332203052447002,1.5901916547417647,0.09454820572799878,1.0583737791333439,0.9305831627362814,0.9305831627362817,-1.0195301572443607,0.9050517375803967,-0.839454427374952,-0.19178464021846164,1.2815143573885468,1.811600495825784,1.2068373768009535,1.324485558252857,1.398128266747984,1.4448710697055487,0.08789230061257318,0.08789230061257323,0.8992072319045583,1.3899124582082665,1.0490323079729453,0,1,power_user,2,2.8142277550831007,0.11704669178560217
1209,-0.7718107031195512,0.49426356739389105,1.0444557544580695,0.4022722500309223,0.5272531539655451,0.5272531539655451,-0.8021371945739878,0.3544379943207086,-0.5870804065090254,-0.19178464021846164,-0.054270610979920475,0.679027697328498,0.4346375910307722,-0.08572037493902064,0.5001811017113752,0.28426547122728363,-0.7297104957834565,-0.7297104957834566,-0.2633101978363056,0.2958952008684966,0.16032652821620644,0,1,consistent_user,0,0.6334832759897682,0.9459862853367715
1210,-0.7718107031195512,-0.6016645199539825,-0.1429286814545189,-0.5818800436227101,-0.48107186796129586,-0.4810718679612959,-0.91989171602044,-0.24206022754395373,-0.3553394984958528,-0.8577035298658984,-0.6828753019768462,-0.6336835835016904,0.4346375910307722,-0.6900943463069682,1.0527639725031346,-0.2131369281205442,-0.7297104957834565,-0.7297104957834566,0.8992072319045583,-0.9439910241165759,-0.2341667895549727,0,0,casual_user,0,-0.40059333973174877,-0.231010473801612
1211,-0.7718107031195512,-0.053700476280045734,0.4507635365017753,0.07422148547971154,-0.07774185919055952,-0.07774185919055944,-0.27224184806495383,0.8018116607192055,-0.32939122748562977,-0.19178464021846164,-0.557154363777461,0.6886095314951415,0.4346375910307722,-0.48863635585098564,0.9422473983447828,0.28426547122728363,-0.7297104957834565,-0.7297104957834566,1.4804659467749903,0.5876331361591018,-0.10266901696457965,0,1,consistent_user,0,0.33179812132514674,0.25907467782751975
1212,2.0699076441542013,-0.053700476280045734,-0.8214340734045693,2.0425260727869765,1.7372431802777542,1.7372431802777546,-0.38653300123356904,1.1965531310708206,-0.7638035582767969,1.1400531390764117,1.6029599380119746,1.7493185737426002,1.1847589072038855,2.533233500988752,1.4546424239880504,2.4396758684012045,1.7230978934046326,1.7230978934046326,-0.2633101978363056,-1.6004013785204378,1.7311271935232635,0,1,power_user,2,3.881748610094221,-0.535746920071573
1213,-0.20346703366480073,2.1381556984157015,1.4402505664289322,0.23824686775531695,-0.07774185919055952,-0.07774185919055944,2.6421825577347335,1.2491853271177025,0.542486672597635,1.8059720287238485,0.4028964370178437,0.7317277852450385,0.9941287211390216,0.11573761551696186,0.7011203274538332,0.28426547122728363,0.9054950970086029,0.905495097008603,-1.4258276275771695,1.3169779743856151,0.5444594154196571,0,1,consistent_user,2,1.339654951364019,0.5315655722287147
1214,-0.20346703366480073,-0.6016645199539825,-0.5387234934253817,-0.9099308081739209,-1.0860668811174004,-1.0860668811174004,0.3754080198905321,0.3544379943207086,1.8439514113967574,-0.8577035298658984,-1.311479992973772,-0.7486655935014148,0.4346375910307722,-0.8915523367629506,0.7764725371072548,-0.5447385276857627,-0.7297104957834565,-0.7297104957834566,-0.2633101978363056,-1.5274668946977865,-0.6549596618442298,1,0,casual_user,1,-1.1313170193212745,-0.9427253603194701
1215,0.9332203052447002,1.042227611067828,-0.1429286814545189,0.07422148547971154,-0.07774185919055952,-0.07774185919055944,-0.27224184806495383,0.8018116607192055,-0.6963185447165695,-0.19178464021846164,0.9514968946151606,0.563087503912109,0.9941287211390216,0.3171956059729444,1.2737971208198382,0.4500662710098929,-0.7297104957834565,-0.7297104957834566,0.8992072319045583,-1.1627944755845299,0.4759211824331492,1,0,consistent_user,0,1.2124038301243993,-0.42738540436109856
1216,0.3648766357899498,-1.1496285636279193,-1.03346700838896,-0.9099308081739209,-0.8844018767320323,-0.8844018767320323,1.6707077558015044,-0.5403093384762852,-0.5121707818103663,-0.19178464021846164,-1.311479992973772,-0.532116141335267,-0.24491835518790803,-0.8915523367629506,-1.7101503814556616,-1.0421409270335906,-0.7297104957834565,-0.7297104957834566,1.4804659467749903,-1.5274668946977865,-0.9968538705792515,1,0,casual_user,1,-2.2745512604033093,-1.4790610761241054
1217,0.9332203052447002,1.5901916547417647,0.09454820572799878,1.2223991614089493,1.7372431802777542,1.7372431802777546,-0.8436976139080297,0.14390921013318064,-0.8099823444529105,0.4741342494289751,0.46340384042931254,0.45385459441237064,0.6957678785066063,0.7201115868849094,0.4351713522064625,0.7816678705751114,1.7230978934046326,1.7230978934046326,-0.8445689127067375,-1.4545324108751352,1.1720858608528768,0,1,consistent_user,2,2.28989639029825,0.41699370100599
1218,-0.20346703366480073,-0.6016645199539825,-0.5387234934253817,-0.5818800436227101,-0.682736872346664,-0.6827368723466641,0.8935279142549213,0.3544379943207086,0.4358734525993771,-0.19178464021846164,-1.311479992973772,-0.6106871815017454,0.18305664901163074,-0.8915523367629506,-0.05240176908038397,-0.5447385276857627,-0.7297104957834565,-0.7297104957834566,0.8992072319045583,0.004157265577891283,-0.6812592163623085,1,0,casual_user,1,-1.3501022476076276,-0.9451668349157853
1219,0.9332203052447002,2.1381556984157015,0.33202509291051646,1.55044992596016,1.7372431802777542,1.7372431802777546,-0.38653300123356904,0.5649667785082366,-0.8888034316313834,1.1400531390764117,1.0706009413303677,1.5864273929096575,1.332367051188376,1.5259435487088393,1.2563471354264142,1.7764726692707673,1.7230978934046326,1.7230978934046326,1.4804659467749903,-1.0169255079392272,1.5140614923573037,0,1,power_user,2,3.5805112990078705,0.39696934432540665
1220,-0.7718107031195512,-0.053700476280045734,0.4507635365017753,-0.9099308081739209,-0.8844018767320323,-0.8844018767320323,-0.27224184806495383,-0.5403093384762852,-0.30071022588346086,-0.8577035298658984,-0.3685729564783833,0.614829408411985,0.9941287211390216,-0.6900943463069682,0.7764725371072548,-0.5447385276857627,-0.7297104957834565,-0.7297104957834566,-1.4258276275771695,-0.9439910241165759,-0.27361612133209035,1,0,consistent_user,0,0.1692184617795856,-0.04688106966241677
1221,1.5015639746994507,1.5901916547417647,-0.1429286814545189,1.0583737791333439,1.3339131715070178,1.333913171507018,-0.14271187447385666,0.3544379943207086,-0.7263511158635635,1.1400531390764117,0.8100608391408525,0.6234530591619643,0.6473462466927044,0.9215695773408918,0.15481680746652574,0.4500662710098929,1.7230978934046326,1.7230978934046326,0.31794851703412635,1.1711090067403125,1.1432723783293937,0,1,consistent_user,2,2.1581898573032485,0.04366947339141337
1222,-0.20346703366480073,-0.053700476280045734,-0.1429286814545189,-0.25382927907149927,-0.07774185919055952,-0.07774185919055944,0.6992329538682752,-0.09293567207778825,-0.6551625227002825,0.4741342494289751,0.10288056176931103,0.6809440641618266,0.4346375910307722,-0.28717836539500313,1.1909096902010743,0.11846467144467435,0.08789230061257318,0.08789230061257323,1.4804659467749903,-0.21464618589006268,0.3422317802995832,1,0,consistent_user,0,0.9560648802216458,-0.34013754396475787
1223,-0.7718107031195512,-1.1496285636279193,-0.736620899410813,-0.41785466134710464,-0.2794068635759277,-0.2794068635759276,-1.1049345354362932,-0.15684619584900225,-0.0600484407531125,-0.8577035298658984,-0.7726759721192641,-0.7822020130846677,0.4346375910307722,-0.6900943463069682,0.6580619219375923,-0.2131369281205442,-0.7297104957834565,-0.7297104957834566,0.8992072319045583,1.1711090067403125,-0.2754946609405244,0,0,casual_user,0,-0.5632527080209568,-0.7269236358659898
1224,0.9332203052447002,2.1381556984157015,0.33202509291051646,1.55044992596016,1.7372431802777542,1.7372431802777546,0.5277962241153527,0.5649667785082366,-0.7474627478873112,2.4718909183712854,1.2691076858557129,2.1632538097416085,1.139513053342669,1.727401539164822,1.430846989360654,1.9422734690533765,1.7230978934046326,1.7230978934046326,-1.4258276275771695,-0.06877721824476005,1.610954587950225,0,1,power_user,2,3.864761004046142,0.3249477257353336
1225,-1.3401543725743017,-0.6016645199539825,1.0444557544580695,-0.9099308081739209,-0.8844018767320323,-0.8844018767320323,-0.27224184806495383,-0.5403093384762852,-0.9350918936641772,-0.8577035298658984,-1.311479992973772,-0.2810720861692019,-2.0377663477395522,-0.8915523367629506,-0.05240176908038397,-0.710539327468372,-0.7297104957834565,-0.7297104957834566,-0.8445689127067375,-1.7462703461657405,-1.522844960940823,0,0,casual_user,3,-2.099038403200019,1.5353024300015368
1226,0.3648766357899498,0.49426356739389105,-0.1429286814545189,1.0583737791333439,1.1322481671216496,1.1322481671216498,0.005322381058825778,0.6100800894055639,-0.5047384417756768,1.1400531390764117,0.8100608391408525,0.537216551662171,0.8316028652535606,0.9215695773408918,0.7764725371072548,0.9474686703577208,1.7230978934046326,1.7230978934046326,-0.2633101978363056,-1.4545324108751352,1.1892965987360309,0,1,consistent_user,2,2.3474057890125533,-0.049668466580184575
1227,-0.20346703366480073,-1.1496285636279193,-0.9345183053962445,0.4022722500309223,0.5272531539655451,0.5272531539655451,-0.09561006589527597,0.3544379943207086,-0.4277247822401032,0.4741342494289751,-0.054270610979920475,0.7614314711616338,0.4346375910307722,-0.08572037493902064,0.5001811017113752,0.28426547122728363,0.9054950970086029,0.905495097008603,-0.2633101978363056,0.2958952008684966,0.5109872551239208,0,1,consistent_user,0,1.2694071722128935,-0.7618721986689979
1228,-0.20346703366480073,0.49426356739389105,0.2528661305163439,0.7303230145821331,0.9305831627362814,0.9305831627362817,-0.42169950990083516,0.3544379943207086,-0.5013693162234678,0.4741342494289751,0.5743340800170054,0.6598640289952106,0.9152572599084369,0.5186535964289268,0.6580619219375923,0.6158670707925021,0.9054950970086029,0.905495097008603,0.8992072319045583,-0.14171170206741138,0.860395622292679,0,1,consistent_user,2,1.9098823772555253,0.23445631319429033
1229,0.9332203052447002,1.042227611067828,-0.1429286814545189,1.3864245436845548,1.3339131715070178,1.333913171507018,-0.6608317688382453,0.8316365718124386,-0.7634613598255083,0.4741342494289751,0.993403874014956,1.7109912370760254,1.271029179251379,1.324485558252857,0.8685696822392148,1.2790702699229393,0.08789230061257318,0.08789230061257323,0.8992072319045583,0.15002623322319394,0.9697683728281805,0,1,power_user,2,2.629123502214252,-0.18699844667298451
1230,0.3648766357899498,1.042227611067828,0.1539174275236282,0.8943483968577386,0.5272531539655451,0.5272531539655451,-0.09561006589527597,1.3305259937356109,-0.6952163792855517,0.4741342494289751,1.7058225238114717,1.9467043575754608,1.2285681394763497,1.5259435487088393,0.9422473983447828,0.9474686703577208,0.08789230061257318,0.08789230061257323,-1.4258276275771695,0.8064365876270558,1.019445309140107,0,1,power_user,2,2.6434236306290932,-0.07369255024615179
1231,1.5015639746994507,2.1381556984157015,0.054968724530912484,1.878500690511371,1.7372431802777542,1.7372431802777546,0.07063161144089179,0.9860243468832925,-0.8228825793988448,1.8059720287238485,2.1009454724381107,2.0080280962419805,1.1116358443737782,2.936149481900717,1.4474660230686767,2.273875068618595,0.9054950970086029,0.905495097008603,-1.4258276275771695,-0.8710565402939247,1.7282809213892725,0,1,power_user,2,3.8202334205533552,0.10854588750482644
1232,0.3648766357899498,-1.1496285636279193,-1.03346700838896,-0.41785466134710464,-0.2794068635759277,-0.2794068635759276,0.005322381058825778,-0.15684619584900225,0.46388316518807443,-0.19178464021846164,-0.23387195126475638,-0.3079012218358042,0.35576612980018774,-0.48863635585098564,-0.7628654600983602,-0.710539327468372,-0.7297104957834565,-0.7297104957834566,0.31794851703412635,-1.0898599917618785,-0.31306545310920825,0,0,casual_user,1,-0.8010043379768627,-1.2218996299375597
1233,0.3648766357899498,0.49426356739389105,-0.1429286814545189,0.07422148547971154,0.12392314519480867,0.12392314519480872,-0.48812513738344926,0.3544379943207086,-0.25894572404898436,-0.19178464021846164,0.5743340800170054,-0.661470902584957,-0.014404614921851248,0.11573761551696186,-0.715501214030495,-0.5447385276857627,-0.7297104957834565,-0.7297104957834566,0.8992072319045583,-0.5793186050033193,0.08142786466197062,0,0,casual_user,0,-0.567871134487393,-0.13952039031937277
1234,-0.7718107031195512,-0.053700476280045734,0.4507635365017753,-0.08980389679589386,0.12392314519480867,0.12392314519480872,-0.48812513738344926,-0.04322748692239988,-0.6327093073032193,-0.19178464021846164,-0.8924101989758214,-0.6720109201682652,-0.5218188133002654,-0.6900943463069682,-0.6049846398721432,-0.5447385276857627,-0.7297104957834565,-0.7297104957834566,1.4804659467749903,-0.14171170206741138,-0.4124193257330607,0,0,casual_user,1,-1.2934839457530232,0.5452443056983817
1235,-0.7718107031195512,-1.1496285636279193,-0.736620899410813,-0.7459054258983154,-0.682736872346664,-0.6827368723466641,-0.6608317688382453,-0.36135987191688623,1.460508374471758,-0.8577035298658984,-0.557154363777461,-0.42288323183552884,-0.12485353907747694,-0.6900943463069682,-0.38395149155543945,-0.710539327468372,-0.7297104957834565,-0.7297104957834566,-1.4258276275771695,-1.1627944755845299,-0.4708627802176796,0,0,casual_user,1,-1.1557497956499745,-0.6772363939657278
1236,0.3648766357899498,-0.6016645199539825,-0.736620899410813,-0.7459054258983154,-0.682736872346664,-0.6827368723466641,0.8935279142549213,-0.36135987191688623,-0.6897454392899336,-0.19178464021846164,-1.311479992973772,-0.4813324202520554,0.08785511658445516,-0.8915523367629506,-0.38395149155543945,-0.710539327468372,-0.7297104957834565,-0.7297104957834566,-0.2633101978363056,1.5357814258535691,-0.7338583253984655,1,0,casual_user,1,-1.4638520019254444,-1.095537899047974
1237,2.0699076441542013,-0.6016645199539825,-0.9910604213920822,0.07422148547971154,-0.07774185919055952,-0.07774185919055944,0.6992329538682752,0.8018116607192055,0.09008508080403035,0.4741342494289751,0.19717126541884997,-0.5282834076686096,0.18305664901163074,-0.08572037493902064,0.2791479533946715,-0.04733612833793493,0.08789230061257318,0.08789230061257323,0.31794851703412635,-0.36051515353536534,0.23045867359774921,0,0,casual_user,0,-0.004753487998504833,-1.0889116501500833
1238,-0.7718107031195512,-0.6016645199539825,-0.1429286814545189,-1.0739561904495263,-1.0860668811174004,-1.0860668811174004,0.3754080198905321,-0.8385584494086165,1.8439514113967574,-0.8577035298658984,1.202938771013931,0.6761531470785047,0.4346375910307722,-0.48863635585098564,-0.6049846398721432,-0.8763401272509813,-0.7297104957834565,-0.7297104957834566,-1.4258276275771695,0.8793710714497072,0.002529201107734787,1,0,consistent_user,0,-0.0864061331126633,-0.5348257046315397
1239,-0.7718107031195512,-0.053700476280045734,0.4507635365017753,0.23824686775531695,0.5272531539655451,0.5272531539655451,-0.09561006589527597,0.029075327849074427,-0.4140315962667621,0.4741342494289751,0.06002115101952067,0.4940982979122744,0.8316028652535606,-0.08572037493902064,0.7011203274538332,0.28426547122728363,0.9054950970086029,0.905495097008603,0.8992072319045583,1.2440434905629638,0.582713312900499,0,1,consistent_user,0,1.4307853244760684,0.31454161968892586
1240,0.3648766357899498,0.49426356739389105,-0.1429286814545189,1.0583737791333439,0.7289181583509132,0.7289181583509132,-0.27224184806495383,1.2491853271177025,-0.5443125223156136,0.4741342494289751,1.2815143573885468,1.768482242075888,1.428901152440849,1.324485558252857,1.1909096902010743,1.2790702699229393,0.08789230061257318,0.08789230061257323,-0.8445689127067375,-0.725187572648622,0.9635587557891899,0,1,power_user,2,2.6747242374886877,-0.36272378284620865
1241,0.3648766357899498,0.49426356739389105,-0.1429286814545189,0.5662976323065277,0.9305831627362814,0.9305831627362817,-0.42169950990083516,0.07913112269086459,-0.7858841135545077,0.4741342494289751,0.13914621701913374,0.6205785089119714,0.8316028652535606,0.11573761551696186,1.350308595237159,0.9474686703577208,0.9054950970086029,0.905495097008603,-1.4258276275771695,0.3688296846911479,0.8184897387199166,0,1,consistent_user,2,1.9708113248484267,-0.061843660060561106
1242,1.5015639746994507,-1.1496285636279193,-1.132415711381676,0.23824686775531695,0.32558814958017684,0.3255881495801769,0.1163480727083377,0.3544379943207086,-0.30924951356523606,0.4741342494289751,0.06002115101952067,0.6589058455785461,0.6862185330499136,-0.08572037493902064,0.3997114888401463,0.11846467144467435,0.9054950970086029,0.905495097008603,-0.8445689127067375,1.2440434905629638,0.4822968320132895,0,1,consistent_user,0,1.227429160918814,-1.1037814655783442
1243,-1.3401543725743017,0.49426356739389105,3.419224626283246,-0.7459054258983154,-0.8844018767320323,-0.8844018767320323,1.6707077558015044,0.3544379943207086,0.12221088597034979,-0.19178464021846164,0.19717126541884997,0.2785070291627909,-2.0377663477395522,-0.48863635585098564,0.2791479533946715,-0.5447385276857627,-0.7297104957834565,-0.7297104957834566,1.4804659467749903,1.4628469420309178,-0.9442547615430943,0,1,consistent_user,3,-1.2238156714945618,3.327603665390008
1244,-0.20346703366480073,-0.053700476280045734,-0.1429286814545189,-0.25382927907149927,-0.07774185919055952,-0.07774185919055944,-0.27224184806495383,-0.09293567207778825,-0.19302399004589257,-0.19178464021846164,-0.8400264747260776,-0.58098349558515,-0.12485353907747694,-0.6900943463069682,-0.4668389221742034,-0.5447385276857627,-0.7297104957834565,-0.7297104957834566,-0.2633101978363056,0.8793710714497072,-0.42483855981104246,0,0,casual_user,1,-1.1218795871741898,-0.18494985341637768
1245,-0.7718107031195512,-0.6016645199539825,-0.1429286814545189,-1.0739561904495263,-1.0860668811174004,-1.0860668811174004,0.3754080198905321,-0.8385584494086165,1.8439514113967574,-0.8577035298658984,-1.311479992973772,-1.0207896838340964,-1.0813099434085147,-0.8915523367629506,-0.6049846398721432,-0.8763401272509813,-0.7297104957834565,-0.7297104957834566,-1.4258276275771695,0.0770917494005426,-1.1162253897782468,1,0,at_risk_user,1,-2.3954949290719263,-0.09349480121531559
1246,-0.20346703366480073,0.49426356739389105,0.2528661305163439,0.5662976323065277,0.7289181583509132,0.7289181583509132,-0.91989171602044,0.3544379943207086,-0.7669691349661931,-0.19178464021846164,-0.7312295089766097,-0.4554614680021174,-0.12485353907747694,-0.48863635585098564,0.5851938510639536,0.4500662710098929,0.08789230061257318,0.08789230061257323,0.31794851703412635,0.5146986523364505,0.1657213086301709,0,0,casual_user,0,0.09926382310170749,0.5348842378116583
1247,-1.3401543725743017,-1.1496285636279193,-0.1429286814545189,-1.402006955000737,-1.489396889888137,-1.489396889888137,-2.215191451931412,-3.2245513368672665,1.8439514113967574,-1.523622419513335,-1.311479992973772,-1.536292361999528,-2.0377663477395522,-0.8915523367629506,-1.7101503814556616,-1.0421409270335906,-0.7297104957834565,-0.7297104957834566,1.4804659467749903,0.8064365876270558,-1.9436378332300805,1,0,at_risk_user,3,-3.495069994156195,0.6748642134630441
1248,0.3648766357899498,0.49426356739389105,-0.1429286814545189,0.5662976323065277,0.7289181583509132,0.7289181583509132,-0.91989171602044,0.3544379943207086,-0.7682803075011173,-0.19178464021846164,0.13914621701913374,0.6071639410786701,0.5800219232344195,0.11573761551696186,1.0952703471794236,0.7816678705751114,-0.7297104957834565,-0.7297104957834566,0.8992072319045583,-1.0898599917618785,0.3747690496713088,0,1,consistent_user,0,1.0671820636184153,-0.08279133622608645
1249,-0.20346703366480073,-0.6016645199539825,-0.5387234934253817,0.07422148547971154,0.32558814958017684,0.3255881495801769,0.1163480727083377,-0.003460938798088793,-0.43616726531021294,0.4741342494289751,0.19717126541884997,0.6799858807451622,0.8316028652535606,-0.08572037493902064,0.2791479533946715,-0.04733612833793493,0.08789230061257318,0.08789230061257323,0.31794851703412635,-1.0169255079392272,0.33565689167006363,0,1,consistent_user,0,0.9813596901774693,-0.7270136310442523
1250,-0.7718107031195512,-0.6016645199539825,-0.1429286814545189,-0.5818800436227101,-0.682736872346664,-0.6827368723466641,-0.6608317688382453,0.3544379943207086,1.0168313157062034,-0.8577035298658984,-0.6828753019768462,-1.123315309417184,-0.12485353907747694,-0.6900943463069682,0.5001811017113752,-0.3789377279031535,-0.7297104957834565,-0.7297104957834566,0.8992072319045583,-0.21464618589006268,-0.3744310803180582,0,0,at_risk_user,0,-1.1558846476671045,-0.13873433528610798
1251,-0.20346703366480073,-1.1496285636279193,-0.9345183053962445,-0.9099308081739209,-0.8844018767320323,-0.8844018767320323,-0.27224184806495383,-0.5403093384762852,-0.08924966995655548,-0.8577035298658984,-1.311479992973772,-0.743874676418093,-0.30911015763833327,-0.8915523367629506,-1.7101503814556616,-1.0421409270335906,-0.7297104957834565,-0.7297104957834566,0.8992072319045583,0.22296071704584525,-0.9968538705792515,1,0,casual_user,1,-2.302551228738677,-0.983840145996908
1252,-0.7718107031195512,2.1381556984157015,2.8255324083269517,0.5662976323065277,0.7289181583509132,0.7289181583509132,-0.27224184806495383,0.3544379943207086,-0.6996413495748813,0.4741342494289751,0.42927145901771485,0.6521985616618955,0.9941287211390216,0.3171956059729444,1.0952703471794236,0.7816678705751114,0.9054950970086029,0.905495097008603,0.31794851703412635,0.9523055552723585,0.8265819093408642,0,1,consistent_user,2,1.9618692209620834,2.4482492431695824
1253,0.9332203052447002,1.042227611067828,-0.1429286814545189,1.3864245436845548,1.3339131715070178,1.333913171507018,-1.1789516632026342,0.8316365718124386,-0.7388145632809728,-0.19178464021846164,0.36479918301803,0.6761531470785047,0.9941287211390216,0.7201115868849094,1.0527639725031346,1.4448710697055487,0.08789230061257318,0.08789230061257323,-0.2633101978363056,-1.0898599917618785,0.7798271457531686,0,1,consistent_user,2,1.9210610824164218,-0.027179026552101283
1254,-1.3401543725743017,-1.1496285636279193,-0.1429286814545189,-1.402006955000737,-1.489396889888137,-1.489396889888137,-2.215191451931412,-3.2245513368672665,1.8439514113967574,-1.523622419513335,-1.311479992973772,-1.536292361999528,-2.0377663477395522,-0.8915523367629506,-1.7101503814556616,-1.0421409270335906,-0.7297104957834565,-0.7297104957834566,-1.4258276275771695,1.6816503934988718,-1.9436378332300805,1,0,at_risk_user,3,-3.495069994156195,0.6748642134630441
1255,-0.7718107031195512,-0.053700476280045734,0.4507635365017753,0.07422148547971154,0.32558814958017684,0.3255881495801769,0.8935279142549213,-0.003460938798088793,-0.03908501641109766,1.1400531390764117,-0.9343171783756165,-0.58098349558515,-0.5218188133002654,-0.6900943463069682,-0.38395149155543945,-0.3789377279031535,0.08789230061257318,0.08789230061257323,-0.8445689127067375,-0.36051515353536534,-0.16403464417342964,0,0,casual_user,1,-0.8401330066529241,0.3933506374675532
1256,-0.7718107031195512,-0.053700476280045734,0.4507635365017753,0.23824686775531695,0.32558814958017684,0.3255881495801769,-0.6608317688382453,0.3544379943207086,-0.5287504573757398,-0.19178464021846164,0.4028964370178437,0.400196323079166,0.4346375910307722,0.11573761551696186,0.7011203274538332,0.28426547122728363,0.08789230061257318,0.08789230061257323,-0.2633101978363056,-0.14171170206741138,0.47432727003811437,0,1,consistent_user,0,0.9906882037233211,0.4736026004721678
1257,0.9332203052447002,-1.1496285636279193,-1.0928362301845895,0.4022722500309223,0.5272531539655451,0.5272531539655451,-0.09561006589527597,0.3544379943207086,-0.0132694117223544,0.4741342494289751,0.5743340800170054,0.5621293204954445,0.5971634469162329,0.3171956059729444,0.7764725371072548,0.4500662710098929,0.9054950970086029,0.905495097008603,1.4804659467749903,-1.5274668946977865,0.7739828003047063,0,1,consistent_user,2,1.600076307183169,-0.9409854729381485
1258,-1.3401543725743017,-1.1496285636279193,-0.1429286814545189,-1.402006955000737,-1.489396889888137,-1.489396889888137,-2.215191451931412,-3.2245513368672665,1.8439514113967574,-1.523622419513335,-1.311479992973772,-1.536292361999528,-2.0377663477395522,-0.8915523367629506,-1.7101503814556616,-1.0421409270335906,-0.7297104957834565,-0.7297104957834566,0.31794851703412635,-1.2357289594071812,-1.9436378332300805,1,0,at_risk_user,3,-3.495069994156195,0.6748642134630441
1259,0.3648766357899498,-0.053700476280045734,-0.439774790432666,1.2223991614089493,1.5355781758923859,1.5355781758923863,0.6992329538682752,0.3544379943207086,-0.578365364142836,2.4718909183712854,1.1289852779554694,0.5343420014121778,0.7728759210801273,1.324485558252857,1.020259097750678,1.2790702699229393,0.08789230061257318,0.08789230061257323,1.4804659467749903,1.3899124582082665,1.0937028748382107,0,1,consistent_user,2,2.05765651508878,-0.5489994539677983
1260,-0.20346703366480073,1.042227611067828,0.6486609424872066,0.07422148547971154,0.32558814958017684,0.3255881495801769,-0.6608317688382453,-0.003460938798088793,-0.36754402879238085,-0.19178464021846164,1.328659709213316,1.8288477973257429,0.9941287211390216,0.5186535964289268,1.2737971208198382,0.4500662710098929,-0.7297104957834565,-0.7297104957834566,0.8992072319045583,-0.06877721824476005,0.7126171730958567,0,1,power_user,2,2.110096169231902,0.45713663995083215
1261,-0.7718107031195512,-0.6016645199539825,-0.1429286814545189,-0.08980389679589386,0.12392314519480867,0.12392314519480872,-1.3516582946574307,-0.04322748692239988,-0.4842546190596072,-0.8577035298658984,0.36479918301803,0.4940982979122744,0.6473462466927044,-0.08572037493902064,0.13179252118353585,-0.2131369281205442,-0.7297104957834565,-0.7297104957834566,0.8992072319045583,1.3169779743856151,0.1427934918708206,0,1,consistent_user,0,0.49744271418026953,-0.13336946871745545
1262,2.0699076441542013,2.6861197420896383,0.026697666532993714,1.878500690511371,1.7372431802777542,1.7372431802777546,-0.38653300123356904,0.9860243468832925,-0.773951875141578,1.1400531390764117,1.9213441321532747,1.6161310788262526,1.2068373768009535,2.7346914914447344,1.4474660230686767,2.273875068618595,0.9054950970086029,0.905495097008603,-0.2633101978363056,-0.43344963735801667,1.665662934441466,0,1,power_user,2,3.636145600334054,0.11797760801382945
1263,-1.3401543725743017,-1.1496285636279193,-0.1429286814545189,-1.402006955000737,-1.489396889888137,-1.489396889888137,-2.215191451931412,-3.2245513368672665,1.8439514113967574,-1.523622419513335,-1.311479992973772,-1.536292361999528,-2.0377663477395522,-0.8915523367629506,-1.7101503814556616,-1.0421409270335906,-0.7297104957834565,-0.7297104957834566,-0.2633101978363056,1.0252400390950098,-1.9436378332300805,1,0,at_risk_user,3,-3.495069994156195,0.6748642134630441
1264,0.3648766357899498,-1.1496285636279193,-1.03346700838896,0.23824686775531695,0.12392314519480867,0.12392314519480872,-0.48812513738344926,0.7521034755638172,-0.3996388484556226,-0.19178464021846164,1.4315222950128133,0.5535056697454651,0.6473462466927044,0.7201115868849094,0.7011203274538332,0.28426547122728363,0.08789230061257318,0.08789230061257323,-0.8445689127067375,0.44176416851379924,0.7803584498848473,0,1,consistent_user,0,1.443488427335512,-0.9430322508536645
1265,-1.3401543725743017,-0.053700476280045734,2.231840190370658,-0.9099308081739209,-0.8844018767320323,-0.8844018767320323,-0.27224184806495383,-0.5403093384762852,-0.9350918936641772,-0.8577035298658984,0.5743340800170054,-1.0495351863340274,-2.0377663477395522,-0.48863635585098564,-1.7101503814556616,-1.0421409270335906,-0.7297104957834565,-0.7297104957834566,-0.8445689127067375,-0.5793186050033193,-1.1283516431696443,1,0,at_risk_user,3,-2.374666480879294,2.521288294647968
1266,-0.7718107031195512,-0.6016645199539825,-0.1429286814545189,-1.0739561904495263,-1.0860668811174004,-1.0860668811174004,0.3754080198905321,-0.8385584494086165,1.8439514113967574,-0.8577035298658984,1.202938771013931,0.11178311466319019,0.4346375910307722,-0.48863635585098564,0.5001811017113752,-0.710539327468372,-0.7297104957834565,-0.7297104957834566,-1.4258276275771695,-1.4545324108751352,0.177859564561592,1,0,consistent_user,0,0.11137584319743526,-0.5013419792858671
1267,-1.3401543725743017,0.49426356739389105,3.419224626283246,-0.08980389679589386,-0.07774185919055952,-0.07774185919055944,-1.2437166499981829,0.3544379943207086,-0.8376945389144189,-0.8577035298658984,0.7838689770159807,-0.6940491387515458,-2.0377663477395522,0.11573761551696186,-0.9733732203999828,-0.710539327468372,-0.7297104957834565,-0.7297104957834566,-0.2633101978363056,-1.6004013785204378,-0.7280139799500036,0,0,casual_user,3,-1.4416864001220773,3.911747976052245
1268,-1.3401543725743017,-0.053700476280045734,2.231840190370658,-1.0739561904495263,-1.0860668811174004,-1.0860668811174004,0.3754080198905321,-0.8385584494086165,1.8439514113967574,-0.8577035298658984,-0.054270610979920475,-0.5484052594185613,-2.0377663477395522,-0.6900943463069682,0.5001811017113752,-0.710539327468372,-0.7297104957834565,-0.7297104957834566,-0.2633101978363056,-0.14171170206741138,-1.0494529796154086,1,0,casual_user,3,-1.624122651639761,2.486622469948244
1269,-0.20346703366480073,-0.053700476280045734,-0.1429286814545189,-0.41785466134710464,-0.2794068635759277,-0.2794068635759276,0.005322381058825778,-0.15684619584900225,0.3245809328406835,-0.19178464021846164,-0.23387195126475638,-0.5397816086685819,0.31457277492034114,-0.48863635585098564,0.6580619219375923,-0.2131369281205442,-0.7297104957834565,-0.7297104957834566,-0.8445689127067375,0.3688296846911479,-0.08764070009710599,0,0,casual_user,0,-0.3454846582136361,-0.3542882561820326
1270,-0.20346703366480073,1.042227611067828,0.6486609424872066,0.7303230145821331,0.9305831627362814,0.9305831627362817,0.7739617847862161,0.3544379943207086,-0.604049242226026,1.8059720287238485,0.30493206958975133,0.7068150164117647,0.9152572599084369,0.3171956059729444,0.42124069159826694,0.4500662710098929,1.7230978934046326,1.7230978934046326,1.4804659467749903,0.15002623322319394,0.9042282131561438,0,1,consistent_user,2,1.9911041800333762,0.4174619916589736
1271,-0.7718107031195512,-1.1496285636279193,-0.736620899410813,-0.5818800436227101,-0.48107186796129586,-0.4810718679612959,1.6707077558015044,-0.24206022754395373,1.2829443719966507,0.4741342494289751,-0.6828753019768462,-0.7189619075848195,0.4346375910307722,-0.6900943463069682,0.5001811017113752,-0.3789377279031535,0.08789230061257318,0.08789230061257323,1.4804659467749903,-0.21464618589006268,-0.1465016078280438,0,0,casual_user,1,-0.46503338998337396,-1.2194578739842543
1272,-0.7718107031195512,-0.053700476280045734,0.4507635365017753,-0.7459054258983154,-0.682736872346664,-0.6827368723466641,-0.6608317688382453,-0.36135987191688623,-0.8475020634922986,-0.8577035298658984,0.19717126541884997,2.1297173901583553,1.39109399536181,-0.48863635585098564,0.9422473983447828,-0.3789377279031535,-0.7297104957834565,-0.7297104957834566,0.31794851703412635,-0.21464618589006268,0.002529201107734787,1,0,power_user,0,1.3820979727704592,-0.012443367471805593
1273,0.3648766357899498,-0.053700476280045734,-0.439774790432666,0.4022722500309223,0.7289181583509132,0.7289181583509132,-0.91989171602044,0.05618888338837724,-0.829753451346156,-0.19178464021846164,0.5743340800170054,0.5295510843288559,0.5800219232344195,0.3171956059729444,0.5001811017113752,0.28426547122728363,0.08789230061257318,0.08789230061257323,0.31794851703412635,-0.6522530888259707,0.6074189550235423,0,1,consistent_user,0,1.277834238550733,-0.27590248558991987
1274,-0.7718107031195512,-0.053700476280045734,0.4507635365017753,-0.9099308081739209,-1.0860668811174004,-1.0860668811174004,0.3754080198905321,0.3544379943207086,1.8439514113967574,-0.8577035298658984,-1.311479992973772,-0.26574115150257194,0.18305664901163074,-0.8915523367629506,0.7764725371072548,-0.5447385276857627,-0.7297104957834565,-0.7297104957834566,0.31794851703412635,1.2440434905629638,-0.6549596618442298,1,0,casual_user,1,-1.0162898614378084,0.04964753147810825
1275,-0.20346703366480073,-0.053700476280045734,-0.1429286814545189,0.07422148547971154,0.32558814958017684,0.3255881495801769,0.1163480727083377,-0.003460938798088793,-0.5274593337266694,0.4741342494289751,-0.1799915491793056,-0.5848162292518074,0.03767231680798374,-0.28717836539500313,-0.715501214030495,-0.5447385276857627,0.08789230061257318,0.08789230061257323,-0.2633101978363056,1.6816503934988718,0.04636179197119894,0,0,casual_user,0,-0.4303315233517585,-0.18634657964964235
1276,-0.20346703366480073,1.042227611067828,0.6486609424872066,0.5662976323065277,0.5272531539655451,0.5272531539655451,-0.8021371945739878,0.6798006607923425,-0.4778554575766434,-0.19178464021846164,-0.7312295089766097,-0.4286323323355149,0.03767231680798374,-0.48863635585098564,0.3301556030062187,0.28426547122728363,-0.7297104957834565,-0.7297104957834566,1.4804659467749903,-1.1627944755845299,-0.10266901696457965,0,0,casual_user,0,-0.3388153104567437,0.6744210127182544
1277,0.3648766357899498,-0.6016645199539825,-0.736620899410813,-0.08980389679589386,-0.07774185919055952,-0.07774185919055944,-0.27224184806495383,0.3544379943207086,0.23578080166634804,-0.19178464021846164,1.202938771013931,0.7039404661617714,0.7115380491431296,0.3171956059729444,-0.2365960593443038,-0.3789377279031535,-0.7297104957834565,-0.7297104957834566,1.4804659467749903,1.3169779743856151,0.32396820077313976,0,1,consistent_user,0,0.6529329945739222,-0.9095064300039356
1278,-0.20346703366480073,-1.1496285636279193,-0.9345183053962445,-1.0739561904495263,-1.0860668811174004,-1.0860668811174004,0.3754080198905321,-0.8385584494086165,1.8439514113967574,-0.8577035298658984,-0.054270610979920475,-0.5474470760018969,0.31457277492034114,-0.6900943463069682,-1.7101503814556616,-1.0421409270335906,-0.7297104957834565,-0.7297104957834566,-1.4258276275771695,-0.8710565402939247,-0.6111270709807657,1,0,casual_user,1,-1.605128927953133,-1.3319240286103615
1279,-0.7718107031195512,-0.053700476280045734,0.4507635365017753,-0.9099308081739209,-1.0860668811174004,-1.0860668811174004,0.3754080198905321,0.3544379943207086,1.8439514113967574,-0.8577035298658984,-1.311479992973772,-0.622185382501718,-0.5218188133002654,-0.8915523367629506,-0.05240176908038397,-0.710539327468372,-0.7297104957834565,-0.7297104957834566,-1.4258276275771695,-1.3815979270524839,-0.7864574344346228,1,0,casual_user,1,-1.7805406836586806,0.26247318768428735
1280,0.3648766357899498,-0.6016645199539825,-0.736620899410813,-0.7459054258983154,-0.682736872346664,-0.6827368723466641,2.4478875973480876,-0.36135987191688623,-0.6285819868448992,0.4741342494289751,-0.557154363777461,-1.0294133345840757,-0.3764344810966181,-0.6900943463069682,-0.38395149155543945,-0.710539327468372,0.08789230061257318,0.08789230061257323,1.4804659467749903,1.1711090067403125,-0.2955324167638224,1,0,at_risk_user,1,-1.3479220308570492,-1.1413509639286943
1281,0.9332203052447002,-0.053700476280045734,-0.6178824558195544,0.07422148547971154,0.32558814958017684,0.3255881495801769,0.1163480727083377,-0.003460938798088793,-0.28666650640525904,0.4741342494289751,-0.557154363777461,-0.5493634428352256,0.25038097246991586,-0.48863635585098564,-0.05240176908038397,-0.2131369281205442,0.08789230061257318,0.08789230061257323,-1.4258276275771695,-0.06877721824476005,0.020062237453120333,0,0,casual_user,0,-0.2110474802074605,-0.6631520524793191
1282,-1.3401543725743017,0.49426356739389105,3.419224626283246,-0.9099308081739209,-0.8844018767320323,-0.8844018767320323,3.6136573596679624,-0.5403093384762852,-1.1465524495910826,0.4741342494289751,-1.311479992973772,-0.4660014855854254,-2.0377663477395522,-0.8915523367629506,-0.05240176908038397,-0.710539327468372,0.08789230061257318,0.08789230061257323,-0.8445689127067375,1.2440434905629638,-1.347514597486966,1,0,casual_user,3,-2.0445245898695004,2.937570924082797
1283,-0.20346703366480073,0.49426356739389105,0.2528661305163439,-0.41785466134710464,-0.2794068635759277,-0.2794068635759276,0.005322381058825778,-0.15684619584900225,-0.6115948559795313,-0.19178464021846164,0.8437360904442591,0.5841675390787251,0.5450865151863976,-0.08572037493902064,1.1317043826162427,-0.04733612833793493,-0.7297104957834565,-0.7297104957834566,-0.8445689127067375,0.8064365876270558,0.3632088059270985,1,0,consistent_user,0,0.8475692717513935,0.008494707806826495
1284,-0.20346703366480073,1.042227611067828,0.6486609424872066,1.0583737791333439,1.1322481671216496,1.1322481671216498,-0.5498060771887336,0.6100800894055639,-0.5715531537298147,0.4741342494289751,-1.0757532338499247,-0.6346417669183547,0.18305664901163074,-0.6900943463069682,-0.2596203456272937,0.11846467144467435,0.9054950970086029,0.905495097008603,-1.4258276275771695,-1.5274668946977865,0.19210515659221777,0,0,casual_user,0,0.14032919596722412,0.7660596784056111
1285,-0.20346703366480073,-0.053700476280045734,-0.1429286814545189,-0.25382927907149927,-0.07774185919055952,-0.07774185919055944,-1.2437166499981829,-0.09293567207778825,-0.2661719505885914,-0.8577035298658984,0.10288056176931103,-0.5666107443351844,0.18305664901163074,-0.28717836539500313,-0.4668389221742034,-0.5447385276857627,-0.7297104957834565,-0.7297104957834566,0.31794851703412635,1.6816503934988718,-0.09609412833505986,0,0,casual_user,0,-0.5854869970108648,-0.08043425622049723
1286,1.5015639746994507,1.5901916547417647,-0.1429286814545189,1.55044992596016,1.5355781758923859,1.5355781758923863,0.2134955529016607,0.8018116607192055,-0.7946608139914312,1.8059720287238485,-0.3189462703470471,0.5765020717454102,0.5661537169394822,0.11573761551696186,-0.13965169604750394,0.4500662710098929,0.9054950970086029,0.905495097008603,-0.8445689127067375,-1.0169255079392272,0.5801966091188642,0,1,consistent_user,0,1.3047647042922599,-0.11557784495344507
1287,-0.7718107031195512,-0.053700476280045734,0.4507635365017753,-0.41785466134710464,-0.2794068635759277,-0.2794068635759276,0.005322381058825778,-0.15684619584900225,-0.3667244510582932,-0.19178464021846164,-0.7726759721192641,-0.5771507619184925,0.4346375910307722,-0.6900943463069682,0.18441946125894132,-0.3789377279031535,-0.7297104957834565,-0.7297104957834566,-0.8445689127067375,1.3169779743856151,-0.3506362452778921,0,0,casual_user,0,-0.7157554907734274,0.08435187368102784
1288,-0.7718107031195512,-0.6016645199539825,-0.1429286814545189,-0.9099308081739209,-0.8844018767320323,-0.8844018767320323,-0.27224184806495383,-0.5403093384762852,-0.08924966995655548,-0.8577035298658984,-1.311479992973772,-0.8291530005012221,-1.0813099434085147,-0.8915523367629506,-1.7101503814556616,-1.0421409270335906,-0.7297104957834565,-0.7297104957834566,1.4804659467749903,1.4628469420309178,-1.2389566441959468,0,0,at_risk_user,1,-2.639034179856418,0.0094190636782126
1289,-0.20346703366480073,-0.6016645199539825,-0.5387234934253817,-0.9099308081739209,-0.8844018767320323,-0.8844018767320323,-0.27224184806495383,-0.5403093384762852,-0.9350918936641772,-0.8577035298658984,-0.3685729564783833,-0.9450931939176109,-0.5218188133002654,-0.6900943463069682,-0.8812760752680229,-0.8763401272509813,-0.7297104957834565,-0.7297104957834566,-0.8445689127067375,1.3169779743856151,-0.5366116665128764,1,0,at_risk_user,1,-1.7730039765780714,-0.49151750741152445
1290,-0.20346703366480073,-0.6016645199539825,-0.5387234934253817,0.07422148547971154,0.12392314519480867,0.12392314519480872,0.3754080198905321,0.3544379943207086,-0.5138512660015242,0.4741342494289751,-0.9343171783756165,-0.39701227958559066,-0.12485353907747694,-0.6900943463069682,-0.38395149155543945,-0.3789377279031535,0.08789230061257318,0.08789230061257323,-0.2633101978363056,1.5357814258535691,-0.21663375320958658,0,0,casual_user,1,-0.6696810946351329,-0.5438811093304678
1291,0.9332203052447002,-0.053700476280045734,-0.6178824558195544,1.2223991614089493,0.7289181583509132,0.7289181583509132,-0.27224184806495383,1.5474344380500333,-0.6747641980371758,0.4741342494289751,1.1289852779554694,1.9342479731588238,1.2068373768009535,1.324485558252857,1.2152883462654165,1.4448710697055487,0.08789230061257318,0.08789230061257323,-0.2633101978363056,-0.43344963735801667,0.9142470910677925,0,1,power_user,2,2.612398320348703,-0.6940769347195309
1292,0.9332203052447002,0.49426356739389105,-0.3804055686370366,1.0583737791333439,1.1322481671216496,1.1322481671216498,-0.5498060771887336,0.6100800894055639,-0.645198596894694,0.4741342494289751,-0.3685729564783833,0.7748460389949351,0.7425477791198799,-0.08572037493902064,0.9836911136541646,1.11326947014033,1.7230978934046326,1.7230978934046326,-0.2633101978363056,0.15002623322319394,0.811240502538651,0,1,consistent_user,2,2.0695381173783094,-0.12586483561377868
1293,-0.7718107031195512,-0.053700476280045734,0.4507635365017753,-0.7459054258983154,-0.8844018767320323,-0.8844018767320323,-0.27224184806495383,0.3544379943207086,-0.08924966995655548,-0.8577035298658984,0.19717126541884997,-0.8521494025011669,0.18305664901163074,-0.48863635585098564,0.9422473983447828,-0.3789377279031535,-0.7297104957834565,-0.7297104957834566,-1.4258276275771695,0.15002623322319394,-0.05006990792842243,1,0,casual_user,0,-0.5037550675203902,0.22745282336645636
1294,-0.20346703366480073,-0.6016645199539825,-0.5387234934253817,-0.7459054258983154,-0.8844018767320323,-0.8844018767320323,-0.27224184806495383,0.3544379943207086,-0.5121707818103663,-0.8577035298658984,-1.311479992973772,-0.5072033725019933,-0.12485353907747694,-0.8915523367629506,-0.38395149155543945,-0.710539327468372,-0.7297104957834565,-0.7297104957834566,-0.8445689127067375,1.0252400390950098,-0.7864574344346228,1,0,casual_user,1,-1.59180293779911,-0.6260504748346125
1295,0.9332203052447002,0.49426356739389105,-0.3804055686370366,-0.25382927907149927,-0.48107186796129586,-0.4810718679612959,0.3754080198905321,0.9509362161853714,-0.5739145571191326,-0.19178464021846164,-0.3685729564783833,-0.49762153833534967,-0.041199144422601,-0.48863635585098564,-0.4668389221742034,-0.5447385276857627,-0.7297104957834565,-0.7297104957834566,-1.4258276275771695,0.0770917494005426,-0.36566456214536547,1,0,casual_user,1,-1.0763454400091486,-0.5838551491475943
1296,2.0699076441542013,1.042227611067828,-0.48218137742954414,1.7144753082357655,1.5355781758923859,1.5355781758923863,-0.7579792490315683,1.025498493918454,-0.7671129982704412,0.4741342494289751,1.1400783019142386,1.97065894299207,1.139513053342669,1.727401539164822,1.2737971208198382,1.9422734690533765,0.9054950970086029,0.905495097008603,-0.8445689127067375,-1.7462703461657405,1.3131236679253175,0,1,power_user,2,3.321841633711016,-0.26885584534734663
1297,-0.20346703366480073,-0.053700476280045734,-0.1429286814545189,-0.7459054258983154,-0.682736872346664,-0.6827368723466641,0.8935279142549213,-0.36135987191688623,-0.8012388077602937,-0.19178464021846164,-1.311479992973772,-0.8253202668345646,0.03767231680798374,-0.8915523367629506,-0.38395149155543945,-0.710539327468372,-0.7297104957834565,-0.7297104957834566,-0.8445689127067375,0.44176416851379924,-0.7338583253984655,1,0,casual_user,1,-1.6346766626824114,-0.5650453360580011
1298,-0.20346703366480073,-0.6016645199539825,-0.5387234934253817,-0.5818800436227101,-0.48107186796129586,-0.4810718679612959,-0.91989171602044,-0.24206022754395373,-0.001276664647182638,-0.8577035298658984,-0.054270610979920475,-0.9422186436676179,0.31457277492034114,-0.48863635585098564,-0.6049846398721432,-0.710539327468372,-0.7297104957834565,-0.7297104957834566,-0.8445689127067375,-1.0169255079392272,-0.27799938041843686,0,0,casual_user,0,-1.0080316828616873,-0.616074744031701
1299,-0.20346703366480073,-0.6016645199539825,-0.5387234934253817,-0.41785466134710464,-0.48107186796129586,-0.4810718679612959,0.3754080198905321,0.3544379943207086,-0.3367201757285049,-0.19178464021846164,0.8437360904442591,-0.5886489629184649,0.03767231680798374,-0.08572037493902064,-0.7628654600983602,-0.710539327468372,-0.7297104957834565,-0.7297104957834566,-0.2633101978363056,-0.21464618589006268,0.010043359541471616,1,0,casual_user,1,-0.7349425745770988,-0.7397152519126254
1300,0.3648766357899498,-0.6016645199539825,-0.736620899410813,-0.7459054258983154,-0.8844018767320323,-0.8844018767320323,-0.27224184806495383,0.3544379943207086,-0.9350918936641772,-0.8577035298658984,-1.311479992973772,-0.49283062125202776,-0.24491835518790803,-0.8915523367629506,-1.7101503814556616,-1.0421409270335906,-0.7297104957834565,-0.7297104957834566,-0.8445689127067375,0.0770917494005426,-0.9968538705792515,1,0,casual_user,1,-2.1672611387788328,-0.8228659729604528
1301,-1.3401543725743017,-1.1496285636279193,-0.1429286814545189,-1.402006955000737,-1.489396889888137,-1.489396889888137,-2.215191451931412,-3.2245513368672665,1.8439514113967574,-1.523622419513335,-1.311479992973772,-1.536292361999528,-2.0377663477395522,-0.8915523367629506,-1.7101503814556616,-1.0421409270335906,-0.7297104957834565,-0.7297104957834566,-1.4258276275771695,-0.36051515353536534,-1.9436378332300805,1,0,at_risk_user,3,-3.495069994156195,0.6748642134630441
1302,-1.3401543725743017,-0.6016645199539825,1.0444557544580695,-0.41785466134710464,-0.2794068635759277,-0.2794068635759276,0.005322381058825778,-0.15684619584900225,-0.31672130569558815,-0.19178464021846164,-1.311479992973772,-0.5397816086685819,-2.0377663477395522,-0.8915523367629506,-0.7628654600983602,-0.710539327468372,-0.7297104957834565,-0.7297104957834566,0.31794851703412635,-0.7981220564712733,-1.4777600103384028,0,0,casual_user,3,-2.247806581413961,1.4957989234360092
1303,-0.20346703366480073,1.042227611067828,0.6486609424872066,-0.41785466134710464,-0.48107186796129586,-0.4810718679612959,1.6707077558015044,0.3544379943207086,-0.6285819868448992,0.4741342494289751,0.8437360904442591,0.400196323079166,0.5450865151863976,-0.08572037493902064,-0.2892229994197094,-0.5447385276857627,0.08789230061257318,0.08789230061257323,-0.2633101978363056,1.2440434905629638,0.26051530733269596,1,0,consistent_user,0,0.34375290798814506,0.012429582446852026
1304,0.9332203052447002,1.042227611067828,-0.1429286814545189,1.0583737791333439,0.7289181583509132,0.7289181583509132,-0.91989171602044,1.2491853271177025,-0.9471855255252266,-0.19178464021846164,-0.13284619735453612,-0.5551125433352119,-0.30911015763833327,0.11573761551696186,0.15481680746652574,0.4500662710098929,0.08789230061257318,0.08789230061257323,0.31794851703412635,-1.6733358623430892,0.3060698928372253,0,0,casual_user,0,0.0425919757491183,0.24545388898229403
1305,-0.7718107031195512,-1.1496285636279193,-0.736620899410813,-1.2379815727251318,-1.2877318855027686,-1.2877318855027688,1.6707077558015044,-1.4350566712732788,1.8439514113967574,-0.8577035298658984,-1.311479992973772,-1.3254920103333663,-0.5218188133002654,-0.8915523367629506,-0.05240176908038397,-0.8763401272509813,-0.7297104957834565,-0.7297104957834566,-1.4258276275771695,1.6816503934988718,-0.83905654347078,1,0,at_risk_user,1,-2.2381538805514256,-1.100209647904583
1306,0.9332203052447002,0.49426356739389105,-0.3804055686370366,0.7303230145821331,0.9305831627362814,0.9305831627362817,-0.42169950990083516,0.3544379943207086,-0.7011599102007462,0.4741342494289751,1.1131381008715133,0.6761531470785047,0.5450865151863976,0.9215695773408918,0.42124069159826694,0.4500662710098929,0.08789230061257318,0.08789230061257323,-0.2633101978363056,0.0770917494005426,0.8353484275135566,0,1,consistent_user,0,1.5711667333689283,-0.27223309488681957
1307,2.0699076441542013,0.49426356739389105,-0.6518077254170568,0.8943483968577386,0.7289181583509132,0.7289181583509132,1.0230578878460184,0.9509362161853714,-0.5451380743517845,1.8059720287238485,-0.3057124873786907,0.47206007932899385,0.5450865151863976,-0.08572037493902064,0.5001811017113752,0.6158670707925021,0.9054950970086029,0.905495097008603,0.31794851703412635,-0.36051515353536534,0.4759211824331492,0,1,consistent_user,0,1.1236496242112628,-0.7772626285144102
1308,-0.7718107031195512,-1.1496285636279193,-0.736620899410813,-1.2379815727251318,-1.2877318855027686,-1.2877318855027688,1.6707077558015044,-1.4350566712732788,1.8439514113967574,-0.8577035298658984,-1.311479992973772,-1.234464585750251,-0.5218188133002654,-0.8915523367629506,-1.7101503814556616,-1.0421409270335906,-0.7297104957834565,-0.7297104957834566,0.8992072319045583,-1.1627944755845299,-1.102052088651566,0,0,at_risk_user,1,-2.8672567124677473,-1.1817799515323668
1309,-0.7718107031195512,-1.1496285636279193,-0.736620899410813,-1.2379815727251318,-1.2877318855027686,-1.2877318855027688,1.6707077558015044,-1.4350566712732788,1.8439514113967574,-0.8577035298658984,0.5743340800170054,-1.038995168750719,-1.0813099434085147,-0.6900943463069682,-1.7101503814556616,-1.0421409270335906,-0.7297104957834565,-0.7297104957834566,-0.8445689127067375,0.0770917494005426,-0.6866659993162963,1,0,at_risk_user,1,-2.266074214937251,-0.9069594402829417
1310,-0.7718107031195512,1.042227611067828,1.6381479724143637,-0.5818800436227101,-0.682736872346664,-0.6827368723466641,0.8935279142549213,0.3544379943207086,-0.8012388077602937,-0.19178464021846164,-1.311479992973772,-0.5589452770018695,-0.12485353907747694,-0.8915523367629506,1.0527639725031346,-0.2131369281205442,-0.7297104957834565,-0.7297104957834566,0.31794851703412635,-1.5274668946977865,-0.5059288529084512,1,0,casual_user,1,-1.0005877802986702,1.1588567680221569
1311,-0.7718107031195512,-0.053700476280045734,0.4507635365017753,0.07422148547971154,0.32558814958017684,0.3255881495801769,-0.6608317688382453,-0.003460938798088793,-0.4509330772222789,-0.19178464021846164,0.19717126541884997,-0.5311579579186027,-0.12485353907747694,-0.08572037493902064,-0.05240176908038397,-0.2131369281205442,-0.7297104957834565,-0.7297104957834566,-0.8445689127067375,-1.4545324108751352,0.10772741918004923,0,0,casual_user,0,-0.33578127617887576,0.513549829520869
1312,-0.20346703366480073,1.042227611067828,0.6486609424872066,-0.25382927907149927,-0.48107186796129586,-0.4810718679612959,0.3754080198905321,0.9509362161853714,-0.1584786298630235,-0.19178464021846164,-0.8400264747260776,0.6397421772452587,0.5450865151863976,-0.6900943463069682,-0.4668389221742034,-0.5447385276857627,-0.7297104957834565,-0.7297104957834566,-1.4258276275771695,-0.9439910241165759,-0.5300367778833566,1,0,consistent_user,0,-0.5319888034402076,0.13637743126675578
1313,-0.7718107031195512,2.1381556984157015,2.8255324083269517,0.23824686775531695,0.5272531539655451,0.5272531539655451,0.6109170627834363,0.029075327849074427,-0.26054645885132155,1.1400531390764117,0.7457717230161668,0.7010659159117786,0.6473462466927044,0.3171956059729444,0.09830265022645933,-0.04733612833793493,1.7230978934046326,1.7230978934046326,-0.2633101978363056,-1.0898599917618785,0.9014957919075118,0,1,consistent_user,2,1.7564887706687125,2.4327943365298608
1314,-0.7718107031195512,-0.6016645199539825,-0.1429286814545189,-0.9099308081739209,-0.8844018767320323,-0.8844018767320323,-0.27224184806495383,-0.5403093384762852,-0.30071022588346086,-0.8577035298658984,0.5743340800170054,-0.5187015735019659,0.4346375910307722,-0.48863635585098564,-0.8812760752680229,-0.8763401272509813,-0.7297104957834565,-0.7297104957834566,0.8992072319045583,-0.8710565402939247,-0.20786723503689408,1,0,casual_user,0,-0.8493338078915241,-0.46415082757763565
1315,1.5015639746994507,-0.053700476280045734,-0.736620899410813,1.7144753082357655,1.5355781758923859,1.5355781758923863,0.6992329538682752,1.025498493918454,-0.6563639668620669,2.4718909183712854,0.9514968946151606,1.8163914129091063,1.271029179251379,1.5259435487088393,1.1080222595823104,1.7764726692707673,1.7230978934046326,1.7230978934046326,0.8992072319045583,1.1711090067403125,1.3964055905658999,0,1,power_user,2,3.41340466788751,-0.7670482425148668
1316,-0.20346703366480073,0.49426356739389105,0.2528661305163439,-0.25382927907149927,-0.07774185919055952,-0.07774185919055944,0.6992329538682752,-0.09293567207778825,-0.27126580529603095,0.4741342494289751,0.5743340800170054,-0.5819416790018143,-0.5218188133002654,-0.08572037493902064,-0.05240176908038397,-0.3789377279031535,0.08789230061257318,0.08789230061257323,-1.4258276275771695,-1.0169255079392272,0.30935733715198505,0,0,casual_user,0,-0.28878238668013706,0.2736056018500008
1317,0.3648766357899498,1.5901916547417647,0.4507635365017753,0.8943483968577386,1.3339131715070178,1.333913171507018,-0.6608317688382453,0.11583870557484367,-0.7388145632809728,0.4741342494289751,0.9514968946151606,0.47876736324564445,0.8316028652535606,0.9215695773408918,0.7212142500280788,0.7816678705751114,0.9054950970086029,0.905495097008603,-0.8445689127067375,-1.1627944755845299,1.1071104908670353,0,1,consistent_user,2,2.1571945360624345,0.5386214864490444
1318,-0.7718107031195512,-1.1496285636279193,-0.736620899410813,-1.2379815727251318,-1.2877318855027686,-1.2877318855027688,1.6707077558015044,-1.4350566712732788,1.8439514113967574,-0.8577035298658984,-1.311479992973772,-0.9594659451675766,-0.12485353907747694,-0.8915523367629506,-1.7101503814556616,-1.0421409270335906,-0.7297104957834565,-0.7297104957834566,-1.4258276275771695,-1.3086634432298325,-1.102052088651566,1,0,at_risk_user,1,-2.5926031145535737,-1.3225887267413354
1319,-1.3401543725743017,-0.6016645199539825,1.0444557544580695,-0.9099308081739209,-0.8844018767320323,-0.8844018767320323,-0.27224184806495383,-0.5403093384762852,-0.7236313377372718,-0.8577035298658984,0.5743340800170054,-0.28777937008585247,-2.0377663477395522,-0.48863635585098564,-1.7101503814556616,-1.0421409270335906,-0.7297104957834565,-0.7297104957834566,-0.2633101978363056,-0.8710565402939247,-1.1283516431696443,0,0,casual_user,3,-2.039403065891308,1.5018496316022962
1320,4.343282321973203,1.042227611067828,-0.7905929192250215,2.370576837338187,2.1405731890484905,2.140573189048491,-0.9880653863315437,1.1079094324655454,-0.8679942691616118,0.4741342494289751,1.0457875982646996,1.864300583742325,1.1803005029654758,2.130317520076787,1.4672011255969541,2.771277467966423,4.175906282592722,4.175906282592722,1.4804659467749903,-1.4545324108751352,2.170050819306045,0,1,power_user,2,4.872200606378407,-0.0785137741787321
1321,-0.7718107031195512,1.042227611067828,1.6381479724143637,0.23824686775531695,0.32558814958017684,0.3255881495801769,0.1163480727083377,0.3544379943207086,-0.5184957819336676,0.4741342494289751,-0.2828541349788026,-0.38359771175228957,0.4346375910307722,-0.28717836539500313,0.7011203274538332,0.28426547122728363,0.9054950970086029,0.905495097008603,0.31794851703412635,-1.4545324108751352,0.41057077423671196,0,0,casual_user,0,0.6597535065071538,1.4079000963295785
1322,-0.20346703366480073,-0.6016645199539825,-0.5387234934253817,-0.5818800436227101,-0.48107186796129586,-0.4810718679612959,-0.91989171602044,-0.24206022754395373,-0.07177240693879156,-0.8577035298658984,-0.054270610979920475,-0.929762259250981,-0.5218188133002654,-0.48863635585098564,-1.7101503814556616,-1.0421409270335906,-0.7297104957834565,-0.7297104957834566,1.4804659467749903,1.4628469420309178,-0.4533297438722941,0,0,at_risk_user,1,-1.7723996249536726,-0.35173859237412974
1323,2.0699076441542013,-0.053700476280045734,-0.8214340734045693,1.55044992596016,1.5355781758923859,1.5355781758923863,-0.27224184806495383,0.8018116607192055,-0.7671129982704412,1.1400531390764117,0.6735874522796776,0.5927911898287044,0.7425477791198799,1.1230275677968744,1.0818472814921742,1.6106718694881579,0.9054950970086029,0.905495097008603,-0.8445689127067375,-0.21464618589006268,1.1200295702794245,0,1,consistent_user,2,2.2809578936631487,-0.5948388826445574
1324,-0.7718107031195512,-0.053700476280045734,0.4507635365017753,-0.9099308081739209,-0.8844018767320323,-0.8844018767320323,-0.27224184806495383,-0.5403093384762852,-0.5121707818103663,-0.8577035298658984,-0.3685729564783833,-0.8042402316679483,0.4346375910307722,-0.6900943463069682,0.7764725371072548,-0.5447385276857627,-0.7297104957834565,-0.7297104957834566,-1.4258276275771695,0.9523055552723585,-0.27361612133209035,1,0,casual_user,0,-0.6717324833902166,0.1087845149332603
1325,-0.20346703366480073,0.49426356739389105,0.2528661305163439,0.23824686775531695,0.32558814958017684,0.3255881495801769,-0.6608317688382453,0.3544379943207086,-0.4984730330098142,-0.19178464021846164,-0.2828541349788026,0.588958456162047,0.6473462466927044,-0.28717836539500313,0.3997114888401463,0.11846467144467435,0.08789230061257318,0.08789230061257323,0.8992072319045583,1.3899124582082665,0.18742303893180245,0,1,consistent_user,0,0.7683403712273299,0.1902069986651284
1326,1.5015639746994507,-0.053700476280045734,-0.736620899410813,1.0583737791333439,1.1322481671216496,1.1322481671216498,0.005322381058825778,0.6100800894055639,-0.5202318674465605,1.1400531390764117,0.10288056176931103,0.5257183506621985,0.7240256901289529,0.3171956059729444,0.7764725371072548,0.9474686703577208,1.7230978934046326,1.7230978934046326,0.8992072319045583,1.0981745229176612,0.9427382751290441,0,1,consistent_user,2,2.02634991446585,-0.5539801336889939
1327,-0.7718107031195512,-0.6016645199539825,-0.1429286814545189,0.5662976323065277,0.7289181583509132,0.7289181583509132,1.0230578878460184,0.3544379943207086,-0.531254311962376,1.8059720287238485,0.7193967010162958,0.4969728481622673,0.18305664901163074,0.5186535964289268,0.8402320991216888,0.6158670707925021,0.9054950970086029,0.905495097008603,0.8992072319045583,0.44176416851379924,0.8872731889979684,0,1,consistent_user,2,1.5294682765324208,-0.14109367505786055
1328,0.3648766357899498,-0.053700476280045734,-0.439774790432666,-0.5818800436227101,-0.48107186796129586,-0.4810718679612959,-0.91989171602044,-0.24206022754395373,-0.8602335033551076,-0.8577035298658984,-0.054270610979920475,0.6263276094119575,0.5092435931882985,-0.48863635585098564,0.5001811017113752,-0.3789377279031535,-0.7297104957834565,-0.7297104957834566,-0.8445689127067375,0.5876331361591018,-0.10266901696457965,1,0,consistent_user,0,0.20357129625181913,-0.48116270100346364
1329,3.7749386525184523,3.234083785763575,-0.26166712504577777,3.518754513267425,2.947233206589963,2.9472332065899636,-0.5256700572649267,1.4436956168561794,-0.9702346529028877,1.8059720287238485,1.3651593364324928,1.7291967219926483,1.2848973855463157,3.5405234532686647,1.4983953199158437,3.931883066444688,2.540700689800662,2.5407006898006625,1.4804659467749903,0.22296071704584525,2.1460842897855383,0,1,power_user,2,4.6889819388234475,0.16326688782727133
1330,1.5015639746994507,1.042227611067828,-0.34082608743995035,0.07422148547971154,-0.07774185919055952,-0.07774185919055944,1.6707077558015044,0.8018116607192055,-0.7682803075011173,1.1400531390764117,1.328659709213316,0.7585569209116406,0.7240256901289529,0.5186535964289268,1.2737971208198382,0.4500662710098929,0.08789230061257318,0.08789230061257323,-0.2633101978363056,-0.725187572648622,0.7827493184773994,1,0,consistent_user,2,1.566320029726124,-0.7807812023073892
1331,1.5015639746994507,-0.6016645199539825,-0.9345183053962445,1.3864245436845548,1.3339131715070178,1.333913171507018,1.9297677029836986,0.8316365718124386,-0.5503717490328965,3.803728697666158,1.202938771013931,1.7761477094092026,1.0541327361221255,1.5259435487088393,1.0527639725031346,1.4448710697055487,2.540700689800662,2.5407006898006625,1.4804659467749903,0.8793710714497072,1.5980355085378357,0,1,power_user,2,3.5578900707609886,-1.0345462828951293
1332,0.3648766357899498,0.49426356739389105,-0.1429286814545189,-0.25382927907149927,-0.48107186796129586,-0.4810718679612959,0.3754080198905321,0.9509362161853714,-0.6582052140415355,-0.19178464021846164,-0.3685729564783833,-0.4439632670021449,-0.014404614921851248,-0.48863635585098564,-0.4668389221742034,-0.5447385276857627,-0.7297104957834565,-0.7297104957834566,1.4804659467749903,-0.21464618589006268,-0.36566456214536547,1,0,casual_user,1,-1.0423831234999321,-0.3816951188462523
1333,-0.7718107031195512,-1.1496285636279193,-0.736620899410813,-0.7459054258983154,-0.8844018767320323,-0.8844018767320323,-0.27224184806495383,0.3544379943207086,2.6597375570932145,-0.8577035298658984,-1.311479992973772,-1.2794992063334765,-0.5218188133002654,-0.8915523367629506,-1.7101503814556616,-1.0421409270335906,-0.7297104957834565,-0.7297104957834566,0.31794851703412635,-0.6522530888259707,-0.9968538705792515,0,0,at_risk_user,1,-2.620573966899765,-0.7493242095847288
1334,0.3648766357899498,-0.053700476280045734,-0.439774790432666,0.4022722500309223,0.5272531539655451,0.5272531539655451,-0.8021371945739878,0.3544379943207086,-0.6979768704429066,-0.19178464021846164,-0.6828753019768462,-0.42384141525219315,0.35576612980018774,-0.48863635585098564,-0.32869320447626355,-0.2131369281205442,0.08789230061257318,0.08789230061257323,0.8992072319045583,0.2958952008684966,-0.015003835237650759,0,0,casual_user,0,-0.1445551623275601,-0.35192467834771396
1335,2.6382513136089516,1.042227611067828,-0.5881978449217395,1.878500690511371,1.3339131715070178,1.333913171507018,-1.1789516632026342,1.5474344380500333,-0.671293636364166,-0.19178464021846164,1.741742791868439,1.790520460659168,1.0158594838144173,2.533233500988752,1.28958520284246,2.1080742688359857,0.08789230061257318,0.08789230061257323,-0.8445689127067375,0.8064365876270558,1.2974691711883661,0,1,power_user,2,3.049706383848305,-0.33313404506766026
1336,2.6382513136089516,-0.6016645199539825,-1.03346700838896,1.2223991614089493,1.1322481671216496,1.1322481671216498,-0.5498060771887336,0.8657221844904192,-0.5439376452626443,0.4741342494289751,-0.20217759709684407,0.6713622299951828,0.40138598418174654,0.11573761551696186,0.4351713522064625,0.7816678705751114,1.7230978934046326,1.7230978934046326,0.8992072319045583,0.0770917494005426,0.7822336409378298,0,1,consistent_user,2,1.7351557929816421,-0.6010477094592557
1337,-1.3401543725743017,-0.6016645199539825,1.0444557544580695,-0.9099308081739209,-0.8844018767320323,-0.8844018767320323,-0.27224184806495383,-0.5403093384762852,0.9680531096779716,-0.8577035298658984,-0.3685729564783833,-0.7534565105847367,-2.0377663477395522,-0.6900943463069682,-0.8812760752680229,-0.8763401272509813,-0.7297104957834565,-0.7297104957834566,0.8992072319045583,0.5146986523364505,-1.3255983020552338,0,0,casual_user,3,-2.2755928589811103,1.499117263153546
1338,0.9332203052447002,-1.1496285636279193,-1.0928362301845895,-0.41785466134710464,-0.2794068635759277,-0.2794068635759276,1.1155792975539447,-0.15684619584900225,-0.22481725576077113,0.4741342494289751,-0.23387195126475638,-0.6269762995850398,0.11227831896551003,-0.48863635585098564,-0.2892229994197094,-0.5447385276857627,0.08789230061257318,0.08789230061257323,1.4804659467749903,-1.6733358623430892,-0.06259350531798362,1,0,casual_user,1,-0.5797727686026561,-1.3023598954313684
1339,-0.20346703366480073,-0.6016645199539825,-0.5387234934253817,-0.08980389679589386,-0.2794068635759277,-0.2794068635759276,-1.1049345354362932,0.8657221844904192,-0.8963489456226484,-0.8577035298658984,0.36479918301803,-0.6461399679183273,0.18305664901163074,-0.08572037493902064,0.13179252118353585,-0.2131369281205442,-0.7297104957834565,-0.7297104957834566,-0.8445689127067375,-0.5793186050033193,0.03759527379850617,0,0,casual_user,0,-0.37184421112482396,-0.44526084388553927
1340,-0.7718107031195512,-1.1496285636279193,-0.736620899410813,-1.2379815727251318,-1.2877318855027686,-1.2877318855027688,1.6707077558015044,-1.4350566712732788,1.8439514113967574,-0.8577035298658984,-1.311479992973772,-1.094569806917253,-0.12485353907747694,-0.8915523367629506,-1.7101503814556616,-1.0421409270335906,-0.7297104957834565,-0.7297104957834566,0.8992072319045583,-0.5793186050033193,-1.102052088651566,1,0,at_risk_user,1,-2.652048404738248,-1.32819380588009
1341,0.3648766357899498,-0.6016645199539825,-0.736620899410813,-0.41785466134710464,-0.2794068635759277,-0.2794068635759276,-1.1049345354362932,-0.15684619584900225,0.7984249137508883,-0.8577035298658984,-1.311479992973772,-0.4794160534187267,-0.014404614921851248,-0.8915523367629506,0.18441946125894132,-0.3789377279031535,-0.7297104957834565,-0.7297104957834566,0.8992072319045583,0.8793710714497072,-0.5384902061213105,0,0,casual_user,0,-1.0040964030225754,-0.5814662732821123
1342,-0.20346703366480073,-1.1496285636279193,-0.9345183053962445,-1.0739561904495263,-1.2877318855027686,-1.2877318855027688,1.6707077558015044,0.3544379943207086,1.8439514113967574,-0.8577035298658984,-1.311479992973772,-0.7419583095847644,-0.5218188133002654,-0.8915523367629506,0.5001811017113752,-0.710539327468372,-0.7297104957834565,-0.7297104957834566,-1.4258276275771695,0.8064365876270558,-0.7513913617438513,1,0,casual_user,1,-1.758333750661615,-1.2227251793139717
1343,0.9332203052447002,-1.1496285636279193,-1.0928362301845895,-0.08980389679589386,0.12392314519480867,0.12392314519480872,-0.48812513738344926,-0.04322748692239988,0.1272357109241037,-0.19178464021846164,-0.47334040497787094,0.6052475742453415,0.6957678785066063,-0.48863635585098564,0.5001811017113752,-0.04733612833793493,-0.7297104957834565,-0.7297104957834566,0.31794851703412635,-0.287580669712714,-0.09098032606765576,0,1,consistent_user,0,0.34863569438047365,-1.1665162407624223
1344,0.3648766357899498,1.5901916547417647,0.4507635365017753,1.0583737791333439,1.1322481671216496,1.1322481671216498,-0.5498060771887336,0.6100800894055639,-0.507382927715018,0.4741342494289751,1.517241116512394,0.8122151922448456,0.4346375910307722,1.5259435487088393,0.15481680746652574,0.4500662710098929,0.9054950970086029,0.905495097008603,1.4804659467749903,-1.0898599917618785,1.161901229446366,0,1,consistent_user,2,2.0477706352098584,0.6475160288995434
1345,0.9332203052447002,1.5901916547417647,0.09454820572799878,1.0583737791333439,0.9305831627362814,0.9305831627362817,-0.42169950990083516,0.9050517375803967,-0.749407641050152,0.4741342494289751,1.0457875982646996,1.842262365159044,1.419546032462886,1.1230275677968744,1.398128266747984,1.4448710697055487,0.08789230061257318,0.08789230061257323,-0.8445689127067375,-1.5274668946977865,0.9668462001039497,0,1,power_user,2,2.790884388124092,-0.09032195485908219
1346,-1.3401543725743017,-1.1496285636279193,-0.1429286814545189,-1.402006955000737,-1.489396889888137,-1.489396889888137,-2.215191451931412,-3.2245513368672665,1.8439514113967574,-1.523622419513335,-1.311479992973772,-1.536292361999528,-2.0377663477395522,-0.8915523367629506,-1.7101503814556616,-1.0421409270335906,-0.7297104957834565,-0.7297104957834566,0.31794851703412635,-0.5793186050033193,-1.9436378332300805,1,0,at_risk_user,3,-3.495069994156195,0.6748642134630441
1347,0.3648766357899498,1.042227611067828,0.1539174275236282,1.7144753082357655,1.9389081846631224,1.9389081846631226,-0.48812513738344926,0.5532707349422629,-0.9613986365601266,1.1400531390764117,0.7629154873160832,1.8719660510756397,0.8879321113235271,1.324485558252857,1.2737971208198382,1.9422734690533765,0.9054950970086029,0.905495097008603,-1.4258276275771695,-0.725187572648622,1.286824113407239,0,1,power_user,2,3.1986044878774695,0.3642448315669319
1348,-0.7718107031195512,-0.6016645199539825,-0.1429286814545189,-1.0739561904495263,-1.0860668811174004,-1.0860668811174004,0.3754080198905321,-0.8385584494086165,1.8439514113967574,-0.8577035298658984,-1.311479992973772,-0.9383859100009603,-1.0813099434085147,-0.8915523367629506,-1.7101503814556616,-1.0421409270335906,-0.7297104957834565,-0.7297104957834566,-0.8445689127067375,-1.2357289594071812,-1.2915557532321038,1,0,at_risk_user,1,-2.805340600154302,-0.14697395072264346
1349,-0.20346703366480073,0.49426356739389105,0.2528661305163439,1.0583737791333439,0.9305831627362814,0.9305831627362817,-0.42169950990083516,0.9050517375803967,-0.6412948564610474,0.4741342494289751,-0.6042997156022304,-0.5531961765018832,0.18305664901163074,-0.28717836539500313,0.5692539605603452,0.7816678705751114,0.9054950970086029,0.905495097008603,-0.8445689127067375,-1.0898599917618785,0.4353760358844448,0,0,casual_user,0,0.5995377853005709,0.4277148913453718
1350,-0.7718107031195512,-0.053700476280045734,0.4507635365017753,-0.25382927907149927,-0.07774185919055952,-0.07774185919055944,-0.27224184806495383,-0.09293567207778825,-0.5585045071749196,-0.19178464021846164,-0.3685729564783833,-0.599188980501773,-0.12485353907747694,-0.48863635585098564,-0.4668389221742034,-0.5447385276857627,-0.7297104957834565,-0.7297104957834566,1.4804659467749903,-1.6733358623430892,-0.260466344073051,0,0,casual_user,0,-0.9470012400597377,0.3528587974778266
1351,-0.20346703366480073,-0.053700476280045734,-0.1429286814545189,-0.08980389679589386,0.12392314519480867,0.12392314519480872,-0.48812513738344926,-0.04322748692239988,-0.42575268616848655,-0.19178464021846164,-1.311479992973772,-0.3931795459189333,-0.12485353907747694,-0.8915523367629506,-0.6049846398721432,-0.5447385276857627,-0.7297104957834565,-0.7297104957834566,1.4804659467749903,-0.8710565402939247,-0.5585279619446085,0,0,casual_user,1,-1.1797065190746883,-0.13252017643819328
1352,-0.20346703366480073,0.49426356739389105,0.2528661305163439,-0.25382927907149927,-0.07774185919055952,-0.07774185919055944,-0.27224184806495383,-0.09293567207778825,-0.3275692381064158,-0.19178464021846164,0.5743340800170054,0.6301603430786149,0.6473462466927044,-0.08572037493902064,0.36203538401343544,-0.2131369281205442,-0.7297104957834565,-0.7297104957834566,0.8992072319045583,0.9523055552723585,0.19977585999332406,0,1,consistent_user,0,0.5932707907453184,0.0013442687501218787
1353,0.3648766357899498,-1.1496285636279193,-1.03346700838896,-0.9099308081739209,-1.0860668811174004,-1.0860668811174004,0.3754080198905321,0.3544379943207086,1.8439514113967574,-0.8577035298658984,-1.311479992973772,-1.0342042516673975,-0.6843446691857261,-0.8915523367629506,-1.7101503814556616,-1.0421409270335906,-0.7297104957834565,-0.7297104957834566,1.4804659467749903,1.4628469420309178,-1.0645784427825207,1,0,at_risk_user,1,-2.6937754805316265,-1.0914482059334558
1354,-1.3401543725743017,1.042227611067828,4.606609062195835,-0.7459054258983154,-0.8844018767320323,-0.8844018767320323,-0.27224184806495383,0.3544379943207086,-1.1465524495910826,-0.8577035298658984,-0.557154363777461,-0.7774110960013461,-2.0377663477395522,-0.6900943463069682,-1.7101503814556616,-1.0421409270335906,-0.7297104957834565,-0.7297104957834566,1.4804659467749903,-1.4545324108751352,-1.522844960940823,1,0,casual_user,3,-2.694163715604631,4.603358149252782
1355,-0.7718107031195512,0.49426356739389105,1.0444557544580695,-0.7459054258983154,-0.8844018767320323,-0.8844018767320323,-0.27224184806495383,0.3544379943207086,0.33367144189725534,-0.8577035298658984,-1.311479992973772,-0.6375163171683478,0.18305664901163074,-0.8915523367629506,-0.38395149155543945,-0.710539327468372,-0.7297104957834565,-0.7297104957834566,0.31794851703412635,1.3899124582082665,-0.7864574344346228,1,0,casual_user,1,-1.5300803552418618,0.6518630156940756
1356,-0.20346703366480073,-0.053700476280045734,-0.1429286814545189,1.0583737791333439,1.1322481671216496,1.1322481671216498,1.6707077558015044,0.6100800894055639,-0.7784468705626382,3.1378098080187216,1.0457875982646996,0.5697947878287596,0.31457277492034114,1.1230275677968744,0.5692539605603452,0.7816678705751114,1.7230978934046326,1.7230978934046326,-0.2633101978363056,1.0252400390950098,1.2386082634574282,0,1,consistent_user,2,2.092267631278675,-0.19003944204035852
1357,0.3648766357899498,-1.1496285636279193,-1.03346700838896,-0.9099308081739209,-0.8844018767320323,-0.8844018767320323,-0.27224184806495383,-0.5403093384762852,-0.9350918936641772,-0.8577035298658984,-0.3685729564783833,-0.9058076738343717,-0.6843446691857261,-0.6900943463069682,-0.8812760752680229,-0.8763401272509813,-0.7297104957834565,-0.7297104957834566,0.8992072319045583,-0.06877721824476005,-0.5517371296799882,1,0,at_risk_user,1,-1.8185892200397753,-0.8655006354878239
1358,-0.20346703366480073,-0.053700476280045734,-0.1429286814545189,-0.7459054258983154,-0.682736872346664,-0.6827368723466641,0.8935279142549213,-0.36135987191688623,-0.8475020634922986,-0.19178464021846164,-0.557154363777461,-0.6106871815017454,-0.30911015763833327,-0.6900943463069682,0.2791479533946715,-0.5447385276857627,-0.7297104957834565,-0.7297104957834566,-0.8445689127067375,-0.36051515353536534,-0.36566456214536547,1,0,casual_user,1,-1.1141110074229503,-0.3681582771220119
1359,-0.7718107031195512,-0.6016645199539825,-0.1429286814545189,-0.7459054258983154,-0.682736872346664,-0.6827368723466641,0.8935279142549213,-0.36135987191688623,0.062045296816678724,-0.19178464021846164,0.19717126541884997,-0.6720109201682652,-0.12485353907747694,-0.48863635585098564,-0.38395149155543945,-0.710539327468372,-0.7297104957834565,-0.7297104957834566,-0.8445689127067375,-0.5793186050033193,-0.2078672350368938,0,0,casual_user,1,-1.0447376689614323,-0.45462607134239
1360,-0.20346703366480073,-0.053700476280045734,-0.1429286814545189,0.07422148547971154,-0.07774185919055952,-0.07774185919055944,-1.2437166499981829,0.8018116607192055,-0.24608463984205653,-0.8577035298658984,-0.557154363777461,-0.5301997745019383,0.03767231680798374,-0.48863635585098564,0.2791479533946715,-0.04733612833793493,-0.7297104957834565,-0.7297104957834566,0.31794851703412635,-1.0169255079392272,-0.20786723503689408,0,0,casual_user,0,-0.580730629553254,-0.0030297832105184077
1361,-1.3401543725743017,-1.1496285636279193,-0.1429286814545189,-1.402006955000737,-1.489396889888137,-1.489396889888137,-2.215191451931412,-3.2245513368672665,1.8439514113967574,-1.523622419513335,-1.311479992973772,-1.536292361999528,-2.0377663477395522,-0.8915523367629506,-1.7101503814556616,-1.0421409270335906,-0.7297104957834565,-0.7297104957834566,-1.4258276275771695,-0.6522530888259707,-1.9436378332300805,1,0,at_risk_user,3,-3.495069994156195,0.6748642134630441
1362,2.0699076441542013,0.49426356739389105,-0.6518077254170568,2.370576837338187,1.7372431802777542,1.7372431802777546,-0.8436976139080297,1.6176106994458765,-0.9076684183615273,0.4741342494289751,1.517241116512394,1.958202558575433,0.8879321113235271,2.7346914914447344,0.9146182548051945,2.1080742688359857,0.08789230061257318,0.08789230061257323,-0.2633101978363056,0.15002623322319394,1.2649078179755069,0,1,power_user,2,2.9964408706448507,-0.38403086555561416
1363,-0.20346703366480073,-1.1496285636279193,-0.9345183053962445,-1.0739561904495263,-1.0860668811174004,-1.0860668811174004,0.3754080198905321,-0.8385584494086165,1.8439514113967574,-0.8577035298658984,-1.311479992973772,-1.0169569501674387,-0.7733997553194069,-0.8915523367629506,-1.7101503814556616,-1.0421409270335906,-0.7297104957834565,-0.7297104957834566,1.4804659467749903,-0.6522530888259707,-1.1154984734377322,1,0,at_risk_user,1,-2.7206654126115732,-0.9689973717968362
1364,0.3648766357899498,-0.6016645199539825,-0.736620899410813,0.23824686775531695,0.5272531539655451,0.5272531539655451,-0.8021371945739878,0.029075327849074427,-0.6506334875407922,-0.19178464021846164,-0.6257294209771256,-0.5675689277518489,-0.014404614921851248,-0.48863635585098564,0.09830265022645933,-0.04733612833793493,0.08789230061257318,0.08789230061257323,0.31794851703412635,1.2440434905629638,0.07266134648927755,0,0,casual_user,0,-0.15652311579915992,-0.455140492332529
1365,0.3648766357899498,-0.6016645199539825,-0.736620899410813,-0.25382927907149927,-0.07774185919055952,-0.07774185919055944,-0.27224184806495383,-0.09293567207778825,-0.3515807459798505,-0.19178464021846164,-0.8400264747260776,-0.4046777469189056,0.08785511658445516,-0.6900943463069682,-0.05240176908038397,-0.3789377279031535,-0.7297104957834565,-0.7297104957834566,1.4804659467749903,1.2440434905629638,-0.35908967351584564,0,0,casual_user,0,-0.7946363153026045,-0.7633834776266031
1366,-0.7718107031195512,-1.1496285636279193,-0.736620899410813,-1.2379815727251318,-1.2877318855027686,-1.2877318855027688,1.6707077558015044,-1.4350566712732788,1.8439514113967574,-0.8577035298658984,-1.311479992973772,-1.2545864375002027,-0.5218188133002654,-0.8915523367629506,-0.05240176908038397,-0.8763401272509813,-0.7297104957834565,-0.7297104957834566,0.31794851703412635,-1.0898599917618785,-0.83905654347078,1,0,at_risk_user,1,-2.2069556431495396,-1.0972679751650949
1367,-0.20346703366480073,-1.1496285636279193,-0.9345183053962445,-0.9099308081739209,-0.8844018767320323,-0.8844018767320323,-0.27224184806495383,-0.5403093384762852,0.5451319978241609,-0.8577035298658984,0.5743340800170054,0.3877399386625289,0.4346375910307722,-0.48863635585098564,-0.05240176908038397,-0.710539327468372,-0.7297104957834565,-0.7297104957834566,0.8992072319045583,1.0981745229176612,-0.07636946244650104,1,0,consistent_user,0,-0.11586286704352548,-1.0845662441714077
1368,0.3648766357899498,2.1381556984157015,0.7476096454799225,1.2223991614089493,0.9305831627362814,0.9305831627362817,-0.42169950990083516,1.1803586092102416,-0.6207925202352906,0.4741342494289751,1.7945667154816256,1.771356792325881,1.2285681394763497,1.9288595296208046,1.2152883462654165,1.4448710697055487,1.7230978934046326,1.7230978934046326,-1.4258276275771695,-0.8710565402939247,1.5495618198182401,0,1,power_user,2,3.534701384452542,0.7522762501428594
1369,-0.20346703366480073,-0.053700476280045734,-0.1429286814545189,-0.5818800436227101,-0.682736872346664,-0.6827368723466641,-0.6608317688382453,0.3544379943207086,-0.6897454392899336,-0.8577035298658984,-1.311479992973772,-0.3816813449189607,-0.12485353907747694,-0.8915523367629506,0.5001811017113752,-0.3789377279031535,-0.7297104957834565,-0.7297104957834566,-0.2633101978363056,-1.0898599917618785,-0.5935940346353799,1,0,casual_user,0,-1.073481663389925,-0.12535677630074188
1370,-0.20346703366480073,1.042227611067828,0.6486609424872066,-0.08980389679589386,-0.2794068635759277,-0.2794068635759276,0.005322381058825778,0.8657221844904192,-0.5484516773935145,-0.19178464021846164,1.202938771013931,-0.5570289101685406,0.03767231680798374,0.3171956059729444,0.13179252118353585,-0.2131369281205442,-0.7297104957834565,-0.7297104957834566,0.31794851703412635,1.6816503934988718,0.3298125462216014,1,0,casual_user,0,-0.11522953479070183,0.46452521042526373
1371,-0.20346703366480073,0.49426356739389105,0.2528661305163439,0.23824686775531695,0.32558814958017684,0.3255881495801769,0.1163480727083377,0.3544379943207086,-0.38098512998797246,0.4741342494289751,0.7457717230161668,0.7096895666617579,0.5450865151863976,0.3171956059729444,0.09830265022645933,-0.04733612833793493,0.9054950970086029,0.905495097008603,-1.4258276275771695,0.15002623322319394,0.6735663194174974,0,1,consistent_user,0,1.339459800479231,0.18211249046452538
1372,-1.3401543725743017,-0.053700476280045734,2.231840190370658,-1.0739561904495263,-1.0860668811174004,-1.0860668811174004,2.9660074917124764,-0.8385584494086165,1.8439514113967574,-0.19178464021846164,-1.311479992973772,-0.5828998624184788,-2.0377663477395522,-0.8915523367629506,-1.7101503814556616,-1.0421409270335906,-0.7297104957834565,-0.7297104957834566,-1.4258276275771695,1.0981745229176612,-1.8384396151577662,1,0,casual_user,3,-3.1393709697307015,1.8142077695101058
1373,-0.7718107031195512,-1.1496285636279193,-0.736620899410813,-1.2379815727251318,-1.2877318855027686,-1.2877318855027688,1.6707077558015044,-1.4350566712732788,1.8439514113967574,-0.8577035298658984,-1.311479992973772,-1.025580600917418,-0.5218188133002654,-0.8915523367629506,-0.05240176908038397,-0.8763401272509813,-0.7297104957834565,-0.7297104957834566,0.31794851703412635,-0.36051515353536534,-0.83905654347078,1,0,casual_user,1,-2.106193768297503,-1.0877671672632347
1374,-0.20346703366480073,-1.1496285636279193,-0.9345183053962445,-1.0739561904495263,-1.0860668811174004,-1.0860668811174004,0.3754080198905321,-0.8385584494086165,1.8439514113967574,-0.8577035298658984,-1.311479992973772,-0.29257028716917427,-0.12485353907747694,-0.8915523367629506,-0.6049846398721432,-0.8763401272509813,-0.7297104957834565,-0.7297104957834566,0.8992072319045583,1.3899124582082665,-0.8741226161615515,1,0,casual_user,1,-1.7047988632585755,-1.1307340265639139
1375,0.3648766357899498,-0.6016645199539825,-0.736620899410813,-0.7459054258983154,-0.8844018767320323,-0.8844018767320323,1.6707077558015044,0.3544379943207086,0.7565925537510662,-0.19178464021846164,-1.311479992973772,-0.4545032845854531,0.27211173514531184,-0.8915523367629506,0.2791479533946715,-0.5447385276857627,-0.7297104957834565,-0.7297104957834566,-0.8445689127067375,-1.3086634432298325,-0.6812592163623085,1,0,casual_user,1,-1.23731055604522,-1.308921524837683
1376,-0.20346703366480073,-0.053700476280045734,-0.1429286814545189,-0.7459054258983154,-1.0860668811174004,-1.0860668811174004,0.3754080198905321,1.5474344380500333,1.8439514113967574,-0.8577035298658984,1.7058225238114717,0.611954858161992,0.4346375910307722,-0.08572037493902064,-1.7101503814556616,-1.0421409270335906,-0.7297104957834565,-0.7297104957834566,0.8992072319045583,-1.2357289594071812,0.002529201107734787,1,0,consistent_user,0,-0.36562529598490273,-0.5804743630683857
1377,1.5015639746994507,1.042227611067828,-0.34082608743995035,1.7144753082357655,1.7372431802777542,1.7372431802777546,-0.38653300123356904,0.7754955626957646,-0.7474627478873113,1.1400531390764117,0.19717126541884997,0.704898649578436,0.7608245352074396,0.7201115868849094,0.610697675869727,1.2790702699229393,1.7230978934046326,1.7230978934046326,-0.8445689127067375,0.3688296846911479,1.1071104908670353,0,1,consistent_user,2,2.3719349272854306,-0.07343751140197616
1378,-1.3401543725743017,-1.1496285636279193,-0.1429286814545189,-1.402006955000737,-1.489396889888137,-1.489396889888137,-2.215191451931412,-3.2245513368672665,1.8439514113967574,-1.523622419513335,-1.311479992973772,-1.536292361999528,-2.0377663477395522,-0.8915523367629506,-1.7101503814556616,-1.0421409270335906,-0.7297104957834565,-0.7297104957834566,-0.2633101978363056,-0.5793186050033193,-1.9436378332300805,1,0,at_risk_user,3,-3.495069994156195,0.6748642134630441
1379,0.3648766357899498,0.49426356739389105,-0.1429286814545189,1.55044992596016,1.3339131715070178,1.333913171507018,-0.6608317688382453,1.0702358605583036,-0.7914175045486727,0.4741342494289751,0.47508070775433275,0.7748460389949351,0.7728759210801273,0.9215695773408918,1.0818472814921742,1.6106718694881579,0.08789230061257318,0.08789230061257323,0.31794851703412635,0.7335021038044045,0.8228907437944668,0,1,consistent_user,2,1.9093683925484402,-0.03817735533816177
1380,-0.7718107031195512,-1.1496285636279193,-0.736620899410813,-1.2379815727251318,-1.2877318855027686,-1.2877318855027688,1.6707077558015044,-1.4350566712732788,1.8439514113967574,-0.8577035298658984,-1.311479992973772,-0.29448665400250296,-0.5218188133002654,-0.8915523367629506,-1.7101503814556616,-1.0421409270335906,-0.7297104957834565,-0.7297104957834566,0.8992072319045583,0.004157265577891283,-1.102052088651566,1,0,casual_user,1,-2.4536692679913976,-1.1427829115669912
1381,0.9332203052447002,0.49426356739389105,-0.3804055686370366,-0.08980389679589386,0.12392314519480867,0.12392314519480872,0.3754080198905321,-0.04322748692239988,-0.8475020634922986,0.4741342494289751,0.7838689770159807,0.6656131294951967,0.6473462466927044,0.11573761551696186,0.5001811017113752,-0.04733612833793493,0.08789230061257318,0.08789230061257323,0.31794851703412635,1.0981745229176612,0.5226759460208448,1,0,consistent_user,0,1.120337039264483,-0.5627065321439556
1382,1.5015639746994507,2.1381556984157015,0.054968724530912484,2.2065514550625815,1.7372431802777542,1.7372431802777546,-0.38653300123356904,1.4070819152583485,-0.8888034316313834,1.1400531390764117,1.80421282327186,1.81064231240912,1.3679022744648628,2.936149481900717,1.4611947900448696,2.6054766681838135,0.9054950970086029,0.905495097008603,1.4804659467749903,-0.8710565402939247,1.6270031338041255,0,1,power_user,2,3.7441637002949286,0.08677754236162673
1383,-0.7718107031195512,-0.053700476280045734,0.4507635365017753,-0.9099308081739209,-0.8844018767320323,-0.8844018767320323,-0.27224184806495383,-0.5403093384762852,-0.5121707818103663,-0.8577035298658984,-1.311479992973772,-1.056242470250678,-1.0813099434085147,-0.8915523367629506,-1.7101503814556616,-1.0421409270335906,-0.7297104957834565,-0.7297104957834566,-0.2633101978363056,1.6816503934988718,-1.2389566441959468,1,0,at_risk_user,3,-2.7389994400125364,0.5255186448589925
1384,-0.20346703366480073,-1.1496285636279193,-0.9345183053962445,0.4022722500309223,0.7289181583509132,0.7289181583509132,1.0230578878460184,0.05618888338837724,-0.47341223931473825,1.8059720287238485,0.8886364255154683,-0.495705171502021,0.31457277492034114,0.5186535964289268,0.22388966631549578,0.11846467144467435,0.9054950970086029,0.905495097008603,0.8992072319045583,-1.0169255079392272,0.8484982047725962,0,0,casual_user,0,0.9605423839677971,-0.9604512842786979
1385,0.3648766357899498,1.042227611067828,0.1539174275236282,1.55044992596016,1.1322481671216496,1.1322481671216498,0.005322381058825778,1.3770063746601304,-0.5175333604128212,1.1400531390764117,0.07806721870364283,0.6761531470785047,0.4346375910307722,0.5186535964289268,0.9073474275579347,1.4448710697055487,0.9054950970086029,0.905495097008603,-0.8445689127067375,-1.4545324108751352,0.7795195486243021,0,1,consistent_user,2,1.7075317283830473,0.2660938069989824
1386,0.9332203052447002,-1.1496285636279193,-1.0928362301845895,0.23824686775531695,0.32558814958017684,0.3255881495801769,0.1163480727083377,0.3544379943207086,-0.14829479553185132,0.4741342494289751,-0.2828541349788026,-0.5675689277518489,-0.041199144422601,-0.28717836539500313,0.3997114888401463,0.11846467144467435,0.9054950970086029,0.905495097008603,0.31794851703412635,0.22296071704584525,0.3627534023856597,0,0,casual_user,0,0.27317238483619005,-0.8501847883584381
1387,-0.20346703366480073,-0.6016645199539825,-0.5387234934253817,0.07422148547971154,-0.07774185919055952,-0.07774185919055944,-0.27224184806495383,0.8018116607192055,-0.4140315962667621,-0.19178464021846164,-1.311479992973772,-0.617394465418396,0.18305664901163074,-0.8915523367629506,0.2791479533946715,-0.04733612833793493,-0.7297104957834565,-0.7297104957834566,-1.4258276275771695,-1.3086634432298325,-0.4708627802176796,0,0,casual_user,0,-0.9005008560979665,-0.629513927412259
1388,-1.3401543725743017,0.49426356739389105,3.419224626283246,-0.7459054258983154,-0.682736872346664,-0.6827368723466641,-0.6608317688382453,-0.36135987191688623,-0.9738956286756881,-0.8577035298658984,0.19717126541884997,-0.39605409616892634,-2.0377663477395522,-0.48863635585098564,-0.38395149155543945,-0.710539327468372,-0.7297104957834565,-0.7297104957834566,-1.4258276275771695,1.6816503934988718,-0.9968538705792513,1,0,casual_user,3,-1.5920139212201267,3.7569047333804018
1389,0.3648766357899498,-0.6016645199539825,-0.736620899410813,-0.7459054258983154,-0.682736872346664,-0.6827368723466641,0.8935279142549213,-0.36135987191688623,-0.06831094856461352,-0.19178464021846164,-0.557154363777461,-0.8071147819179415,0.18305664901163074,-0.6900943463069682,-0.38395149155543945,-0.710539327468372,-0.7297104957834565,-0.7297104957834566,-1.4258276275771695,-0.6522530888259707,-0.4708627802176796,1,0,casual_user,1,-1.2776487367908367,-1.1246901493348755
1390,3.206594983063702,-0.6016645199539825,-1.0664499093865323,0.07422148547971154,-0.2794068635759277,-0.2794068635759276,1.1155792975539447,1.3770063746601304,-0.8963489456226484,0.4741342494289751,-0.9343171783756165,-0.5301997745019383,-0.0011999695492256146,-0.6900943463069682,0.2791479533946715,-0.04733612833793493,0.08789230061257318,0.08789230061257323,-0.8445689127067375,-1.3815979270524839,-0.21663375320958686,1,0,casual_user,1,-0.6234831080808045,-1.2215912974366616
1391,1.5015639746994507,-1.1496285636279193,-1.132415711381676,-0.41785466134710464,-0.682736872346664,-0.6827368723466641,0.8935279142549213,1.0702358605583036,1.70620641539395,-0.19178464021846164,-0.7726759721192641,-0.6336835835016904,0.23717632709728992,-0.6900943463069682,-0.2892229994197094,-0.5447385276857627,-0.7297104957834565,-0.7297104957834566,0.31794851703412635,-0.21464618589006268,-0.5309760476875737,0,0,casual_user,1,-1.225750300144287,-1.4896801926793664
1392,1.5015639746994507,-0.053700476280045734,-0.736620899410813,0.4022722500309223,0.5272531539655451,0.5272531539655451,0.6109170627834363,0.3544379943207086,-0.42255948705525587,1.1400531390764117,0.26003173451854256,0.4749346295789867,0.6073470718193292,0.11573761551696186,0.7764725371072548,0.4500662710098929,0.9054950970086029,0.905495097008603,-1.4258276275771695,0.6605676199817532,0.6644013231460459,0,1,consistent_user,2,1.4109305008872848,-0.7843652027509197
1393,1.5015639746994507,1.042227611067828,-0.34082608743995035,2.0425260727869765,1.9389081846631224,1.9389081846631226,-0.91989171602044,0.9509362161853714,-0.897094710333559,0.4741342494289751,0.06002115101952067,0.5343420014121778,0.4346375910307722,0.7201115868849094,0.3997114888401463,1.2790702699229393,1.7230978934046326,1.7230978934046326,-1.4258276275771695,-1.6733358623430892,1.0784200677564038,0,1,consistent_user,2,2.1451977977436614,0.1587213193485867
1394,-0.20346703366480073,-0.6016645199539825,-0.5387234934253817,-0.25382927907149927,-0.07774185919055952,-0.07774185919055944,-1.2437166499981829,-0.09293567207778825,-0.6963185447165695,-0.8577035298658984,-0.3685729564783833,-0.5905653297517938,0.03767231680798374,-0.48863635585098564,-0.8812760752680229,-0.710539327468372,-0.7297104957834565,-0.7297104957834566,0.8992072319045583,-0.506384121180668,-0.32621523036824757,0,0,casual_user,0,-1.002494358897956,-0.4104069549871822
1395,-1.3401543725743017,-1.1496285636279193,-0.1429286814545189,-1.402006955000737,-1.489396889888137,-1.489396889888137,-2.215191451931412,-3.2245513368672665,1.8439514113967574,-1.523622419513335,-1.311479992973772,-1.536292361999528,-2.0377663477395522,-0.8915523367629506,-1.7101503814556616,-1.0421409270335906,-0.7297104957834565,-0.7297104957834566,-1.4258276275771695,0.004157265577891283,-1.9436378332300805,1,0,at_risk_user,3,-3.495069994156195,0.6748642134630441
1396,-0.7718107031195512,-0.6016645199539825,-0.1429286814545189,-0.5818800436227101,-0.48107186796129586,-0.4810718679612959,0.3754080198905321,-0.24206022754395373,0.19917428785344543,-0.19178464021846164,0.5743340800170054,-0.5081615559186577,0.18305664901163074,-0.28717836539500313,-0.05240176908038397,-0.5447385276857627,-0.7297104957834565,-0.7297104957834566,-0.8445689127067375,1.2440434905629638,0.028828755625813395,0,0,casual_user,0,-0.4610387809097189,-0.41265290826687123
1397,0.3648766357899498,0.49426356739389105,-0.1429286814545189,-0.08980389679589386,-0.07774185919055952,-0.07774185919055944,-0.27224184806495383,0.3544379943207086,-0.7490665977854666,-0.19178464021846164,0.7838689770159807,0.7413096194116819,0.7728759210801273,0.11573761551696186,0.5001811017113752,-0.04733612833793493,-0.7297104957834565,-0.7297104957834566,-0.8445689127067375,-0.14171170206741138,0.29474647353083033,1,0,consistent_user,0,0.8278639490132563,-0.3796173534843499
1398,1.5015639746994507,-1.1496285636279193,-1.132415711381676,0.5662976323065277,0.5272531539655451,0.5272531539655451,-0.09561006589527597,0.6798006607923425,-0.42255948705525587,0.4741342494289751,0.42927145901771485,0.6014148405786837,0.5661537169394822,0.3171956059729444,0.3301556030062187,0.28426547122728363,0.9054950970086029,0.905495097008603,-1.4258276275771695,0.22296071704584525,0.652600240990498,0,1,consistent_user,0,1.3689170607586056,-0.9894907930767912
1399,-0.20346703366480073,-0.053700476280045734,-0.1429286814545189,-0.08980389679589386,0.12392314519480867,0.12392314519480872,-0.48812513738344926,-0.04322748692239988,-0.48425461905960737,-0.19178464021846164,-0.8924101989758214,-0.7151291739181619,-0.12485353907747694,-0.6900943463069682,0.5001811017113752,-0.04733612833793493,-0.7297104957834565,-0.7297104957834566,-0.8445689127067375,0.15002623322319394,-0.23708896227920354,0,0,casual_user,0,-0.7126511553180682,-0.07738527865934604
1400,-0.20346703366480073,-0.6016645199539825,-0.5387234934253817,-0.9099308081739209,-0.8844018767320323,-0.8844018767320323,-0.27224184806495383,-0.5403093384762852,-0.7236313377372718,-0.8577035298658984,-0.3685729564783833,-1.0629497541673285,-0.30911015763833327,-0.6900943463069682,-0.8812760752680229,-0.8763401272509813,-0.7297104957834565,-0.7297104957834566,-0.8445689127067375,-1.2357289594071812,-0.5366116665128764,1,0,at_risk_user,1,-1.7425264668474534,-0.5779709076901729
1401,-0.7718107031195512,-0.6016645199539825,-0.1429286814545189,-0.5818800436227101,-0.48107186796129586,-0.4810718679612959,-0.91989171602044,-0.24206022754395373,-0.04100937482961757,-0.8577035298658984,-0.054270610979920475,-0.6298508498350328,-0.5218188133002654,-0.48863635585098564,0.5001811017113752,-0.3789377279031535,-0.7297104957834565,-0.7297104957834566,0.8992072319045583,-1.7462703461657405,-0.10266901696457965,0,0,casual_user,0,-0.7482644024054446,0.12484684506047161
1402,0.3648766357899498,0.49426356739389105,-0.1429286814545189,1.55044992596016,1.9389081846631224,1.9389081846631226,-0.05635855874645839,0.3544379943207086,-0.897094710333559,1.8059720287238485,1.2691076858557129,1.8662169505756534,1.0927331527293949,1.727401539164822,1.430846989360654,1.9422734690533765,0.9054950970086029,0.905495097008603,0.31794851703412635,0.2958952008684966,1.488223333532525,0,1,power_user,2,3.515173521089921,-0.04226391027610421
1403,0.9332203052447002,-0.6016645199539825,-0.855359343002072,0.07422148547971154,0.12392314519480867,0.12392314519480872,-0.48812513738344926,0.3544379943207086,-0.34730667375957236,-0.19178464021846164,0.19717126541884997,-0.3711413273356527,0.03767231680798374,-0.08572037493902064,-0.38395149155543945,-0.3789377279031535,-0.7297104957834565,-0.7297104957834566,-0.8445689127067375,-0.506384121180668,0.002529201107734787,0,0,casual_user,0,-0.43243076921627155,-0.7714346658925298
1404,-0.7718107031195512,1.042227611067828,1.6381479724143637,0.4022722500309223,0.5272531539655451,0.5272531539655451,-0.09561006589527597,0.3544379943207086,-0.510215825965693,0.4741342494289751,0.26003173451854256,0.73651870232836,0.8316028652535606,0.11573761551696186,0.7764725371072548,0.4500662710098929,0.9054950970086029,0.905495097008603,-0.8445689127067375,-1.5274668946977865,0.6644013231460459,0,1,consistent_user,2,1.6453814353116096,1.3850535477275163
1405,-0.20346703366480073,-0.6016645199539825,-0.5387234934253817,-0.9099308081739209,-0.8844018767320323,-0.8844018767320323,1.6707077558015044,-0.5403093384762852,0.5451319978241609,-0.19178464021846164,-1.311479992973772,-1.0294133345840757,-0.12485353907747694,-0.8915523367629506,-1.7101503814556616,-1.0421409270335906,-0.7297104957834565,-0.7297104957834566,-0.8445689127067375,-0.287580669712714,-0.9968538705792515,1,0,at_risk_user,1,-2.4469253409937624,-1.1077977325975852
1406,1.5015639746994507,1.5901916547417647,-0.1429286814545189,1.7144753082357655,1.5355781758923859,1.5355781758923863,-0.27224184806495383,1.025498493918454,-0.7671129982704412,1.1400531390764117,1.328659709213316,1.9217915887421873,1.0831838072727025,1.9288595296208046,1.2737971208198382,1.9422734690533765,0.9054950970086029,0.905495097008603,0.31794851703412635,-0.14171170206741138,1.3788725542205138,0,1,power_user,2,3.3291770674330197,-0.04171990314391555
1407,-0.7718107031195512,-0.6016645199539825,-0.1429286814545189,-0.7459054258983154,-0.682736872346664,-0.6827368723466641,0.8935279142549213,-0.36135987191688623,0.7991911053753846,-0.19178464021846164,-1.311479992973772,-1.0964861737505815,-0.5218188133002654,-0.8915523367629506,0.9422473983447828,-0.3789377279031535,-0.7297104957834565,-0.7297104957834566,-0.2633101978363056,-0.506384121180668,-0.5234618892538369,0,0,at_risk_user,1,-1.4352297416434485,-0.29347903463972164
1408,-0.20346703366480073,-1.1496285636279193,-0.9345183053962445,-0.9099308081739209,-0.8844018767320323,-0.8844018767320323,-0.27224184806495383,-0.5403093384762852,0.7565925537510662,-0.8577035298658984,-0.3685729564783833,-0.6231435659183824,-0.30911015763833327,-0.6900943463069682,-1.7101503814556616,-1.0421409270335906,-0.7297104957834565,-0.7297104957834566,0.8992072319045583,0.6605676199817532,-0.6681094391032691,1,0,casual_user,1,-1.8835593330432732,-0.9527452302084556
1409,1.5015639746994507,1.042227611067828,-0.34082608743995035,0.7303230145821331,0.9305831627362814,0.9305831627362817,-0.42169950990083516,0.3544379943207086,-0.5594269358877622,0.4741342494289751,1.1131381008715133,0.552547486328801,0.6073470718193292,0.9215695773408918,0.6580619219375923,0.6158670707925021,0.9054950970086029,0.905495097008603,0.31794851703412635,-1.2357289594071812,1.0482495831360974,0,1,consistent_user,2,1.9525948033733995,-0.16254126031827199
1410,0.9332203052447002,-1.1496285636279193,-1.0928362301845895,-0.7459054258983154,-0.8844018767320323,-0.8844018767320323,1.6707077558015044,0.3544379943207086,-0.5121707818103663,-0.19178464021846164,-0.557154363777461,0.7106477500784221,0.6473462466927044,-0.6900943463069682,0.2791479533946715,-0.5447385276857627,-0.7297104957834565,-0.7297104957834566,-0.8445689127067375,1.0252400390950098,-0.41826367118152236,1,0,consistent_user,1,-0.2866796110763403,-1.698911279343851
1411,-0.7718107031195512,1.042227611067828,1.6381479724143637,0.07422148547971154,0.32558814958017684,0.3255881495801769,-0.6608317688382453,-0.003460938798088793,-0.837005891658876,-0.19178464021846164,-1.311479992973772,-0.5254088574186163,-0.12485353907747694,-0.8915523367629506,-0.05240176908038397,-0.2131369281205442,-0.7297104957834565,-0.7297104957834566,-0.8445689127067375,0.8064365876270558,-0.41826367118152236,0,0,casual_user,0,-0.9187377672642312,1.5230923176916489
1412,0.3648766357899498,-1.1496285636279193,-1.03346700838896,-0.7459054258983154,-0.682736872346664,-0.6827368723466641,0.8935279142549213,-0.36135987191688623,0.8446231450125699,-0.19178464021846164,0.9514968946151606,-0.27819753591920865,0.08785511658445516,-0.28717836539500313,0.9422473983447828,-0.3789377279031535,-0.7297104957834565,-0.7297104957834566,0.31794851703412635,0.22296071704584525,0.2655247462885209,1,0,casual_user,0,0.03896309537206857,-1.2189867340746336
1413,-0.20346703366480073,-0.053700476280045734,-0.1429286814545189,0.5662976323065277,0.7289181583509132,0.7289181583509132,1.0230578878460184,0.3544379943207086,-0.5090457300520717,1.8059720287238485,0.7193967010162958,0.7767624058282637,0.31457277492034114,0.5186535964289268,0.3301556030062187,0.28426547122728363,0.08789230061257318,0.08789230061257323,-0.8445689127067375,-1.0169255079392272,0.6310211193346383,0,1,consistent_user,0,1.1814632908834206,-0.2976436364620093
1414,-0.7718107031195512,1.042227611067828,1.6381479724143637,0.4022722500309223,0.5272531539655451,0.5272531539655451,-0.8021371945739878,0.3544379943207086,-0.607431699077848,-0.19178464021846164,-1.311479992973772,-0.45833601825211046,-0.12485353907747694,-0.8915523367629506,0.22388966631549578,0.11846467144467435,0.08789230061257318,0.08789230061257323,-0.2633101978363056,-1.0898599917618785,-0.1465016078280438,0,0,casual_user,0,-0.3667933794556094,1.6813207699662744
1415,-1.3401543725743017,-1.1496285636279193,-0.1429286814545189,-1.402006955000737,-1.489396889888137,-1.489396889888137,-2.215191451931412,-3.2245513368672665,1.8439514113967574,-1.523622419513335,-1.311479992973772,-1.536292361999528,-2.0377663477395522,-0.8915523367629506,-1.7101503814556616,-1.0421409270335906,-0.7297104957834565,-0.7297104957834566,-1.4258276275771695,-0.06877721824476005,-1.9436378332300805,1,0,at_risk_user,3,-3.495069994156195,0.6748642134630441
1416,-0.20346703366480073,-0.6016645199539825,-0.5387234934253817,-0.9099308081739209,-0.8844018767320323,-0.8844018767320323,-0.27224184806495383,-0.5403093384762852,-0.9350918936641772,-0.8577035298658984,1.517241116512394,-0.7247110080848055,0.31457277492034114,-0.28717836539500313,-0.05240176908038397,-0.710539327468372,-0.7297104957834565,-0.7297104957834566,-1.4258276275771695,-0.506384121180668,0.2523749690294813,1,0,casual_user,0,-0.2859723938490798,-0.7082460610657034
1417,-0.7718107031195512,-0.053700476280045734,0.4507635365017753,0.07422148547971154,0.12392314519480867,0.12392314519480872,-0.48812513738344926,0.3544379943207086,-0.5814003416659185,-0.19178464021846164,0.19717126541884997,-0.5110361061686509,-0.5218188133002654,-0.08572037493902064,-0.715501214030495,-0.5447385276857627,-0.7297104957834565,-0.7297104957834566,0.8992072319045583,1.1711090067403125,-0.05006990792842243,0,0,casual_user,0,-0.8444820503800333,0.5763768756501079
1418,-0.20346703366480073,0.49426356739389105,0.2528661305163439,-0.5818800436227101,-0.48107186796129586,-0.4810718679612959,0.3754080198905321,-0.24206022754395373,-0.6285819868448992,-0.19178464021846164,-0.054270610979920475,0.33120711707933104,0.5450865151863976,-0.48863635585098564,0.5001811017113752,-0.3789377279031535,-0.7297104957834565,-0.7297104957834566,-0.2633101978363056,-1.1627944755845299,-0.10266901696457965,1,0,consistent_user,0,0.027520098666428953,-0.15524602296277287
1419,0.9332203052447002,1.042227611067828,-0.1429286814545189,-0.08980389679589386,-0.2794068635759277,-0.2794068635759276,1.1155792975539447,0.8657221844904192,-0.8475020634922986,0.4741342494289751,-0.054270610979920475,-0.37401587758564575,0.11227831896551003,-0.28717836539500313,0.8685696822392148,0.11846467144467435,0.08789230061257318,0.08789230061257323,1.4804659467749903,0.5876331361591018,0.18370391001005365,1,0,casual_user,0,0.0684902407566366,-0.38645580733070883
1420,-0.20346703366480073,-0.053700476280045734,-0.1429286814545189,0.4022722500309223,0.32558814958017684,0.3255881495801769,-0.6608317688382453,0.7123369274395064,-0.701551234809371,-0.19178464021846164,-0.054270610979920475,0.6828604309951554,0.18305664901163074,-0.08572037493902064,0.7764725371072548,0.4500662710098929,0.08789230061257318,0.08789230061257323,0.8992072319045583,-0.9439910241165759,0.3268903734973706,0,1,consistent_user,0,0.8707499630783014,0.04750981161007795
1421,0.9332203052447002,0.49426356739389105,-0.3804055686370366,2.0425260727869765,1.9389081846631224,1.9389081846631226,0.3754080198905321,0.9509362161853714,-0.749535607803447,2.4718909183712854,0.4028964370178437,0.6646549460785321,0.7425477791198799,1.1230275677968744,0.5504159081469896,1.4448710697055487,2.540700689800662,2.5407006898006625,0.31794851703412635,-1.3815979270524839,1.3972025467634173,0,1,consistent_user,2,2.7717041026155265,-0.14146806845267687
1422,-1.3401543725743017,-0.6016645199539825,1.0444557544580695,-1.2379815727251318,-1.2877318855027686,-1.2877318855027688,1.6707077558015044,-1.4350566712732788,1.8439514113967574,-0.8577035298658984,-1.311479992973772,1.004810058994384,-2.0377663477395522,-0.8915523367629506,-0.05240176908038397,-0.8763401272509813,-0.7297104957834565,-0.7297104957834566,-0.8445689127067375,-0.9439910241165759,-1.6280431790131376,1,0,consistent_user,3,-1.7997519942350013,1.15432596099494
1423,-0.20346703366480073,-1.1496285636279193,-0.9345183053962445,-1.0739561904495263,-1.2877318855027686,-1.2877318855027688,1.6707077558015044,0.3544379943207086,1.8439514113967574,-0.8577035298658984,-1.311479992973772,0.48834919741228794,0.6473462466927044,-0.8915523367629506,0.5001811017113752,-0.710539327468372,-0.7297104957834565,-0.7297104957834566,0.31794851703412635,-0.5793186050033193,-0.7513913617438513,1,0,consistent_user,1,-0.7644485046318954,-1.6200035320858497
1424,1.5015639746994507,1.5901916547417647,-0.1429286814545189,2.2065514550625815,2.1405731890484905,2.140573189048491,-0.16998134259829825,0.9195415729293365,-0.9157622181309015,1.8059720287238485,1.80421282327186,1.8777151515756263,1.4139023644264948,2.936149481900717,1.4611947900448696,2.6054766681838135,0.9054950970086029,0.905495097008603,-1.4258276275771695,-1.6004013785204378,1.7322013518764394,0,1,power_user,2,3.957932393473159,-0.10440167628202011
1425,1.5015639746994507,1.5901916547417647,-0.1429286814545189,1.3864245436845548,1.5355781758923859,1.5355781758923863,0.2134955529016607,0.5781248275199571,-0.8393962483420883,1.8059720287238485,1.4124736680129062,1.6937439355760668,1.2199168577749853,1.727401539164822,1.0527639725031346,1.4448710697055487,1.7230978934046326,1.7230978934046326,0.8992072319045583,-1.4545324108751352,1.54835857222591,0,1,power_user,2,3.5186811847908266,-0.1191569356799945
1426,-0.7718107031195512,-1.1496285636279193,-0.736620899410813,-1.0739561904495263,-1.0860668811174004,-1.0860668811174004,0.3754080198905321,-0.8385584494086165,1.8439514113967574,-0.8577035298658984,-1.311479992973772,-1.2651264550835108,-1.0813099434085147,-0.8915523367629506,-1.7101503814556616,-1.0421409270335906,-0.7297104957834565,-0.7297104957834566,0.31794851703412635,0.7335021038044045,-1.2915557532321038,0,0,at_risk_user,1,-2.949058869975074,-0.6860503811388841
1427,0.3648766357899498,-0.6016645199539825,-0.736620899410813,-0.5818800436227101,-0.682736872346664,-0.6827368723466641,0.8935279142549213,0.3544379943207086,0.062045296816678724,-0.19178464021846164,0.5743340800170054,-0.49283062125202776,0.27211173514531184,-0.28717836539500313,-0.05240176908038397,-0.5447385276857627,-0.7297104957834565,-0.7297104957834566,0.8992072319045583,-0.7981220564712733,-0.023770353410343822,1,0,casual_user,1,-0.5320181167547762,-1.0974271606537336
1428,0.3648766357899498,-0.6016645199539825,-0.736620899410813,-0.7459054258983154,-0.8844018767320323,-0.8844018767320323,-0.27224184806495383,0.3544379943207086,-0.5121707818103663,-0.8577035298658984,-0.557154363777461,-0.5867325960851362,-0.014404614921851248,-0.6900943463069682,0.2791479533946715,-0.5447385276857627,-0.7297104957834565,-0.7297104957834566,-0.8445689127067375,-1.2357289594071812,-0.41826367118152236,1,0,casual_user,1,-1.0236697886846007,-0.7918679578095782
1429,-0.20346703366480073,-0.053700476280045734,-0.1429286814545189,0.07422148547971154,0.12392314519480867,0.12392314519480872,-0.48812513738344926,0.3544379943207086,-0.32367855962033887,-0.19178464021846164,-0.1799915491793056,-0.625059932751711,-0.12485353907747694,-0.28717836539500313,-1.3786006589806061,-0.8763401272509813,-0.7297104957834565,-0.7297104957834566,1.4804659467749903,1.0981745229176612,-0.2867658985911296,0,0,casual_user,1,-1.1549606577548246,-0.15066539052669176
1430,-0.7718107031195512,-0.6016645199539825,-0.1429286814545189,-1.0739561904495263,-1.0860668811174004,-1.0860668811174004,0.3754080198905321,-0.8385584494086165,1.8439514113967574,-0.8577035298658984,-0.054270610979920475,-0.661470902584957,0.18305664901163074,-0.6900943463069682,-0.6049846398721432,-0.8763401272509813,-0.7297104957834565,-0.7297104957834566,-0.8445689127067375,1.1711090067403125,-0.4357967075269085,1,0,casual_user,1,-1.2601645956323877,-0.528631884279654
1431,0.3648766357899498,-0.6016645199539825,-0.736620899410813,0.5662976323065277,0.7289181583509132,0.7289181583509132,-0.27224184806495383,0.3544379943207086,-0.581777235411022,0.4741342494289751,-0.4411042669780285,-0.6787182040849159,-0.5218188133002654,-0.28717836539500313,0.07511735494848346,0.11846467144467435,0.9054950970086029,0.905495097008603,1.4804659467749903,0.8064365876270558,0.36128209863639676,0,0,casual_user,0,0.04025098846890118,-0.2553973665512123
1432,-0.7718107031195512,-0.6016645199539825,-0.1429286814545189,-0.08980389679589386,-0.07774185919055952,-0.07774185919055944,-0.27224184806495383,0.3544379943207086,-0.47341223931473825,-0.19178464021846164,-1.311479992973772,-0.650930885001649,0.18305664901163074,-0.8915523367629506,-0.9733732203999828,-0.710539327468372,-0.7297104957834565,-0.7297104957834566,-1.4258276275771695,-0.36051515353536534,-0.6695705254653845,0,0,casual_user,1,-1.420871326199079,-0.34504223313047294
1433,-0.7718107031195512,-1.1496285636279193,-0.736620899410813,-0.25382927907149927,-0.2794068635759277,-0.2794068635759276,0.005322381058825778,0.3544379943207086,0.2173271547938871,-0.19178464021846164,-0.8400264747260776,-0.4621687519187679,0.4346375910307722,-0.6900943463069682,-0.05240176908038397,-0.3789377279031535,-0.7297104957834565,-0.7297104957834566,-0.2633101978363056,-1.6733358623430892,-0.41168878255200286,0,0,casual_user,1,-0.7867977225485843,-0.9759753059174886
1434,-0.7718107031195512,-0.6016645199539825,-0.1429286814545189,-0.08980389679589386,0.12392314519480867,0.12392314519480872,-0.48812513738344926,-0.04322748692239988,-0.3032313707572708,-0.19178464021846164,-0.47334040497787094,0.6004566571620196,0.9941287211390216,-0.48863635585098564,-0.2365960593443038,-0.3789377279031535,-0.7297104957834565,-0.7297104957834566,0.8992072319045583,1.6087159096762205,-0.20786723503689408,0,1,consistent_user,0,0.16453891509807395,-0.4782209754026042
1435,0.3648766357899498,0.49426356739389105,-0.1429286814545189,0.4022722500309223,0.32558814958017684,0.3255881495801769,-0.6608317688382453,0.7123369274395064,-0.38098512998797246,-0.19178464021846164,-0.6828753019768462,-0.6298508498350328,-0.24491835518790803,-0.48863635585098564,0.7764725371072548,0.4500662710098929,0.08789230061257318,0.08789230061257323,-0.2633101978363056,-0.506384121180668,0.10772741918004923,0,0,casual_user,0,-0.11641083763089315,0.13976684823483357
1436,0.3648766357899498,-0.6016645199539825,-0.736620899410813,-0.7459054258983154,-0.682736872346664,-0.6827368723466641,-0.6608317688382453,-0.36135987191688623,-0.5240294287220244,-0.8577035298658984,0.19717126541884997,-0.6049380810017592,-0.12485353907747694,-0.48863635585098564,-1.0470509365055505,-0.8763401272509813,-0.7297104957834565,-0.7297104957834566,0.31794851703412635,0.7335021038044045,-0.31306545310920797,1,0,casual_user,1,-1.2108187693972063,-0.6980591503096424
1437,-0.20346703366480073,-0.6016645199539825,-0.5387234934253817,-0.7459054258983154,-0.682736872346664,-0.6827368723466641,0.8935279142549213,-0.36135987191688623,-0.23293842898878428,-0.19178464021846164,-1.311479992973772,-0.44108871675215183,-0.30911015763833327,-0.8915523367629506,-1.7101503814556616,-1.0421409270335906,-0.7297104957834565,-0.7297104957834566,0.8992072319045583,-0.21464618589006268,-0.9442547615430943,1,0,casual_user,1,-2.1351391482522906,-0.8347543980209268
1438,-0.20346703366480073,-1.1496285636279193,-0.9345183053962445,-0.9099308081739209,-0.8844018767320323,-0.8844018767320323,-0.27224184806495383,-0.5403093384762852,0.33367144189725534,-0.8577035298658984,0.5743340800170054,-1.0351624350840618,-0.7733997553194069,-0.48863635585098564,-1.7101503814556616,-1.0421409270335906,-0.7297104957834565,-0.7297104957834566,0.31794851703412635,-0.9439910241165759,-0.40541050144961027,0,0,at_risk_user,1,-1.8786903549732308,-0.7657191745312761
1439,0.9332203052447002,2.1381556984157015,0.33202509291051646,1.878500690511371,1.7372431802777542,1.7372431802777546,0.07063161144089179,0.9860243468832925,-0.8651089695406832,1.8059720287238485,1.382540111298767,1.6717057169927858,1.3620429242112333,2.130317520076787,1.4474660230686767,2.273875068618595,1.7230978934046326,1.7230978934046326,1.4804659467749903,1.2440434905629638,1.6531393370519054,0,1,power_user,2,3.806522767840258,0.3154080915504664
1440,-0.7718107031195512,-0.6016645199539825,-0.1429286814545189,-1.0739561904495263,-1.0860668811174004,-1.0860668811174004,0.3754080198905321,-0.8385584494086165,1.8439514113967574,-0.8577035298658984,-1.311479992973772,-0.32802307358575605,0.4346375910307722,-0.8915523367629506,-0.6049846398721432,-0.8763401272509813,-0.7297104957834565,-0.7297104957834566,0.31794851703412635,-0.8710565402939247,-0.8741226161615515,1,0,casual_user,1,-1.5038954905095436,-0.6460491421014064
1441,2.6382513136089516,3.234083785763575,0.005494373034554645,2.8626529841650035,2.3422381934338588,2.342238193433859,0.1163480727083377,1.4281347936771012,-0.9688900465779204,2.4718909183712854,1.6220085650118816,1.7943531943258255,1.39109399536181,3.339065462812682,1.4825506497856138,3.2686798673142508,3.358303486196692,3.358303486196692,-1.4258276275771695,-0.725187572648622,2.2506540836160824,0,1,power_user,2,4.873674581304381,0.26624506651356994
1442,-0.20346703366480073,-0.6016645199539825,-0.5387234934253817,-0.08980389679589386,-0.07774185919055952,-0.07774185919055944,-0.27224184806495383,0.3544379943207086,0.014235677910744917,-0.19178464021846164,0.7838689770159807,0.5812929888287321,0.7425477791198799,0.11573761551696186,0.5001811017113752,-0.04733612833793493,-0.7297104957834565,-0.7297104957834566,1.4804659467749903,-0.43344963735801667,0.29474647353083033,0,1,consistent_user,0,0.7457489276492053,-0.72497381959486
1443,0.3648766357899498,-0.053700476280045734,-0.439774790432666,0.07422148547971154,0.32558814958017684,0.3255881495801769,-0.6608317688382453,-0.003460938798088793,-0.5071558289258743,-0.19178464021846164,-0.557154363777461,-0.5081615559186577,-0.014404614921851248,-0.48863635585098564,-0.715501214030495,-0.5447385276857627,-0.7297104957834565,-0.7297104957834566,-1.4258276275771695,-0.287580669712714,-0.260466344073051,0,0,casual_user,0,-0.8431994324010331,-0.3711370671386252
1444,0.9332203052447002,-0.053700476280045734,-0.6178824558195544,0.07422148547971154,0.32558814958017684,0.3255881495801769,-0.6608317688382453,-0.003460938798088793,-0.4984730330098142,-0.19178464021846164,0.19717126541884997,0.41935999141245334,0.6473462466927044,-0.08572037493902064,0.610697675869727,0.11846467144467435,-0.7297104957834565,-0.7297104957834566,-0.8445689127067375,0.3688296846911479,0.21292563725236366,0,1,consistent_user,0,0.6490880778303996,-0.6549173915036615
1445,-0.7718107031195512,-0.6016645199539825,-0.1429286814545189,-1.0739561904495263,-1.0860668811174004,-1.0860668811174004,0.3754080198905321,-0.8385584494086165,1.8439514113967574,-0.8577035298658984,-1.311479992973772,-1.0246224175007537,-0.5218188133002654,-0.8915523367629506,-1.7101503814556616,-1.0421409270335906,-0.7297104957834565,-0.7297104957834566,-0.8445689127067375,1.5357814258535691,-1.0494529796154086,1,0,at_risk_user,1,-2.626719803070478,-0.3650904525309656
1446,-0.7718107031195512,-0.6016645199539825,-0.1429286814545189,-0.7459054258983154,-0.682736872346664,-0.6827368723466641,-0.6608317688382453,-0.36135987191688623,-0.06831094856461352,-0.8577035298658984,-0.557154363777461,-1.027496967750747,-0.12485353907747694,-0.6900943463069682,-1.7101503814556616,-1.0421409270335906,-0.7297104957834565,-0.7297104957834566,-0.2633101978363056,1.0981745229176612,-0.6812592163623085,0,0,at_risk_user,1,-1.9571482886213982,-0.2450766528163559
1447,-0.7718107031195512,1.5901916547417647,2.231840190370658,1.2223991614089493,0.9305831627362814,0.9305831627362817,0.1761311374426905,1.1803586092102416,-0.5580438349989677,1.1400531390764117,0.24154336125392692,0.47972554666230866,0.8316028652535606,0.5186535964289268,0.04511285517698533,0.4500662710098929,0.08789230061257318,0.08789230061257323,-0.8445689127067375,0.15002623322319394,0.4717957621165881,0,1,consistent_user,0,1.077711743455789,1.7580109475255201
1448,-0.20346703366480073,1.042227611067828,0.6486609424872066,-0.41785466134710464,-0.48107186796129586,-0.4810718679612959,1.6707077558015044,0.3544379943207086,-0.580459205114023,0.4741342494289751,0.30493206958975133,0.7020240993284427,0.6473462466927044,-0.28717836539500313,1.1317043826162427,-0.04733612833793493,0.08789230061257318,0.08789230061257323,-0.8445689127067375,1.6816503934988718,0.2980860995013801,1,0,consistent_user,0,0.8806305298321833,0.0439877468417013
1449,-1.3401543725743017,-1.1496285636279193,-0.1429286814545189,-1.402006955000737,-1.489396889888137,-1.489396889888137,-2.215191451931412,-3.2245513368672665,1.8439514113967574,-1.523622419513335,-1.311479992973772,-1.536292361999528,-2.0377663477395522,-0.8915523367629506,-1.7101503814556616,-1.0421409270335906,-0.7297104957834565,-0.7297104957834566,-0.2633101978363056,0.2958952008684966,-1.9436378332300805,1,0,at_risk_user,3,-3.495069994156195,0.6748642134630441
1450,-0.20346703366480073,0.49426356739389105,0.2528661305163439,0.5662976323065277,0.5272531539655451,0.5272531539655451,-0.8021371945739878,0.6798006607923425,-0.5653029777654415,-0.19178464021846164,1.0095219430148772,0.7805951394949212,0.31457277492034114,0.7201115868849094,0.8402320991216888,0.6158670707925021,0.08789230061257318,0.08789230061257323,-1.4258276275771695,0.004157265577891283,0.7604958492697943,0,1,consistent_user,0,1.497924614755601,0.4339491000635659
1451,0.9332203052447002,0.49426356739389105,-0.3804055686370366,0.7303230145821331,1.1322481671216496,1.1322481671216498,0.005322381058825778,0.09879589923585338,-0.6391539248666348,1.1400531390764117,0.30493206958975133,0.5448820189954858,0.87406390502859,0.3171956059729444,0.42124069159826694,0.4500662710098929,0.9054950970086029,0.905495097008603,-0.8445689127067375,0.6605676199817532,0.7814969587384432,0,1,consistent_user,2,1.7117160920831422,-0.3995707231334798
1452,-0.20346703366480073,1.5901916547417647,1.0444557544580695,0.7303230145821331,0.5272531539655451,0.5272531539655451,-0.09561006589527597,1.005163327263977,-0.7478186014593706,0.4741342494289751,-0.23387195126475638,-0.5292415910852739,-0.12485353907747694,-0.08572037493902064,0.6580619219375923,0.6158670707925021,0.08789230061257318,0.08789230061257323,0.31794851703412635,1.1711090067403125,0.2980860995013801,0,0,casual_user,0,0.16271012454422348,1.0625491719011717
1453,-0.7718107031195512,-0.053700476280045734,0.4507635365017753,-0.7459054258983154,-0.682736872346664,-0.6827368723466641,-0.6608317688382453,-0.36135987191688623,-0.8475020634922986,-0.8577035298658984,0.19717126541884997,0.6866931646618127,0.4346375910307722,-0.48863635585098564,0.9422473983447828,-0.3789377279031535,-0.7297104957834565,-0.7297104957834566,-0.2633101978363056,0.7335021038044045,0.002529201107734787,1,0,consistent_user,0,0.37695205400126763,0.2944461039240006
1454,-0.7718107031195512,1.5901916547417647,2.231840190370658,-0.08980389679589386,-0.2794068635759277,-0.2794068635759276,0.005322381058825778,0.8657221844904192,0.2969659634615117,-0.19178464021846164,0.36479918301803,-0.663387269418286,0.4346375910307722,-0.08572037493902064,-0.9733732203999828,-0.710539327468372,-0.7297104957834565,-0.7297104957834566,1.4804659467749903,0.8064365876270558,-0.13773508965535103,0,0,casual_user,0,-0.7798174469506981,1.6291985173016152
1455,-0.20346703366480073,-1.1496285636279193,-0.9345183053962445,-1.0739561904495263,-1.2877318855027686,-1.2877318855027688,1.6707077558015044,0.3544379943207086,1.8439514113967574,-0.8577035298658984,-1.311479992973772,-1.007375116000795,-1.0813099434085147,-0.8915523367629506,-1.7101503814556616,-1.0421409270335906,-0.7297104957834565,-0.7297104957834566,-1.4258276275771695,-0.06877721824476005,-1.3441548622682613,1,0,at_risk_user,1,-2.983887105580681,-1.1329934847173875
1456,-1.3401543725743017,-1.1496285636279193,-0.1429286814545189,-1.402006955000737,-1.489396889888137,-1.489396889888137,-2.215191451931412,-3.2245513368672665,1.8439514113967574,-1.523622419513335,-1.311479992973772,-1.536292361999528,-2.0377663477395522,-0.8915523367629506,-1.7101503814556616,-1.0421409270335906,-0.7297104957834565,-0.7297104957834566,0.8992072319045583,-1.3815979270524839,-1.9436378332300805,1,0,at_risk_user,3,-3.495069994156195,0.6748642134630441
1457,-1.3401543725743017,-1.1496285636279193,-0.1429286814545189,-1.402006955000737,-1.489396889888137,-1.489396889888137,-2.215191451931412,-3.2245513368672665,1.8439514113967574,-1.523622419513335,-1.311479992973772,-1.536292361999528,-2.0377663477395522,-0.8915523367629506,-1.7101503814556616,-1.0421409270335906,-0.7297104957834565,-0.7297104957834566,-0.8445689127067375,1.6087159096762205,-1.9436378332300805,1,0,at_risk_user,3,-3.495069994156195,0.6748642134630441
1458,0.3648766357899498,-0.053700476280045734,-0.439774790432666,-0.5818800436227101,-0.682736872346664,-0.6827368723466641,-0.6608317688382453,0.3544379943207086,-0.6897454392899336,-0.8577035298658984,-0.6828753019768462,-0.7524983271680724,-0.014404614921851248,-0.6900943463069682,-0.05240176908038397,-0.5447385276857627,-0.7297104957834565,-0.7297104957834566,1.4804659467749903,-0.36051515353536534,-0.4620962620449871,1,0,casual_user,1,-1.173002616155447,-0.4569115678169488
1459,-1.3401543725743017,-0.053700476280045734,2.231840190370658,-0.25382927907149927,-0.07774185919055952,-0.07774185919055944,-0.27224184806495383,-0.09293567207778825,-0.4537703173744452,-0.19178464021846164,-0.8400264747260776,-0.614519915168403,-2.0377663477395522,-0.6900943463069682,-0.8812760752680229,-0.710539327468372,-0.7297104957834565,-0.7297104957834566,-1.4258276275771695,-0.8710565402939247,-1.2795740816485963,0,0,casual_user,3,-2.044549745422797,2.627918632447189
1460,-0.20346703366480073,-1.1496285636279193,-0.9345183053962445,-1.0739561904495263,-1.0860668811174004,-1.0860668811174004,0.3754080198905321,-0.8385584494086165,1.8439514113967574,-0.8577035298658984,-1.311479992973772,-1.1051098245005608,-1.0813099434085147,-0.8915523367629506,-1.7101503814556616,-1.0421409270335906,-0.7297104957834565,-0.7297104957834566,0.31794851703412635,1.0252400390950098,-1.2915557532321038,1,0,at_risk_user,1,-2.8786365099496205,-0.8545853694458792
1461,0.3648766357899498,-1.1496285636279193,-1.03346700838896,-0.9099308081739209,-0.8844018767320323,-0.8844018767320323,-0.27224184806495383,-0.5403093384762852,-0.7236313377372718,-0.8577035298658984,-0.3685729564783833,-1.1664335631670806,-1.0813099434085147,-0.6900943463069682,-1.7101503814556616,-1.0421409270335906,-0.7297104957834565,-0.7297104957834566,0.31794851703412635,0.004157265577891283,-0.9102122127199646,1,0,at_risk_user,1,-2.421496162500776,-0.7667689629580624
1462,-1.3401543725743017,-1.1496285636279193,-0.1429286814545189,-1.402006955000737,-1.489396889888137,-1.489396889888137,-2.215191451931412,-3.2245513368672665,1.8439514113967574,-1.523622419513335,-1.311479992973772,-1.536292361999528,-2.0377663477395522,-0.8915523367629506,-1.7101503814556616,-1.0421409270335906,-0.7297104957834565,-0.7297104957834566,-0.8445689127067375,1.3899124582082665,-1.9436378332300805,1,0,casual_user,3,-3.495069994156195,0.6748642134630441
1463,-0.7718107031195512,-0.053700476280045734,0.4507635365017753,-0.08980389679589386,0.12392314519480867,0.12392314519480872,-0.48812513738344926,-0.04322748692239988,-0.5138512660015242,-0.19178464021846164,-0.47334040497787094,-0.650930885001649,-0.12485353907747694,-0.48863635585098564,0.13179252118353585,-0.2131369281205442,-0.7297104957834565,-0.7297104957834566,-0.2633101978363056,-1.2357289594071812,-0.14942378055227493,0,0,casual_user,0,-0.6705425674608619,0.44342689391858786
1464,0.3648766357899498,-0.6016645199539825,-0.736620899410813,0.4022722500309223,0.5272531539655451,0.5272531539655451,-0.09561006589527597,0.3544379943207086,-0.18912406186969496,0.4741342494289751,0.5743340800170054,0.5812929888287321,0.7115380491431296,0.3171956059729444,0.5001811017113752,0.28426547122728363,0.9054950970086029,0.905495097008603,0.8992072319045583,0.15002623322319394,0.7301502094412422,0,1,consistent_user,2,1.5412260054456757,-0.682959691456677
1465,-0.20346703366480073,-1.1496285636279193,-0.9345183053962445,-1.0739561904495263,-1.0860668811174004,-1.0860668811174004,0.3754080198905321,-0.8385584494086165,1.8439514113967574,-0.8577035298658984,-0.054270610979920475,-0.6518890684183134,0.31457277492034114,-0.6900943463069682,-1.7101503814556616,-1.0421409270335906,-0.7297104957834565,-0.7297104957834566,0.8992072319045583,-1.3086634432298325,-0.6111270709807657,1,0,casual_user,1,-1.6510830884505052,-1.3362570330509589
1466,1.5015639746994507,-0.053700476280045734,-0.736620899410813,0.4022722500309223,0.5272531539655451,0.5272531539655451,-0.8021371945739878,0.3544379943207086,-0.7120423122472759,-0.19178464021846164,0.8886364255154683,0.6081221244953343,0.4798834448919891,0.5186535964289268,0.5001811017113752,0.28426547122728363,0.08789230061257318,0.08789230061257323,1.4804659467749903,1.1711090067403125,0.6644013231460459,0,1,consistent_user,0,1.301933175219073,-0.5333148092938542
1467,-0.20346703366480073,1.042227611067828,0.6486609424872066,1.0583737791333439,1.5355781758923859,1.5355781758923863,-0.27224184806495383,0.13075116112146018,-0.8147858338906305,1.1400531390764117,-0.13284619735453612,-0.6135617317517384,0.18305664901163074,0.11573761551696186,-0.05240176908038397,0.28426547122728363,1.7230978934046326,1.7230978934046326,-0.8445689127067375,-0.6522530888259707,0.8342526127419698,0,0,casual_user,0,1.0788523765535938,0.8817026557430041
1468,-0.7718107031195512,1.5901916547417647,2.231840190370658,1.55044992596016,1.5355781758923859,1.5355781758923863,-1.2437166499981829,0.8018116607192055,-0.8393962483420883,-0.19178464021846164,-0.3189462703470471,0.5400911019121643,0.8316028652535606,0.11573761551696186,0.7328475736236948,1.2790702699229393,0.08789230061257318,0.08789230061257323,1.4804659467749903,-1.3815979270524839,0.5432849536548946,0,1,consistent_user,0,1.4948894424615247,2.130513897601087
1469,-0.20346703366480073,-0.6016645199539825,-0.5387234934253817,0.07422148547971154,0.32558814958017684,0.3255881495801769,-0.6608317688382453,-0.003460938798088793,-0.6426471613192251,-0.19178464021846164,0.19717126541884997,-0.4439632670021449,-0.30911015763833327,-0.08572037493902064,0.2791479533946715,-0.04733612833793493,-0.7297104957834565,-0.7297104957834566,0.8992072319045583,-1.3086634432298325,0.16032652821620644,0,0,casual_user,0,-0.23482830571127825,-0.27097766166821136
1470,-0.7718107031195512,-0.6016645199539825,-0.1429286814545189,-0.9099308081739209,-0.8844018767320323,-0.8844018767320323,-0.27224184806495383,-0.5403093384762852,0.5451319978241609,-0.8577035298658984,-1.311479992973772,-0.8713130708344542,-1.0813099434085147,-0.8915523367629506,-1.7101503814556616,-1.0421409270335906,-0.7297104957834565,-0.7297104957834566,-0.8445689127067375,0.7335021038044045,-1.2389566441959468,0,0,at_risk_user,1,-2.657584483176457,0.0076699609682467345
1471,0.3648766357899498,1.042227611067828,0.1539174275236282,-0.08980389679589386,-0.07774185919055952,-0.07774185919055944,-0.27224184806495383,0.3544379943207086,-0.6674492152810838,-0.19178464021846164,1.6220085650118816,0.6502821948285668,0.4346375910307722,0.5186535964289268,0.5001811017113752,-0.04733612833793493,-0.7297104957834565,-0.7297104957834566,0.31794851703412635,0.2958952008684966,0.5869637459539253,1,0,consistent_user,0,0.9820838122766992,0.03225292776889943
1472,-1.3401543725743017,-1.1496285636279193,-0.1429286814545189,-1.402006955000737,-1.489396889888137,-1.489396889888137,-2.215191451931412,-3.2245513368672665,1.8439514113967574,-1.523622419513335,-1.311479992973772,-1.536292361999528,-2.0377663477395522,-0.8915523367629506,-1.7101503814556616,-1.0421409270335906,-0.7297104957834565,-0.7297104957834566,-0.8445689127067375,-1.6004013785204378,-1.9436378332300805,1,0,at_risk_user,3,-3.495069994156195,0.6748642134630441
1473,-1.3401543725743017,-0.6016645199539825,1.0444557544580695,-1.2379815727251318,-1.2877318855027686,-1.2877318855027688,1.6707077558015044,-1.4350566712732788,1.8439514113967574,-0.8577035298658984,0.5743340800170054,-0.45354510116878854,-2.0377663477395522,-0.6900943463069682,-1.7101503814556616,-1.0421409270335906,-0.7297104957834565,-0.7297104957834566,0.31794851703412635,-0.43344963735801667,-1.2335498612419586,1,0,casual_user,3,-2.3788373280594914,1.060648376104829
1474,-1.3401543725743017,-1.1496285636279193,-0.1429286814545189,-0.7459054258983154,-0.682736872346664,-0.6827368723466641,0.8935279142549213,-0.36135987191688623,0.2667045380714268,-0.19178464021846164,-0.557154363777461,-0.8531075859178314,-2.0377663477395522,-0.6900943463069682,-1.0470509365055505,-0.8763401272509813,-0.7297104957834565,-0.7297104957834566,1.4804659467749903,0.5876331361591018,-1.3650476338323518,0,0,casual_user,1,-2.42521721670967,0.21636610374051768
1475,-0.7718107031195512,0.49426356739389105,1.0444557544580695,0.07422148547971154,0.32558814958017684,0.3255881495801769,-0.6608317688382453,-0.003460938798088793,-0.7632476409303538,-0.19178464021846164,-0.1799915491793056,0.26030154424616775,0.4346375910307722,-0.28717836539500313,-0.05240176908038397,-0.2131369281205442,-0.7297104957834565,-0.7297104957834566,0.8992072319045583,-0.287580669712714,-0.023770353410343822,0,1,consistent_user,0,0.0826282982737643,0.8469329016955127
1476,0.9332203052447002,-0.053700476280045734,-0.6178824558195544,0.23824686775531695,0.5272531539655451,0.5272531539655451,0.6109170627834363,0.029075327849074427,-0.3490847533276586,1.1400531390764117,0.4028964370178437,0.614829408411985,0.7425477791198799,0.11573761551696186,0.7011203274538332,0.28426547122728363,0.9054950970086029,0.905495097008603,-0.8445689127067375,0.2958952008684966,0.7022567425281289,0,1,consistent_user,2,1.5498259898071365,-0.7252273159315398
1477,0.3648766357899498,0.49426356739389105,-0.1429286814545189,0.7303230145821331,0.9305831627362814,0.9305831627362817,0.1761311374426905,0.3544379943207086,-0.42296511160550704,1.1400531390764117,1.1131381008715133,1.8566351164090096,1.1847589072038855,0.9215695773408918,1.1317043826162427,0.9474686703577208,1.7230978934046326,1.7230978934046326,0.31794851703412635,0.8064365876270558,1.2987215309273223,0,1,power_user,2,3.2294855879207307,-0.1593790001159887
1478,0.3648766357899498,-0.053700476280045734,-0.439774790432666,-0.41785466134710464,-0.2794068635759277,-0.2794068635759276,1.1155792975539447,-0.15684619584900225,0.5971959658858408,0.4741342494289751,-0.7726759721192641,-0.4113850308355563,0.18305664901163074,-0.6900943463069682,-0.2892229994197094,-0.5447385276857627,0.08789230061257318,0.08789230061257323,-1.4258276275771695,0.8064365876270558,-0.250447466161402,0,0,casual_user,1,-0.6666369328666734,-0.757389195868616
1479,-0.7718107031195512,-0.6016645199539825,-0.1429286814545189,-1.0739561904495263,-1.0860668811174004,-1.0860668811174004,0.3754080198905321,-0.8385584494086165,1.8439514113967574,-0.8577035298658984,-1.311479992973772,-1.2248827515836072,-1.0813099434085147,-0.8915523367629506,-1.7101503814556616,-1.0421409270335906,-0.7297104957834565,-0.7297104957834566,-0.2633101978363056,-0.8710565402939247,-1.2915557532321038,1,0,at_risk_user,1,-2.9313983431700295,-0.15885989868354788
1480,2.6382513136089516,1.5901916547417647,-0.439774790432666,2.5346022196137925,1.9389081846631224,1.9389081846631226,-0.48812513738344926,1.5474344380500333,-0.9054503203454232,1.1400531390764117,1.7058225238114717,1.9562861917421046,1.3578423885127844,3.1376074723566996,1.3401070653148495,2.771277467966423,1.7230978934046326,1.7230978934046326,0.8992072319045583,-0.06877721824476005,1.8014187301443099,0,1,power_user,2,4.126402909646512,-0.21699977389313743
1481,1.5015639746994507,-0.6016645199539825,-0.9345183053962445,1.7144753082357655,1.5355781758923859,1.5355781758923863,-0.7579792490315683,1.025498493918454,-0.7946608139914312,0.4741342494289751,0.3857526727179276,0.5496729360788077,0.5661537169394822,0.9215695773408918,1.2737971208198382,1.9422734690533765,1.7230978934046326,1.7230978934046326,0.8992072319045583,0.2958952008684966,1.2254584861983893,0,1,consistent_user,2,2.4981428170445596,-0.4377509283769106
1482,-0.7718107031195512,0.49426356739389105,1.0444557544580695,0.4022722500309223,0.5272531539655451,0.5272531539655451,-0.8021371945739878,0.3544379943207086,-0.4140315962667621,-0.19178464021846164,-0.054270610979920475,0.6004566571620196,0.6473462466927044,-0.08572037493902064,0.7764725371072548,0.4500662710098929,0.08789230061257318,0.08789230061257323,1.4804659467749903,-1.4545324108751352,0.3794894825335278,0,1,consistent_user,0,1.1088963833914909,0.9668539807775657
1483,-1.3401543725743017,-0.053700476280045734,2.231840190370658,-0.9099308081739209,-0.8844018767320323,-0.8844018767320323,-0.27224184806495383,-0.5403093384762852,-0.9350918936641772,-0.8577035298658984,-0.3685729564783833,0.5880002727453828,-2.0377663477395522,-0.6900943463069682,-0.8812760752680229,-0.8763401272509813,-0.7297104957834565,-0.7297104957834566,-1.4258276275771695,-1.1627944755845299,-1.3255983020552338,1,0,consistent_user,3,-1.6854490969807299,2.6058123000259252
1484,-0.20346703366480073,1.042227611067828,0.6486609424872066,0.4022722500309223,0.32558814958017684,0.3255881495801769,-0.6608317688382453,0.7123369274395064,-0.243192558677879,-0.19178464021846164,-0.054270610979920475,0.6560312953285529,0.5450865151863976,-0.08572037493902064,0.7764725371072548,0.4500662710098929,0.08789230061257318,0.08789230061257323,0.8992072319045583,0.8064365876270558,0.3268903734973706,0,1,consistent_user,0,0.9990155490244128,0.6082696656142386
1485,0.3648766357899498,-0.053700476280045734,-0.439774790432666,0.23824686775531695,0.32558814958017684,0.3255881495801769,-0.6608317688382453,0.3544379943207086,-0.38098512998797246,-0.19178464021846164,0.4028964370178437,0.6004566571620196,0.7115380491431296,0.11573761551696186,0.3997114888401463,0.11846467144467435,0.08789230061257318,0.08789230061257323,-1.4258276275771695,-0.21464618589006268,0.4265098981870621,0,1,consistent_user,0,1.0643885709979133,-0.428066513651896
1486,-1.3401543725743017,-0.6016645199539825,1.0444557544580695,-1.2379815727251318,-1.2877318855027686,-1.2877318855027688,1.6707077558015044,-1.4350566712732788,1.8439514113967574,-0.8577035298658984,-1.311479992973772,-0.9862950808341788,-2.0377663477395522,-0.8915523367629506,-1.7101503814556616,-1.0421409270335906,-0.7297104957834565,-0.7297104957834566,0.31794851703412635,-1.3815979270524839,-1.8910387241939233,1,0,at_risk_user,3,-3.344986851479669,0.9863738348954323
1487,0.3648766357899498,1.042227611067828,0.1539174275236282,1.0583737791333439,1.1322481671216496,1.1322481671216498,-0.5498060771887336,0.6100800894055639,-0.7569861222612039,0.4741342494289751,-0.3685729564783833,0.7087313832450933,0.9420517894091867,-0.08572037493902064,1.1909096902010743,1.2790702699229393,0.9054950970086029,0.905495097008603,-0.8445689127067375,0.8064365876270558,0.6687845822323925,0,1,consistent_user,2,1.8851488183421297,0.1870621121413763
1488,-0.20346703366480073,1.5901916547417647,1.0444557544580695,0.8943483968577386,1.1322481671216496,1.1322481671216498,-0.5498060771887336,0.3544379943207086,-0.5202318674465605,0.4741342494289751,0.7000550182163905,0.426067275329104,0.31457277492034114,0.7201115868849094,-0.1629183432387358,0.11846467144467435,2.540700689800662,2.5407006898006625,-1.4258276275771695,-1.0169255079392272,1.177242636248578,0,1,consistent_user,2,2.018252312157362,1.3470234587283767
1489,-0.7718107031195512,1.042227611067828,1.6381479724143637,-0.08980389679589386,-0.07774185919055952,-0.07774185919055944,-0.27224184806495383,0.3544379943207086,-0.6551625227002825,-0.19178464021846164,-0.054270610979920475,-0.6662618196682789,-0.12485353907747694,-0.28717836539500313,-0.2365960593443038,-0.3789377279031535,-0.7297104957834565,-0.7297104957834566,1.4804659467749903,1.4628469420309178,-0.11435770786150354,0,0,casual_user,0,-0.7617112484448637,1.4216669955956516
1490,-0.7718107031195512,-0.053700476280045734,0.4507635365017753,-0.5818800436227101,-0.48107186796129586,-0.4810718679612959,0.3754080198905321,-0.24206022754395373,0.15697796244033765,-0.19178464021846164,-0.6828753019768462,-0.58098349558515,-0.12485353907747694,-0.6900943463069682,0.5001811017113752,-0.3789377279031535,-0.7297104957834565,-0.7297104957834566,-1.4258276275771695,-0.6522530888259707,-0.321831971281901,1,0,casual_user,0,-0.8770867833240251,0.2215834454238694
1491,1.5015639746994507,-0.053700476280045734,-0.736620899410813,0.4022722500309223,0.7289181583509132,0.7289181583509132,-0.27224184806495383,0.05618888338837724,-0.42153084391864926,0.4741342494289751,0.5743340800170054,0.4011545064958302,0.6473462466927044,0.3171956059729444,-0.05240176908038397,-0.04733612833793493,0.9054950970086029,0.905495097008603,0.8992072319045583,-0.7981220564712733,0.6950841367504705,0,1,consistent_user,0,1.3104864096662687,-0.6373892259713464
1492,-0.20346703366480073,0.49426356739389105,0.2528661305163439,0.4022722500309223,0.5272531539655451,0.5272531539655451,-0.8021371945739878,0.3544379943207086,-0.3923101963896866,-0.19178464021846164,0.5743340800170054,0.6292021596619507,0.6473462466927044,0.3171956059729444,-0.32869320447626355,-0.2131369281205442,0.08789230061257318,0.08789230061257323,-0.2633101978363056,0.5876331361591018,0.42332207339699196,0,1,consistent_user,0,0.9194170582701584,0.22784493577276216
1493,1.5015639746994507,-0.053700476280045734,-0.736620899410813,0.8943483968577386,1.1322481671216496,1.1322481671216498,0.005322381058825778,0.3544379943207086,-0.7212351649536702,1.1400531390764117,0.9514968946151606,0.6847767978284841,0.6073470718193292,0.9215695773408918,0.7212142500280788,0.7816678705751114,0.9054950970086029,0.905495097008603,-1.4258276275771695,-0.506384121180668,1.0545113818308787,0,1,consistent_user,2,2.0420259071414053,-0.5734746005015128
1494,-1.3401543725743017,-0.053700476280045734,2.231840190370658,-0.25382927907149927,-0.2794068635759277,-0.2794068635759276,-1.1049345354362932,0.3544379943207086,-0.6930200837345618,-0.8577035298658984,-0.8400264747260776,-0.6576381689182996,-2.0377663477395522,-0.6900943463069682,0.7764725371072548,-0.04733612833793493,-0.7297104957834565,-0.7297104957834566,-1.4258276275771695,0.004157265577891283,-1.0691776455039674,0,0,casual_user,3,-1.4440186067913063,2.8581332589780852
1495,0.3648766357899498,1.042227611067828,0.1539174275236282,0.8943483968577386,1.1322481671216496,1.1322481671216498,-0.5498060771887336,0.3544379943207086,-0.8342045082427463,0.4741342494289751,1.7058225238114717,1.611340161742931,1.2285681394763497,1.5259435487088393,1.38431369497819,1.2790702699229393,0.9054950970086029,0.905495097008603,-1.4258276275771695,-0.43344963735801667,1.4227051450839785,0,1,power_user,2,3.2761803435677974,0.18198972594274054
1496,-0.7718107031195512,-0.053700476280045734,0.4507635365017753,0.7303230145821331,0.32558814958017684,0.3255881495801769,0.8935279142549213,1.4281347936771012,-0.44978613601081935,1.1400531390764117,-0.23387195126475638,0.7470587199116681,0.6473462466927044,-0.08572037493902064,0.42124069159826694,0.4500662710098929,0.08789230061257318,0.08789230061257323,-0.8445689127067375,-1.5274668946977865,0.20791619829653873,0,1,consistent_user,0,0.7935627432643979,0.06095943264950438
1497,2.0699076441542013,1.042227611067828,-0.48218137742954414,1.3864245436845548,1.7372431802777542,1.7372431802777546,-0.8436976139080297,0.3544379943207086,-0.8099823444529105,0.4741342494289751,1.6220085650118816,1.8815478852422836,1.2285681394763497,1.9288595296208046,1.0527639725031346,1.4448710697055487,1.7230978934046326,1.7230978934046326,-0.8445689127067375,-0.43344963735801667,1.6740119993678408,0,1,power_user,2,3.8232149720454336,-0.17473601670363115
1498,-0.20346703366480073,-0.053700476280045734,-0.1429286814545189,-0.7459054258983154,-0.682736872346664,-0.6827368723466641,0.8935279142549213,-0.36135987191688623,-0.2832683450141102,-0.19178464021846164,-0.557154363777461,-0.5225343071686234,0.18305664901163074,-0.6900943463069682,-1.7101503814556616,-1.0421409270335906,-0.7297104957834565,-0.7297104957834566,0.31794851703412635,0.0770917494005426,-0.6812592163623085,1,0,casual_user,1,-1.6878044688305043,-0.6556402419389505
1499,-0.20346703366480073,-1.1496285636279193,-0.9345183053962445,-1.0739561904495263,-1.0860668811174004,-1.0860668811174004,0.3754080198905321,-0.8385584494086165,1.8439514113967574,-0.8577035298658984,-1.311479992973772,-0.42096686500219993,-0.5218188133002654,-0.8915523367629506,-1.7101503814556616,-1.0421409270335906,-0.7297104957834565,-0.7297104957834566,0.31794851703412635,0.7335021038044045,-1.0494529796154086,1,0,casual_user,1,-2.361051079472336,-1.0407409944630064
1500,0.9332203052447002,-1.1496285636279193,-1.0928362301845895,-0.41785466134710464,-0.48107186796129586,-0.4810718679612959,0.3754080198905321,0.3544379943207086,0.42405531928774426,-0.19178464021846164,-0.23387195126475638,0.6244112425786288,0.31457277492034114,-0.48863635585098564,-0.2892229994197094,-0.5447385276857627,-0.7297104957834565,-0.7297104957834566,0.8992072319045583,0.6605676199817532,-0.290522977807998,0,1,consistent_user,0,-0.32092601073544386,-1.2914813028091945
1501,0.3648766357899498,-0.053700476280045734,-0.439774790432666,-0.25382927907149927,-0.48107186796129586,-0.4810718679612959,-0.91989171602044,0.9509362161853714,-0.5739145571191326,-0.8577035298658984,0.10288056176931103,-0.5627780106685268,-0.24491835518790803,-0.28717836539500313,-1.7101503814556616,-1.0421409270335906,-0.7297104957834565,-0.7297104957834566,-0.2633101978363056,-0.7981220564712733,-0.3985390052929639,1,0,casual_user,1,-1.4427759691539999,-0.3507573771678002
1502,-0.7718107031195512,-1.1496285636279193,-0.736620899410813,-1.2379815727251318,-1.2877318855027686,-1.2877318855027688,1.6707077558015044,-1.4350566712732788,1.8439514113967574,-0.8577035298658984,-1.311479992973772,-0.8588566864178175,-0.5218188133002654,-0.8915523367629506,-1.7101503814556616,-1.0421409270335906,-0.7297104957834565,-0.7297104957834566,1.4804659467749903,-1.3815979270524839,-1.102052088651566,1,0,at_risk_user,1,-2.701990373798299,-1.1661970364799434
1503,2.6382513136089516,1.042227611067828,-0.5881978449217395,3.026678366440609,2.543903197819227,2.543903197819227,0.7454936587222384,1.3770063746601304,-0.9382063577102606,3.803728697666158,1.517241116512394,1.7656076918258947,1.139513053342669,3.339065462812682,1.4869362281252312,3.43448066709686,2.540700689800662,2.5407006898006625,-1.4258276275771695,0.8064365876270558,2.092091425556026,0,1,power_user,2,4.467769453480572,-0.3637487610555806
1504,0.9332203052447002,-0.053700476280045734,-0.6178824558195544,0.07422148547971154,-0.07774185919055952,-0.07774185919055944,-0.27224184806495383,0.8018116607192055,-0.7236313377372718,-0.19178464021846164,0.9514968946151606,0.3934890391625154,0.8316028652535606,0.3171956059729444,0.2791479533946715,-0.04733612833793493,-0.7297104957834565,-0.7297104957834566,-1.4258276275771695,-1.3086634432298325,0.3181238553246775,1,0,consistent_user,0,0.6734159390656667,-0.8437252437375549
1505,1.5015639746994507,2.6861197420896383,0.2528661305163439,2.370576837338187,2.3422381934338588,2.342238193433859,-0.27224184806495383,0.8912863939989045,-0.8924084905468899,1.8059720287238485,1.3600899437631626,1.716740337576012,1.2199168577749853,2.533233500988752,1.4672011255969541,2.771277467966423,1.7230978934046326,1.7230978934046326,-0.8445689127067375,0.3688296846911479,1.806240315139291,0,1,power_user,2,4.051177846790428,0.43502161811950024
1506,-0.7718107031195512,0.49426356739389105,1.0444557544580695,0.5662976323065277,0.7289181583509132,0.7289181583509132,-0.91989171602044,0.3544379943207086,-0.5090457300520717,-0.19178464021846164,0.42927145901771485,0.6042893908286769,0.9941287211390216,0.3171956059729444,0.8402320991216888,0.6158670707925021,0.08789230061257318,0.08789230061257323,-1.4258276275771695,1.6816503934988718,0.6107906927822703,0,1,consistent_user,0,1.551867191942834,0.8957035177105306
1507,0.3648766357899498,1.042227611067828,0.1539174275236282,0.5662976323065277,0.7289181583509132,0.7289181583509132,1.0230578878460184,0.3544379943207086,-0.497460771658222,1.8059720287238485,0.42927145901771485,0.7221459510783946,0.5800219232344195,0.3171956059729444,0.07511735494848346,0.11846467144467435,0.9054950970086029,0.905495097008603,-0.2633101978363056,-1.6004013785204378,0.664738496921919,0,1,consistent_user,2,1.3607593421530662,-0.06862644782782916
1508,-0.7718107031195512,-0.6016645199539825,-0.1429286814545189,-1.0739561904495263,-1.0860668811174004,-1.0860668811174004,0.3754080198905321,-0.8385584494086165,1.8439514113967574,-0.8577035298658984,-0.054270610979920475,-0.6777600206682514,-0.12485353907747694,-0.6900943463069682,-0.6049846398721432,-0.8763401272509813,-0.7297104957834565,-0.7297104957834566,0.8992072319045583,-0.43344963735801667,-0.4357967075269085,1,0,casual_user,1,-1.3865158577658205,-0.41123845685489163
1509,0.9332203052447002,-0.053700476280045734,-0.6178824558195544,1.0583737791333439,1.3339131715070178,1.333913171507018,-1.1789516632026342,0.3544379943207086,-0.8362131975109356,-0.19178464021846164,1.2815143573885468,1.644876581326184,1.0687347232965478,1.324485558252857,1.1909096902010743,1.2790702699229393,0.08789230061257318,0.08789230061257323,-1.4258276275771695,0.9523055552723585,1.1213560828976616,0,1,power_user,2,2.7876821730240584,-0.40354031290153136
1510,-0.7718107031195512,-1.1496285636279193,-0.736620899410813,-1.2379815727251318,-1.2877318855027686,-1.2877318855027688,1.6707077558015044,-1.4350566712732788,1.8439514113967574,-0.8577035298658984,0.5743340800170054,-0.16992280983613484,-0.5218188133002654,-0.6900943463069682,-1.7101503814556616,-1.0421409270335906,-0.7297104957834565,-0.7297104957834566,-1.4258276275771695,1.1711090067403125,-0.444563225699601,1,0,casual_user,1,-1.6671204085334275,-1.0854428647768097
1511,-0.20346703366480073,-1.1496285636279193,-0.9345183053962445,-1.0739561904495263,-1.0860668811174004,-1.0860668811174004,0.3754080198905321,-0.8385584494086165,1.8439514113967574,-0.8577035298658984,-0.054270610979920475,-1.1664335631670806,-0.7733997553194069,-0.6900943463069682,-0.6049846398721432,-0.8763401272509813,-0.7297104957834565,-0.7297104957834566,1.4804659467749903,-1.1627944755845299,-0.5018422013492316,1,0,at_risk_user,1,-1.8525041576512995,-0.8835193901391143
1512,0.3648766357899498,2.6861197420896383,1.0444557544580695,2.698627601889398,2.543903197819227,2.543903197819227,0.005322381058825778,1.0361502478803228,-0.939465258008285,2.4718909183712854,1.0095219430148772,1.7397367395759564,1.271029179251379,2.3317755105327698,1.2227894712082912,2.771277467966423,2.540700689800662,2.5407006898006625,0.8992072319045583,0.44176416851379924,1.8731693096500424,0,1,power_user,2,4.237830292149106,1.1515434413236205
1513,-1.3401543725743017,-0.6016645199539825,1.0444557544580695,-1.2379815727251318,-1.2877318855027686,-1.2877318855027688,1.6707077558015044,-1.4350566712732788,1.8439514113967574,-0.8577035298658984,-1.311479992973772,-1.1578099124171013,-2.0377663477395522,-0.8915523367629506,-1.7101503814556616,-1.0421409270335906,-0.7297104957834565,-0.7297104957834566,1.4804659467749903,1.6816503934988718,-1.8910387241939233,1,0,at_risk_user,3,-3.4204528581680145,0.979258167052617
1514,-0.7718107031195512,-1.1496285636279193,-0.736620899410813,-1.2379815727251318,-1.2877318855027686,-1.2877318855027688,1.6707077558015044,-1.4350566712732788,1.8439514113967574,-0.8577035298658984,-1.311479992973772,-1.3254920103333663,-0.5218188133002654,-0.8915523367629506,-1.7101503814556616,-1.0421409270335906,-0.7297104957834565,-0.7297104957834566,1.4804659467749903,1.0252400390950098,-1.102052088651566,1,0,at_risk_user,1,-2.907308503726925,-1.1855564232925204
1515,-0.20346703366480073,0.49426356739389105,0.2528661305163439,0.8943483968577386,1.1322481671216496,1.1322481671216498,0.005322381058825778,0.3544379943207086,-0.746687439333868,1.1400531390764117,0.7000550182163905,0.7144804837450794,0.7425477791198799,0.7201115868849094,0.7212142500280788,0.7816678705751114,1.7230978934046326,1.7230978934046326,-0.2633101978363056,1.6816503934988718,1.142176563557807,0,1,consistent_user,2,2.3259093452965662,0.3362931762206601
1516,0.3648766357899498,-0.6016645199539825,-0.736620899410813,-0.7459054258983154,-0.682736872346664,-0.6827368723466641,0.8935279142549213,-0.36135987191688623,-0.5240294287220244,-0.19178464021846164,-0.557154363777461,-0.3529358424190297,-0.12485353907747694,-0.6900943463069682,-0.38395149155543945,-0.710539327468372,-0.7297104957834565,-0.7297104957834566,1.4804659467749903,-1.2357289594071812,-0.4708627802176796,1,0,casual_user,1,-1.19699547778473,-0.9877783257602664
1517,0.3648766357899498,-0.053700476280045734,-0.439774790432666,1.3864245436845548,1.3339131715070178,1.333913171507018,-0.6608317688382453,0.8316365718124386,-0.804575249694416,0.4741342494289751,0.7838689770159807,1.9217915887421873,1.139513053342669,1.1230275677968744,0.8685696822392148,1.2790702699229393,0.9054950970086029,0.905495097008603,1.4804659467749903,-1.1627944755845299,1.0720444181762636,0,1,power_user,2,2.9058115514288616,-0.30491319450397336
1518,-0.7718107031195512,-0.6016645199539825,-0.1429286814545189,-0.9099308081739209,-0.8844018767320323,-0.8844018767320323,-0.27224184806495383,-0.5403093384762852,0.33367144189725534,-0.8577035298658984,0.5743340800170054,0.7173550339950727,0.8316028652535606,-0.48863635585098564,-0.05240176908038397,-0.710539327468372,-0.7297104957834565,-0.7297104957834566,0.8992072319045583,-0.06877721824476005,-0.07636946244650104,1,0,consistent_user,0,0.1827596977467689,-0.5224146237722775
1519,-0.20346703366480073,-0.6016645199539825,-0.5387234934253817,-0.9099308081739209,-0.8844018767320323,-0.8844018767320323,1.6707077558015044,-0.5403093384762852,-0.5121707818103663,-0.19178464021846164,-0.3685729564783833,-1.1951790656670116,-0.30911015763833327,-0.6900943463069682,-1.7101503814556616,-1.0421409270335906,-0.7297104957834565,-0.7297104957834566,1.4804659467749903,-1.2357289594071812,-0.6681094391032691,1,0,at_risk_user,1,-2.2253121773790836,-1.0179349327695804
1520,-0.20346703366480073,-0.6016645199539825,-0.5387234934253817,0.5662976323065277,0.5272531539655451,0.5272531539655451,1.3174441914621482,0.6798006607923425,-0.5280328337255042,1.8059720287238485,0.7193967010162958,0.5295510843288559,0.6473462466927044,0.5186535964289268,0.8402320991216888,0.6158670707925021,0.9054950970086029,0.905495097008603,-0.8445689127067375,0.44176416851379924,0.8346740799618112,0,1,consistent_user,2,1.6216726337714722,-0.748746798888651
1521,-0.7718107031195512,-0.6016645199539825,-0.1429286814545189,-1.0739561904495263,-1.0860668811174004,-1.0860668811174004,0.3754080198905321,-0.8385584494086165,1.8439514113967574,-0.8577035298658984,-0.054270610979920475,-1.0811552390839516,-1.0813099434085147,-0.6900943463069682,-1.7101503814556616,-1.0421409270335906,-0.7297104957834565,-0.7297104957834566,0.31794851703412635,0.5876331361591018,-0.8532298445974608,1,0,at_risk_user,1,-2.3803312426919305,-0.11811555298332445
1522,-0.20346703366480073,-1.1496285636279193,-0.9345183053962445,-1.0739561904495263,-1.0860668811174004,-1.0860668811174004,2.9660074917124764,-0.8385584494086165,1.8439514113967574,-0.19178464021846164,-1.311479992973772,-1.1434371611671357,-0.5218188133002654,-0.8915523367629506,-1.7101503814556616,-1.0421409270335906,-0.7297104957834565,-0.7297104957834566,1.4804659467749903,-0.506384121180668,-1.0494529796154086,1,0,at_risk_user,1,-2.798973025619242,-1.5931206748711793
1523,-1.3401543725743017,-0.053700476280045734,2.231840190370658,-1.0739561904495263,-1.0860668811174004,-1.0860668811174004,0.3754080198905321,-0.8385584494086165,1.8439514113967574,-0.8577035298658984,-1.311479992973772,-0.8454421185845162,-2.0377663477395522,-0.8915523367629506,-1.7101503814556616,-1.0421409270335906,-0.7297104957834565,-0.7297104957834566,0.31794851703412635,1.3899124582082665,-1.8384396151577662,1,0,at_risk_user,3,-3.1348515647883692,2.325722050239986
1524,-0.20346703366480073,-0.6016645199539825,-0.5387234934253817,-0.5818800436227101,-0.48107186796129586,-0.4810718679612959,-0.91989171602044,-0.24206022754395373,-0.5300442849575677,-0.8577035298658984,-0.054270610979920475,-1.040911535584048,-0.30911015763833327,-0.48863635585098564,-0.6049846398721432,-0.710539327468372,-0.7297104957834565,-0.7297104957834566,0.8992072319045583,1.4628469420309178,-0.27799938041843686,0,0,at_risk_user,1,-1.2928678484869576,-0.38101587605393167
1525,-0.20346703366480073,0.49426356739389105,0.2528661305163439,-0.25382927907149927,-0.48107186796129586,-0.4810718679612959,-0.91989171602044,0.9509362161853714,-0.7604800612452531,-0.8577035298658984,-0.8400264747260776,-0.5819416790018143,0.18305664901163074,-0.6900943463069682,0.36203538401343544,-0.2131369281205442,-0.7297104957834565,-0.7297104957834566,-0.8445689127067375,0.5876331361591018,-0.3985390052929639,0,0,casual_user,0,-0.8150314672481598,0.17804413978341135
1526,0.3648766357899498,-0.053700476280045734,-0.439774790432666,0.07422148547971154,0.12392314519480867,0.12392314519480872,-0.48812513738344926,0.3544379943207086,-0.21676701388577582,-0.19178464021846164,-0.1799915491793056,0.7470587199116681,0.7728759210801273,-0.28717836539500313,0.610697675869727,0.11846467144467435,-0.7297104957834565,-0.7297104957834566,-0.8445689127067375,0.22296071704584525,0.028828755625813395,0,1,consistent_user,0,0.5992641750818563,-0.598321798350058
1527,0.9332203052447002,2.1381556984157015,0.33202509291051646,1.7144753082357655,1.5355781758923859,1.5355781758923863,-0.27224184806495383,1.025498493918454,-0.725961499336906,1.1400531390764117,1.7058225238114717,1.7090748702426963,1.139513053342669,2.3317755105327698,1.4395719820573658,2.1080742688359857,2.540700689800662,2.5407006898006625,0.8992072319045583,-1.1627944755845299,1.8873306082366998,0,1,power_user,2,4.102861015942685,0.5501748447723859
1528,1.5015639746994507,2.6861197420896383,0.2528661305163439,1.7144753082357655,1.5355781758923859,1.5355781758923863,-0.27224184806495383,1.025498493918454,-0.7600560387249811,1.1400531390764117,-0.1799915491793056,0.5170946999122191,0.6473462466927044,0.3171956059729444,0.4449228146321994,1.11326947014033,0.9054950970086029,0.905495097008603,0.8992072319045583,-0.06877721824476005,0.7213836912685492,0,1,consistent_user,2,1.622411918116106,0.3330626552777207
1529,3.206594983063702,1.042227611067828,-0.6706550974156692,2.370576837338187,2.543903197819227,2.543903197819227,0.3754080198905321,0.6952941211005161,-0.8581859043513604,3.1378098080187216,1.202938771013931,1.6956603024093952,1.1221559073600256,2.3317755105327698,1.329055407899014,2.6054766681838135,3.358303486196692,3.358303486196692,-0.2633101978363056,-0.506384121180668,2.1327931170721004,0,1,power_user,2,4.577867399329645,-0.28371139820337277
1530,0.3648766357899498,-0.053700476280045734,-0.439774790432666,-0.5818800436227101,-0.48107186796129586,-0.4810718679612959,0.3754080198905321,-0.24206022754395373,-0.6285819868448992,-0.19178464021846164,1.202938771013931,1.8825060686589479,1.39109399536181,-0.08572037493902064,1.0527639725031346,-0.2131369281205442,-0.7297104957834565,-0.7297104957834566,1.4804659467749903,0.9523055552723585,0.42332207339699196,1,0,power_user,0,1.7484879522061594,-0.9651687398064315
1531,0.3648766357899498,2.1381556984157015,0.7476096454799225,1.3864245436845548,1.7372431802777542,1.7372431802777546,-0.38653300123356904,0.3544379943207086,-0.6352016897055347,1.1400531390764117,1.6220085650118816,1.8997533701589064,1.3522217090046007,1.9288595296208046,1.4211525530309739,1.7764726692707673,2.540700689800662,2.5407006898006625,0.31794851703412635,1.0981745229176612,1.907785817306317,0,1,power_user,2,4.322634260490659,0.8854262366382292
1532,-0.20346703366480073,-0.053700476280045734,-0.1429286814545189,-0.7459054258983154,-0.682736872346664,-0.6827368723466641,-0.6608317688382453,-0.36135987191688623,-0.8012388077602937,-0.8577035298658984,-1.311479992973772,-0.6020635307517661,-0.5218188133002654,-0.8915523367629506,-0.38395149155543945,-0.710539327468372,-0.7297104957834565,-0.7297104957834566,-1.4258276275771695,0.8793710714497072,-0.7338583253984655,1,0,casual_user,1,-1.6809866522421921,-0.027800398242580897
1533,-0.20346703366480073,2.6861197420896383,1.8360453783997952,0.23824686775531695,0.12392314519480867,0.12392314519480872,1.2389411771645134,0.7521034755638172,-0.5038342656882789,1.1400531390764117,-0.2828541349788026,-0.524450674001952,-0.5218188133002654,-0.28717836539500313,0.7011203274538332,0.28426547122728363,0.9054950970086029,0.905495097008603,-0.2633101978363056,0.9523055552723585,0.35797166520055473,0,0,casual_user,0,0.08729238335904176,1.696350859517714
1534,-1.3401543725743017,-1.1496285636279193,-0.1429286814545189,-1.402006955000737,-1.489396889888137,-1.489396889888137,-2.215191451931412,-3.2245513368672665,1.8439514113967574,-1.523622419513335,-1.311479992973772,-1.536292361999528,-2.0377663477395522,-0.8915523367629506,-1.7101503814556616,-1.0421409270335906,-0.7297104957834565,-0.7297104957834566,-1.4258276275771695,1.0252400390950098,-1.9436378332300805,1,0,at_risk_user,3,-3.495069994156195,0.6748642134630441
1535,-0.20346703366480073,-1.1496285636279193,-0.9345183053962445,-0.7459054258983154,-0.682736872346664,-0.6827368723466641,0.8935279142549213,-0.36135987191688623,0.2667045380714265,-0.19178464021846164,0.9514968946151606,-0.5781089453351569,-0.12485353907747694,-0.28717836539500313,-1.0470509365055505,-0.8763401272509813,-0.7297104957834565,-0.7297104957834566,-0.8445689127067375,-0.36051515353536534,-0.05006990792842243,1,0,casual_user,1,-0.9783243676435613,-1.1646946679548984
1536,0.9332203052447002,-0.6016645199539825,-0.855359343002072,0.07422148547971154,0.12392314519480867,0.12392314519480872,0.3754080198905321,0.3544379943207086,-0.15686368928160058,0.4741342494289751,-0.557154363777461,-0.5637361940851913,0.4346375910307722,-0.48863635585098564,0.610697675869727,0.11846467144467435,0.08789230061257318,0.08789230061257323,0.8992072319045583,0.8064365876270558,0.07266134648927755,0,0,casual_user,0,0.021391333097238178,-0.9839720983437086
1537,0.9332203052447002,1.042227611067828,-0.1429286814545189,1.55044992596016,1.7372431802777542,1.7372431802777546,0.5277962241153527,0.5649667785082366,-0.7411107885749983,2.4718909183712854,1.8646279194317474,2.073184568575158,1.139513053342669,2.3317755105327698,1.2563471354264142,1.7764726692707673,1.7230978934046326,1.7230978934046326,-0.2633101978363056,1.4628469420309178,1.790898908337079,0,1,power_user,2,3.9858068976472625,-0.09171412705340994
1538,-0.7718107031195512,-0.6016645199539825,-0.1429286814545189,-1.0739561904495263,-1.0860668811174004,-1.0860668811174004,0.3754080198905321,-0.8385584494086165,1.8439514113967574,-0.8577035298658984,-1.311479992973772,-0.5455307091685683,-0.5218188133002654,-0.8915523367629506,-0.6049846398721432,-0.8763401272509813,-0.7297104957834565,-0.7297104957834566,-1.4258276275771695,-1.1627944755845299,-0.8741226161615515,1,0,casual_user,1,-1.969817819589387,-0.28831643511363764
1539,0.3648766357899498,0.49426356739389105,-0.1429286814545189,-0.25382927907149927,-0.07774185919055952,-0.07774185919055944,-1.2437166499981829,-0.09293567207778825,-0.5661583858401689,-0.8577035298658984,0.10288056176931103,-0.6365581337516835,-0.014404614921851248,-0.28717836539500313,-1.2957132283618422,-0.8763401272509813,-0.7297104957834565,-0.7297104957834566,-1.4258276275771695,-0.8710565402939247,-0.22759190092545262,1,0,casual_user,0,-1.0272731152252452,-0.05029236578684017
1540,-0.20346703366480073,-0.053700476280045734,-0.1429286814545189,-0.08980389679589386,0.12392314519480867,0.12392314519480872,0.3754080198905321,-0.04322748692239988,-0.4406776930344254,0.4741342494289751,-0.47334040497787094,-0.5100779227519864,0.18305664901163074,-0.48863635585098564,-0.9733732203999828,-0.710539327468372,0.08789230061257318,0.08789230061257323,-0.8445689127067375,1.3169779743856151,-0.14942378055227493,0,0,casual_user,1,-0.659328175913512,-0.33388615071405203
1541,-0.7718107031195512,-0.053700476280045734,0.4507635365017753,-0.7459054258983154,-0.682736872346664,-0.6827368723466641,0.8935279142549213,-0.36135987191688623,0.38805494218058384,-0.19178464021846164,0.9514968946151606,-0.622185382501718,-0.12485353907747694,-0.28717836539500313,-1.7101503814556616,-1.0421409270335906,-0.7297104957834565,-0.7297104957834566,-0.2633101978363056,-0.506384121180668,-0.15526812600073686,1,0,casual_user,1,-1.2654884046281827,0.025553411477337952
1542,-0.7718107031195512,-1.1496285636279193,-0.736620899410813,-1.2379815727251318,-1.2877318855027686,-1.2877318855027688,1.6707077558015044,-1.4350566712732788,1.8439514113967574,-0.8577035298658984,-1.311479992973772,-0.8253202668345646,0.4346375910307722,-0.8915523367629506,-0.05240176908038397,-0.8763401272509813,-0.7297104957834565,-0.7297104957834566,-1.4258276275771695,-0.725187572648622,-0.83905654347078,1,0,casual_user,1,-1.6478601996667688,-1.446215416268717
1543,-1.3401543725743017,-1.1496285636279193,-0.1429286814545189,-1.402006955000737,-1.489396889888137,-1.489396889888137,-2.215191451931412,-3.2245513368672665,1.8439514113967574,-1.523622419513335,-1.311479992973772,-1.536292361999528,-2.0377663477395522,-0.8915523367629506,-1.7101503814556616,-1.0421409270335906,-0.7297104957834565,-0.7297104957834566,0.8992072319045583,-0.5793186050033193,-1.9436378332300805,1,0,at_risk_user,3,-3.495069994156195,0.6748642134630441
1544,0.3648766357899498,-0.053700476280045734,-0.439774790432666,-0.5818800436227101,-0.8844018767320323,-0.8844018767320323,-0.27224184806495383,1.2491853271177025,-0.9350918936641772,-0.8577035298658984,-1.311479992973772,-0.3912631790856046,-0.014404614921851248,-0.8915523367629506,0.5001811017113752,-0.3789377279031535,-0.7297104957834565,-0.7297104957834566,0.8992072319045583,-0.14171170206741138,-0.6461931436715371,1,0,casual_user,1,-1.1411629690007432,-0.5304873666816676
1545,-0.20346703366480073,-1.1496285636279193,-0.9345183053962445,-0.41785466134710464,-0.48107186796129586,-0.4810718679612959,-0.91989171602044,0.3544379943207086,0.24545134263065155,-0.8577035298658984,0.8437360904442591,-0.37401587758564575,0.18305664901163074,-0.08572037493902064,-0.7628654600983602,-0.710539327468372,-0.7297104957834565,-0.7297104957834566,-0.8445689127067375,1.0252400390950098,0.010043359541471616,0,0,casual_user,0,-0.5241804826924873,-0.875702895681573
1546,-0.7718107031195512,-0.053700476280045734,0.4507635365017753,-0.25382927907149927,-0.07774185919055952,-0.07774185919055944,-0.27224184806495383,-0.09293567207778825,-0.42221644369910255,-0.19178464021846164,-0.3685729564783833,-0.5493634428352256,0.18305664901163074,-0.48863635585098564,1.1909096902010743,0.11846467144467435,-0.7297104957834565,-0.7297104957834566,-0.2633101978363056,-1.3086634432298325,0.002529201107734787,0,0,casual_user,0,-0.13673943165531943,0.3222034771421105
1547,-1.3401543725743017,-1.1496285636279193,-0.1429286814545189,-1.402006955000737,-1.489396889888137,-1.489396889888137,-2.215191451931412,-3.2245513368672665,1.8439514113967574,-1.523622419513335,-1.311479992973772,-1.536292361999528,-2.0377663477395522,-0.8915523367629506,-1.7101503814556616,-1.0421409270335906,-0.7297104957834565,-0.7297104957834566,0.8992072319045583,1.0981745229176612,-1.9436378332300805,1,0,at_risk_user,3,-3.495069994156195,0.6748642134630441
1548,1.5015639746994507,2.1381556984157015,0.054968724530912484,2.5346022196137925,2.1405731890484905,2.140573189048491,-0.16998134259829825,1.2962772920017545,-0.8519326845173001,1.8059720287238485,1.7058225238114717,1.694702118992731,1.271029179251379,3.1376074723566996,1.3401070653148495,2.771277467966423,1.7230978934046326,1.7230978934046326,1.4804659467749903,0.5876331361591018,1.8540178391804671,0,1,power_user,2,4.051158294984068,0.2004752006401352
1549,-1.3401543725743017,-0.6016645199539825,1.0444557544580695,-1.2379815727251318,-1.2877318855027686,-1.2877318855027688,1.6707077558015044,-1.4350566712732788,1.8439514113967574,-0.8577035298658984,-1.311479992973772,-0.9594659451675766,-2.0377663477395522,-0.8915523367629506,-1.7101503814556616,-1.0421409270335906,-0.7297104957834565,-0.7297104957834566,-1.4258276275771695,0.5146986523364505,-1.8910387241939233,1,0,at_risk_user,3,-3.33318211300328,0.9874869002563196
1550,0.9332203052447002,-0.053700476280045734,-0.6178824558195544,1.55044992596016,1.9389081846631224,1.9389081846631226,-0.05635855874645839,0.3544379943207086,-0.8401169913015376,1.8059720287238485,1.4676144303810574,1.6477511315761766,1.0687347232965478,1.9288595296208046,1.0818472814921742,1.6106718694881579,2.540700689800662,2.5407006898006625,1.4804659467749903,0.22296071704584525,1.8527259312392281,0,1,power_user,2,3.9781966738052614,-0.2920842222055652
1551,-0.20346703366480073,-1.1496285636279193,-0.9345183053962445,-1.0739561904495263,-1.0860668811174004,-1.0860668811174004,0.3754080198905321,-0.8385584494086165,1.8439514113967574,-0.8577035298658984,-0.054270610979920475,-1.0112078496674526,-0.12485353907747694,-0.6900943463069682,-0.6049846398721432,-0.8763401272509813,-0.7297104957834565,-0.7297104957834566,-1.4258276275771695,0.44176416851379924,-0.4357967075269085,1,0,at_risk_user,1,-1.5331697852358432,-1.125766781749356
1552,-0.7718107031195512,-0.6016645199539825,-0.1429286814545189,-1.0739561904495263,-1.0860668811174004,-1.0860668811174004,0.3754080198905321,-0.8385584494086165,1.8439514113967574,-0.8577035298658984,-0.054270610979920475,-1.107984374750554,-0.5218188133002654,-0.6900943463069682,-1.7101503814556616,-1.0421409270335906,-0.7297104957834565,-0.7297104957834566,-1.4258276275771695,0.5876331361591018,-0.6111270709807657,1,0,at_risk_user,1,-2.1755713818389593,-0.33376741006396743
1553,0.9332203052447002,-0.053700476280045734,-0.6178824558195544,0.7303230145821331,0.7289181583509132,0.7289181583509132,-0.91989171602044,0.6526871052530396,-0.7428651960307661,-0.19178464021846164,0.5743340800170054,0.4682273456623364,0.7425477791198799,0.5186535964289268,0.6580619219375923,0.6158670707925021,0.08789230061257318,0.08789230061257323,-1.4258276275771695,-0.06877721824476005,0.6324661498026646,0,1,consistent_user,0,1.3775045359781666,-0.4902957325494655
1554,-0.7718107031195512,-0.053700476280045734,0.4507635365017753,-0.7459054258983154,-0.682736872346664,-0.6827368723466641,0.8935279142549213,-0.36135987191688623,-0.3939588153078783,-0.19178464021846164,0.19717126541884997,-0.785076563334661,-0.5218188133002654,-0.48863635585098564,0.2791479533946715,-0.5447385276857627,-0.7297104957834565,-0.7297104957834566,0.8992072319045583,-1.7462703461657405,-0.10266901696457965,1,0,casual_user,1,-0.9805259698538822,0.2525604429354004
1555,1.5015639746994507,1.042227611067828,-0.34082608743995035,1.0583737791333439,0.9305831627362814,0.9305831627362817,-0.42169950990083516,0.9050517375803967,-0.5283980652990491,0.4741342494289751,-0.13284619735453612,0.651240378245231,0.6473462466927044,0.11573761551696186,0.7764725371072548,0.9474686703577208,0.08789230061257318,0.08789230061257323,0.31794851703412635,-0.43344963735801667,0.45729233131617686,0,1,consistent_user,0,1.2597026404906961,-0.2936261262929095
1556,2.0699076441542013,0.49426356739389105,-0.6518077254170568,0.8943483968577386,0.7289181583509132,0.7289181583509132,-0.27224184806495383,0.9509362161853714,-0.7885236454746741,0.4741342494289751,0.9514968946151606,0.521885616995541,0.6473462466927044,0.9215695773408918,1.38431369497819,1.2790702699229393,0.9054950970086029,0.905495097008603,0.31794851703412635,-0.36051515353536534,1.054511381830878,0,1,consistent_user,2,2.0898833141671322,-0.4729043657862137
1557,-1.3401543725743017,-0.053700476280045734,2.231840190370658,-0.25382927907149927,-0.07774185919055952,-0.07774185919055944,-0.27224184806495383,-0.09293567207778825,-0.4982266618104257,-0.19178464021846164,-0.3685729564783833,-0.6605127191682927,-2.0377663477395522,-0.48863635585098564,-0.05240176908038397,-0.3789377279031535,-0.7297104957834565,-0.7297104957834566,0.31794851703412635,-1.1627944755845299,-0.9837040933202121,0,0,casual_user,3,-1.547273842090174,2.6817269689261525
1558,0.9332203052447002,-0.053700476280045734,-0.6178824558195544,1.2223991614089493,0.9305831627362814,0.9305831627362817,-0.42169950990083516,1.1803586092102416,-0.6593163582242896,0.4741342494289751,0.9071247987800837,1.8298059807424076,1.139513053342669,1.1230275677968744,1.4103175947801552,1.6106718694881579,0.9054950970086029,0.905495097008603,-1.4258276275771695,-0.506384121180668,1.0957655849964918,0,1,power_user,2,2.9443060393852742,-0.525826047828886
1559,-0.20346703366480073,0.49426356739389105,0.2528661305163439,-0.41785466134710464,-0.2794068635759277,-0.2794068635759276,0.005322381058825778,-0.15684619584900225,-0.45808675897396217,-0.19178464021846164,0.8437360904442591,0.7834696897449144,0.31457277492034114,-0.08572037493902064,1.1317043826162427,-0.04733612833793493,-0.7297104957834565,-0.7297104957834566,-1.4258276275771695,-1.5274668946977865,0.3632088059270985,1,0,consistent_user,0,0.8460356858091839,0.10515447722795883
1560,-1.3401543725743017,-1.1496285636279193,-0.1429286814545189,-1.402006955000737,-1.489396889888137,-1.489396889888137,-2.215191451931412,-3.2245513368672665,1.8439514113967574,-1.523622419513335,-1.311479992973772,-1.536292361999528,-2.0377663477395522,-0.8915523367629506,-1.7101503814556616,-1.0421409270335906,-0.7297104957834565,-0.7297104957834566,0.31794851703412635,-1.5274668946977865,-1.9436378332300805,1,0,at_risk_user,3,-3.495069994156195,0.6748642134630441
1561,-0.20346703366480073,0.49426356739389105,0.2528661305163439,0.8943483968577386,0.7289181583509132,0.7289181583509132,0.3754080198905321,0.9509362161853714,-0.5996544176450964,1.1400531390764117,1.4543806474127012,1.7004512194927175,1.2068373768009535,1.324485558252857,1.1632805466614864,1.11326947014033,0.08789230061257318,0.08789230061257323,-0.8445689127067375,0.8064365876270558,1.019445309140107,0,1,power_user,2,2.5847189680702622,-0.05728942202635953
1562,-0.7718107031195512,-0.053700476280045734,0.4507635365017753,-0.25382927907149927,-0.07774185919055952,-0.07774185919055944,-0.27224184806495383,-0.09293567207778825,-0.3900081654111521,-0.19178464021846164,-0.3685729564783833,-0.6269762995850398,-0.5218188133002654,-0.48863635585098564,-0.8812760752680229,-0.710539327468372,-0.7297104957834565,-0.7297104957834566,-0.8445689127067375,-1.4545324108751352,-0.32621523036824757,0,0,casual_user,1,-1.2801712606639148,0.4825869810937018
1563,-0.20346703366480073,0.49426356739389105,0.2528661305163439,0.07422148547971154,0.32558814958017684,0.3255881495801769,-0.6608317688382453,-0.003460938798088793,-0.4730959883175983,-0.19178464021846164,0.9514968946151606,0.6636967626618681,0.9152572599084369,0.3171956059729444,0.610697675869727,0.11846467144467435,-0.7297104957834565,-0.7297104957834566,-0.2633101978363056,-1.3815979270524839,0.4759211824331492,0,1,consistent_user,0,1.152925106504411,0.044120918496268306
1564,-0.7718107031195512,-0.053700476280045734,0.4507635365017753,-0.41785466134710464,-0.2794068635759277,-0.2794068635759276,-1.1049345354362932,-0.15684619584900225,-0.6033004451720976,-0.8577035298658984,-0.23387195126475638,-0.32131578966910546,0.4346375910307722,-0.48863635585098564,1.1317043826162427,-0.04733612833793493,-0.7297104957834565,-0.7297104957834566,-0.2633101978363056,0.6605676199817532,-0.01249911575973887,0,0,casual_user,0,0.03969860706616616,0.38253015397350865
1565,0.3648766357899498,-0.6016645199539825,-0.736620899410813,0.23824686775531695,0.12392314519480867,0.12392314519480872,0.3754080198905321,0.7521034755638172,-0.5138512660015242,0.4741342494289751,-0.6257294209771256,-0.4842069705020484,0.27211173514531184,-0.48863635585098564,-0.20310618838722744,-0.2131369281205442,0.9054950970086029,0.905495097008603,-0.8445689127067375,-0.287580669712714,0.09497612001976861,0,0,casual_user,0,-0.04551347567995408,-0.7655752741055015
1566,0.3648766357899498,1.5901916547417647,0.4507635365017753,-0.08980389679589386,-0.2794068635759277,-0.2794068635759276,2.2258362140490635,0.8657221844904192,-0.745334254382419,1.1400531390764117,-0.8924101989758214,0.3532453356626116,0.5092435931882985,-0.6900943463069682,0.5001811017113752,-0.04733612833793493,0.08789230061257318,0.08789230061257323,0.8992072319045583,-0.9439910241165759,-0.16695681689766076,1,0,consistent_user,1,0.016727591039836495,-0.24902267597274189
1567,0.9332203052447002,-1.1496285636279193,-1.0928362301845895,1.0583737791333439,0.9305831627362814,0.9305831627362817,1.969623079473267,0.9050517375803967,-0.1522584641384014,3.1378098080187216,-0.6042997156022304,0.46439461199567866,0.5450865151863976,-0.28717836539500313,1.398128266747984,1.4448710697055487,1.7230978934046326,1.7230978934046326,-0.8445689127067375,-0.06877721824476005,0.742204171928695,0,1,consistent_user,2,1.727410724414167,-1.2081515300696475
1568,-1.3401543725743017,-0.053700476280045734,2.231840190370658,-0.08980389679589386,-0.07774185919055952,-0.07774185919055944,-0.27224184806495383,0.3544379943207086,-0.902378831816309,-0.19178464021846164,-1.311479992973772,-0.4995379051686784,-2.0377663477395522,-0.8915523367629506,0.5001811017113752,-0.04733612833793493,-0.7297104957834565,-0.7297104957834566,0.8992072319045583,-0.9439910241165759,-1.2247833430692658,0,0,casual_user,3,-1.6192644427249918,2.6907681645563297
1569,0.9332203052447002,-0.053700476280045734,-0.6178824558195544,-0.41785466134710464,-0.48107186796129586,-0.4810718679612959,-0.91989171602044,0.3544379943207086,-0.9970272565416906,-0.8577035298658984,0.30493206958975133,0.5985402903286908,0.25038097246991586,-0.28717836539500313,0.18441946125894132,-0.3789377279031535,-0.7297104957834565,-0.7297104957834566,1.4804659467749903,-0.36051515353536534,-0.027527432627212238,0,1,consistent_user,0,0.10308112648722866,-0.5470289832406132
1570,0.9332203052447002,1.042227611067828,-0.1429286814545189,1.55044992596016,1.7372431802777542,1.7372431802777546,-0.8436976139080297,0.5649667785082366,-0.8503638555072798,0.4741342494289751,2.0631346639570927,1.7119494204926897,1.1735857699519279,2.533233500988752,1.2563471354264142,1.7764726692707673,0.9054950970086029,0.905495097008603,-1.4258276275771695,0.5876331361591018,1.6847778988781652,0,1,power_user,2,3.6645033704995433,0.0708270754488142
1571,0.3648766357899498,1.5901916547417647,0.4507635365017753,1.55044992596016,1.7372431802777542,1.7372431802777546,-0.8436976139080297,0.5649667785082366,-0.8651089695406831,0.4741342494289751,0.6735874522796776,2.063602734408514,0.8879321113235271,1.1230275677968744,1.430846989360654,1.9422734690533765,0.9054950970086029,0.905495097008603,1.4804659467749903,0.44176416851379924,1.2279961625115368,0,1,power_user,2,3.239873655635218,0.6910131066332811
1572,-0.20346703366480073,-0.053700476280045734,-0.1429286814545189,-0.25382927907149927,-0.07774185919055952,-0.07774185919055944,-0.27224184806495383,-0.09293567207778825,-0.6314676386165846,-0.19178464021846164,-0.8400264747260776,-0.6193108322517248,0.03767231680798374,-0.6900943463069682,0.36203538401343544,-0.2131369281205442,-0.7297104957834565,-0.7297104957834566,-0.8445689127067375,-0.506384121180668,-0.29334078722064943,0,0,casual_user,0,-0.7412566168973923,-0.20618765565679623
1573,-0.20346703366480073,1.042227611067828,0.6486609424872066,0.4022722500309223,0.7289181583509132,0.7289181583509132,-0.27224184806495383,0.05618888338837724,-0.6531444857616368,0.4741342494289751,0.5743340800170054,0.6464494611619094,0.9152572599084369,0.3171956059729444,0.7764725371072548,0.4500662710098929,0.9054950970086029,0.905495097008603,-1.4258276275771695,0.44176416851379924,0.8265819093408636,0,1,consistent_user,2,1.8565855195678345,0.5389447598841063
1574,-0.7718107031195512,-0.6016645199539825,-0.1429286814545189,-1.0739561904495263,-1.0860668811174004,-1.0860668811174004,0.3754080198905321,-0.8385584494086165,1.8439514113967574,-0.8577035298658984,-1.311479992973772,-0.8789785381677694,-0.5218188133002654,-0.8915523367629506,-0.6049846398721432,-0.8763401272509813,-0.7297104957834565,-0.7297104957834566,0.31794851703412635,1.0252400390950098,-0.8741226161615515,1,0,at_risk_user,1,-2.1165338549387953,-0.30215024745609514
1575,-1.3401543725743017,-0.053700476280045734,2.231840190370658,-0.5818800436227101,-0.682736872346664,-0.6827368723466641,0.8935279142549213,0.3544379943207086,-0.23293842898878428,-0.19178464021846164,0.5743340800170054,0.7604732877449693,-2.0377663477395522,-0.28717836539500313,-1.1575675106639025,-0.8763401272509813,-0.7297104957834565,-0.7297104957834566,-1.4258276275771695,-1.2357289594071812,-0.9880873524065585,0,1,consistent_user,3,-1.32099846170328,2.4110061333585393
1576,-0.20346703366480073,-0.053700476280045734,-0.1429286814545189,-0.5818800436227101,-0.48107186796129586,-0.4810718679612959,-0.91989171602044,-0.24206022754395373,-0.2875956108831576,-0.8577035298658984,0.5743340800170054,-0.6461399679183273,-0.12485353907747694,-0.28717836539500313,0.5001811017113752,-0.3789377279031535,-0.7297104957834565,-0.7297104957834566,-0.2633101978363056,1.3169779743856151,0.1164939373527417,0,0,casual_user,0,-0.35786282148620363,-0.010655892004682567
1577,0.9332203052447002,0.49426356739389105,-0.3804055686370366,0.5662976323065277,0.7289181583509132,0.7289181583509132,-0.27224184806495383,0.3544379943207086,-0.6747641980371758,0.4741342494289751,-0.4411042669780285,0.6991495490784495,0.4909668371007387,-0.28717836539500313,-0.9450356372824565,-0.5447385276857627,0.9054950970086029,0.905495097008603,-1.4258276275771695,-1.1627944755845299,0.19943868621745162,0,1,consistent_user,0,0.6267164473359071,-0.32379820107518376
1578,-0.7718107031195512,-0.6016645199539825,-0.1429286814545189,-0.41785466134710464,-0.2794068635759277,-0.2794068635759276,0.005322381058825778,-0.15684619584900225,0.197511870001474,-0.19178464021846164,-1.311479992973772,-0.5024124554186716,-0.12485353907747694,-0.8915523367629506,-0.2892229994197094,-0.5447385276857627,-0.7297104957834565,-0.7297104957834566,0.31794851703412635,0.2958952008684966,-0.6136317904586779,0,0,casual_user,1,-1.2996448143743942,-0.2628206851412803
1579,2.6382513136089516,2.1381556984157015,-0.2913517359435925,2.0425260727869765,2.3422381934338588,2.342238193433859,0.8935279142549213,0.5333874608801076,-0.9121497663262512,3.803728697666158,1.2600846520136515,1.7215312546593335,1.1783853396998776,2.130317520076787,1.1532335853743634,2.1080742688359857,1.7230978934046326,1.7230978934046326,1.4804659467749903,1.3899124582082665,1.7215637191530537,0,1,power_user,2,3.8176977284090285,-0.28459545564519567
1580,-1.3401543725743017,-0.053700476280045734,2.231840190370658,-1.0739561904495263,-1.0860668811174004,-1.0860668811174004,0.3754080198905321,-0.8385584494086165,1.8439514113967574,-0.8577035298658984,-0.054270610979920475,0.6330348933286081,-2.0377663477395522,-0.6900943463069682,0.5001811017113752,-0.710539327468372,-0.7297104957834565,-0.7297104957834566,-0.2633101978363056,-1.6004013785204378,-1.0494529796154086,1,0,consistent_user,3,-1.104292560875909,2.535637098161606
1581,-0.20346703366480073,-1.1496285636279193,-0.9345183053962445,-1.0739561904495263,-1.0860668811174004,-1.0860668811174004,2.9660074917124764,-0.8385584494086165,1.8439514113967574,-0.19178464021846164,-1.311479992973772,-1.2325482189169221,-0.7733997553194069,-0.8915523367629506,-1.7101503814556616,-1.0421409270335906,-0.7297104957834565,-0.7297104957834566,-0.2633101978363056,-0.287580669712714,-1.1154984734377322,1,0,at_risk_user,1,-2.93556212111527,-1.5003480673511012
1582,0.3648766357899498,2.1381556984157015,0.7476096454799225,2.370576837338187,1.9389081846631224,1.9389081846631226,0.3754080198905321,1.3486016974284791,-0.8602335033551076,2.4718909183712854,1.3600899437631626,1.821182329992428,1.2285681394763497,2.533233500988752,1.4672011255969541,2.771277467966423,0.9054950970086029,0.905495097008603,0.8992072319045583,1.5357814258535691,1.5257117336131194,0,1,power_user,2,3.5778383199996773,0.6093836503390789
1583,0.9332203052447002,-0.053700476280045734,-0.6178824558195544,0.23824686775531695,0.32558814958017684,0.3255881495801769,-0.6608317688382453,0.3544379943207086,-0.25744765256019575,-0.19178464021846164,2.1172728670094596,0.3800744713292141,0.3759106468573385,1.1230275677968744,-0.8059238656146012,-0.5447385276857627,0.08789230061257318,0.08789230061257323,0.8992072319045583,-0.725187572648622,0.8329575589210039,0,1,consistent_user,0,1.0160836468233954,-0.48080940794849975
1584,-0.20346703366480073,-1.1496285636279193,-0.9345183053962445,-1.0739561904495263,-1.0860668811174004,-1.0860668811174004,2.9660074917124764,-0.8385584494086165,1.8439514113967574,-0.19178464021846164,1.202938771013931,-1.0811552390839516,-0.12485353907747694,-0.48863635585098564,-0.6049846398721432,-0.8763401272509813,-0.7297104957834565,-0.7297104957834566,-0.2633101978363056,-0.9439910241165759,0.002529201107734787,1,0,at_risk_user,1,-1.196156197655984,-1.616293626934762
1585,1.5015639746994507,-0.053700476280045734,-0.736620899410813,0.8943483968577386,0.9305831627362814,0.9305831627362817,-1.0195301572443607,0.6297448659505527,-0.7858841135545077,-0.19178464021846164,0.4486131418176202,0.6282439762452862,0.6862185330499136,0.5186535964289268,0.7212142500280788,0.7816678705751114,0.08789230061257318,0.08789230061257323,0.31794851703412635,0.3688296846911479,0.651251545887007,0,1,consistent_user,0,1.4956777328166189,-0.5260362730972489
1586,-0.20346703366480073,-1.1496285636279193,-0.9345183053962445,-0.7459054258983154,-0.682736872346664,-0.6827368723466641,0.8935279142549213,-0.36135987191688623,2.39606932776888,-0.19178464021846164,-0.557154363777461,-1.0217478672507605,-0.7733997553194069,-0.6900943463069682,-0.38395149155543945,-0.710539327468372,-0.7297104957834565,-0.7297104957834566,1.4804659467749903,-1.5274668946977865,-0.5369082740400033,0,0,at_risk_user,1,-1.7422907454926475,-0.942011813482156
1587,-0.7718107031195512,-0.6016645199539825,-0.1429286814545189,-1.0739561904495263,-1.0860668811174004,-1.0860668811174004,0.3754080198905321,-0.8385584494086165,1.8439514113967574,-0.8577035298658984,-1.311479992973772,-1.084987972750609,-0.5218188133002654,-0.8915523367629506,-1.7101503814556616,-1.0421409270335906,-0.7297104957834565,-0.7297104957834566,1.4804659467749903,-0.287580669712714,-1.0494529796154086,1,0,at_risk_user,1,-2.653280464642354,-0.36759484959296207
1588,2.0699076441542013,-0.6016645199539825,-0.9910604213920822,0.07422148547971154,-0.2794068635759277,-0.2794068635759276,0.005322381058825778,1.3770063746601304,-0.5870804065090254,-0.19178464021846164,-0.1799915491793056,0.8141315590781742,0.8316028652535606,-0.28717836539500313,0.2791479533946715,-0.04733612833793493,-0.7297104957834565,-0.7297104957834566,1.4804659467749903,1.0252400390950098,-0.12896857148265825,1,0,consistent_user,0,0.3183858678847453,-1.2651364876994904
1589,-0.20346703366480073,-1.1496285636279193,-0.9345183053962445,-1.0739561904495263,-1.0860668811174004,-1.0860668811174004,0.3754080198905321,-0.8385584494086165,1.8439514113967574,-0.8577035298658984,-1.311479992973772,-1.2200918345002854,-0.30911015763833327,-0.8915523367629506,-0.6049846398721432,-0.8763401272509813,-0.7297104957834565,-0.7297104957834566,-0.8445689127067375,1.6087159096762205,-0.8741226161615515,1,0,at_risk_user,1,-2.1842265253644584,-1.0985604541827059
1590,-1.3401543725743017,0.49426356739389105,3.419224626283246,-0.08980389679589386,0.12392314519480867,0.12392314519480872,-0.48812513738344926,-0.04322748692239988,-0.6582052140415355,-0.19178464021846164,-0.47334040497787094,-0.4851651539187128,-2.0377663477395522,-0.48863635585098564,-0.2365960593443038,-0.3789377279031535,-0.7297104957834565,-0.7297104957834566,-0.2633101978363056,1.0252400390950098,-0.9968538705792515,0,0,casual_user,3,-1.4869793352300047,3.792455493494957
1591,2.0699076441542013,0.49426356739389105,-0.6518077254170568,1.2223991614089493,1.3339131715070178,1.333913171507018,-1.1789516632026342,0.5930372830665736,-0.7834359474137925,-0.19178464021846164,-0.42403807627222967,0.563087503912109,0.31457277492034114,-0.08572037493902064,0.6302006007212011,0.9474686703577208,0.08789230061257318,0.08789230061257323,0.31794851703412635,-0.725187572648622,0.43776104450495695,0,1,consistent_user,0,1.1316572476347115,-0.2653169612059067
1592,0.9332203052447002,-0.6016645199539825,-0.855359343002072,0.07422148547971154,0.12392314519480867,0.12392314519480872,0.3754080198905321,0.3544379943207086,0.253078817766802,0.4741342494289751,-0.557154363777461,0.8754552977446941,0.31457277492034114,-0.48863635585098564,0.9422473983447828,0.28426547122728363,0.08789230061257318,0.08789230061257323,-0.8445689127067375,0.3688296846911479,0.12526045552543477,0,1,consistent_user,0,0.7419881609799804,-0.8611554718136272
1593,0.3648766357899498,1.042227611067828,0.1539174275236282,0.23824686775531695,0.32558814958017684,0.3255881495801769,0.1163480727083377,0.3544379943207086,-0.5942626304172137,0.4741342494289751,-1.311479992973772,-0.5503216262518902,-0.12485353907747694,-0.8915523367629506,-0.20310618838722744,-0.2131369281205442,1.7230978934046326,1.7230978934046326,-0.8445689127067375,1.0981745229176612,0.08381873325452338,0,0,casual_user,0,-0.07805330550877568,0.3181761844453074
1594,-0.7718107031195512,-0.6016645199539825,-0.1429286814545189,-1.0739561904495263,-1.0860668811174004,-1.0860668811174004,0.3754080198905321,-0.8385584494086165,1.8439514113967574,-0.8577035298658984,-0.054270610979920475,-0.7045891563348539,-0.12485353907747694,-0.6900943463069682,-1.7101503814556616,-1.0421409270335906,-0.7297104957834565,-0.7297104957834566,0.8992072319045583,0.6605676199817532,-0.6111270709807657,1,0,casual_user,1,-1.8444236783592087,-0.4692493724744038
1595,0.3648766357899498,-0.6016645199539825,-0.736620899410813,-0.25382927907149927,-0.2794068635759277,-0.2794068635759276,0.005322381058825778,0.3544379943207086,-0.4325794385274702,-0.19178464021846164,-0.8400264747260776,-0.669136369918272,-0.12485353907747694,-0.6900943463069682,0.36203538401343544,-0.2131369281205442,-0.7297104957834565,-0.7297104957834566,-1.4258276275771695,0.6605676199817532,-0.34593989625680666,1,0,casual_user,1,-0.9271387914733573,-0.7486863245633089
1596,0.9332203052447002,0.49426356739389105,-0.3804055686370366,0.07422148547971154,0.12392314519480867,0.12392314519480872,0.3754080198905321,0.3544379943207086,-0.5776451368471819,0.4741342494289751,0.5743340800170054,0.725978684745052,0.6473462466927044,0.11573761551696186,-0.05240176908038397,-0.2131369281205442,0.08789230061257318,0.08789230061257323,1.4804659467749903,0.5146986523364505,0.36195644618814227,1,0,consistent_user,0,0.8425415880997132,-0.5944479761367071
1597,-0.20346703366480073,-0.053700476280045734,-0.1429286814545189,-0.7459054258983154,-0.682736872346664,-0.6827368723466641,0.8935279142549213,-0.36135987191688623,-0.5240294287220244,-0.19178464021846164,-1.311479992973772,-0.49857972175201404,-0.5218188133002654,-0.8915523367629506,-0.38395149155543945,-0.710539327468372,-0.7297104957834565,-0.7297104957834566,-1.4258276275771695,-1.0169255079392272,-0.7338583253984655,1,0,casual_user,1,-1.7074764112814609,-0.3369509983360102
1598,-0.7718107031195512,-0.053700476280045734,0.4507635365017753,-0.9099308081739209,-0.8844018767320323,-0.8844018767320323,-0.27224184806495383,-0.5403093384762852,-0.9350918936641772,-0.8577035298658984,-1.311479992973772,-0.2302883650859901,0.18305664901163074,-0.8915523367629506,0.7764725371072548,-0.5447385276857627,-0.7297104957834565,-0.7297104957834566,1.4804659467749903,1.3899124582082665,-0.6023605528080727,1,0,casual_user,0,-0.8824464719499939,0.2029796161365242
1599,-0.7718107031195512,-0.6016645199539825,-0.1429286814545189,-0.7459054258983154,-0.682736872346664,-0.6827368723466641,-0.6608317688382453,-0.36135987191688623,-0.0963220087265111,-0.8577035298658984,0.19717126541884997,-0.44013053333548746,0.4346375910307722,-0.48863635585098564,0.9422473983447828,-0.3789377279031535,-0.7297104957834565,-0.7297104957834566,-1.4258276275771695,0.7335021038044045,0.002529201107734787,0,0,casual_user,0,-0.11880038109753868,-0.2778235256472741
1600,-0.20346703366480073,-0.053700476280045734,-0.1429286814545189,-0.25382927907149927,-0.2794068635759277,-0.2794068635759276,0.005322381058825778,0.3544379943207086,-0.6115948559795313,-0.19178464021846164,1.0457875982646996,0.7010659159117786,0.18305664901163074,0.11573761551696186,-0.05240176908038397,-0.3789377279031535,-0.7297104957834565,-0.7297104957834566,0.31794851703412635,-0.14171170206741138,0.2458000803999618,0,1,consistent_user,0,0.3593360743148934,-0.253553269701637
1601,-1.3401543725743017,-0.6016645199539825,1.0444557544580695,-1.2379815727251318,-1.2877318855027686,-1.2877318855027688,1.6707077558015044,-1.4350566712732788,1.8439514113967574,-0.8577035298658984,-1.311479992973772,-1.1118171084172115,-2.0377663477395522,-0.8915523367629506,-1.7101503814556616,-1.0421409270335906,-0.7297104957834565,-0.7297104957834566,-0.8445689127067375,0.7335021038044045,-1.8910387241939233,1,0,at_risk_user,3,-3.400216163637062,0.9811662790998524
1602,-0.7718107031195512,-1.1496285636279193,-0.736620899410813,-1.2379815727251318,-1.2877318855027686,-1.2877318855027688,1.6707077558015044,-1.4350566712732788,1.8439514113967574,-0.8577035298658984,-1.311479992973772,-0.8770621713344406,-1.0813099434085147,-0.8915523367629506,-1.7101503814556616,-1.0421409270335906,-0.7297104957834565,-0.7297104957834566,0.31794851703412635,-0.9439910241165759,-1.3441548622682613,1,0,at_risk_user,1,-2.9265653313794946,-0.9524135391122185
1603,0.9332203052447002,-1.1496285636279193,-1.0928362301845895,-0.5818800436227101,-0.682736872346664,-0.6827368723466641,0.8935279142549213,0.3544379943207086,-0.06831094856461352,-0.19178464021846164,-1.311479992973772,-0.8090311487512702,0.03767231680798374,-0.8915523367629506,1.0527639725031346,-0.2131369281205442,-0.7297104957834565,-0.7297104957834566,0.8992072319045583,-0.7981220564712733,-0.5059288529084512,1,0,casual_user,1,-1.0475009638286705,-1.3312357561008012
1604,-0.7718107031195512,0.49426356739389105,1.0444557544580695,-0.7459054258983154,-0.682736872346664,-0.6827368723466641,2.4478875973480876,-0.36135987191688623,-0.11061152409871587,0.4741342494289751,0.19717126541884997,-0.6212271990850534,0.18305664901163074,-0.48863635585098564,-0.38395149155543945,-0.710539327468372,0.08789230061257318,0.08789230061257323,-0.8445689127067375,-0.6522530888259707,-0.03253687158303659,1,0,casual_user,1,-0.6592000522527778,0.2584762893443482
1605,-0.20346703366480073,-0.6016645199539825,-0.5387234934253817,0.5662976323065277,0.7289181583509132,0.7289181583509132,-0.27224184806495383,0.3544379943207086,-0.7177976675150122,0.4741342494289751,-0.15097902497944737,-0.6375163171683478,0.18305664901163074,-0.08572037493902064,-0.1799208931092514,-0.04733612833793493,0.9054950970086029,0.905495097008603,1.4804659467749903,0.9523055552723585,0.42197337829350096,0,0,casual_user,0,0.34083199071580583,-0.35390507446671093
1606,0.3648766357899498,-0.6016645199539825,-0.736620899410813,-0.08980389679589386,0.12392314519480867,0.12392314519480872,-0.48812513738344926,-0.04322748692239988,-0.44673681591214015,-0.19178464021846164,0.36479918301803,-0.6528472518349777,0.08785511658445516,-0.08572037493902064,-0.9733732203999828,-0.710539327468372,-0.7297104957834565,-0.7297104957834566,-0.2633101978363056,-0.21464618589006268,-0.03253687158303659,0,0,casual_user,0,-0.7098433571854733,-0.722968429292548
1607,-0.7718107031195512,-0.6016645199539825,-0.1429286814545189,0.4022722500309223,0.12392314519480867,0.12392314519480872,0.3754080198905321,1.1497689568069256,-0.2931914804752314,0.4741342494289751,1.202938771013931,0.6100384913286631,0.4346375910307722,0.7201115868849094,1.329055407899014,0.7816678705751114,0.9054950970086029,0.905495097008603,0.8992072319045583,1.5357814258535691,0.9756127182766422,0,1,consistent_user,2,1.826842467050286,-0.12750594361854323
1608,0.3648766357899498,-0.053700476280045734,-0.439774790432666,0.4022722500309223,0.7289181583509132,0.7289181583509132,-0.27224184806495383,0.05618888338837724,-0.642189593471129,0.4741342494289751,0.5743340800170054,0.8093406419948523,0.9420517894091867,0.3171956059729444,1.329055407899014,0.7816678705751114,0.9054950970086029,0.905495097008603,-1.4258276275771695,-0.36051515353536534,0.9142470910677925,0,1,consistent_user,2,2.1617655573445345,-0.399577827097667
1609,2.0699076441542013,1.5901916547417647,-0.3125550294420315,1.2223991614089493,1.3339131715070178,1.333913171507018,0.3754080198905321,0.5930372830665736,-0.8592341322669019,1.8059720287238485,0.019682882078541533,0.4960146647456031,0.860054902354637,0.3171956059729444,0.4351713522064625,0.7816678705751114,0.9054950970086029,0.905495097008603,1.4804659467749903,-0.36051515353536534,0.7368540174556542,0,1,consistent_user,2,1.6508131684280596,-0.39671100789117014
1610,-0.7718107031195512,-0.6016645199539825,-0.1429286814545189,-1.0739561904495263,-1.0860668811174004,-1.0860668811174004,0.3754080198905321,-0.8385584494086165,1.8439514113967574,-0.8577035298658984,-0.054270610979920475,1.0670919810775683,0.4346375910307722,-0.6900943463069682,0.5001811017113752,-0.710539327468372,-0.7297104957834565,-0.7297104957834566,-0.2633101978363056,1.4628469420309178,-0.2604663440730513,1,0,consistent_user,0,0.04388142244856479,-0.4964903975240257
1611,-0.20346703366480073,-1.1496285636279193,-0.9345183053962445,-1.0739561904495263,-1.0860668811174004,-1.0860668811174004,0.3754080198905321,-0.8385584494086165,1.8439514113967574,-0.8577035298658984,-0.054270610979920475,-0.5541543599185476,-0.12485353907747694,-0.6900943463069682,-1.7101503814556616,-1.0421409270335906,-0.7297104957834565,-0.7297104957834566,-0.2633101978363056,-1.5274668946977865,-0.6111270709807657,1,0,casual_user,1,-1.7781707154514987,-1.163702768538578
1612,-0.7718107031195512,-0.6016645199539825,-0.1429286814545189,0.4022722500309223,0.32558814958017684,0.3255881495801769,-0.6608317688382453,0.7123369274395064,-0.1237988799678133,-0.19178464021846164,1.202938771013931,1.988864427908693,1.139513053342669,0.7201115868849094,1.0527639725031346,0.6158670707925021,0.08789230061257318,0.08789230061257323,1.4804659467749903,-1.0898599917618785,0.809048872995478,0,1,power_user,2,2.4149605966554843,-0.21605828547584877
1613,-1.3401543725743017,1.042227611067828,4.606609062195835,0.4022722500309223,0.5272531539655451,0.5272531539655451,-0.8021371945739878,0.3544379943207086,-0.6710926387602437,-0.19178464021846164,0.8886364255154683,0.6416585440785875,-2.0377663477395522,0.5186535964289268,0.7764725371072548,0.4500662710098929,0.08789230061257318,0.08789230061257323,-0.2633101978363056,1.0981745229176612,-0.08075272153284728,0,1,consistent_user,3,0.45327828148658666,5.177390387934707
1614,-1.3401543725743017,-0.6016645199539825,1.0444557544580695,-1.2379815727251318,-1.2877318855027686,-1.2877318855027688,1.6707077558015044,-1.4350566712732788,1.8439514113967574,-0.8577035298658984,-1.311479992973772,-1.3436974952499892,-2.0377663477395522,-0.8915523367629506,-1.7101503814556616,-1.0421409270335906,-0.7297104957834565,-0.7297104957834566,1.4804659467749903,-0.9439910241165759,-1.8910387241939233,1,0,at_risk_user,3,-3.5022428318972825,0.97154621419504
1615,-1.3401543725743017,-0.6016645199539825,1.0444557544580695,-1.2379815727251318,-1.2877318855027686,-1.2877318855027688,1.6707077558015044,-1.4350566712732788,1.8439514113967574,-0.8577035298658984,-1.311479992973772,-0.9345531763343027,-2.0377663477395522,-0.8915523367629506,-1.7101503814556616,-1.0421409270335906,-0.7297104957834565,-0.7297104957834566,-1.4258276275771695,0.8064365876270558,-1.8910387241939233,1,0,at_risk_user,3,-3.3222205701323473,0.9885204609485722
1616,0.3648766357899498,-0.6016645199539825,-0.736620899410813,-0.7459054258983154,-0.682736872346664,-0.6827368723466641,2.4478875973480876,-0.36135987191688623,-0.45592516592950466,0.4741342494289751,0.9514968946151606,-0.3021521213358179,0.08785511658445516,-0.28717836539500313,-1.0470509365055505,-0.8763401272509813,0.08789230061257318,0.08789230061257323,0.31794851703412635,0.8793710714497072,0.12526045552543477,1,0,casual_user,1,-0.5304836924654194,-1.2816132954430273
1617,2.0699076441542013,1.042227611067828,-0.48218137742954414,1.7144753082357655,1.3339131715070178,1.333913171507018,-0.6608317688382453,1.3088351493041683,-0.7771748567081014,0.4741342494289751,2.0829853384096273,1.7608167747425725,0.9941287211390216,2.7346914914447344,1.2737971208198382,1.9422734690533765,0.9054950970086029,0.905495097008603,-0.2633101978363056,1.1711090067403125,1.5892689903651427,0,1,power_user,2,3.446371393603539,-0.23657724831987303
1618,-0.20346703366480073,-0.6016645199539825,-0.5387234934253817,0.23824686775531695,0.32558814958017684,0.3255881495801769,-0.6608317688382453,0.3544379943207086,-0.44978613601081935,-0.19178464021846164,1.7743975810111365,1.991738978158686,1.2068373768009535,0.9215695773408918,1.3039380046812068,0.6158670707925021,0.08789230061257318,0.08789230061257323,0.31794851703412635,1.3169779743856151,1.0481357322507383,0,1,power_user,2,2.7654427598385647,-0.5633609270500739
1619,0.3648766357899498,-0.6016645199539825,-0.736620899410813,0.4022722500309223,0.7289181583509132,0.7289181583509132,0.3754080198905321,0.05618888338837724,-0.3900081654111521,1.1400531390764117,0.8886364255154683,0.45385459441237064,0.5092435931882985,0.5186535964289268,0.22388966631549578,0.11846467144467435,0.9054950970086029,0.905495097008603,1.4804659467749903,-0.43344963735801667,0.8484982047725962,0,1,consistent_user,2,1.4836916376394373,-0.6899286803259161
1620,2.6382513136089516,-0.053700476280045734,-0.8850439538998865,1.7144753082357655,1.3339131715070178,1.333913171507018,0.3754080198905321,1.3088351493041683,-0.6409030479712768,1.8059720287238485,0.5743340800170054,0.5793766219954032,0.5298391234579478,1.1230275677968744,0.4449228146321994,1.11326947014033,2.540700689800662,2.5407006898006625,-0.2633101978363056,-0.8710565402939247,1.2824408543208925,0,1,consistent_user,2,2.4111218976391857,-0.5746020716396598
1621,-1.3401543725743017,2.1381556984157015,6.981377934021012,0.5662976323065277,0.5272531539655451,0.5272531539655451,-0.09561006589527597,0.6798006607923425,-0.6261895008445246,0.4741342494289751,0.13914621701913374,-0.622185382501718,-2.0377663477395522,0.11573761551696186,-0.4349591411669864,-0.2131369281205442,0.9054950970086029,0.905495097008603,-0.8445689127067375,-0.43344963735801667,-0.3589210866279091,0,0,casual_user,3,-0.5994264536285472,7.092928986053696
1622,-0.7718107031195512,0.49426356739389105,1.0444557544580695,0.23824686775531695,0.12392314519480867,0.12392314519480872,-0.48812513738344926,0.7521034755638172,-0.3210949617718652,-0.19178464021846164,0.4028964370178437,-0.5790671287518212,0.18305664901163074,0.11573761551696186,-0.20310618838722744,-0.2131369281205442,0.08789230061257318,0.08789230061257323,-0.2633101978363056,0.15002623322319394,0.2782760454488009,0,0,casual_user,0,0.001157287503205401,0.9523266493558261
1623,0.9332203052447002,-1.1496285636279193,-1.0928362301845895,-0.7459054258983154,-0.8844018767320323,-0.8844018767320323,1.6707077558015044,0.3544379943207086,-0.7236313377372718,-0.19178464021846164,-0.557154363777461,-0.9642568622508985,-0.5218188133002654,-0.6900943463069682,0.2791479533946715,-0.5447385276857627,-0.7297104957834565,-0.7297104957834566,-0.8445689127067375,-0.9439910241165759,-0.41826367118152236,1,0,at_risk_user,1,-1.4761862375719375,-1.3200780096952496
1624,0.9332203052447002,1.042227611067828,-0.1429286814545189,1.878500690511371,1.5355781758923859,1.5355781758923863,-0.7579792490315683,1.2491853271177025,-0.8592341322669019,0.4741342494289751,2.280546812722946,1.737820372742628,1.332367051188376,3.1376074723566996,1.4474660230686767,2.273875068618595,0.08789230061257318,0.08789230061257323,-1.4258276275771695,1.6816503934988718,1.562969435847064,0,1,power_user,2,3.4905223274112185,-0.10314245234964028
1625,0.9332203052447002,1.042227611067828,-0.1429286814545189,1.55044992596016,1.5355781758923859,1.5355781758923863,0.6992329538682752,0.8018116607192055,-0.6290565361545538,2.4718909183712854,0.8720941968050229,0.5669202375787664,0.7877936329810965,1.324485558252857,0.20934801182097576,0.7816678705751114,1.7230978934046326,1.7230978934046326,0.31794851703412635,1.5357814258535691,1.2261505797383385,0,1,consistent_user,2,2.2829841278500296,-0.15652973751645916
1626,1.5015639746994507,2.1381556984157015,0.054968724530912484,1.3864245436845548,1.5355781758923859,1.5355781758923863,-0.7579792490315683,0.5781248275199571,-0.7324370441280132,0.4741342494289751,1.8315434620108568,1.7272803551593199,1.3679022744648628,2.130317520076787,1.4211525530309739,1.7764726692707673,0.9054950970086029,0.905495097008603,1.4804659467749903,-1.0898599917618785,1.5775802994682189,0,1,power_user,2,3.630902726966758,0.13565791096427057
1627,-0.7718107031195512,-0.6016645199539825,-0.1429286814545189,-1.0739561904495263,-1.0860668811174004,-1.0860668811174004,0.3754080198905321,-0.8385584494086165,1.8439514113967574,-0.8577035298658984,-0.054270610979920475,-0.932636809500974,-0.5218188133002654,-0.6900943463069682,0.5001811017113752,-0.710539327468372,-0.7297104957834565,-0.7297104957834566,1.4804659467749903,0.7335021038044045,-0.2604663440730513,0,0,at_risk_user,1,-1.2062128197057023,-0.21269703236663243
1628,0.3648766357899498,-0.6016645199539825,-0.736620899410813,-0.5818800436227101,-0.682736872346664,-0.6827368723466641,-0.6608317688382453,0.3544379943207086,-0.6897454392899336,-0.8577035298658984,-0.054270610979920475,-0.41905049816887124,-0.3764344810966181,-0.48863635585098564,-0.6049846398721432,-0.710539327468372,-0.7297104957834565,-0.7297104957834566,-1.4258276275771695,1.4628469420309178,-0.3305984894545941,1,0,casual_user,1,-1.1455335486772196,-0.5780747818475414
1629,0.3648766357899498,0.49426356739389105,-0.1429286814545189,0.4022722500309223,0.32558814958017684,0.3255881495801769,0.1163480727083377,0.7123369274395064,-0.4874774986746723,0.4741342494289751,0.26003173451854256,-0.4219250484188643,-0.24491835518790803,0.11573761551696186,-0.32869320447626355,-0.2131369281205442,0.9054950970086029,0.905495097008603,-0.2633101978363056,0.9523055552723585,0.43647185065603156,0,0,casual_user,0,0.17495653235881922,0.05232623753546362
1630,0.3648766357899498,-0.053700476280045734,-0.439774790432666,0.7303230145821331,0.9305831627362814,0.9305831627362817,0.1761311374426905,0.3544379943207086,-0.6396883099803793,1.1400531390764117,1.1131381008715133,0.5793766219954032,0.8316028652535606,0.9215695773408918,1.3685256129555685,1.11326947014033,0.08789230061257318,0.08789230061257323,0.31794851703412635,0.44176416851379924,0.9856315961882914,0,1,consistent_user,2,1.994166286867358,-0.5104515875101353
1631,0.3648766357899498,1.042227611067828,0.1539174275236282,0.5662976323065277,0.7289181583509132,0.7289181583509132,-0.27224184806495383,0.3544379943207086,-0.6832655835760872,0.4741342494289751,0.13914621701913374,0.700107732495114,0.5800219232344195,0.11573761551696186,0.8402320991216888,0.6158670707925021,0.9054950970086029,0.905495097008603,-0.2633101978363056,0.5146986523364505,0.6849689234742865,0,1,consistent_user,2,1.6073462286618903,0.22302677908543228
1632,0.9332203052447002,-1.1496285636279193,-1.0928362301845895,0.23824686775531695,0.12392314519480867,0.12392314519480872,-0.48812513738344926,0.7521034755638172,-0.048740540132948665,-0.19178464021846164,-0.2828541349788026,-0.6346417669183547,0.11227831896551003,-0.28717836539500313,-1.107332704228288,-0.710539327468372,0.08789230061257318,0.08789230061257323,1.4804659467749903,0.22296071704584525,-0.10426292935961444,0,0,casual_user,0,-0.6816052814557416,-0.9802384880698845
1633,0.9332203052447002,2.1381556984157015,0.33202509291051646,1.0583737791333439,0.7289181583509132,0.7289181583509132,-0.91989171602044,1.2491853271177025,-0.8174460239909659,-0.19178464021846164,1.0457875982646996,0.542007468745493,0.7877936329810965,1.1230275677968744,0.5692539605603452,0.7816678705751114,0.08789230061257318,0.08789230061257323,0.8992072319045583,0.0770917494005426,0.7827493184773994,0,1,consistent_user,0,1.5744942586310335,0.34471984664476174
1634,2.6382513136089516,2.1381556984157015,-0.2913517359435925,3.3547291309918195,2.7455682022045953,2.7455682022045953,-0.09561006589527597,1.4932073269714277,-1.0059502184961668,2.4718909183712854,1.7058225238114717,1.9284988726588372,1.0583205235894466,3.9434394341806294,1.1632805466614864,3.2686798673142508,1.7230978934046326,1.7230978934046326,1.4804659467749903,-0.725187572648622,1.9837623081363218,0,1,power_user,2,4.261603664533194,0.0248627442023077
1635,1.5015639746994507,2.1381556984157015,0.054968724530912484,2.5346022196137925,2.947233206589963,2.9472332065899636,-0.18776577833162963,0.5100462261114901,-1.0160361609336115,2.4718909183712854,1.7058225238114717,1.6391274808261977,1.4363398492230266,3.1376074723566996,1.3401070653148495,2.771277467966423,3.358303486196692,3.358303486196692,-1.4258276275771695,0.004157265577891283,2.4150750022328102,0,1,power_user,2,5.076705691738892,0.406339083996401
1636,-1.3401543725743017,-0.6016645199539825,1.0444557544580695,0.07422148547971154,0.12392314519480867,0.12392314519480872,-0.48812513738344926,0.3544379943207086,-0.5556148192942238,-0.19178464021846164,0.5743340800170054,-0.5924816965851224,-2.0377663477395522,0.11573761551696186,0.2791479533946715,-0.04733612833793493,-0.7297104957834565,-0.7297104957834566,1.4804659467749903,1.6087159096762205,-0.5497614437719154,0,0,casual_user,3,-0.9193076687854117,1.7414566041432553
1637,-0.20346703366480073,-0.053700476280045734,-0.1429286814545189,0.23824686775531695,0.5272531539655451,0.5272531539655451,-1.5086643232527,0.029075327849074427,-0.8690454358558546,-0.8577035298658984,0.4028964370178437,0.7144804837450794,0.31457277492034114,0.11573761551696186,1.3039380046812068,0.6158670707925021,0.08789230061257318,0.08789230061257323,-1.4258276275771695,1.1711090067403125,0.6225611227763755,0,1,consistent_user,0,1.4533936941879733,0.23042395520475442
1638,2.0699076441542013,-0.6016645199539825,-0.9910604213920822,0.5662976323065277,0.32558814958017684,0.3255881495801769,-0.6608317688382453,1.0702358605583036,-0.5287504573757398,-0.19178464021846164,-0.4411042669780285,0.6905258983284702,0.6140946398436786,-0.28717836539500313,0.5851938510639536,0.4500662710098929,0.08789230061257318,0.08789230061257323,0.8992072319045583,-0.21464618589006268,0.16167522331969741,0,1,consistent_user,0,0.8137220922498009,-0.8887489889306031
1639,0.9332203052447002,-0.053700476280045734,-0.6178824558195544,1.7144753082357655,1.7372431802777542,1.7372431802777546,-0.38653300123356904,0.7754955626957646,-0.6823472737235119,1.1400531390764117,0.19717126541884997,0.5400911019121643,0.7425477791198799,0.7201115868849094,0.7764725371072548,1.4448710697055487,2.540700689800662,2.5407006898006625,-0.2633101978363056,-0.7981220564712733,1.3087404088389711,0,1,consistent_user,2,2.675407161200965,-0.21850824253853543
1640,-0.7718107031195512,-0.6016645199539825,-0.1429286814545189,0.4022722500309223,0.7289181583509132,0.7289181583509132,0.3754080198905321,0.05618888338837724,-0.04731908923987118,1.1400531390764117,1.202938771013931,0.4701437124956651,0.6473462466927044,0.7201115868849094,0.5001811017113752,0.28426547122728363,0.9054950970086029,0.905495097008603,0.8992072319045583,-1.4545324108751352,1.0019122727947207,0,1,consistent_user,2,1.7777508259236303,-0.19376810566408154
1641,-1.3401543725743017,-1.1496285636279193,-0.1429286814545189,-1.402006955000737,-1.489396889888137,-1.489396889888137,-2.215191451931412,-3.2245513368672665,1.8439514113967574,-1.523622419513335,-1.311479992973772,-1.536292361999528,-2.0377663477395522,-0.8915523367629506,-1.7101503814556616,-1.0421409270335906,-0.7297104957834565,-0.7297104957834566,0.8992072319045583,0.0770917494005426,-1.9436378332300805,1,0,at_risk_user,3,-3.495069994156195,0.6748642134630441
1642,-0.20346703366480073,-0.053700476280045734,-0.1429286814545189,0.5662976323065277,0.7289181583509132,0.7289181583509132,-0.27224184806495383,0.3544379943207086,-0.5969357694154769,0.4741342494289751,1.299647185013458,1.9629934756587553,1.271029179251379,0.9215695773408918,1.350308595237159,0.9474686703577208,0.9054950970086029,0.905495097008603,0.8992072319045583,-0.14171170206741138,1.170499160731122,0,1,power_user,2,3.0867024991823264,-0.19394264534690078
1643,-0.7718107031195512,-0.6016645199539825,-0.1429286814545189,-0.08980389679589386,0.12392314519480867,0.12392314519480872,-1.3516582946574307,-0.04322748692239988,-0.5071558289258743,-0.8577035298658984,0.36479918301803,-0.37784861125230335,0.4346375910307722,-0.08572037493902064,0.13179252118353585,-0.2131369281205442,-0.7297104957834565,-0.7297104957834566,-1.4258276275771695,-0.8710565402939247,0.1427934918708206,0,0,casual_user,0,0.03145467423143596,-0.08798022978868748
1644,0.9332203052447002,1.042227611067828,-0.1429286814545189,1.0583737791333439,1.3339131715070178,1.333913171507018,0.8935279142549213,0.3544379943207086,-0.7979342957038817,2.4718909183712854,-0.3685729564783833,0.7240623179117233,0.7877936329810965,-0.08572037493902064,0.9836911136541646,1.11326947014033,1.7230978934046326,1.7230978934046326,-1.4258276275771695,0.8793710714497072,0.8638396115748083,0,1,consistent_user,2,2.0860454054737376,-0.20490839573690917
1645,0.9332203052447002,-0.6016645199539825,-0.855359343002072,1.3864245436845548,1.3339131715070178,1.333913171507018,-0.14271187447385666,0.8316365718124386,-0.6308002859579886,1.1400531390764117,0.5743340800170054,0.7441841696616752,0.5971634469162329,0.9215695773408918,1.0527639725031346,1.4448710697055487,1.7230978934046326,1.7230978934046326,0.8992072319045583,1.3899124582082665,1.2035421907666572,0,1,consistent_user,2,2.462933719952587,-0.5229960542664653
1646,-1.3401543725743017,-1.1496285636279193,-0.1429286814545189,-1.402006955000737,-1.489396889888137,-1.489396889888137,-2.215191451931412,-3.2245513368672665,1.8439514113967574,-1.523622419513335,-1.311479992973772,-1.536292361999528,-2.0377663477395522,-0.8915523367629506,-1.7101503814556616,-1.0421409270335906,-0.7297104957834565,-0.7297104957834566,-0.2633101978363056,0.9523055552723585,-1.9436378332300805,1,0,at_risk_user,3,-3.495069994156195,0.6748642134630441
1647,-0.20346703366480073,-0.6016645199539825,-0.5387234934253817,-0.5818800436227101,-0.48107186796129586,-0.4810718679612959,0.3754080198905321,-0.24206022754395373,-0.3744076728994236,-0.19178464021846164,-0.054270610979920475,-1.1146916586672047,-0.7733997553194069,-0.48863635585098564,-0.05240176908038397,-0.5447385276857627,-0.7297104957834565,-0.7297104957834566,-0.8445689127067375,-1.7462703461657405,-0.2563796925138317,0,0,at_risk_user,1,-1.3420124789919474,-0.43879765306427915
1648,0.3648766357899498,-0.053700476280045734,-0.439774790432666,1.55044992596016,0.9305831627362814,0.9305831627362817,-0.42169950990083516,1.7309723524699296,-0.7597787484268224,0.4741342494289751,1.2691076858557129,1.686078468242752,1.428901152440849,1.727401539164822,1.430846989360654,1.9422734690533765,0.9054950970086029,0.905495097008603,0.31794851703412635,-0.9439910241165759,1.2252277883517388,0,1,power_user,2,3.1418118680045017,-0.47402807889843185
1649,1.5015639746994507,2.1381556984157015,0.054968724530912484,1.55044992596016,0.9305831627362814,0.9305831627362817,-1.0195301572443607,1.7309723524699296,-0.839454427374952,-0.19178464021846164,2.2616414084824377,1.7435694732426137,1.3203156653156891,2.7346914914447344,1.430846989360654,1.9422734690533765,-0.7297104957834565,-0.7297104957834566,-1.4258276275771695,1.3899124582082665,1.2206138314187427,0,1,power_user,2,2.905617451730894,-0.026990562926183237
1650,-0.7718107031195512,-0.6016645199539825,-0.1429286814545189,-1.0739561904495263,-1.0860668811174004,-1.0860668811174004,0.3754080198905321,-0.8385584494086165,1.8439514113967574,-0.8577035298658984,-0.054270610979920475,-1.332199294250017,-1.0813099434085147,-0.6900943463069682,-1.7101503814556616,-1.0421409270335906,-0.7297104957834565,-0.7297104957834566,1.4804659467749903,0.0770917494005426,-0.8532298445974608,1,0,at_risk_user,1,-2.4907898670067143,-0.12853066457448487
1651,-0.7718107031195512,-1.1496285636279193,-0.736620899410813,-0.7459054258983154,-0.8844018767320323,-0.8844018767320323,1.6707077558015044,0.3544379943207086,1.8138953333855932,-0.19178464021846164,-1.311479992973772,-0.6930909553348813,0.18305664901163074,-0.8915523367629506,-1.0470509365055505,-0.8763401272509813,-0.7297104957834565,-0.7297104957834566,1.4804659467749903,0.3688296846911479,-0.891655652506937,1,0,casual_user,1,-1.912083036509069,-1.3529487983431607
1652,-0.7718107031195512,-1.1496285636279193,-0.736620899410813,-1.2379815727251318,-1.2877318855027686,-1.2877318855027688,1.6707077558015044,-1.4350566712732788,1.8439514113967574,-0.8577035298658984,-1.311479992973772,-1.2239245681669428,-1.0813099434085147,-0.8915523367629506,-0.05240176908038397,-0.8763401272509813,-0.7297104957834565,-0.7297104957834566,1.4804659467749903,-0.5793186050033193,-1.0811593170874751,0,0,at_risk_user,1,-2.410029112791598,-0.8814571087471826
1653,2.6382513136089516,-0.053700476280045734,-0.8850439538998865,1.55044992596016,1.7372431802777542,1.7372431802777546,0.07063161144089179,0.5649667785082366,-0.7411107885749983,1.8059720287238485,1.0706009413303677,0.5199692501622124,0.675223455661595,1.5259435487088393,1.0818472814921742,1.6106718694881579,1.7230978934046326,1.7230978934046326,0.31794851703412635,0.2958952008684966,1.4863777507593265,0,1,consistent_user,2,2.7653847185217435,-0.5737820918786803
1654,0.3648766357899498,0.49426356739389105,-0.1429286814545189,0.07422148547971154,0.32558814958017684,0.3255881495801769,-0.6608317688382453,-0.003460938798088793,-0.1644227975702232,-0.19178464021846164,-0.1799915491793056,0.6234530591619643,0.5800219232344195,-0.28717836539500313,-0.38395149155543945,-0.3789377279031535,-0.7297104957834565,-0.7297104957834566,0.8992072319045583,-1.5274668946977865,-0.07636946244650104,0,1,consistent_user,0,0.16495063138060315,-0.26186020805025595
1655,-0.20346703366480073,-1.1496285636279193,-0.9345183053962445,-1.0739561904495263,-1.0860668811174004,-1.0860668811174004,2.9660074917124764,-0.8385584494086165,1.8439514113967574,-0.19178464021846164,-0.054270610979920475,-1.1348135104171562,-0.5218188133002654,-0.6900943463069682,-1.7101503814556616,-1.0421409270335906,-0.7297104957834565,-0.7297104957834566,0.31794851703412635,-1.4545324108751352,-0.6111270709807657,1,0,at_risk_user,1,-2.3073512153258173,-1.5579814083097108
1656,-0.20346703366480073,-0.6016645199539825,-0.5387234934253817,-0.9099308081739209,-0.8844018767320323,-0.8844018767320323,-0.27224184806495383,-0.5403093384762852,-0.9350918936641772,-0.8577035298658984,-0.3685729564783833,-0.5666107443351844,0.4346375910307722,-0.6900943463069682,-0.8812760752680229,-0.8763401272509813,-0.7297104957834565,-0.7297104957834566,-1.4258276275771695,1.3169779743856151,-0.5366116665128764,1,0,casual_user,1,-1.2362532166398943,-0.8425718222339689
1657,-1.3401543725743017,-0.6016645199539825,1.0444557544580695,-0.7459054258983154,-0.682736872346664,-0.6827368723466641,-0.6608317688382453,-0.36135987191688623,0.15697796244033765,-0.8577035298658984,-0.557154363777461,-0.7898674804179829,-2.0377663477395522,-0.6900943463069682,-0.38395149155543945,-0.710539327468372,-0.7297104957834565,-0.7297104957834566,1.4804659467749903,1.4628469420309178,-1.2598494157600373,0,0,casual_user,3,-2.0578007525445754,1.6176140889883615
1658,-0.20346703366480073,0.49426356739389105,0.2528661305163439,-0.08980389679589386,0.12392314519480867,0.12392314519480872,-1.3516582946574307,-0.04322748692239988,-0.7338237056814737,-0.8577035298658984,-0.054270610979920475,0.6177039586619781,0.5450865151863976,-0.28717836539500313,0.5001811017113752,-0.04733612833793493,-0.7297104957834565,-0.7297104957834566,-0.8445689127067375,-1.1627944755845299,0.05512831014389201,0,1,consistent_user,0,0.49830755380194985,0.2686898015030767
1659,-1.3401543725743017,-1.1496285636279193,-0.1429286814545189,-1.402006955000737,-1.489396889888137,-1.489396889888137,-2.215191451931412,-3.2245513368672665,1.8439514113967574,-1.523622419513335,-1.311479992973772,-1.536292361999528,-2.0377663477395522,-0.8915523367629506,-1.7101503814556616,-1.0421409270335906,-0.7297104957834565,-0.7297104957834566,0.8992072319045583,-0.14171170206741138,-1.9436378332300805,1,0,at_risk_user,3,-3.495069994156195,0.6748642134630441
1660,-0.20346703366480073,-0.053700476280045734,-0.1429286814545189,-0.7459054258983154,-0.682736872346664,-0.6827368723466641,-0.6608317688382453,-0.36135987191688623,-0.8475020634922986,-0.8577035298658984,-0.557154363777461,0.5161365164955549,0.9152572599084369,-0.6900943463069682,0.9422473983447828,-0.3789377279031535,-0.7297104957834565,-0.7297104957834566,0.31794851703412635,-1.7462703461657405,-0.260466344073051,1,0,consistent_user,0,0.19529325705437847,-0.44331485287746186
1661,-1.3401543725743017,-0.053700476280045734,2.231840190370658,-0.25382927907149927,-0.07774185919055952,-0.07774185919055944,-0.27224184806495383,-0.09293567207778825,-0.3979303133956057,-0.19178464021846164,-0.3685729564783833,-0.6317672166683617,-2.0377663477395522,-0.48863635585098564,0.7764725371072548,-0.04733612833793493,-0.7297104957834565,-0.7297104957834566,0.31794851703412635,-0.9439910241165759,-0.8522063207298192,0,0,casual_user,3,-1.2000485964205787,2.7255929266496426
1662,0.9332203052447002,1.5901916547417647,0.09454820572799878,1.55044992596016,1.5355781758923859,1.5355781758923863,-0.7579792490315683,0.8018116607192055,-0.8987168553990642,0.4741342494289751,1.2691076858557129,1.6563747823261563,1.271029179251379,1.727401539164822,1.430846989360654,1.9422734690533765,0.9054950970086029,0.905495097008603,1.4804659467749903,-1.4545324108751352,1.3830251154602107,0,1,power_user,2,3.3478789030635636,0.1898362454857096
1663,-0.20346703366480073,-0.6016645199539825,-0.5387234934253817,-0.9099308081739209,-0.8844018767320323,-0.8844018767320323,1.6707077558015044,-0.5403093384762852,-0.7236313377372718,-0.19178464021846164,0.5743340800170054,-0.7208782744181481,0.18305664901163074,-0.48863635585098564,-0.8812760752680229,-0.8763401272509813,-0.7297104957834565,-0.7297104957834566,0.8992072319045583,1.5357814258535691,-0.20786723503689408,0,0,casual_user,1,-1.1256682923371761,-1.1182210670326516
1664,-0.20346703366480073,0.49426356739389105,0.2528661305163439,1.2223991614089493,1.3339131715070178,1.333913171507018,-0.14271187447385666,0.5930372830665736,-0.7914175045486725,1.1400531390764117,1.350845757130855,0.5429656521621571,0.9152572599084369,1.5259435487088393,0.4351713522064625,0.7816678705751114,1.7230978934046326,1.7230978934046326,0.31794851703412635,-1.0169255079392272,1.3762941665226636,0,1,consistent_user,2,2.549449427186255,0.3173409410460767
1665,1.5015639746994507,1.042227611067828,-0.34082608743995035,0.07422148547971154,-0.2794068635759277,-0.2794068635759276,0.005322381058825778,1.3770063746601304,-0.5635959271829696,-0.19178464021846164,-0.1799915491793056,0.45960369491235675,0.5236926771644533,-0.28717836539500313,1.2737971208198382,0.4500662710098929,-0.7297104957834565,-0.7297104957834566,0.31794851703412635,-0.506384121180668,0.028828755625813395,1,0,consistent_user,0,0.44465233810692506,-0.5349970766025754
1666,-0.20346703366480073,1.042227611067828,0.6486609424872066,1.878500690511371,1.9389081846631224,1.9389081846631226,1.6707077558015044,0.7521034755638172,-0.8818745550659921,4.469647587313595,1.741742791868439,1.7790222596591958,1.271029179251379,2.533233500988752,0.9738235623900261,1.7764726692707673,1.7230978934046326,1.7230978934046326,-1.4258276275771695,-0.287580669712714,1.7558328356463073,0,1,power_user,2,3.780774378480677,0.3191873218719624
1667,-1.3401543725743017,-1.1496285636279193,-0.1429286814545189,-1.402006955000737,-1.489396889888137,-1.489396889888137,-2.215191451931412,-3.2245513368672665,1.8439514113967574,-1.523622419513335,-1.311479992973772,-1.536292361999528,-2.0377663477395522,-0.8915523367629506,-1.7101503814556616,-1.0421409270335906,-0.7297104957834565,-0.7297104957834566,1.4804659467749903,0.004157265577891283,-1.9436378332300805,1,0,at_risk_user,3,-3.495069994156195,0.6748642134630441
1668,0.3648766357899498,-0.6016645199539825,-0.736620899410813,0.07422148547971154,0.32558814958017684,0.3255881495801769,0.1163480727083377,-0.003460938798088793,-0.22915894355449873,0.4741342494289751,0.5743340800170054,0.7853860565782431,0.5092435931882985,0.11573761551696186,1.2737971208198382,0.4500662710098929,0.08789230061257318,0.08789230061257323,-1.4258276275771695,0.8793710714497072,0.6249519913689278,0,1,consistent_user,0,1.4508150108074913,-0.7125622206199608
1669,0.3648766357899498,1.042227611067828,0.1539174275236282,0.5662976323065277,0.32558814958017684,0.3255881495801769,0.1163480727083377,1.0702358605583036,-0.22915894355449873,0.4741342494289751,0.13914621701913374,0.6771113304951693,0.18305664901163074,0.11573761551696186,0.3301556030062187,0.28426547122728363,0.9054950970086029,0.905495097008603,-0.8445689127067375,-0.14171170206741138,0.49884899919249975,0,1,consistent_user,0,1.0432036020950894,0.22714962248582085
1670,-0.20346703366480073,0.49426356739389105,0.2528661305163439,0.5662976323065277,0.5272531539655451,0.5272531539655451,-0.8021371945739878,0.6798006607923425,-0.43292746341340005,-0.19178464021846164,-1.311479992973772,-0.5311579579186027,0.4346375910307722,-0.8915523367629506,0.8402320991216888,0.6158670707925021,0.08789230061257318,0.08789230061257323,-0.2633101978363056,1.3899124582082665,-0.04872121282493117,0,0,casual_user,0,0.0666267329898142,0.2692768972858484
1671,0.3648766357899498,-0.6016645199539825,-0.736620899410813,-0.7459054258983154,-0.682736872346664,-0.6827368723466641,0.8935279142549213,-0.36135987191688623,-0.9738956286756881,-0.19178464021846164,-0.557154363777461,-0.792742030667976,0.08785511658445516,-0.6900943463069682,-1.7101503814556616,-1.0421409270335906,-0.7297104957834565,-0.7297104957834566,0.8992072319045583,0.22296071704584525,-0.6812592163623085,1,0,casual_user,1,-1.8434985283111813,-1.1558659306799133
1672,-0.20346703366480073,-0.6016645199539825,-0.5387234934253817,-0.9099308081739209,-0.8844018767320323,-0.8844018767320323,1.6707077558015044,-0.5403093384762852,-0.30071022588346086,-0.19178464021846164,-0.3685729564783833,0.6052475742453415,0.6473462466927044,-0.6900943463069682,-0.05240176908038397,-0.710539327468372,-0.7297104957834565,-0.7297104957834566,-0.8445689127067375,0.004157265577891283,-0.40511389392248337,1,0,consistent_user,1,-0.39375565501677984,-1.2246500080770566
1673,-0.20346703366480073,-0.053700476280045734,-0.1429286814545189,0.23824686775531695,0.5272531539655451,0.5272531539655451,-0.09561006589527597,0.029075327849074427,-0.3989264843441226,0.4741342494289751,0.7457717230161668,-0.5915235131684581,-0.30911015763833327,0.3171956059729444,-0.8059238656146012,-0.5447385276857627,0.9054950970086029,0.905495097008603,-1.4258276275771695,0.004157265577891283,0.5827133129004984,0,0,casual_user,0,0.169386282392506,0.12277540659305836
1674,0.3648766357899498,-0.6016645199539825,-0.736620899410813,-0.08980389679589386,-0.2794068635759277,-0.2794068635759276,-1.1049345354362932,0.8657221844904192,-0.4982266618104255,-0.8577035298658984,0.7838689770159807,-0.5694852945851775,-0.5218188133002654,0.11573761551696186,-1.3417618009278223,-0.8763401272509813,-0.7297104957834565,-0.7297104957834566,0.8992072319045583,1.2440434905629638,-0.05006990792842243,0,0,casual_user,0,-1.0431349540880033,-0.4112373415058877
1675,-1.3401543725743017,-1.1496285636279193,-0.1429286814545189,-1.402006955000737,-1.489396889888137,-1.489396889888137,-2.215191451931412,-3.2245513368672665,1.8439514113967574,-1.523622419513335,-1.311479992973772,-1.536292361999528,-2.0377663477395522,-0.8915523367629506,-1.7101503814556616,-1.0421409270335906,-0.7297104957834565,-0.7297104957834566,0.31794851703412635,0.44176416851379924,-1.9436378332300805,1,0,casual_user,3,-3.495069994156195,0.6748642134630441
1676,0.9332203052447002,-0.053700476280045734,-0.6178824558195544,0.4022722500309223,0.7289181583509132,0.7289181583509132,-0.27224184806495383,0.05618888338837724,-0.6695277640603152,0.4741342494289751,-0.054270610979920475,0.6943586319951279,0.4346375910307722,-0.08572037493902064,0.22388966631549578,0.11846467144467435,0.9054950970086029,0.905495097008603,-1.4258276275771695,0.6605676199817532,0.5197537732966133,0,1,consistent_user,0,1.2247640371478143,-0.44172325684146185
1677,-0.20346703366480073,-1.1496285636279193,-0.9345183053962445,-1.0739561904495263,-1.0860668811174004,-1.0860668811174004,0.3754080198905321,-0.8385584494086165,1.8439514113967574,-0.8577035298658984,-1.311479992973772,-0.5599034604185339,0.18305664901163074,-0.8915523367629506,0.5001811017113752,-0.710539327468372,-0.7297104957834565,-0.7297104957834566,-0.8445689127067375,1.6816503934988718,-0.6987922527076942,1,0,casual_user,1,-1.2571374686156862,-1.2029962946880037
1678,-0.20346703366480073,-0.6016645199539825,-0.5387234934253817,-0.9099308081739209,-0.8844018767320323,-0.8844018767320323,-0.27224184806495383,-0.5403093384762852,-0.30071022588346086,-0.8577035298658984,-1.311479992973772,-0.31173395550246175,0.03767231680798374,-0.8915523367629506,-0.05240176908038397,-0.710539327468372,-0.7297104957834565,-0.7297104957834566,1.4804659467749903,0.0770917494005426,-0.7338583253984657,1,0,casual_user,1,-1.309056490609285,-0.6631927401179651
1679,-1.3401543725743017,-0.6016645199539825,1.0444557544580695,-1.2379815727251318,-1.2877318855027686,-1.2877318855027688,1.6707077558015044,-1.4350566712732788,1.8439514113967574,-0.8577035298658984,-1.311479992973772,-1.0955279903339172,-2.0377663477395522,-0.8915523367629506,-0.05240176908038397,-0.8763401272509813,-0.7297104957834565,-0.7297104957834566,1.4804659467749903,1.4628469420309178,-1.6280431790131376,1,0,at_risk_user,3,-2.723894377815183,1.0671888441711852
1680,-0.20346703366480073,3.234083785763575,2.231840190370658,2.370576837338187,2.1405731890484905,2.140573189048491,-0.579023364464921,1.1079094324655454,-0.8131887819263767,1.1400531390764117,1.8315434620108568,1.5845110260763284,1.0687347232965478,3.1376074723566996,1.1909096902010743,2.4396758684012045,2.540700689800662,2.5407006898006625,1.4804659467749903,-0.287580669712714,2.049511194431518,0,1,power_user,2,4.247837166598869,2.3701330457739354
1681,-1.3401543725743017,-0.6016645199539825,1.0444557544580695,-1.2379815727251318,-1.2877318855027686,-1.2877318855027688,1.6707077558015044,-1.4350566712732788,1.8439514113967574,-0.8577035298658984,-1.311479992973772,-0.1507591415028473,-2.0377663477395522,-0.8915523367629506,-1.7101503814556616,-1.0421409270335906,-0.7297104957834565,-0.7297104957834566,0.31794851703412635,1.2440434905629638,-1.8910387241939233,1,0,casual_user,3,-2.9773535675006912,1.0210378704202112
1682,-1.3401543725743017,-0.053700476280045734,2.231840190370658,-0.7459054258983154,-0.682736872346664,-0.6827368723466641,-0.6608317688382453,-0.36135987191688623,-0.5240294287220244,-0.8577035298658984,0.19717126541884997,-0.6768018372515869,-2.0377663477395522,-0.48863635585098564,-0.38395149155543945,-0.710539327468372,-0.7297104957834565,-0.7297104957834566,-1.4258276275771695,1.3899124582082665,-0.9968538705792513,1,0,casual_user,3,-1.715448915600406,2.6942155305973925
1683,-0.7718107031195512,-0.053700476280045734,0.4507635365017753,-0.9099308081739209,-0.8844018767320323,-0.8844018767320323,-0.27224184806495383,-0.5403093384762852,-0.08924966995655548,-0.8577035298658984,0.5743340800170054,-0.5934398800017868,0.4346375910307722,-0.48863635585098564,-0.8812760752680229,-0.8763401272509813,-0.7297104957834565,-0.7297104957834566,-0.2633101978363056,-1.0898599917618785,-0.20786723503689408,1,0,casual_user,0,-0.8822650174138623,0.05826937475961179
1684,0.3648766357899498,-0.6016645199539825,-0.736620899410813,-0.7459054258983154,-0.682736872346664,-0.6827368723466641,-0.6608317688382453,-0.36135987191688623,-0.8475020634922986,-0.8577035298658984,-1.311479992973772,-0.7592056110847231,0.08785511658445516,-0.8915523367629506,0.2791479533946715,-0.5447385276857627,-0.7297104957834565,-0.7297104957834566,-0.2633101978363056,-0.5793186050033193,-0.6286601073261513,1,0,casual_user,1,-1.2464311937125057,-0.7594835136451378
1685,-0.20346703366480073,0.49426356739389105,0.2528661305163439,0.23824686775531695,0.32558814958017684,0.3255881495801769,-0.6608317688382453,0.3544379943207086,-0.5828149924651655,-0.19178464021846164,0.7457717230161668,0.7499332701616612,0.8316028652535606,0.3171956059729444,1.3039380046812068,0.6158670707925021,0.08789230061257318,0.08789230061257323,-0.8445689127067375,-0.14171170206741138,0.6895054433678482,0,1,consistent_user,0,1.6746147556663777,0.2012419326755536
1686,0.9332203052447002,-0.053700476280045734,-0.6178824558195544,-0.41785466134710464,-0.2794068635759277,-0.2794068635759276,0.005322381058825778,-0.15684619584900225,-0.9827558072941494,-0.19178464021846164,-0.7726759721192641,-0.5790671287518212,0.18305664901163074,-0.6900943463069682,-0.2892229994197094,-0.5447385276857627,-0.7297104957834565,-0.7297104957834566,0.31794851703412635,1.5357814258535691,-0.42577782961525923,1,0,casual_user,1,-1.0050823757770193,-0.7895804412892011
1687,-0.20346703366480073,0.49426356739389105,0.2528661305163439,0.5662976323065277,0.9305831627362814,0.9305831627362817,-0.42169950990083516,0.07913112269086459,-0.5734414980607841,0.4741342494289751,0.13914621701913374,0.8831207650780089,0.5450865151863976,0.11573761551696186,-0.1799208931092514,-0.04733612833793493,1.7230978934046326,1.7230978934046326,-0.2633101978363056,-0.506384121180668,0.7510549835453557,0,1,consistent_user,2,1.6738380993911128,0.4219465610292526
1688,-0.20346703366480073,0.49426356739389105,0.2528661305163439,1.3864245436845548,0.9305831627362814,0.9305831627362817,-0.42169950990083516,1.4556654808400855,-0.6238943757983567,0.4741342494289751,0.36479918301803,0.7326859686617027,0.4346375910307722,0.7201115868849094,0.8685696822392148,1.2790702699229393,0.9054950970086029,0.905495097008603,-0.8445689127067375,-1.1627944755845299,0.8207375638924019,0,1,consistent_user,2,1.7595557651555447,0.42681351998791683
1689,-0.20346703366480073,-1.1496285636279193,-0.9345183053962445,-1.0739561904495263,-1.0860668811174004,-1.0860668811174004,0.3754080198905321,-0.8385584494086165,1.8439514113967574,-0.8577035298658984,-0.054270610979920475,-1.0734897717506366,-0.5218188133002654,-0.6900943463069682,-1.7101503814556616,-1.0421409270335906,-0.7297104957834565,-0.7297104957834566,-0.8445689127067375,-0.506384121180668,-0.6111270709807657,1,0,at_risk_user,1,-2.1603317530613593,-1.0330308385805473
1690,-0.7718107031195512,-0.053700476280045734,0.4507635365017753,0.23824686775531695,0.32558814958017684,0.3255881495801769,-0.6608317688382453,0.3544379943207086,-0.5274593337266694,-0.19178464021846164,-0.6257294209771256,0.7614314711616338,0.8316028652535606,-0.48863635585098564,1.0025291660675202,0.4500662710098929,0.08789230061257318,0.08789230061257323,-0.8445689127067375,1.0252400390950098,0.1635143530062766,0,1,consistent_user,0,1.0258185471313184,0.3234315436065256
1691,-0.7718107031195512,-0.6016645199539825,-0.1429286814545189,-1.0739561904495263,-1.0860668811174004,-1.0860668811174004,0.3754080198905321,-0.8385584494086165,1.8439514113967574,-0.8577035298658984,-1.311479992973772,-0.9728805130008777,-1.0813099434085147,-0.8915523367629506,-1.7101503814556616,-1.0421409270335906,-0.7297104957834565,-0.7297104957834566,0.8992072319045583,-1.0169255079392272,-1.2915557532321038,1,0,at_risk_user,1,-2.8205181210525168,-0.14840503475807007
1692,-1.3401543725743017,-1.1496285636279193,-0.1429286814545189,-1.402006955000737,-1.489396889888137,-1.489396889888137,-2.215191451931412,-3.2245513368672665,1.8439514113967574,-1.523622419513335,-1.311479992973772,-1.536292361999528,-2.0377663477395522,-0.8915523367629506,-1.7101503814556616,-1.0421409270335906,-0.7297104957834565,-0.7297104957834566,1.4804659467749903,0.8793710714497072,-1.9436378332300805,1,0,at_risk_user,3,-3.495069994156195,0.6748642134630441
1693,2.0699076441542013,-0.6016645199539825,-0.9910604213920822,1.7144753082357655,1.9389081846631224,1.9389081846631226,-0.48812513738344926,0.5532707349422629,-0.7648480855348351,1.1400531390764117,0.5743340800170054,0.6713622299951828,0.7425477791198799,1.1230275677968744,0.610697675869727,1.2790702699229393,1.7230978934046326,1.7230978934046326,0.31794851703412635,0.22296071704584525,1.2912073724935855,0,1,consistent_user,2,2.5894461004308975,-0.5912104326250431
1694,-0.7718107031195512,-1.1496285636279193,-0.736620899410813,-1.2379815727251318,-1.2877318855027686,-1.2877318855027688,1.6707077558015044,-1.4350566712732788,1.8439514113967574,-0.8577035298658984,-1.311479992973772,-1.3408229449999962,-0.5218188133002654,-0.8915523367629506,-1.7101503814556616,-1.0421409270335906,-0.7297104957834565,-0.7297104957834566,-1.4258276275771695,-0.14171170206741138,-1.102052088651566,1,0,at_risk_user,1,-2.914054068570576,-1.1861924606415988
1695,0.3648766357899498,-0.6016645199539825,-0.736620899410813,-0.5818800436227101,-0.48107186796129586,-0.4810718679612959,-0.91989171602044,-0.24206022754395373,-0.6285819868448992,-0.8577035298658984,-0.054270610979920475,-0.45833601825211046,-0.014404614921851248,-0.48863635585098564,0.5001811017113752,-0.3789377279031535,-0.7297104957834565,-0.7297104957834566,0.31794851703412635,1.6816503934988718,-0.10266901696457965,1,0,casual_user,0,-0.47634485381679564,-0.5881280852441443
1696,0.3648766357899498,-0.6016645199539825,-0.736620899410813,-0.25382927907149927,-0.2794068635759277,-0.2794068635759276,-1.1049345354362932,0.3544379943207086,-0.16833308377562287,-0.8577035298658984,0.10288056176931103,0.7250205013283878,0.7728759210801273,-0.28717836539500313,1.1909096902010743,0.11846467144467435,-0.7297104957834565,-0.7297104957834566,1.4804659467749903,-0.9439910241165759,0.11430230780956874,0,1,consistent_user,0,0.7856663522243291,-0.7424361417405339
1697,-0.7718107031195512,-1.1496285636279193,-0.736620899410813,-1.2379815727251318,-1.2877318855027686,-1.2877318855027688,1.6707077558015044,-1.4350566712732788,1.8439514113967574,-0.8577035298658984,-1.311479992973772,-1.2124263671669706,-0.5218188133002654,-0.8915523367629506,-0.05240176908038397,-0.8763401272509813,-0.7297104957834565,-0.7297104957834566,-1.4258276275771695,-1.0169255079392272,-0.83905654347078,1,0,at_risk_user,1,-2.1884053398294996,-1.0955188724551288
1698,-0.20346703366480073,2.6861197420896383,1.8360453783997952,2.698627601889398,2.1405731890484905,2.140573189048491,-0.16998134259829825,1.4846451515379642,-0.9320047149496598,1.8059720287238485,2.1700229110092013,1.8077677621591268,1.39109399536181,3.9434394341806294,1.350308595237159,2.9370782677490324,2.540700689800662,2.5407006898006625,-1.4258276275771695,0.15002623322319394,2.192810049177459,0,1,power_user,2,4.647604178517822,1.8405237607549803
1699,0.3648766357899498,-0.6016645199539825,-0.736620899410813,0.4022722500309223,0.5272531539655451,0.5272531539655451,-0.09561006589527597,0.3544379943207086,-0.6556683282145582,0.4741342494289751,-0.3685729564783833,0.7221459510783946,0.8316028652535606,-0.28717836539500313,0.7764725371072548,0.4500662710098929,0.9054950970086029,0.905495097008603,0.31794851703412635,0.5876331361591018,0.44523836882872403,0,1,consistent_user,0,1.3953300768744081,-0.7350170227195714
1700,-1.3401543725743017,-0.6016645199539825,1.0444557544580695,-1.2379815727251318,-1.2877318855027686,-1.2877318855027688,1.6707077558015044,-1.4350566712732788,1.8439514113967574,-0.8577035298658984,-1.311479992973772,-0.3098175886691329,-2.0377663477395522,-0.8915523367629506,-1.7101503814556616,-1.0421409270335906,-0.7297104957834565,-0.7297104957834566,-0.2633101978363056,-0.36051515353536534,-1.8910387241939233,1,0,casual_user,3,-3.047338802753571,1.0144389829235207
1701,0.9332203052447002,2.6861197420896383,0.5695019800930341,2.0425260727869765,1.7372431802777542,1.7372431802777546,0.5277962241153527,1.1965531310708206,-0.9574163785461,2.4718909183712854,0.9172093660153285,0.6311185264952794,0.8316028652535606,1.727401539164822,1.4546424239880504,2.4396758684012045,2.540700689800662,2.5407006898006625,-0.2633101978363056,1.3169779743856151,1.6673706977218612,0,1,consistent_user,2,3.2606077947791587,0.6726176844323104
1702,0.3648766357899498,-0.053700476280045734,-0.439774790432666,0.07422148547971154,0.32558814958017684,0.3255881495801769,-0.6608317688382453,-0.003460938798088793,-0.1237988799678133,-0.19178464021846164,0.5743340800170054,0.7556823706616477,0.7115380491431296,0.11573761551696186,0.9422473983447828,0.28426547122728363,-0.7297104957834565,-0.7297104957834566,-0.2633101978363056,0.22296071704584525,0.39702251887891393,0,1,consistent_user,0,1.1020810785857993,-0.4804188197833861
1703,-0.20346703366480073,-1.1496285636279193,-0.9345183053962445,-0.25382927907149927,-0.07774185919055952,-0.07774185919055944,-0.27224184806495383,-0.09293567207778825,-0.30071022588346086,-0.19178464021846164,-0.3685729564783833,-0.6547636186683066,-0.30911015763833327,-0.48863635585098564,-0.4668389221742034,-0.5447385276857627,-0.7297104957834565,-0.7297104957834566,-1.4258276275771695,1.6816503934988718,-0.260466344073051,0,0,casual_user,1,-1.042666212894047,-0.8050084028781379
1704,0.3648766357899498,1.042227611067828,0.1539174275236282,0.4022722500309223,0.32558814958017684,0.3255881495801769,-0.6608317688382453,0.7123369274395064,-0.43168529539555645,-0.19178464021846164,0.26003173451854256,0.4404400265790694,0.8879321113235271,0.11573761551696186,0.5001811017113752,0.28426547122728363,-0.7297104957834565,-0.7297104957834566,-0.8445689127067375,1.3899124582082665,0.21730889633870962,0,1,consistent_user,0,0.7312083263095079,-0.06706987515572216
1705,0.9332203052447002,-0.053700476280045734,-0.6178824558195544,0.7303230145821331,1.1322481671216496,1.1322481671216498,0.005322381058825778,0.09879589923585338,-0.6845836143151632,1.1400531390764117,1.1131381008715133,0.5774602551620744,0.8316028652535606,0.9215695773408918,0.18441946125894132,0.28426547122728363,0.9054950970086029,0.905495097008603,-1.4258276275771695,-1.0898599917618785,1.0257071078348876,0,1,consistent_user,2,1.9276433056965507,-0.5819785299070889
1706,0.3648766357899498,0.49426356739389105,-0.1429286814545189,-0.08980389679589386,0.12392314519480867,0.12392314519480872,-1.3516582946574307,-0.04322748692239988,-0.5520224601859248,-0.8577035298658984,-1.311479992973772,-0.3759322444189746,0.18305664901163074,-0.8915523367629506,0.8685696822392148,0.11846467144467435,-0.7297104957834565,-0.7297104957834566,-0.8445689127067375,-0.5793186050033193,-0.32475414400613184,0,0,casual_user,0,-0.41811714868590977,0.00012542226047770004
1707,-0.7718107031195512,0.49426356739389105,1.0444557544580695,0.4022722500309223,0.12392314519480867,0.12392314519480872,-0.48812513738344926,1.1497689568069256,-0.2882155725941748,-0.19178464021846164,-0.3685729564783833,-0.622185382501718,0.18305664901163074,-0.28717836539500313,-0.6049846398721432,-0.3789377279031535,-0.7297104957834565,-0.7297104957834566,0.8992072319045583,-0.287580669712714,-0.22978353046862618,0,0,casual_user,0,-0.7955068837070963,0.8170376890442581
1708,-1.3401543725743017,-0.6016645199539825,1.0444557544580695,-1.2379815727251318,-1.2877318855027686,-1.2877318855027688,1.6707077558015044,-1.4350566712732788,1.8439514113967574,-0.8577035298658984,0.5743340800170054,-0.45641965141878177,-2.0377663477395522,-0.6900943463069682,-0.05240176908038397,-0.8763401272509813,-0.7297104957834565,-0.7297104957834566,-0.2633101978363056,-1.3815979270524839,-0.9705543160611729,1,0,casual_user,3,-1.710947498292177,1.1458758944898135
1709,-1.3401543725743017,-1.1496285636279193,-0.1429286814545189,-1.402006955000737,-1.489396889888137,-1.489396889888137,-2.215191451931412,-3.2245513368672665,1.8439514113967574,-1.523622419513335,-1.311479992973772,-1.536292361999528,-2.0377663477395522,-0.8915523367629506,-1.7101503814556616,-1.0421409270335906,-0.7297104957834565,-0.7297104957834566,0.8992072319045583,0.8064365876270558,-1.9436378332300805,1,0,at_risk_user,3,-3.495069994156195,0.6748642134630441
1710,-1.3401543725743017,-1.1496285636279193,-0.1429286814545189,-0.08980389679589386,-0.07774185919055952,-0.07774185919055944,-0.27224184806495383,0.3544379943207086,-0.902378831816309,-0.19178464021846164,-0.8924101989758214,-0.5541543599185476,-2.0377663477395522,-0.6900943463069682,-0.9733732203999828,-0.710539327468372,-0.7297104957834565,-0.7297104957834566,-0.8445689127067375,-1.3815979270524839,-1.3124485247961946,0,0,casual_user,3,-2.075304159975384,0.5221487753502544
1711,-0.7718107031195512,-1.1496285636279193,-0.736620899410813,-1.2379815727251318,-1.2877318855027686,-1.2877318855027688,1.6707077558015044,-1.4350566712732788,1.8439514113967574,-0.8577035298658984,0.5743340800170054,-0.19866831233606586,0.18305664901163074,-0.6900943463069682,-1.7101503814556616,-1.0421409270335906,-0.7297104957834565,-0.7297104957834566,1.4804659467749903,1.1711090067403125,-0.444563225699601,1,0,casual_user,1,-1.4069292145970347,-1.3569223470725547
1712,0.3648766357899498,-0.053700476280045734,-0.439774790432666,0.7303230145821331,1.1322481671216496,1.1322481671216498,-0.5498060771887336,0.09879589923585338,-0.6616859942282807,0.4741342494289751,2.1907461425805286,1.7656076918258947,0.9941287211390216,1.727401539164822,1.3685256129555685,1.11326947014033,0.9054950970086029,0.905495097008603,0.8992072319045583,-0.21464618589006268,1.5892689903651434,0,1,power_user,2,3.4351478205513146,-0.2346315407689041
1713,-0.7718107031195512,-0.053700476280045734,0.4507635365017753,-0.08980389679589386,-0.07774185919055952,-0.07774185919055944,-0.27224184806495383,0.3544379943207086,-0.6461454416542143,-0.19178464021846164,0.36479918301803,-0.5043288222520003,0.18305664901163074,-0.08572037493902064,0.5001811017113752,-0.04733612833793493,-0.7297104957834565,-0.7297104957834566,1.4804659467749903,-1.0169255079392272,0.14863783731928254,0,0,casual_user,0,-0.1111727603767114,0.308799886182412
1714,-0.20346703366480073,-0.6016645199539825,-0.5387234934253817,0.23824686775531695,0.5272531539655451,0.5272531539655451,-0.8021371945739878,0.029075327849074427,-0.7295466096436922,-0.19178464021846164,0.06002115101952067,-0.49283062125202776,-0.12485353907747694,-0.08572037493902064,-0.8059238656146012,-0.5447385276857627,0.08789230061257318,0.08789230061257323,-1.4258276275771695,-1.6004013785204378,0.16829609019138153,0,0,casual_user,0,-0.26531168831031227,-0.2620952252707664
1715,-0.20346703366480073,-1.1496285636279193,-0.9345183053962445,0.4022722500309223,0.5272531539655451,0.5272531539655451,2.02397132014086,0.3544379943207086,-0.4123379041714837,2.4718909183712854,1.202938771013931,0.7116059334950866,0.6473462466927044,0.7201115868849094,0.5001811017113752,0.28426547122728363,0.08789230061257318,0.08789230061257323,0.31794851703412635,-1.3815979270524839,0.7739828003047063,0,1,consistent_user,2,1.403308981866204,-1.3296119099240562
1716,1.5015639746994507,2.6861197420896383,0.2528661305163439,1.878500690511371,1.9389081846631224,1.9389081846631226,-0.05635855874645839,0.7521034755638172,-0.706785663631341,1.8059720287238485,1.741742791868439,2.0061117294086515,1.1936327314283277,2.533233500988752,1.28958520284246,2.1080742688359857,3.358303486196692,3.358303486196692,-0.2633101978363056,-1.6004013785204378,2.1565879521122664,0,1,power_user,2,4.690497400938137,0.5554003524836636
1717,1.5015639746994507,0.49426356739389105,-0.5387234934253817,1.7144753082357655,1.3339131715070178,1.333913171507018,-0.14271187447385666,1.3088351493041683,-0.7634613598255083,1.1400531390764117,1.8944039311105494,0.6330348933286081,0.7966674572055393,2.533233500988752,0.7764725371072548,1.4448710697055487,0.9054950970086029,0.905495097008603,0.31794851703412635,1.0981745229176612,1.4446214405157105,0,1,consistent_user,2,2.5757951070011402,-0.3930006963339352
1718,-0.20346703366480073,-0.053700476280045734,-0.1429286814545189,-0.41785466134710464,-0.48107186796129586,-0.4810718679612959,-0.91989171602044,0.3544379943207086,-0.11061152409871587,-0.8577035298658984,-1.311479992973772,-0.958507761750912,-1.0813099434085147,-0.8915523367629506,-1.7101503814556616,-1.0421409270335906,-0.7297104957834565,-0.7297104957834566,1.4804659467749903,0.44176416851379924,-1.1337584261236324,0,0,at_risk_user,3,-2.4894706423734427,0.17717339003949462
1719,-0.20346703366480073,1.042227611067828,0.6486609424872066,0.5662976323065277,0.7289181583509132,0.7289181583509132,-0.91989171602044,0.3544379943207086,-0.5996544176450964,-0.19178464021846164,2.1700229110092013,1.8585514832423384,0.9941287211390216,1.5259435487088393,1.350308595237159,0.9474686703577208,0.08789230061257318,0.08789230061257323,-0.2633101978363056,-0.506384121180668,1.298625195562787,0,1,power_user,2,2.9851168645723125,0.6718116071713023
1720,-0.20346703366480073,2.6861197420896383,1.8360453783997952,1.0583737791333439,1.1322481671216496,1.1322481671216498,0.5604508393063854,0.6100800894055639,-0.5439376452626444,1.8059720287238485,0.10288056176931103,0.6426167274952517,0.8316028652535606,0.3171956059729444,0.7764725371072548,0.9474686703577208,0.9054950970086029,0.905495097008603,-0.2633101978363056,-0.287580669712714,0.7674079116751868,0,1,consistent_user,2,1.7773767732083374,1.483464959950162
1721,-0.7718107031195512,-1.1496285636279193,-0.736620899410813,-1.0739561904495263,-1.0860668811174004,-1.0860668811174004,0.3754080198905321,-0.8385584494086165,1.8439514113967574,-0.8577035298658984,-1.311479992973772,-0.29065392033584553,0.18305664901163074,-0.8915523367629506,0.5001811017113752,-0.710539327468372,-0.7297104957834565,-0.7297104957834566,-0.2633101978363056,0.5146986523364505,-0.6987922527076942,1,0,casual_user,1,-1.1386840130189126,-1.0166522606068107
1722,0.9332203052447002,-0.053700476280045734,-0.6178824558195544,0.07422148547971154,0.12392314519480867,0.12392314519480872,-0.48812513738344926,0.3544379943207086,-0.4683699200808856,-0.19178464021846164,0.5743340800170054,0.5314674511621846,0.3759106468573385,0.11573761551696186,0.2791479533946715,-0.04733612833793493,-0.7297104957834565,-0.7297104957834566,0.8992072319045583,1.6816503934988718,0.23922519177044227,0,1,consistent_user,0,0.5096291486159148,-0.6089051014836317
1723,-1.3401543725743017,-0.053700476280045734,2.231840190370658,-1.0739561904495263,-1.0860668811174004,-1.0860668811174004,2.9660074917124764,-0.8385584494086165,1.8439514113967574,-0.19178464021846164,-1.311479992973772,-0.25999205100258566,-2.0377663477395522,-0.8915523367629506,-0.6049846398721432,-0.8763401272509813,-0.7297104957834565,-0.7297104957834566,-0.8445689127067375,0.3688296846911479,-1.663109251703909,0,0,casual_user,3,-2.5511894280943044,1.8845021564336961
1724,-1.3401543725743017,-1.1496285636279193,-0.1429286814545189,-1.402006955000737,-1.489396889888137,-1.489396889888137,-2.215191451931412,-3.2245513368672665,1.8439514113967574,-1.523622419513335,-1.311479992973772,-1.536292361999528,-2.0377663477395522,-0.8915523367629506,-1.7101503814556616,-1.0421409270335906,-0.7297104957834565,-0.7297104957834566,-1.4258276275771695,0.2958952008684966,-1.9436378332300805,1,0,at_risk_user,3,-3.495069994156195,0.6748642134630441
1725,-0.7718107031195512,-1.1496285636279193,-0.736620899410813,-1.2379815727251318,-1.2877318855027686,-1.2877318855027688,1.6707077558015044,-1.4350566712732788,1.8439514113967574,-0.8577035298658984,0.5743340800170054,-1.17505721391706,-0.12485353907747694,-0.6900943463069682,-1.7101503814556616,-1.0421409270335906,-0.7297104957834565,-0.7297104957834566,0.8992072319045583,-0.5793186050033193,-0.444563225699601,0,0,at_risk_user,1,-1.9557214750641085,-1.2793607586338334
1726,1.5015639746994507,-0.053700476280045734,-0.736620899410813,1.3864245436845548,1.3339131715070178,1.333913171507018,0.3754080198905321,0.8316365718124386,-0.5630061885168262,1.8059720287238485,1.8315434620108568,1.7972277445758187,1.0541327361221255,2.130317520076787,1.2369582627670541,1.6106718694881579,1.7230978934046326,1.7230978934046326,-0.8445689127067375,-1.6733358623430892,1.6710898266436098,0,1,power_user,2,3.6413119286756794,-0.6096473158307975
1727,0.9332203052447002,2.6861197420896383,0.5695019800930341,2.5346022196137925,1.7372431802777542,1.7372431802777546,-0.38653300123356904,1.8281394836334046,-0.7987810284033514,1.1400531390764117,1.8566876496507336,1.6927857521594027,0.9941287211390216,3.339065462812682,1.3401070653148495,2.771277467966423,1.7230978934046326,1.7230978934046326,1.4804659467749903,-0.43344963735801667,1.8014187301443099,0,1,power_user,2,3.835197118246781,0.7673487001752919
1728,-0.20346703366480073,1.5901916547417647,1.0444557544580695,1.2223991614089493,1.1322481671216496,1.1322481671216498,-0.5498060771887336,0.8657221844904192,-0.7983082292598324,0.4741342494289751,1.1289852779554694,1.8365132646590583,0.9941287211390216,1.324485558252857,1.4103175947801552,1.6106718694881579,0.9054950970086029,0.905495097008603,0.8992072319045583,-1.5274668946977865,1.2257163249681742,0,1,power_user,2,3.071110338012167,1.0548896541243047
1729,-1.3401543725743017,-1.1496285636279193,-0.1429286814545189,-1.402006955000737,-1.489396889888137,-1.489396889888137,-2.215191451931412,-3.2245513368672665,1.8439514113967574,-1.523622419513335,-1.311479992973772,-1.536292361999528,-2.0377663477395522,-0.8915523367629506,-1.7101503814556616,-1.0421409270335906,-0.7297104957834565,-0.7297104957834566,-0.2633101978363056,1.3899124582082665,-1.9436378332300805,0,0,at_risk_user,3,-3.495069994156195,0.6748642134630441
1730,-0.7718107031195512,-0.053700476280045734,0.4507635365017753,-0.7459054258983154,-0.682736872346664,-0.6827368723466641,-0.6608317688382453,-0.36135987191688623,1.3435396338851502,-0.8577035298658984,0.19717126541884997,-1.211468183750306,-1.0813099434085147,-0.48863635585098564,-0.38395149155543945,-0.710539327468372,-0.7297104957834565,-0.7297104957834566,0.31794851703412635,-0.5793186050033193,-0.44997000865358916,0,0,at_risk_user,3,-1.5803411189335708,0.7287145879284446
1731,0.3648766357899498,-0.6016645199539825,-0.736620899410813,-0.7459054258983154,-0.682736872346664,-0.6827368723466641,0.8935279142549213,-0.36135987191688623,-0.9738956286756881,-0.19178464021846164,0.19717126541884997,-0.7017146060848606,0.18305664901163074,-0.48863635585098564,-0.38395149155543945,-0.710539327468372,-0.7297104957834565,-0.7297104957834566,-0.8445689127067375,-1.6733358623430892,-0.2078672350368938,1,0,casual_user,1,-0.9385765204494134,-1.099448495228393
1732,0.3648766357899498,-0.6016645199539825,-0.736620899410813,1.2223991614089493,1.1322481671216496,1.1322481671216498,-0.5498060771887336,0.8657221844904192,-0.7569861222612039,0.4741342494289751,0.9071247987800837,0.6771113304951693,0.5092435931882985,1.1230275677968744,0.4351713522064625,0.7816678705751114,0.9054950970086029,0.905495097008603,0.31794851703412635,1.3899124582082665,0.9936614321615986,0,1,consistent_user,2,1.8937226409602321,-0.4401843556934375
1733,0.9332203052447002,-0.6016645199539825,-0.855359343002072,0.4022722500309223,0.5272531539655451,0.5272531539655451,-0.09561006589527597,0.3544379943207086,-0.4613419341393589,0.4741342494289751,2.14584580750932,1.5940928602429723,1.39109399536181,1.324485558252857,1.329055407899014,0.7816678705751114,0.9054950970086029,0.905495097008603,-0.2633101978363056,0.004157265577891283,1.4095553678249388,0,1,power_user,2,3.194264394064567,-0.9204734508587511
1734,1.5015639746994507,0.49426356739389105,-0.5387234934253817,0.7303230145821331,0.7289181583509132,0.7289181583509132,1.0230578878460184,0.6526871052530396,-0.3847725023572246,1.8059720287238485,1.382540111298767,0.5075128657455753,0.7966674572055393,1.1230275677968744,1.1317043826162427,0.9474686703577208,1.7230978934046326,1.7230978934046326,-0.8445689127067375,0.7335021038044045,1.3400494023128746,0,1,consistent_user,2,2.46274328330394,-0.6014757261969098
1735,1.5015639746994507,0.49426356739389105,-0.5387234934253817,1.7144753082357655,1.5355781758923859,1.5355781758923863,-0.27224184806495383,1.025498493918454,-0.7756260969054527,1.1400531390764117,1.8944039311105494,1.641043847659526,1.3203156653156891,2.533233500988752,1.1080222595823104,1.7764726692707673,0.9054950970086029,0.905495097008603,-0.2633101978363056,-1.1627944755845299,1.549819658588025,0,1,power_user,2,3.4500744781502712,-0.48752662174595995
1736,-0.20346703366480073,0.49426356739389105,0.2528661305163439,0.23824686775531695,0.32558814958017684,0.3255881495801769,0.1163480727083377,0.3544379943207086,-0.4010656188150278,0.4741342494289751,-0.9686047069754489,-0.7333346588347849,0.31457277492034114,-0.6900943463069682,0.3997114888401463,0.11846467144467435,0.9054950970086029,0.905495097008603,1.4804659467749903,0.22296071704584525,0.12366654313039999,0,0,casual_user,0,0.07175283478072421,0.17872504227350403
1737,-1.3401543725743017,-0.6016645199539825,1.0444557544580695,-1.2379815727251318,-1.2877318855027686,-1.2877318855027688,1.6707077558015044,-1.4350566712732788,1.8439514113967574,-0.8577035298658984,-1.311479992973772,-0.11338998825293696,-2.0377663477395522,-0.8915523367629506,-0.05240176908038397,-0.8763401272509813,-0.7297104957834565,-0.7297104957834566,1.4804659467749903,-0.6522530888259707,-1.6280431790131376,1,0,casual_user,3,-2.291756630018794,1.1079349868465262
1738,0.9332203052447002,-0.053700476280045734,-0.6178824558195544,-0.25382927907149927,-0.2794068635759277,-0.2794068635759276,1.1155792975539447,0.3544379943207086,-0.4913658804033492,0.4741342494289751,0.10288056176931103,-0.58098349558515,0.18305664901163074,-0.28717836539500313,-0.4668389221742034,-0.5447385276857627,0.08789230061257318,0.08789230061257323,0.8992072319045583,0.8064365876270558,0.02663712608264013,1,0,casual_user,1,-0.4732039476475401,-0.9070030944701368
1739,-0.7718107031195512,-0.053700476280045734,0.4507635365017753,-0.08980389679589386,0.12392314519480867,0.12392314519480872,0.3754080198905321,-0.04322748692239988,-0.3580352915155005,0.4741342494289751,0.7838689770159807,0.8045497249115304,0.6473462466927044,0.11573761551696186,0.5001811017113752,-0.04733612833793493,0.08789230061257318,0.08789230061257323,-0.2633101978363056,0.5146986523364505,0.5226759460208448,0,1,consistent_user,0,1.1814035073867144,0.1787867945116755
1740,-0.20346703366480073,-0.053700476280045734,-0.1429286814545189,-0.5818800436227101,-0.48107186796129586,-0.4810718679612959,0.3754080198905321,-0.24206022754395373,-0.5300442849575677,-0.19178464021846164,-0.6828753019768462,-0.5187015735019659,-0.12485353907747694,-0.6900943463069682,-0.6049846398721432,-0.710539327468372,-0.7297104957834565,-0.7297104957834566,0.8992072319045583,0.7335021038044045,-0.4971623347357582,1,0,casual_user,1,-1.2957394273541534,-0.3582513875181293
1741,0.9332203052447002,-0.053700476280045734,-0.6178824558195544,0.8943483968577386,1.1322481671216496,1.1322481671216498,-0.5498060771887336,0.3544379943207086,-0.8614190941464419,0.4741342494289751,0.7000550182163905,0.4921819310789457,0.4346375910307722,0.7201115868849094,0.5001811017113752,0.6158670707925021,1.7230978934046326,1.7230978934046326,-0.8445689127067375,-1.5274668946977865,1.1071104908670353,0,1,consistent_user,2,2.04548451558261,-0.2250594491632848
1742,-0.7718107031195512,-0.053700476280045734,0.4507635365017753,-0.25382927907149927,-0.07774185919055952,-0.07774185919055944,-0.27224184806495383,-0.09293567207778825,-0.4982266618104257,-0.19178464021846164,0.5743340800170054,-0.516785206668637,0.4346375910307722,-0.08572037493902064,-0.05240176908038397,-0.3789377279031535,-0.7297104957834565,-0.7297104957834566,-0.8445689127067375,1.3169779743856151,0.13402697369812783,0,0,casual_user,0,-0.16102000135022568,0.18916152202081174
1743,-0.7718107031195512,1.042227611067828,1.6381479724143637,0.23824686775531695,0.5272531539655451,0.5272531539655451,0.6109170627834363,0.029075327849074427,-0.6051326662577887,1.1400531390764117,0.4028964370178437,0.9703154559944667,0.4346375910307722,0.11573761551696186,1.0025291660675202,0.4500662710098929,0.9054950970086029,0.905495097008603,-1.4258276275771695,0.5146986523364505,0.7500741143791805,0,1,consistent_user,2,1.7085421446169908,1.4200869735066761
1744,-0.7718107031195512,-0.053700476280045734,0.4507635365017753,0.23824686775531695,0.5272531539655451,0.5272531539655451,-0.8021371945739878,0.029075327849074427,-0.5782692810973452,-0.19178464021846164,-0.6257294209771256,-0.5493634428352256,0.18305664901163074,-0.48863635585098564,-0.8059238656146012,-0.5447385276857627,0.08789230061257318,0.08789230061257323,-0.2633101978363056,1.1711090067403125,-0.07079076906387813,0,0,casual_user,0,-0.4371671831619295,0.47438658573947706
1745,-0.7718107031195512,-0.053700476280045734,0.4507635365017753,-0.5818800436227101,-0.48107186796129586,-0.4810718679612959,-0.91989171602044,-0.24206022754395373,-0.6358266857751745,-0.8577035298658984,-0.054270610979920475,-0.6528472518349777,-0.12485353907747694,-0.48863635585098564,-0.05240176908038397,-0.5447385276857627,-0.7297104957834565,-0.7297104957834566,1.4804659467749903,0.004157265577891283,-0.19033419869150797,1,0,casual_user,0,-0.8278258431077757,0.46874705316348214
1746,-0.7718107031195512,-1.1496285636279193,-0.736620899410813,-0.5818800436227101,-0.48107186796129586,-0.4810718679612959,-0.91989171602044,-0.24206022754395373,-0.3600632001231258,-0.8577035298658984,-0.6828753019768462,-0.5982307970851087,-0.12485353907747694,-0.6900943463069682,-0.05240176908038397,-0.5447385276857627,-0.7297104957834565,-0.7297104957834566,0.8992072319045583,-0.14171170206741138,-0.4094971530088299,0,0,casual_user,0,-1.0476153215676265,-0.5974195803847426
1747,-0.20346703366480073,-1.1496285636279193,-0.9345183053962445,-0.9099308081739209,-0.8844018767320323,-0.8844018767320323,-0.27224184806495383,-0.5403093384762852,0.5451319978241609,-0.8577035298658984,-0.3685729564783833,-0.5081615559186577,0.03767231680798374,-0.6900943463069682,-0.8812760752680229,-0.8763401272509813,-0.7297104957834565,-0.7297104957834566,1.4804659467749903,1.3169779743856151,-0.5366116665128764,1,0,casual_user,1,-1.3641597252649664,-1.038276490958546
1748,-0.20346703366480073,-1.1496285636279193,-0.9345183053962445,-0.7459054258983154,-0.682736872346664,-0.6827368723466641,0.8935279142549213,-0.36135987191688623,1.4085351692755814,-0.19178464021846164,0.19717126541884997,-0.5148688398353083,-0.12485353907747694,-0.48863635585098564,0.2791479533946715,-0.5447385276857627,-0.7297104957834565,-0.7297104957834566,0.8992072319045583,1.0981745229176612,-0.10266901696457965,0,0,casual_user,1,-0.7078716721644241,-1.1146624909111673
1749,2.6382513136089516,3.234083785763575,0.005494373034554645,3.026678366440609,2.947233206589963,2.9472332065899636,2.1775641742014495,0.976870921483835,-0.9789012412801416,7.133323145903342,1.6519421217260208,1.748360390325936,1.0583205235894466,3.5405234532686647,1.2501149977859058,3.1028790675316413,3.358303486196692,3.358303486196692,-0.8445689127067375,-1.2357289594071812,2.382012705124369,0,1,power_user,2,4.811618571161143,0.02892672802668249
1750,-0.20346703366480073,0.49426356739389105,0.2528661305163439,0.07422148547971154,0.32558814958017684,0.3255881495801769,-0.6608317688382453,-0.003460938798088793,-0.5942626304172137,-0.19178464021846164,-0.9343171783756165,-0.6231435659183824,0.31457277492034114,-0.6900943463069682,0.2791479533946715,-0.04733612833793493,-0.7297104957834565,-0.7297104957834566,-0.8445689127067375,-0.725187572648622,-0.2341667895549727,0,0,casual_user,0,-0.5113622978185517,0.15182645995662694
1751,0.9332203052447002,-1.1496285636279193,-1.0928362301845895,0.07422148547971154,-0.07774185919055952,-0.07774185919055944,0.6992329538682752,0.8018116607192055,0.3235674064493248,0.4741342494289751,0.19717126541884997,-0.5407397920852464,0.03767231680798374,-0.08572037493902064,0.610697675869727,0.11846467144467435,0.9054950970086029,0.905495097008603,1.4804659467749903,1.3169779743856151,0.4583881460877636,0,0,casual_user,0,0.38345443904102755,-1.0152334618953536
1752,0.3648766357899498,-0.053700476280045734,-0.439774790432666,0.07422148547971154,0.32558814958017684,0.3255881495801769,-0.6608317688382453,-0.003460938798088793,-0.6410650372118968,-0.19178464021846164,-0.9343171783756165,0.7825115063282498,0.8316028652535606,-0.6900943463069682,0.9422473983447828,0.28426547122728363,-0.7297104957834565,-0.7297104957834566,-0.8445689127067375,0.2958952008684966,-0.12896857148265825,0,1,consistent_user,0,0.5749668974296348,-0.5670828143933839
1753,1.5015639746994507,2.1381556984157015,0.054968724530912484,1.55044992596016,1.1322481671216496,1.1322481671216498,-1.1049345354362932,1.3770063746601304,-0.7983082292598324,-0.19178464021846164,1.8646279194317474,1.8192659631590997,1.4363398492230266,2.3317755105327698,1.2563471354264142,1.7764726692707673,0.08789230061257318,0.08789230061257323,-0.2633101978363056,1.1711090067403125,1.2824408543208925,0,1,power_user,2,3.1676621115647814,0.041641119512860716
1754,-1.3401543725743017,-0.053700476280045734,2.231840190370658,-0.9099308081739209,-0.8844018767320323,-0.8844018767320323,-0.27224184806495383,-0.5403093384762852,-0.7236313377372718,-0.8577035298658984,0.5743340800170054,-0.6480563347516559,-2.0377663477395522,-0.48863635585098564,-0.8812760752680229,-0.8763401272509813,-0.7297104957834565,-0.7297104957834566,1.4804659467749903,1.6087159096762205,-0.9968538705792515,1,0,casual_user,3,-1.8634396899484356,2.58061791042093
1755,0.9332203052447002,-0.6016645199539825,-0.855359343002072,-0.5818800436227101,-0.682736872346664,-0.6827368723466641,0.8935279142549213,0.3544379943207086,-0.3939588153078783,-0.19178464021846164,-0.6828753019768462,-0.795616580917969,0.11227831896551003,-0.6900943463069682,-0.6049846398721432,-0.710539327468372,-0.7297104957834565,-0.7297104957834566,-0.8445689127067375,0.8064365876270558,-0.5497614437719154,1,0,casual_user,1,-1.437980074130056,-1.217034824535618
1756,0.3648766357899498,-0.053700476280045734,-0.439774790432666,-0.5818800436227101,-0.682736872346664,-0.6827368723466641,0.8935279142549213,0.3544379943207086,-0.3553394984958528,-0.19178464021846164,-0.054270610979920475,1.7579422244925798,1.139513053342669,-0.48863635585098564,0.5001811017113752,-0.3789377279031535,-0.7297104957834565,-0.7297104957834566,0.8992072319045583,-1.0169255079392272,-0.15526812600073686,1,0,power_user,0,0.7731783562394388,-1.0628383166100517
1757,0.9332203052447002,1.5901916547417647,0.09454820572799878,1.0583737791333439,1.1322481671216496,1.1322481671216498,1.1155792975539447,0.6100800894055639,-0.5350095322248923,2.4718909183712854,0.8100608391408525,0.5736275214954171,0.6957678785066063,0.9215695773408918,0.36203538401343544,0.6158670707925021,1.7230978934046326,1.7230978934046326,-0.8445689127067375,-1.3815979270524839,1.1235477124408346,0,1,consistent_user,2,2.092096478701315,-0.031088292517544754
1758,-1.3401543725743017,1.042227611067828,4.606609062195835,-0.08980389679589386,-0.2794068635759277,-0.2794068635759276,0.005322381058825778,0.8657221844904192,-0.13242324953959728,-0.19178464021846164,-0.054270610979920475,0.48164191349563734,-2.0377663477395522,-0.28717836539500313,0.13179252118353585,-0.2131369281205442,-0.7297104957834565,-0.7297104957834566,-0.8445689127067375,0.9523055552723585,-0.8974999979553991,0,1,consistent_user,3,-0.9497043126184138,4.772141878350084
1759,0.3648766357899498,-1.1496285636279193,-1.03346700838896,-0.9099308081739209,-0.8844018767320323,-0.8844018767320323,-0.27224184806495383,-0.5403093384762852,-0.9350918936641772,-0.8577035298658984,-1.311479992973772,-0.9719223295842132,-0.3764344810966181,-0.8915523367629506,-0.8812760752680229,-0.8763401272509813,-0.7297104957834565,-0.7297104957834566,-0.2633101978363056,-0.725187572648622,-0.8653560979888586,1,0,at_risk_user,1,-2.0943659414926206,-1.0123988853283428
1760,-0.7718107031195512,0.49426356739389105,1.0444557544580695,-0.25382927907149927,-0.07774185919055952,-0.07774185919055944,-1.2437166499981829,-0.09293567207778825,-0.5074889347680525,-0.8577035298658984,1.0457875982646996,0.5295510843288559,0.4346375910307722,0.11573761551696186,-0.4668389221742034,-0.5447385276857627,-0.7297104957834565,-0.7297104957834566,0.8992072319045583,-0.725187572648622,0.23265030314092278,0,1,consistent_user,0,0.3599787998850605,0.945700730119488
1761,0.3648766357899498,-0.6016645199539825,-0.736620899410813,-0.5818800436227101,-0.48107186796129586,-0.4810718679612959,0.3754080198905321,-0.24206022754395373,-0.43467013997355874,-0.19178464021846164,-0.6828753019768462,-0.49187243783536344,0.18305664901163074,-0.6900943463069682,-0.6049846398721432,-0.710539327468372,-0.7297104957834565,-0.7297104957834566,-0.8445689127067375,1.3169779743856151,-0.4971623347357582,1,0,casual_user,1,-1.164704008481172,-1.0007284236794054
1762,-0.20346703366480073,0.49426356739389105,0.2528661305163439,0.5662976323065277,0.7289181583509132,0.7289181583509132,-0.91989171602044,0.3544379943207086,-0.6181360681827726,-0.19178464021846164,0.7193967010162958,-0.5416979755019107,0.4346375910307722,0.5186535964289268,-0.6899973892247215,-0.3789377279031535,0.08789230061257318,0.08789230061257323,0.8992072319045583,1.2440434905629638,0.46917770691569316,0,0,casual_user,0,0.3260280985915365,0.291248865188707
1763,0.3648766357899498,1.042227611067828,0.1539174275236282,-0.25382927907149927,-0.2794068635759277,-0.2794068635759276,0.005322381058825778,0.3544379943207086,-0.6930200837345617,-0.19178464021846164,1.0457875982646996,-0.7572892442513941,0.08785511658445516,0.11573761551696186,-0.05240176908038397,-0.3789377279031535,-0.7297104957834565,-0.7297104957834566,0.31794851703412635,0.5876331361591018,0.2458000803999618,1,0,casual_user,0,-0.31920913191304234,-0.014790526375175587
1764,0.3648766357899498,-0.053700476280045734,-0.439774790432666,2.0425260727869765,1.9389081846631224,1.9389081846631226,0.3754080198905321,0.9509362161853714,-0.7808010717178885,2.4718909183712854,1.7743975810111365,1.9074188374922212,1.1847589072038855,2.7346914914447344,1.0025291660675202,1.9422734690533765,1.7230978934046326,1.7230978934046326,-0.2633101978363056,1.3899124582082665,1.7717719595966577,0,1,power_user,2,3.888237419935494,-0.3422756966702148
1765,-0.20346703366480073,-1.1496285636279193,-0.9345183053962445,-1.0739561904495263,-1.0860668811174004,-1.0860668811174004,2.9660074917124764,-0.8385584494086165,1.8439514113967574,-0.19178464021846164,-1.311479992973772,-1.234464585750251,-0.7733997553194069,-0.8915523367629506,-1.7101503814556616,-1.0421409270335906,-0.7297104957834565,-0.7297104957834566,0.8992072319045583,1.4628469420309178,-1.1154984734377322,1,0,at_risk_user,1,-2.936405316720727,-1.500427572019736
1766,0.9332203052447002,-1.1496285636279193,-1.0928362301845895,-0.7459054258983154,-0.8844018767320323,-0.8844018767320323,-0.27224184806495383,0.3544379943207086,-0.9350918936641772,-0.8577035298658984,-1.311479992973772,-1.0648661210006574,-0.30911015763833327,-0.8915523367629506,-1.7101503814556616,-1.0421409270335906,-0.7297104957834565,-0.7297104957834566,0.8992072319045583,-1.3086634432298325,-0.9968538705792515,1,0,at_risk_user,1,-2.443774071076742,-1.1372960805036403
1767,-0.20346703366480073,-0.6016645199539825,-0.5387234934253817,0.4022722500309223,0.7289181583509132,0.7289181583509132,-0.91989171602044,0.05618888338837724,-0.7669691349661931,-0.19178464021846164,0.26003173451854256,-0.6279344830017041,0.03767231680798374,0.11573761551696186,-0.8812760752680229,-0.5447385276857627,0.08789230061257318,0.08789230061257323,-0.2633101978363056,1.6816503934988718,0.2786745235475599,0,0,casual_user,0,-0.12096341104352103,-0.2833619905212494
1768,-0.7718107031195512,-0.053700476280045734,0.4507635365017753,0.23824686775531695,0.32558814958017684,0.3255881495801769,0.1163480727083377,0.3544379943207086,-0.38098512998797246,0.4741342494289751,-0.6257294209771256,-0.5924816965851224,0.18305664901163074,-0.48863635585098564,0.3997114888401463,0.11846467144467435,0.9054950970086029,0.905495097008603,-0.8445689127067375,0.3688296846911479,0.24320997275802983,0,0,casual_user,0,0.21584952598394425,0.4196584352834515
1769,-0.7718107031195512,0.49426356739389105,1.0444557544580695,-0.7459054258983154,-0.8844018767320323,-0.8844018767320323,-0.27224184806495383,0.3544379943207086,-0.7236313377372718,-0.8577035298658984,-1.311479992973772,-0.8195711663345783,0.18305664901163074,-0.8915523367629506,-0.38395149155543945,-0.710539327468372,-0.7297104957834565,-0.7297104957834566,-0.8445689127067375,-1.2357289594071812,-0.7864574344346228,1,0,casual_user,1,-1.6101839377602167,0.6443100721737685
1770,-0.20346703366480073,-0.053700476280045734,-0.1429286814545189,-0.5818800436227101,-0.48107186796129586,-0.4810718679612959,-0.91989171602044,-0.24206022754395373,-0.7604800612452531,-0.8577035298658984,-0.054270610979920475,-0.599188980501773,0.03767231680798374,-0.48863635585098564,-0.6049846398721432,-0.710539327468372,-0.7297104957834565,-0.7297104957834566,1.4804659467749903,-1.4545324108751352,-0.27799938041843686,1,0,casual_user,0,-0.9643117555057825,-0.14531772221975184
1771,0.9332203052447002,1.042227611067828,-0.1429286814545189,1.55044992596016,1.7372431802777542,1.7372431802777546,0.5277962241153527,0.5649667785082366,-0.6608284052735847,2.4718909183712854,0.2765739632289878,0.5803348054120676,0.6957678785066063,0.7201115868849094,0.9073474275579347,1.4448710697055487,0.08789230061257318,0.08789230061257323,-1.4258276275771695,-1.3086634432298325,0.8311958662738604,0,1,consistent_user,2,1.7678688368453932,-0.22832849329539107
1772,1.5015639746994507,-0.053700476280045734,-0.736620899410813,-0.08980389679589386,0.12392314519480867,0.12392314519480872,-0.48812513738344926,-0.04322748692239988,-0.5274593337266694,-0.19178464021846164,0.7838689770159807,0.6244112425786288,0.5661537169394822,0.11573761551696186,0.13179252118353585,-0.2131369281205442,-0.7297104957834565,-0.7297104957834566,0.8992072319045583,0.2958952008684966,0.28890212808236865,1,0,consistent_user,0,0.6459958025798769,-0.7848921234039447
1773,-0.20346703366480073,-1.1496285636279193,-0.9345183053962445,-1.0739561904495263,-1.0860668811174004,-1.0860668811174004,0.3754080198905321,-0.8385584494086165,1.8439514113967574,-0.8577035298658984,-1.311479992973772,-1.0811552390839516,-0.5218188133002654,-0.8915523367629506,-0.6049846398721432,-0.8763401272509813,-0.7297104957834565,-0.7297104957834566,-0.8445689127067375,-0.43344963735801667,-0.8741226161615515,1,0,at_risk_user,1,-2.2054288834350566,-1.0112325025490745
1774,-0.7718107031195512,-1.1496285636279193,-0.736620899410813,-1.2379815727251318,-1.2877318855027686,-1.2877318855027688,1.6707077558015044,-1.4350566712732788,1.8439514113967574,-0.8577035298658984,-1.311479992973772,-0.37401587758564575,-0.12485353907747694,-0.8915523367629506,-0.05240176908038397,-0.8763401272509813,-0.7297104957834565,-0.7297104957834566,-0.2633101978363056,-0.14171170206741138,-0.83905654347078,1,0,casual_user,1,-1.6658522339111532,-1.212953275085463
1775,2.0699076441542013,-0.6016645199539825,-0.9910604213920822,1.2223991614089493,1.3339131715070178,1.333913171507018,-0.6608317688382453,0.5930372830665736,-0.6431756410537901,0.4741342494289751,0.6852643196046981,0.6454912777452448,0.6140946398436786,0.9215695773408918,0.8252298492359393,1.11326947014033,1.7230978934046326,1.7230978934046326,0.31794851703412635,0.15002623322319394,1.2061205784645075,0,1,consistent_user,2,2.401279706978963,-0.5578659516942911
1776,1.5015639746994507,-1.1496285636279193,-1.132415711381676,1.2223991614089493,0.9305831627362814,0.9305831627362817,-0.42169950990083516,1.1803586092102416,-0.2566805284863954,0.4741342494289751,0.46340384042931254,0.3877399386625289,0.7240256901289529,0.7201115868849094,1.2152883462654165,1.4448710697055487,0.9054950970086029,0.905495097008603,1.4804659467749903,0.7335021038044045,0.9101216707512314,0,1,consistent_user,2,1.8981188041062418,-0.9041013095260871
1777,0.9332203052447002,1.5901916547417647,0.09454820572799878,0.8943483968577386,0.9305831627362814,0.9305831627362817,-0.42169950990083516,0.6297448659505527,-0.9046087745782271,0.4741342494289751,1.4543806474127012,1.8719660510756397,1.39109399536181,1.324485558252857,1.38431369497819,1.2790702699229393,1.7230978934046326,1.7230978934046326,0.8992072319045583,-1.5274668946977865,1.4577712177747497,1,0,power_user,2,3.578157130313397,0.1153467364838201
1778,-0.20346703366480073,-1.1496285636279193,-0.9345183053962445,-0.7459054258983154,-0.682736872346664,-0.6827368723466641,0.8935279142549213,-0.36135987191688623,-0.06831094856461352,-0.19178464021846164,-1.311479992973772,-0.9470095607509397,-0.30911015763833327,-0.8915523367629506,-1.0470509365055505,-0.8763401272509813,-0.7297104957834565,-0.7297104957834566,0.8992072319045583,1.4628469420309178,-0.83905654347078,1,0,at_risk_user,1,-2.09004988488288,-1.1719521766613454
1779,-0.20346703366480073,-0.6016645199539825,-0.5387234934253817,-0.25382927907149927,-0.07774185919055952,-0.07774185919055944,0.6992329538682752,-0.09293567207778825,-0.005187691839958125,0.4741342494289751,-0.3685729564783833,-0.6087708146684168,0.18305664901163074,-0.48863635585098564,-0.05240176908038397,-0.3789377279031535,0.08789230061257318,0.08789230061257323,-0.2633101978363056,-1.6733358623430892,-0.01938709432399729,0,0,casual_user,1,-0.39355646181055626,-0.7245750099935757
1780,0.3648766357899498,-0.053700476280045734,-0.439774790432666,1.0583737791333439,0.7289181583509132,0.7289181583509132,-0.27224184806495383,1.2491853271177025,-0.7131872684859933,0.4741342494289751,-0.3685729564783833,0.5563802199954584,0.5800219232344195,-0.08572037493902064,0.9836911136541646,1.11326947014033,0.08789230061257318,0.08789230061257323,-0.8445689127067375,-1.5274668946977865,0.35538155755862216,0,1,consistent_user,0,1.0889292021791923,-0.4065843374885556
1781,-1.3401543725743017,-1.1496285636279193,-0.1429286814545189,-1.402006955000737,-1.489396889888137,-1.489396889888137,-2.215191451931412,-3.2245513368672665,1.8439514113967574,-1.523622419513335,-1.311479992973772,-1.536292361999528,-2.0377663477395522,-0.8915523367629506,-1.7101503814556616,-1.0421409270335906,-0.7297104957834565,-0.7297104957834566,1.4804659467749903,-1.4545324108751352,-1.9436378332300805,1,0,at_risk_user,3,-3.495069994156195,0.6748642134630441
1782,-0.20346703366480073,0.49426356739389105,0.2528661305163439,0.5662976323065277,0.9305831627362814,0.9305831627362817,-1.0195301572443607,0.07913112269086459,-0.7160105244750339,-0.19178464021846164,1.0095219430148772,0.6224948757453,0.9941287211390216,0.7201115868849094,0.8402320991216888,0.6158670707925021,0.08789230061257318,0.08789230061257323,0.8992072319045583,-1.4545324108751352,0.8656940673421087,0,1,consistent_user,2,1.8779425652044757,0.2531694952915601
1783,-0.7718107031195512,-1.1496285636279193,-0.736620899410813,-0.5818800436227101,-0.48107186796129586,-0.4810718679612959,-0.91989171602044,-0.24206022754395373,0.6035950641444707,-0.8577035298658984,-1.311479992973772,-0.5675689277518489,-0.5218188133002654,-0.8915523367629506,-0.6049846398721432,-0.710539327468372,-0.7297104957834565,-0.7297104957834566,0.31794851703412635,0.44176416851379924,-0.7163252890530799,0,0,casual_user,1,-1.6547444765044441,-0.48976948343413945
1784,-0.20346703366480073,-1.1496285636279193,-0.9345183053962445,-0.9099308081739209,-0.8844018767320323,-0.8844018767320323,1.6707077558015044,-0.5403093384762852,1.6024347774586878,-0.19178464021846164,0.5743340800170054,-1.1558935455837724,-0.12485353907747694,-0.48863635585098564,-0.8812760752680229,-0.8763401272509813,-0.7297104957834565,-0.7297104957834566,-0.8445689127067375,-1.1627944755845299,-0.20786723503689408,0,0,at_risk_user,1,-1.4362267403231324,-1.368546665980599
1785,-0.20346703366480073,1.042227611067828,0.6486609424872066,1.3864245436845548,0.9305831627362814,0.9305831627362817,-0.42169950990083516,1.4556654808400855,-0.7858841135545077,0.4741342494289751,1.202938771013931,1.6774548174927724,1.39109399536181,1.5259435487088393,1.4211525530309739,1.7764726692707673,0.08789230061257318,0.08789230061257323,-0.2633101978363056,1.3899124582082665,1.0252896545885686,0,1,power_user,2,2.777585283107468,0.40976989240634404
1786,2.6382513136089516,2.6861197420896383,-0.1429286814545189,3.026678366440609,2.3422381934338588,2.342238193433859,0.1163480727083377,1.6070842602365,-0.961635557723108,2.4718909183712854,1.517241116512394,1.865258767158989,1.252991341857404,3.339065462812682,1.2501149977859058,3.1028790675316413,0.9054950970086029,0.905495097008603,-0.8445689127067375,0.9523055552723585,1.6512607974434708,0,1,power_user,2,3.7685799806330578,-0.09850297763202089
1787,-0.7718107031195512,-0.6016645199539825,-0.1429286814545189,-0.9099308081739209,-0.8844018767320323,-0.8844018767320323,-0.27224184806495383,-0.5403093384762852,-0.9350918936641772,-0.8577035298658984,-0.3685729564783833,-1.1252316762505128,-0.12485353907747694,-0.6900943463069682,-0.05240176908038397,-0.710539327468372,-0.7297104957834565,-0.7297104957834566,1.4804659467749903,1.4628469420309178,-0.40511389392248337,0,0,at_risk_user,1,-1.364063077311729,-0.25818799745128906
1788,-0.20346703366480073,-0.6016645199539825,-0.5387234934253817,-0.5818800436227101,-0.48107186796129586,-0.4810718679612959,0.3754080198905321,-0.24206022754395373,-0.32303190027498263,-0.19178464021846164,-0.054270610979920475,-0.7065055231681825,0.31457277492034114,-0.48863635585098564,-0.6049846398721432,-0.710539327468372,-0.7297104957834565,-0.7297104957834566,-0.8445689127067375,1.1711090067403125,-0.27799938041843686,1,0,casual_user,1,-0.9643372248354816,-0.8674988799560438
1789,-0.7718107031195512,-1.1496285636279193,-0.736620899410813,-1.2379815727251318,-1.2877318855027686,-1.2877318855027688,1.6707077558015044,-1.4350566712732788,1.8439514113967574,-0.8577035298658984,-1.311479992973772,-0.5416979755019107,-0.12485353907747694,-0.8915523367629506,-1.7101503814556616,-1.0421409270335906,-0.7297104957834565,-0.7297104957834566,-1.4258276275771695,0.5146986523364505,-1.102052088651566,1,0,casual_user,1,-2.408786472564085,-1.3052567089789464
1790,0.9332203052447002,-0.6016645199539825,-0.855359343002072,-0.5818800436227101,-0.682736872346664,-0.6827368723466641,0.8935279142549213,0.3544379943207086,-0.014365960636963385,-0.19178464021846164,0.5743340800170054,-0.8464003020011808,-0.041199144422601,-0.28717836539500313,-1.1575675106639025,-0.8763401272509813,-0.7297104957834565,-0.7297104957834566,-0.2633101978363056,0.22296071704584525,-0.19910071686420103,1,0,casual_user,1,-1.2549560398884265,-1.1539576683895447
1791,-0.20346703366480073,-0.6016645199539825,-0.5387234934253817,-0.08980389679589386,0.12392314519480867,0.12392314519480872,0.3754080198905321,-0.04322748692239988,0.10361374826080338,0.4741342494289751,-0.8924101989758214,-0.5512798096685545,0.31457277492034114,-0.6900943463069682,0.13179252118353585,-0.2131369281205442,0.08789230061257318,0.08789230061257323,-1.4258276275771695,0.0770917494005426,-0.1202020533099652,0,0,casual_user,0,-0.34302538533820737,-0.6910690482617969
1792,-1.3401543725743017,-1.1496285636279193,-0.1429286814545189,-1.402006955000737,-1.489396889888137,-1.489396889888137,-2.215191451931412,-3.2245513368672665,1.8439514113967574,-1.523622419513335,-1.311479992973772,-1.536292361999528,-2.0377663477395522,-0.8915523367629506,-1.7101503814556616,-1.0421409270335906,-0.7297104957834565,-0.7297104957834566,0.31794851703412635,-0.5793186050033193,-1.9436378332300805,1,0,at_risk_user,3,-3.495069994156195,0.6748642134630441
1793,-1.3401543725743017,-1.1496285636279193,-0.1429286814545189,-1.402006955000737,-1.489396889888137,-1.489396889888137,-2.215191451931412,-3.2245513368672665,1.8439514113967574,-1.523622419513335,-1.311479992973772,-1.536292361999528,-2.0377663477395522,-0.8915523367629506,-1.7101503814556616,-1.0421409270335906,-0.7297104957834565,-0.7297104957834566,-0.8445689127067375,1.1711090067403125,-1.9436378332300805,1,0,at_risk_user,3,-3.495069994156195,0.6748642134630441
1794,2.0699076441542013,1.042227611067828,-0.48218137742954414,1.3864245436845548,1.5355781758923859,1.5355781758923863,-0.27224184806495383,0.5781248275199571,-0.8111035167216041,1.1400531390764117,1.202938771013931,1.8221405134090922,0.9941287211390216,1.5259435487088393,1.2369582627670541,1.6106718694881579,1.7230978934046326,1.7230978934046326,1.4804659467749903,-0.8710565402939247,1.5045259813624452,0,1,power_user,2,3.5033580560536275,-0.22591127321570348
1795,0.9332203052447002,-0.6016645199539825,-0.855359343002072,0.07422148547971154,-0.07774185919055952,-0.07774185919055944,-0.27224184806495383,0.8018116607192055,0.07064752456597678,-0.19178464021846164,-0.9343171783756165,0.7346023354950313,0.5450865151863976,-0.6900943463069682,0.610697675869727,0.11846467144467435,-0.7297104957834565,-0.7297104957834566,-0.8445689127067375,1.6816503934988718,-0.28676589859112994,0,1,consistent_user,0,0.11471007266090462,-0.9650189781547893
1796,2.0699076441542013,0.49426356739389105,-0.6518077254170568,1.55044992596016,1.5355781758923859,1.5355781758923863,-0.27224184806495383,0.8018116607192055,-0.7856983775524774,1.1400531390764117,1.4676144303810574,1.7320712722426415,1.1623214224073535,1.9288595296208046,1.430846989360654,1.9422734690533765,0.9054950970086029,0.905495097008603,-1.4258276275771695,0.22296071704584525,1.4522344694551546,0,1,power_user,2,3.393684125029853,-0.5184531729476523
1797,-0.7718107031195512,-0.053700476280045734,0.4507635365017753,-0.25382927907149927,-0.2794068635759277,-0.2794068635759276,0.005322381058825778,0.3544379943207086,-0.07663726236797994,-0.19178464021846164,-1.311479992973772,-0.4180923147522069,-0.12485353907747694,-0.8915523367629506,-1.2957132283618422,-0.8763401272509813,-0.7297104957834565,-0.7297104957834566,-1.4258276275771695,0.15002623322319394,-0.7733076571755836,0,0,casual_user,1,-1.668863238428978,0.21438071963569474
1798,-0.20346703366480073,0.49426356739389105,0.2528661305163439,-0.08980389679589386,-0.2794068635759277,-0.2794068635759276,-1.1049345354362932,0.8657221844904192,-0.6930200837345617,-0.8577035298658984,0.7838689770159807,-0.5570289101685406,0.03767231680798374,0.11573761551696186,-1.3417618009278223,-0.8763401272509813,-0.7297104957834565,-0.7297104957834566,0.31794851703412635,-1.0898599917618785,-0.05006990792842243,0,0,casual_user,0,-0.8211672181724085,0.2506087878104915
1799,-1.3401543725743017,-1.1496285636279193,-0.1429286814545189,-1.402006955000737,-1.489396889888137,-1.489396889888137,-2.215191451931412,-3.2245513368672665,1.8439514113967574,-1.523622419513335,-1.311479992973772,-1.536292361999528,-2.0377663477395522,-0.8915523367629506,-1.7101503814556616,-1.0421409270335906,-0.7297104957834565,-0.7297104957834566,1.4804659467749903,-1.6004013785204378,-1.9436378332300805,1,0,at_risk_user,3,-3.495069994156195,0.6748642134630441
1800,-0.7718107031195512,-0.6016645199539825,-0.1429286814545189,0.5662976323065277,0.5272531539655451,0.5272531539655451,0.6109170627834363,0.6798006607923425,-0.44521712762157356,1.1400531390764117,0.13914621701913374,-0.49091425441869907,0.4346375910307722,0.11573761551696186,0.07511735494848346,0.11846467144467435,0.9054950970086029,0.905495097008603,-0.8445689127067375,-0.06877721824476005,0.5109872551239208,0,0,casual_user,0,0.5890515825480203,-0.2721412545876595
1801,-0.20346703366480073,1.042227611067828,0.6486609424872066,-0.25382927907149927,-0.48107186796129586,-0.4810718679612959,1.6707077558015044,0.9509362161853714,-0.580459205114023,0.4741342494289751,0.10288056176931103,-0.5215761237519589,0.18305664901163074,-0.28717836539500313,-0.4668389221742034,-0.5447385276857627,0.08789230061257318,0.08789230061257323,-0.8445689127067375,-0.725187572648622,-0.02596198295351709,1,0,casual_user,1,-0.5611214843119295,0.08336889420682622
1802,-0.20346703366480073,-0.6016645199539825,-0.5387234934253817,-0.9099308081739209,-0.8844018767320323,-0.8844018767320323,1.6707077558015044,-0.5403093384762852,0.12221088597034979,-0.19178464021846164,-0.3685729564783833,-0.5608616438351982,0.4346375910307722,-0.6900943463069682,0.7764725371072548,-0.5447385276857627,-0.7297104957834565,-0.7297104957834566,-0.8445689127067375,1.4628469420309178,-0.27361612133209035,1,0,casual_user,1,-0.6545969088154165,-1.1487913480897636
1803,0.3648766357899498,2.6861197420896383,1.0444557544580695,2.370576837338187,1.9389081846631224,1.9389081846631226,0.8071745985275229,1.3486016974284791,-0.902378831816309,3.1378098080187216,1.8315434620108568,1.7656076918258947,1.0927331527293949,3.1376074723566996,1.1909096902010743,2.4396758684012045,2.540700689800662,2.5407006898006625,0.31794851703412635,-0.287580669712714,1.9969120853953608,0,1,power_user,2,4.18443608357861,1.0166092848935453
1804,-0.7718107031195512,0.49426356739389105,1.0444557544580695,0.07422148547971154,-0.07774185919055952,-0.07774185919055944,-0.27224184806495383,0.8018116607192055,-0.5074889347680525,-0.19178464021846164,-0.557154363777461,-0.632725400085026,-0.5218188133002654,-0.48863635585098564,0.2791479533946715,-0.04733612833793493,-0.7297104957834565,-0.7297104957834566,0.31794851703412635,1.3899124582082665,-0.20786723503689408,0,0,casual_user,0,-0.8875133066773043,1.0623948699404668
1805,1.5015639746994507,1.042227611067828,-0.34082608743995035,1.55044992596016,1.5355781758923859,1.5355781758923863,-0.27224184806495383,0.8018116607192055,-0.8052944454429359,1.1400531390764117,0.8720941968050229,0.5295510843288559,0.6473462466927044,1.324485558252857,0.5583477196894553,1.11326947014033,1.7230978934046326,1.7230978934046326,0.8992072319045583,-0.7981220564712733,1.2815180629342935,0,1,consistent_user,2,2.398082384966015,-0.06552852516918231
1806,-1.3401543725743017,-1.1496285636279193,-0.1429286814545189,-1.402006955000737,-1.489396889888137,-1.489396889888137,-2.215191451931412,-3.2245513368672665,1.8439514113967574,-1.523622419513335,-1.311479992973772,-1.536292361999528,-2.0377663477395522,-0.8915523367629506,-1.7101503814556616,-1.0421409270335906,-0.7297104957834565,-0.7297104957834566,-0.2633101978363056,-1.2357289594071812,-1.9436378332300805,1,0,at_risk_user,3,-3.495069994156195,0.6748642134630441
1807,-0.20346703366480073,3.234083785763575,2.231840190370658,1.55044992596016,1.7372431802777542,1.7372431802777546,0.984960836789813,0.5649667785082366,-0.8112500329692005,3.1378098080187216,1.2691076858557129,1.8374714480757224,1.0687347232965478,1.727401539164822,0.9073474275579347,1.4448710697055487,2.540700689800662,2.5407006898006625,-0.2633101978363056,0.5146986523364505,1.7032337266101503,0,1,power_user,2,3.777501519644413,1.9925647613428077
1808,0.9332203052447002,0.49426356739389105,-0.3804055686370366,0.8943483968577386,0.7289181583509132,0.7289181583509132,-0.91989171602044,0.9509362161853714,-0.6963185447165694,-0.19178464021846164,0.4486131418176202,0.5075128657455753,0.3759106468573385,0.5186535964289268,0.05811480507796785,0.28426547122728363,0.08789230061257318,0.08789230061257323,-0.8445689127067375,1.6087159096762205,0.4934542187785353,0,1,consistent_user,0,0.9619026396584721,-0.1722348218966575
1809,-1.3401543725743017,1.5901916547417647,5.793993498108423,-0.08980389679589386,-0.07774185919055952,-0.07774185919055944,0.6992329538682752,0.3544379943207086,0.17288912320509792,0.4741342494289751,-0.47334040497787094,-0.6480563347516559,-2.0377663477395522,-0.48863635585098564,-0.6049846398721432,-0.5447385276857627,0.08789230061257318,0.08789230061257323,0.8992072319045583,-0.06877721824476005,-0.9325660706461707,0,0,casual_user,3,-1.5346660168632127,5.699586052487235
1810,0.3648766357899498,-0.053700476280045734,-0.439774790432666,-0.25382927907149927,-0.07774185919055952,-0.07774185919055944,-0.27224184806495383,-0.09293567207778825,0.019360595225143398,-0.19178464021846164,0.5743340800170054,-0.7103382568348401,-0.014404614921851248,-0.08572037493902064,-0.8812760752680229,-0.710539327468372,-0.7297104957834565,-0.7297104957834566,0.31794851703412635,0.5146986523364505,0.002529201107734787,0,0,casual_user,0,-0.7545028645945401,-0.4776363906818872
1811,-0.7718107031195512,-0.053700476280045734,0.4507635365017753,-0.7459054258983154,-0.682736872346664,-0.6827368723466641,-0.6608317688382453,-0.36135987191688623,-0.6897454392899336,-0.8577035298658984,-0.557154363777461,-0.8866440055010841,-0.12485353907747694,-0.6900943463069682,-0.38395149155543945,-0.710539327468372,-0.7297104957834565,-0.7297104957834566,-0.8445689127067375,0.8793710714497072,-0.4708627802176796,0,0,casual_user,1,-1.3598962939894947,0.35456524505265785
1812,-0.20346703366480073,2.1381556984157015,1.4402505664289322,1.3864245436845548,1.3339131715070178,1.333913171507018,-0.14271187447385666,0.8316365718124386,-0.7332288525110325,1.1400531390764117,-0.47334040497787094,0.4241509084957753,0.9152572599084369,-0.08572037493902064,0.684375391975295,1.11326947014033,1.7230978934046326,1.7230978934046326,0.8992072319045583,-0.6522530888259707,0.7798271457531686,0,1,consistent_user,2,1.88984197350043,1.3258160597732551
1813,-0.7718107031195512,0.49426356739389105,1.0444557544580695,-0.08980389679589386,-0.07774185919055952,-0.07774185919055944,-0.27224184806495383,0.3544379943207086,-0.21197015263040805,-0.19178464021846164,-0.47334040497787094,-0.6681781865016077,-0.5218188133002654,-0.48863635585098564,-0.6049846398721432,-0.5447385276857627,-0.7297104957834565,-0.7297104957834566,-0.2633101978363056,0.22296071704584525,-0.31890979855767015,0,0,casual_user,3,-1.2274730624005883,1.0177245197339972
1814,-0.20346703366480073,-0.6016645199539825,-0.5387234934253817,-0.9099308081739209,-0.8844018767320323,-0.8844018767320323,1.6707077558015044,-0.5403093384762852,-0.9350918936641772,-0.19178464021846164,-1.311479992973772,-1.1405626109171427,-0.7733997553194069,-0.8915523367629506,-1.7101503814556616,-1.0421409270335906,-0.7297104957834565,-0.7297104957834566,0.31794851703412635,1.3169779743856151,-1.062899364401575,1,0,at_risk_user,1,-2.746866214483722,-0.8637217336087427
1815,-1.3401543725743017,-1.1496285636279193,-0.1429286814545189,-1.2379815727251318,-1.2877318855027686,-1.2877318855027688,1.6707077558015044,-1.4350566712732788,1.8439514113967574,-0.8577035298658984,-1.311479992973772,-0.903891307001043,-2.0377663477395522,-0.8915523367629506,-1.7101503814556616,-1.0421409270335906,-0.7297104957834565,-0.7297104957834566,0.8992072319045583,1.2440434905629638,-1.8910387241939233,1,0,at_risk_user,1,-3.308636278625966,-0.061249233181281316
1816,-0.20346703366480073,2.6861197420896383,1.8360453783997952,1.2223991614089493,0.9305831627362814,0.9305831627362817,0.7739617847862161,1.1803586092102416,-0.39756839791099063,1.8059720287238485,2.016427194657011,1.8250150636590854,1.332367051188376,2.130317520076787,1.2152883462654165,1.4448710697055487,1.7230978934046326,1.7230978934046326,-0.2633101978363056,-1.3086634432298325,1.6269134507537653,0,1,power_user,2,3.629088754665749,1.4431825425569937
1817,-0.20346703366480073,-0.6016645199539825,-0.5387234934253817,-0.9099308081739209,-0.8844018767320323,-0.8844018767320323,-0.27224184806495383,-0.5403093384762852,-0.9350918936641772,-0.8577035298658984,-1.311479992973772,-0.24178656608596266,-0.30911015763833327,-0.8915523367629506,-0.8812760752680229,-0.8763401272509813,-0.7297104957834565,-0.7297104957834566,-1.4258276275771695,1.6816503934988718,-0.8653560979888586,1,0,casual_user,1,-1.7470877224610522,-0.5699892788446154
1818,0.3648766357899498,-0.6016645199539825,-0.736620899410813,-0.25382927907149927,-0.2794068635759277,-0.2794068635759276,-1.1049345354362932,0.3544379943207086,-0.4019229932571574,-0.8577035298658984,0.5743340800170054,-0.669136369918272,0.18305664901163074,-0.08572037493902064,-0.05240176908038397,-0.3789377279031535,-0.7297104957834565,-0.7297104957834566,1.4804659467749903,-1.3815979270524839,0.08142786466197062,0,0,casual_user,0,-0.3749929734284753,-0.6250745871648273
1819,0.9332203052447002,0.49426356739389105,-0.3804055686370366,-0.25382927907149927,-0.2794068635759277,-0.2794068635759276,0.005322381058825778,0.3544379943207086,-0.8055825484948401,-0.19178464021846164,0.10288056176931103,-0.49187243783536344,0.25038097246991586,-0.28717836539500313,-1.2957132283618422,-0.8763401272509813,-0.7297104957834565,-0.7297104957834566,0.8992072319045583,-1.0169255079392272,-0.28019100996160984,1,0,casual_user,1,-1.0072115868738525,-0.6291652255089624
1820,-0.7718107031195512,1.042227611067828,1.6381479724143637,0.07422148547971154,-0.07774185919055952,-0.07774185919055944,-1.2437166499981829,0.8018116607192055,-0.4473456160566742,-0.8577035298658984,0.5743340800170054,-0.6902164050848882,0.4346375910307722,0.11573761551696186,-0.05240176908038397,-0.2131369281205442,-0.7297104957834565,-0.7297104957834566,-1.4258276275771695,0.9523055552723585,0.13402697369812783,0,0,casual_user,0,-0.19240841437941023,1.4289105259621901
1821,-0.20346703366480073,1.042227611067828,0.6486609424872066,0.4022722500309223,0.5272531539655451,0.5272531539655451,0.6109170627834363,0.3544379943207086,-0.5463785315856059,1.1400531390764117,-0.6828753019768462,-0.5905653297517938,-0.12485353907747694,-0.48863635585098564,-0.32869320447626355,-0.2131369281205442,0.9054950970086029,0.905495097008603,1.4804659467749903,-1.0169255079392272,0.16032652821620644,0,0,casual_user,0,-0.15338458811685307,0.5954264606900408
1822,1.5015639746994507,1.042227611067828,-0.34082608743995035,1.55044992596016,1.3339131715070178,1.333913171507018,-0.6608317688382453,1.0702358605583036,-0.7914175045486725,0.4741342494289751,0.6735874522796776,0.7096895666617579,0.8656755818628201,1.1230275677968744,1.0818472814921742,1.6106718694881579,1.7230978934046326,1.7230978934046326,1.4804659467749903,0.44176416851379924,1.2427608246971245,0,1,consistent_user,2,2.6259096444872916,-0.06321310026204467
1823,-0.7718107031195512,-1.1496285636279193,-0.736620899410813,-1.2379815727251318,-1.2877318855027686,-1.2877318855027688,1.6707077558015044,-1.4350566712732788,1.8439514113967574,-0.8577035298658984,-1.311479992973772,-1.1443953445838,-0.5218188133002654,-0.8915523367629506,-0.05240176908038397,-0.8763401272509813,-0.7297104957834565,-0.7297104957834566,-0.8445689127067375,1.0981745229176612,-0.83905654347078,1,0,at_risk_user,1,-2.1584718958357985,-1.092696456718593
1824,0.9332203052447002,-0.6016645199539825,-0.855359343002072,0.4022722500309223,0.5272531539655451,0.5272531539655451,-0.8021371945739878,0.3544379943207086,-0.6737122719786259,-0.19178464021846164,1.202938771013931,1.6209219959095749,1.419546032462886,0.7201115868849094,1.0527639725031346,0.6158670707925021,0.08789230061257318,0.08789230061257323,0.31794851703412635,-0.43344963735801667,0.8616479820316353,0,1,power_user,2,2.4562989416012004,-0.9195733100593076
1825,1.5015639746994507,1.042227611067828,-0.34082608743995035,0.07422148547971154,-0.07774185919055952,-0.07774185919055944,-0.27224184806495383,0.8018116607192055,-0.9214354971538261,-0.19178464021846164,0.9514968946151606,1.9486207244087892,0.9631189911622713,0.3171956059729444,1.2737971208198382,0.4500662710098929,-0.7297104957834565,-0.7297104957834566,0.8992072319045583,1.6816503934988718,0.4759211824331492,1,0,power_user,0,1.8100467124332404,-0.5331863698182872
1826,-0.7718107031195512,-1.1496285636279193,-0.736620899410813,-0.7459054258983154,-0.682736872346664,-0.6827368723466641,-0.6608317688382453,-0.36135987191688623,0.358634818975326,-0.8577035298658984,0.19717126541884997,-1.150144445083786,-0.12485353907747694,-0.48863635585098564,-1.0470509365055505,-0.8763401272509813,-0.7297104957834565,-0.7297104957834566,-0.2633101978363056,-0.287580669712714,-0.31306545310920797,0,0,at_risk_user,1,-1.4507079191495438,-0.7206782285362464
1827,3.7749386525184523,1.5901916547417647,-0.6178824558195544,3.026678366440609,3.3505632153606997,3.3505632153607006,0.5826559776362876,0.6407571408157469,-0.9405963161606171,4.469647587313595,0.978437095657886,1.603674694409616,1.3653011899786325,2.533233500988752,1.4869362281252312,3.43448066709686,4.175906282592722,4.175906282592722,1.4804659467749903,-1.4545324108751352,2.4652946277649512,0,1,power_user,2,5.267583335107127,-0.19741941727527673
1828,-0.20346703366480073,-0.053700476280045734,-0.1429286814545189,-0.25382927907149927,-0.2794068635759277,-0.2794068635759276,0.005322381058825778,0.3544379943207086,-0.45808675897396217,-0.19178464021846164,0.5743340800170054,0.3446216849126323,0.6473462466927044,-0.08572037493902064,0.36203538401343544,-0.2131369281205442,-0.7297104957834565,-0.7297104957834566,-0.8445689127067375,0.15002623322319394,0.14717675095716684,1,0,consistent_user,0,0.36656960052654836,-0.43808094282216203
1829,0.9332203052447002,2.1381556984157015,0.33202509291051646,1.55044992596016,1.5355781758923859,1.5355781758923863,-0.7579792490315683,0.8018116607192055,-0.8147858338906305,0.4741342494289751,2.0631346639570927,1.6247547295762321,1.104577645294647,2.533233500988752,1.2563471354264142,1.7764726692707673,1.7230978934046326,1.7230978934046326,0.31794851703412635,1.3169779743856151,1.8075091532958651,0,1,power_user,2,3.8233069668432296,0.567009360197114
1830,-0.20346703366480073,-0.6016645199539825,-0.5387234934253817,-0.9099308081739209,-0.8844018767320323,-0.8844018767320323,1.6707077558015044,-0.5403093384762852,-0.7236313377372718,-0.19178464021846164,-1.311479992973772,-1.0495351863340274,-0.5218188133002654,-0.8915523367629506,-1.7101503814556616,-1.0421409270335906,-0.7297104957834565,-0.7297104957834566,1.4804659467749903,0.0770917494005426,-0.9968538705792515,1,0,at_risk_user,1,-2.609433923382238,-0.9564148364601863
1831,-0.20346703366480073,1.5901916547417647,1.0444557544580695,1.2223991614089493,0.9305831627362814,0.9305831627362817,-0.42169950990083516,1.1803586092102416,-0.678030537568578,0.4741342494289751,1.1289852779554694,1.7397367395759564,1.5015429195174355,1.324485558252857,1.4103175947801552,1.6106718694881579,0.08789230061257318,0.08789230061257323,-0.2633101978363056,-0.21464618589006268,0.9977868524781597,0,1,power_user,2,2.814640727995568,0.7177452394496336
1832,1.5015639746994507,-0.053700476280045734,-0.736620899410813,0.4022722500309223,0.5272531539655451,0.5272531539655451,0.6109170627834363,0.3544379943207086,-0.4778554575766434,1.1400531390764117,-0.3685729564783833,-0.6490145181683203,0.18305664901163074,-0.28717836539500313,-0.6049846398721432,-0.3789377279031535,0.08789230061257318,0.08789230061257323,-0.8445689127067375,0.5876331361591018,0.050745051057545475,0,0,casual_user,1,-0.36550249604932483,-0.8482789219017675
1833,0.3648766357899498,1.042227611067828,0.1539174275236282,0.8943483968577386,0.9305831627362814,0.9305831627362817,-0.42169950990083516,0.6297448659505527,-0.5748618495667148,0.4741342494289751,-0.557154363777461,0.43756547632907655,0.5800219232344195,-0.28717836539500313,1.1632805466614864,1.11326947014033,1.7230978934046326,1.7230978934046326,-1.4258276275771695,1.4628469420309178,0.7213836912685497,0,1,consistent_user,2,1.7633309578330918,0.352367983847511
1834,-0.20346703366480073,-0.053700476280045734,-0.1429286814545189,0.7303230145821331,0.5272531539655451,0.5272531539655451,-0.09561006589527597,1.005163327263977,-0.6633189385765321,0.4741342494289751,0.5743340800170054,0.6407003606619229,0.7425477791198799,0.5186535964289268,0.42124069159826694,0.4500662710098929,0.08789230061257318,0.08789230061257323,-1.4258276275771695,0.2958952008684966,0.5422962485978238,0,1,consistent_user,0,1.2313327326157466,-0.2623958691819399
1835,-0.7718107031195512,-0.6016645199539825,-0.1429286814545189,-0.9099308081739209,-0.8844018767320323,-0.8844018767320323,-0.27224184806495383,-0.5403093384762852,0.7565925537510662,-0.8577035298658984,-0.3685729564783833,-0.9815041637508571,-0.5218188133002654,-0.6900943463069682,-0.05240176908038397,-0.710539327468372,-0.7297104957834565,-0.7297104957834566,-1.4258276275771695,0.5146986523364505,-0.40511389392248337,0,0,at_risk_user,1,-1.4544784354336855,-0.10000745214561384
1836,-0.7718107031195512,-0.6016645199539825,-0.1429286814545189,-0.25382927907149927,-0.07774185919055952,-0.07774185919055944,-0.27224184806495383,-0.09293567207778825,-0.38022063971390624,-0.19178464021846164,1.517241116512394,0.6224948757453,0.8316028652535606,0.3171956059729444,0.7764725371072548,-0.04733612833793493,-0.7297104957834565,-0.7297104957834566,-0.8445689127067375,1.3169779743856151,0.5942691777645032,0,1,consistent_user,0,1.1944092796737136,-0.3725520226894338
1837,2.0699076441542013,1.042227611067828,-0.48218137742954414,1.0583737791333439,1.3339131715070178,1.333913171507018,0.3754080198905321,0.3544379943207086,-0.7802920229289223,1.8059720287238485,1.988694634760088,1.6257129129928964,1.139513053342669,1.9288595296208046,0.7764725371072548,0.9474686703577208,1.7230978934046326,1.7230978934046326,-0.8445689127067375,1.2440434905629638,1.652826247117166,0,1,power_user,2,3.4739766239739844,-0.44363887347328873
1838,3.7749386525184523,0.49426356739389105,-0.855359343002072,1.3864245436845548,0.9305831627362814,0.9305831627362817,0.1761311374426905,1.4556654808400855,-0.6207925202352906,1.1400531390764117,1.202938771013931,1.7541094908259225,1.3122225341312252,1.5259435487088393,1.4211525530309739,1.7764726692707673,0.08789230061257318,0.08789230061257323,0.31794851703412635,1.1711090067403125,1.0252896545885686,0,1,power_user,2,2.753201109063126,-1.0086812902938314
1839,-0.7718107031195512,-0.6016645199539825,-0.1429286814545189,-0.41785466134710464,-0.48107186796129586,-0.4810718679612959,-0.91989171602044,0.3544379943207086,-0.48345134668368556,-0.8577035298658984,0.30493206958975133,-0.37401587758564575,-0.5218188133002654,-0.28717836539500313,-0.7628654600983602,-0.710539327468372,-0.7297104957834565,-0.7297104957834566,-0.2633101978363056,-0.287580669712714,-0.17781060130194679,0,0,casual_user,0,-1.0061506171910555,0.0803721738998228
1840,-0.7718107031195512,-0.6016645199539825,-0.1429286814545189,-0.5818800436227101,-0.48107186796129586,-0.4810718679612959,-0.91989171602044,-0.24206022754395373,-0.017661998166276272,-0.8577035298658984,-0.6828753019768462,-0.5330743247519314,-0.5218188133002654,-0.6900943463069682,-0.05240176908038397,-0.5447385276857627,-0.7297104957834565,-0.7297104957834566,-0.2633101978363056,1.2440434905629638,-0.4094971530088299,0,0,casual_user,0,-1.1726482804228335,0.08302215792091076
1841,-1.3401543725743017,0.49426356739389105,3.419224626283246,-0.25382927907149927,-0.48107186796129586,-0.4810718679612959,-0.91989171602044,0.9509362161853714,-0.7604800612452531,-0.8577035298658984,-1.311479992973772,-0.8521494025011669,-2.0377663477395522,-0.8915523367629506,0.36203538401343544,-0.2131369281205442,-0.7297104957834565,-0.7297104957834566,-0.2633101978363056,-0.06877721824476005,-1.3518978565733124,0,0,casual_user,3,-1.9767291206190207,3.808151161745499
1842,1.5015639746994507,0.49426356739389105,-0.5387234934253817,0.5662976323065277,0.5272531539655451,0.5272531539655451,-0.09561006589527597,0.6798006607923425,-0.3873858203413036,0.4741342494289751,1.5897724270120395,0.5305092677455204,0.4798834448919891,1.1230275677968744,0.07511735494848346,0.11846467144467435,0.9054950970086029,0.905495097008603,-0.2633101978363056,1.3899124582082665,1.0167479189331243,0,1,consistent_user,2,1.6516346212124604,-0.4148552271016681
1843,-0.20346703366480073,-0.6016645199539825,-0.5387234934253817,-0.08980389679589386,0.12392314519480867,0.12392314519480872,0.3754080198905321,-0.04322748692239988,-0.22135857496412248,0.4741342494289751,0.7838689770159807,0.33408166732932426,0.8316028652535606,0.11573761551696186,-0.2365960593443038,-0.3789377279031535,0.08789230061257318,0.08789230061257323,1.4804659467749903,0.2958952008684966,0.4057890370516064,0,1,consistent_user,0,0.7483955554167406,-0.825185474501053
1844,-1.3401543725743017,-0.6016645199539825,1.0444557544580695,-1.2379815727251318,-1.2877318855027686,-1.2877318855027688,1.6707077558015044,-1.4350566712732788,1.8439514113967574,-0.8577035298658984,0.5743340800170054,-1.1319389601671634,-2.0377663477395522,-0.6900943463069682,-0.05240176908038397,-0.8763401272509813,-0.7297104957834565,-0.7297104957834566,0.8992072319045583,0.004157265577891283,-0.9705543160611729,1,0,at_risk_user,3,-2.0081739492155477,1.117850498796042
1845,-0.20346703366480073,1.5901916547417647,1.0444557544580695,0.8943483968577386,0.7289181583509132,0.7289181583509132,0.3754080198905321,0.9509362161853714,-0.5791442364561348,1.1400531390764117,-0.557154363777461,0.75184963699499,0.6473462466927044,-0.28717836539500313,0.5001811017113752,0.6158670707925021,0.9054950970086029,0.905495097008603,0.31794851703412635,-1.2357289594071812,0.3882560007062203,0,1,consistent_user,0,1.218649016010218,0.8202667556795887
1846,-0.20346703366480073,-0.6016645199539825,-0.5387234934253817,0.07422148547971154,0.12392314519480867,0.12392314519480872,-0.48812513738344926,0.3544379943207086,-0.2661719505885914,-0.19178464021846164,0.19717126541884997,0.700107732495114,0.8316028652535606,-0.08572037493902064,0.9422473983447828,0.28426547122728363,-0.7297104957834565,-0.7297104957834566,-0.8445689127067375,-0.8710565402939247,0.21292563725236366,0,1,consistent_user,0,0.8815244866848537,-0.6828717211106468
1847,0.3648766357899498,-0.6016645199539825,-0.736620899410813,0.23824686775531695,0.5272531539655451,0.5272531539655451,-0.8021371945739878,0.029075327849074427,-0.7976603324758345,-0.19178464021846164,0.4028964370178437,0.5793766219954032,0.5800219232344195,0.11573761551696186,1.3039380046812068,0.6158670707925021,0.08789230061257318,0.08789230061257323,-1.4258276275771695,0.15002623322319394,0.6225611227763755,0,1,consistent_user,0,1.4640060910818482,-0.5449638724748173
1848,-0.7718107031195512,-1.1496285636279193,-0.736620899410813,-1.0739561904495263,-1.0860668811174004,-1.0860668811174004,0.3754080198905321,-0.8385584494086165,1.8439514113967574,-0.8577035298658984,-0.054270610979920475,-1.1482280782504575,-1.0813099434085147,-0.6900943463069682,-0.6049846398721432,-0.8763401272509813,-0.7297104957834565,-0.7297104957834566,-0.2633101978363056,0.5146986523364505,-0.6778994811436035,1,0,at_risk_user,1,-1.9636934258563639,-0.5895212505409232
1849,0.9332203052447002,-0.6016645199539825,-0.855359343002072,0.4022722500309223,0.32558814958017684,0.3255881495801769,-0.6608317688382453,0.7123369274395064,-0.6686729803303041,-0.19178464021846164,-0.9971776474753091,-0.5886489629184649,0.3759106468573385,-0.6900943463069682,0.5001811017113752,0.28426547122728363,-0.7297104957834565,-0.7297104957834566,0.8992072319045583,0.22296071704584525,-0.2210170122959331,0,0,casual_user,0,-0.4075262713151423,-0.8415944955610053
1850,-0.7718107031195512,-0.6016645199539825,-0.1429286814545189,-0.25382927907149927,-0.2794068635759277,-0.2794068635759276,0.005322381058825778,0.3544379943207086,0.07553589754728653,-0.19178464021846164,0.5743340800170054,-0.5886489629184649,-0.12485353907747694,-0.08572037493902064,0.36203538401343544,-0.2131369281205442,-0.7297104957834565,-0.7297104957834566,-0.2633101978363056,0.8793710714497072,0.14717675095716684,0,0,casual_user,0,-0.3429652981262491,-0.1806970615699525
1851,-0.7718107031195512,-1.1496285636279193,-0.736620899410813,-1.2379815727251318,-1.2877318855027686,-1.2877318855027688,1.6707077558015044,-1.4350566712732788,1.8439514113967574,-0.8577035298658984,-1.311479992973772,-0.8128638824179276,-0.5218188133002654,-0.8915523367629506,-1.7101503814556616,-1.0421409270335906,-0.7297104957834565,-0.7297104957834566,-0.8445689127067375,0.5876331361591018,-1.102052088651566,1,0,at_risk_user,1,-2.6817536792673455,-1.164288924432708
1852,0.3648766357899498,-1.1496285636279193,-1.03346700838896,0.23824686775531695,0.32558814958017684,0.3255881495801769,-0.6608317688382453,0.3544379943207086,-0.34730667375957236,-0.19178464021846164,0.4028964370178437,0.6138712249953208,0.35576612980018774,0.11573761551696186,0.3997114888401463,0.11846467144467435,0.08789230061257318,0.08789230061257323,1.4804659467749903,0.44176416851379924,0.4265098981870621,0,1,consistent_user,0,0.932627378805706,-0.8166089033627788
1853,-0.7718107031195512,-0.053700476280045734,0.4507635365017753,0.7303230145821331,0.7289181583509132,0.7289181583509132,0.3754080198905321,0.6526871052530396,-0.5288366282377555,1.1400531390764117,0.03553005916249759,0.5381747350788352,0.8316028652535606,0.11573761551696186,0.8948831522769175,0.7816678705751114,1.7230978934046326,1.7230978934046326,0.31794851703412635,0.8064365876270558,0.8328437080356441,0,1,consistent_user,2,1.9014229109949092,0.3434117077272868
1854,2.0699076441542013,-0.053700476280045734,-0.8214340734045693,1.2223991614089493,1.3339131715070178,1.333913171507018,-0.6608317688382453,0.5930372830665736,-0.804575249694416,0.4741342494289751,0.6852643196046981,0.567878420995431,0.7425477791198799,0.9215695773408918,0.6302006007212011,0.9474686703577208,0.9054950970086029,0.905495097008603,0.31794851703412635,-1.0898599917618785,0.9998495626364402,0,1,consistent_user,2,2.0219894857766505,-0.5617004477879484
1855,0.9332203052447002,0.49426356739389105,-0.3804055686370366,0.5662976323065277,0.5272531539655451,0.5272531539655451,-0.8021371945739878,0.6798006607923425,-0.607431699077848,-0.19178464021846164,0.13914621701913374,0.6359094435786014,0.6957678785066063,0.11573761551696186,0.3301556030062187,0.28426547122728363,0.08789230061257318,0.08789230061257323,-1.4258276275771695,0.44176416851379924,0.3761177447747998,0,1,consistent_user,0,1.0382434221322165,-0.3291197248231377
1856,-0.7718107031195512,-1.1496285636279193,-0.736620899410813,-1.2379815727251318,-1.2877318855027686,-1.2877318855027688,1.6707077558015044,-1.4350566712732788,1.8439514113967574,-0.8577035298658984,0.5743340800170054,-0.6806345709182445,-0.12485353907747694,-0.6900943463069682,-1.7101503814556616,-1.0421409270335906,-0.7297104957834565,-0.7297104957834566,0.8992072319045583,0.8793710714497072,-0.444563225699601,1,0,casual_user,1,-1.7381770088563646,-1.2588485541260517
1857,-0.7718107031195512,-1.1496285636279193,-0.736620899410813,-0.7459054258983154,-0.682736872346664,-0.6827368723466641,-0.6608317688382453,-0.36135987191688623,0.4358734525993771,-0.8577035298658984,-0.557154363777461,-1.1443953445838,-1.0813099434085147,-0.6900943463069682,0.2791479533946715,-0.5447385276857627,-0.7297104957834565,-0.7297104957834566,-1.4258276275771695,0.2958952008684966,-0.6077673357620608,0,0,at_risk_user,1,-1.5757707196946422,-0.30627470467374
1858,-0.20346703366480073,-0.6016645199539825,-0.5387234934253817,0.07422148547971154,0.12392314519480867,0.12392314519480872,0.3754080198905321,0.3544379943207086,-0.031420790476704756,0.4741342494289751,1.7058225238114717,1.6621238828261427,1.332367051188376,0.7201115868849094,0.9422473983447828,0.28426547122728363,0.08789230061257318,0.08789230061257323,1.4804659467749903,1.1711090067403125,0.9142470910677925,0,1,power_user,2,2.360146425506677,-0.8759110124556954
1859,-0.20346703366480073,0.49426356739389105,0.2528661305163439,-0.08980389679589386,-0.07774185919055952,-0.07774185919055944,-0.27224184806495383,0.3544379943207086,-0.0696941967300332,-0.19178464021846164,-1.311479992973772,-0.5896071463351292,-0.12485353907747694,-0.8915523367629506,0.13179252118353585,-0.2131369281205442,-0.7297104957834565,-0.7297104957834566,-0.2633101978363056,1.6816503934988718,-0.4942401620115274,0,0,casual_user,0,-1.0670011381342215,0.18281623990862791
1860,-0.7718107031195512,-0.053700476280045734,0.4507635365017753,0.07422148547971154,0.12392314519480867,0.12392314519480872,0.3754080198905321,0.3544379943207086,-0.15901753026838367,0.4741342494289751,-0.557154363777461,-0.632725400085026,0.4346375910307722,-0.48863635585098564,-0.05240176908038397,-0.2131369281205442,0.08789230061257318,0.08789230061257323,0.31794851703412635,0.004157265577891283,-0.032536871583036885,0,0,casual_user,0,-0.2767280359703773,0.13517296914107468
1861,0.3648766357899498,-1.1496285636279193,-1.03346700838896,-0.9099308081739209,-0.8844018767320323,-0.8844018767320323,1.6707077558015044,-0.5403093384762852,-0.5121707818103663,-0.19178464021846164,0.5743340800170054,-0.2283719982526614,-0.24491835518790803,-0.48863635585098564,0.7764725371072548,-0.5447385276857627,-0.7297104957834565,-0.7297104957834566,0.8992072319045583,0.8064365876270558,0.05512831014389201,1,0,casual_user,1,-0.40543167707191874,-1.286267179734663
1862,-0.20346703366480073,-0.053700476280045734,-0.1429286814545189,-0.7459054258983154,-0.682736872346664,-0.6827368723466641,-0.6608317688382453,-0.36135987191688623,-0.9738956286756881,-0.8577035298658984,1.7058225238114717,0.4203181748291179,0.8316028652535606,-0.08572037493902064,-0.38395149155543945,-0.710539327468372,-0.7297104957834565,-0.7297104957834566,-1.4258276275771695,-0.43344963735801667,0.3181238553246781,1,0,consistent_user,0,0.4635186918258021,-0.4208832502355228
1863,0.9332203052447002,0.49426356739389105,-0.3804055686370366,0.23824686775531695,0.12392314519480867,0.12392314519480872,-0.48812513738344926,0.7521034755638172,-0.06240273172942881,-0.19178464021846164,-0.9686047069754489,-0.5187015735019659,0.11227831896551003,-0.6900943463069682,0.7011203274538332,0.28426547122728363,0.08789230061257318,0.08789230061257323,0.31794851703412635,0.5146986523364505,-0.056445557508562734,0,0,casual_user,0,-0.16674867189955422,-0.27066954601707466
1864,-1.3401543725743017,-1.1496285636279193,-0.1429286814545189,-1.0739561904495263,-1.0860668811174004,-1.0860668811174004,0.3754080198905321,-0.8385584494086165,1.8439514113967574,-0.8577035298658984,-0.054270610979920475,-1.1300225933338346,-2.0377663477395522,-0.6900943463069682,-1.7101503814556616,-1.0421409270335906,-0.7297104957834565,-0.7297104957834566,0.31794851703412635,1.4628469420309178,-1.400113706523123,0,0,at_risk_user,3,-2.7720523584916115,0.2466135648443078
1865,-0.20346703366480073,-1.1496285636279193,-0.9345183053962445,-0.41785466134710464,-0.48107186796129586,-0.4810718679612959,-0.91989171602044,0.3544379943207086,0.02446308369448718,-0.8577035298658984,-1.311479992973772,-0.41425958108554933,-0.12485353907747694,-0.8915523367629506,1.1317043826162427,-0.04733612833793493,-0.7297104957834565,-0.7297104957834566,-1.4258276275771695,-0.21464618589006268,-0.44080614648273286,0,0,casual_user,0,-0.7325991435259042,-0.7213895256901528
1866,-0.20346703366480073,-0.6016645199539825,-0.5387234934253817,-0.7459054258983154,-0.682736872346664,-0.6827368723466641,-0.6608317688382453,-0.36135987191688623,-0.3939588153078784,-0.8577035298658984,-1.311479992973772,-1.0572006536673424,-0.12485353907747694,-0.8915523367629506,0.2791479533946715,-0.5447385276857627,-0.7297104957834565,-0.7297104957834566,1.4804659467749903,0.3688296846911479,-0.6286601073261513,1,0,at_risk_user,1,-1.4598976767970029,-0.5151089983222417
1867,0.3648766357899498,1.042227611067828,0.1539174275236282,1.2223991614089493,1.5355781758923859,1.5355781758923863,-0.27224184806495383,0.3544379943207086,-0.8362131975109356,1.1400531390764117,0.6852643196046981,0.7346023354950313,0.7728759210801273,0.9215695773408918,0.8252298492359393,1.11326947014033,0.9054950970086029,0.905495097008603,0.8992072319045583,-1.3086634432298325,1.0833893240468075,0,1,consistent_user,2,2.2559636828652287,0.24988224432692716
1868,0.3648766357899498,-0.053700476280045734,-0.439774790432666,0.07422148547971154,0.12392314519480867,0.12392314519480872,-1.3516582946574307,0.3544379943207086,-0.6991651522101512,-0.8577035298658984,-0.557154363777461,-0.5484052594185613,0.08785511658445516,-0.48863635585098564,0.610697675869727,0.11846467144467435,-0.7297104957834565,-0.7297104957834566,1.4804659467749903,-0.725187572648622,-0.10266901696457965,0,0,casual_user,0,-0.34222578386239194,-0.22569235390188586
1869,-0.20346703366480073,1.042227611067828,0.6486609424872066,0.7303230145821331,1.1322481671216496,1.1322481671216498,-0.5498060771887336,0.09879589923585338,-0.838573226073803,0.4741342494289751,1.382540111298767,1.9332897897421595,1.271029179251379,1.1230275677968744,1.3685256129555685,1.11326947014033,1.7230978934046326,1.7230978934046326,-0.8445689127067375,-0.287580669712714,1.4828184125538726,0,1,power_user,2,3.618544039104267,0.6987088972378586
1870,2.0699076441542013,1.042227611067828,-0.48218137742954414,1.55044992596016,1.1322481671216496,1.1322481671216498,-1.1049345354362932,1.3770063746601304,-0.6809316299330842,-0.19178464021846164,0.8720941968050229,0.5238019838288698,0.35576612980018774,1.324485558252857,1.2563471354264142,1.7764726692707673,0.08789230061257318,0.08789230061257323,-0.2633101978363056,-1.0169255079392272,0.9363940843461743,0,1,consistent_user,0,1.794314866192977,-0.10068469148358321
1871,2.0699076441542013,-1.1496285636279193,-1.1606867693795946,-0.41785466134710464,-0.2794068635759277,-0.2794068635759276,4.446350047039302,-0.15684619584900225,-1.1465524495910826,2.4718909183712854,0.8437360904442591,0.5650038707454377,0.6473462466927044,-0.08572037493902064,0.18441946125894132,-0.3789377279031535,0.08789230061257318,0.08789230061257323,-0.2633101978363056,-0.21464618589006268,0.38825600070622085,1,0,consistent_user,1,0.6068025143780144,-2.1356090463634256
1872,-0.7718107031195512,-1.1496285636279193,-0.736620899410813,-1.2379815727251318,-1.2877318855027686,-1.2877318855027688,1.6707077558015044,-1.4350566712732788,1.8439514113967574,-0.8577035298658984,-1.311479992973772,-1.0907370732505952,-0.5218188133002654,-0.8915523367629506,-0.05240176908038397,-0.8763401272509813,-0.7297104957834565,-0.7297104957834566,0.31794851703412635,-1.3815979270524839,-0.83905654347078,1,0,at_risk_user,1,-2.13486241888302,-1.0904703259968187
1873,-0.7718107031195512,-0.6016645199539825,-0.1429286814545189,-0.5818800436227101,-0.682736872346664,-0.6827368723466641,-0.6608317688382453,0.3544379943207086,0.9253294013936508,-0.8577035298658984,-1.311479992973772,-0.46983421925208285,0.4346375910307722,-0.8915523367629506,0.5001811017113752,-0.3789377279031535,-0.7297104957834565,-0.7297104957834566,-0.2633101978363056,-1.0169255079392272,-0.5935940346353799,0,0,casual_user,0,-0.895704061911558,-0.3435527827776988
1874,-0.7718107031195512,0.49426356739389105,1.0444557544580695,-0.08980389679589386,-0.07774185919055952,-0.07774185919055944,-0.27224184806495383,0.3544379943207086,-0.306013364203573,-0.19178464021846164,0.36479918301803,-0.6058962644184235,0.18305664901163074,-0.08572037493902064,0.8685696822392148,0.11846467144467435,-0.7297104957834565,-0.7297104957834566,0.8992072319045583,-0.06877721824476005,0.20708129180390142,0,0,casual_user,0,-0.007207681003105029,0.8490729732449807
1875,-1.3401543725743017,-1.1496285636279193,-0.1429286814545189,-1.402006955000737,-1.489396889888137,-1.489396889888137,-2.215191451931412,-3.2245513368672665,1.8439514113967574,-1.523622419513335,-1.311479992973772,-1.536292361999528,-2.0377663477395522,-0.8915523367629506,-1.7101503814556616,-1.0421409270335906,-0.7297104957834565,-0.7297104957834566,-0.8445689127067375,0.004157265577891283,-1.9436378332300805,1,0,at_risk_user,3,-3.495069994156195,0.6748642134630441
1876,-1.3401543725743017,-0.6016645199539825,1.0444557544580695,-1.2379815727251318,-1.2877318855027686,-1.2877318855027688,1.6707077558015044,-1.4350566712732788,1.8439514113967574,-0.8577035298658984,0.5743340800170054,-0.7783692794180104,-2.0377663477395522,-0.6900943463069682,-1.7101503814556616,-1.0421409270335906,-0.7297104957834565,-0.7297104957834566,0.31794851703412635,-1.0169255079392272,-1.2335498612419586,1,0,at_risk_user,3,-2.5217589831843457,1.047172334771228
1877,-1.3401543725743017,-0.053700476280045734,2.231840190370658,-0.25382927907149927,-0.2794068635759277,-0.2794068635759276,0.005322381058825778,0.3544379943207086,0.12221088597034979,-0.19178464021846164,-1.311479992973772,-0.43725598308549424,-2.0377663477395522,-0.8915523367629506,0.7764725371072548,-0.04733612833793493,-0.7297104957834565,-0.7297104957834566,-0.8445689127067375,1.0252400390950098,-1.2335498612419586,0,0,casual_user,3,-1.5814309139638738,2.630344769181924
1878,1.5015639746994507,-0.053700476280045734,-0.736620899410813,1.0583737791333439,1.1322481671216496,1.1322481671216498,-0.5498060771887336,0.6100800894055639,-0.507382927715018,0.4741342494289751,1.517241116512394,1.7723149757425454,1.0831838072727025,1.5259435487088393,1.398128266747984,1.4448710697055487,2.540700689800662,2.5407006898006625,1.4804659467749903,1.6816503934988718,1.7098086152396696,0,1,power_user,2,3.8554549255776935,-0.3654375142755889
1879,1.5015639746994507,-0.053700476280045734,-0.736620899410813,0.5662976323065277,0.5272531539655451,0.5272531539655451,-0.8021371945739878,0.6798006607923425,-0.7120423122472759,-0.19178464021846164,1.0095219430148772,0.3532453356626116,0.6073470718193292,0.7201115868849094,0.8402320991216888,0.6158670707925021,0.08789230061257318,0.08789230061257323,0.31794851703412635,0.2958952008684966,0.7604958492697943,0,1,consistent_user,0,1.4232950156216126,-0.5719138894789886
1880,0.3648766357899498,1.042227611067828,0.1539174275236282,0.07422148547971154,0.12392314519480867,0.12392314519480872,2.102474334438495,0.3544379943207086,-0.6991651522101512,1.8059720287238485,-0.9343171783756165,-0.6643454528349503,0.08785511658445516,-0.6900943463069682,0.2791479533946715,-0.04733612833793493,0.08789230061257318,0.08789230061257323,0.31794851703412635,1.6087159096762205,-0.11143553513727242,1,0,casual_user,1,-0.5173901391809442,-0.33756041201301656
1881,0.9332203052447002,-0.053700476280045734,-0.6178824558195544,0.5662976323065277,0.7289181583509132,0.7289181583509132,-0.27224184806495383,0.3544379943207086,-0.7682803075011173,0.4741342494289751,1.0095219430148772,0.4404400265790694,0.5450865151863976,0.7201115868849094,1.350308595237159,0.9474686703577208,0.9054950970086029,0.905495097008603,-1.4258276275771695,-0.43344963735801667,1.0693470279692816,0,1,consistent_user,2,2.023251595638874,-0.40718710808743513
1882,0.9332203052447002,3.234083785763575,0.8069788672755519,1.55044992596016,1.3339131715070178,1.333913171507018,-1.1789516632026342,1.0702358605583036,-0.671293636364166,-0.19178464021846164,1.6661211749064027,1.7953113777424903,1.0319358782180605,2.130317520076787,1.430846989360654,1.9422734690533765,0.08789230061257318,0.08789230061257323,-0.8445689127067375,0.0770917494005426,1.2935143509600833,0,1,power_user,2,3.085605357131089,0.9010547839531007
1883,0.3648766357899498,-0.6016645199539825,-0.736620899410813,-0.7459054258983154,-0.8844018767320323,-0.8844018767320323,-0.27224184806495383,0.3544379943207086,-0.5121707818103663,-0.8577035298658984,-1.311479992973772,-0.4889978875853704,-0.12485353907747694,-0.8915523367629506,-1.0470509365055505,-0.8763401272509813,-0.7297104957834565,-0.7297104957834566,-1.4258276275771695,-0.06877721824476005,-0.891655652506937,1,0,casual_user,1,-1.8514389018476287,-0.8346075187757581
1884,0.3648766357899498,-0.6016645199539825,-0.736620899410813,0.23824686775531695,0.32558814958017684,0.3255881495801769,-1.4380116103848286,0.3544379943207086,-0.6686729803303041,-0.8577035298658984,-0.2828541349788026,0.6426167274952517,0.35576612980018774,-0.28717836539500313,0.09830265022645933,-0.04733612833793493,0.08789230061257318,0.08789230061257323,-0.2633101978363056,0.5876331361591018,0.13960566708075017,0,1,consistent_user,0,0.5935110172302632,-0.43042328539835883
1885,1.5015639746994507,1.5901916547417647,-0.1429286814545189,1.7144753082357655,1.9389081846631224,1.9389081846631226,0.3754080198905321,0.5532707349422629,-0.9359748225973579,2.4718909183712854,2.0829853384096273,1.8192659631590997,1.271029179251379,2.7346914914447344,1.4395719820573658,2.1080742688359857,0.9054950970086029,0.905495097008603,-1.4258276275771695,-0.36051515353536534,1.773365871991693,0,1,power_user,2,3.8628487653432897,-0.17668209851821792
1886,0.9332203052447002,-0.6016645199539825,-0.855359343002072,0.07422148547971154,0.32558814958017684,0.3255881495801769,0.1163480727083377,-0.003460938798088793,-0.43616726531021294,0.4741342494289751,-0.1799915491793056,0.5573384034121229,0.7425477791198799,-0.28717836539500313,0.610697675869727,0.11846467144467435,0.08789230061257318,0.08789230061257323,-0.8445689127067375,-0.9439910241165759,0.2567582281158278,0,1,consistent_user,0,0.8804317811503231,-0.9715963503959734
1887,-0.7718107031195512,-1.1496285636279193,-0.736620899410813,-1.2379815727251318,-1.2877318855027686,-1.2877318855027688,1.6707077558015044,-1.4350566712732788,1.8439514113967574,-0.8577035298658984,-1.311479992973772,-1.2708755555834972,-1.0813099434085147,-0.8915523367629506,-0.05240176908038397,-0.8763401272509813,-0.7297104957834565,-0.7297104957834566,-0.2633101978363056,-1.6004013785204378,-1.0811593170874751,1,0,at_risk_user,1,-2.4306874051252785,-0.8834049731287353
1888,0.9332203052447002,0.49426356739389105,-0.3804055686370366,0.5662976323065277,0.5272531539655451,0.5272531539655451,-1.5086643232527,0.6798006607923425,-0.7669691349661931,-0.8577035298658984,1.5897724270120395,1.7330294556593058,1.0319358782180605,1.1230275677968744,1.0952703471794236,0.7816678705751114,-0.7297104957834565,-0.7297104957834566,1.4804659467749903,-1.6733358623430892,0.8279306044443552,0,1,power_user,2,2.2394263774436234,-0.28197706876637396
1889,-0.20346703366480073,-0.053700476280045734,-0.1429286814545189,0.4022722500309223,0.7289181583509132,0.7289181583509132,-0.91989171602044,0.05618888338837724,-0.6228583825641423,-0.19178464021846164,0.5743340800170054,-0.5426561589185752,-0.30911015763833327,0.3171956059729444,0.5001811017113752,0.28426547122728363,0.08789230061257318,0.08789230061257323,-0.2633101978363056,0.8793710714497072,0.6074189550235423,0,0,casual_user,0,0.4618828897598871,0.2833158387825852
1890,-0.20346703366480073,-0.6016645199539825,-0.5387234934253817,-0.9099308081739209,-0.8844018767320323,-0.8844018767320323,1.6707077558015044,-0.5403093384762852,0.33367144189725534,-0.19178464021846164,-0.3685729564783833,-0.7323764754181206,0.18305664901163074,-0.6900943463069682,-0.8812760752680229,-0.8763401272509813,-0.7297104957834565,-0.7297104957834566,-0.2633101978363056,-0.14171170206741138,-0.5366116665128764,1,0,casual_user,1,-1.4965980385215678,-1.1447842167089197
1891,-0.7718107031195512,1.042227611067828,1.6381479724143637,0.23824686775531695,0.32558814958017684,0.3255881495801769,-0.6608317688382453,0.3544379943207086,-0.9350918936641772,-0.19178464021846164,0.4028964370178437,0.5563802199954584,0.18305664901163074,0.11573761551696186,0.7011203274538332,0.28426547122728363,0.08789230061257318,0.08789230061257323,-0.2633101978363056,1.0252400390950098,0.47432727003811437,0,1,consistent_user,0,0.9619349839066301,1.6275935744055121
1892,-1.3401543725743017,-1.1496285636279193,-0.1429286814545189,-0.08980389679589386,-0.2794068635759277,-0.2794068635759276,0.005322381058825778,0.8657221844904192,-0.8790736527853069,-0.19178464021846164,-1.311479992973772,-0.46791785241875417,-2.0377663477395522,-0.8915523367629506,0.5001811017113752,-0.04733612833793493,-0.7297104957834565,-0.7297104957834566,1.4804659467749903,0.22296071704584525,-1.2773824521054231,0,0,casual_user,3,-1.7062614905422684,0.5127646942630899
1893,-0.7718107031195512,0.49426356739389105,1.0444557544580695,-0.5818800436227101,-0.682736872346664,-0.6827368723466641,0.8935279142549213,0.3544379943207086,-0.23293842898878428,-0.19178464021846164,1.8315434620108568,0.6435749109119161,0.9941287211390216,0.11573761551696186,-0.6049846398721432,-0.710539327468372,-0.7297104957834565,-0.7297104957834566,-0.2633101978363056,0.5146986523364505,0.3268903734973706,1,0,consistent_user,0,0.5121071936901401,0.25575444323057933
1894,-0.20346703366480073,-0.053700476280045734,-0.1429286814545189,0.8943483968577386,1.1322481671216496,1.1322481671216498,-0.5498060771887336,0.3544379943207086,-0.6637865086047594,0.4741342494289751,1.202938771013931,1.675538450659444,1.271029179251379,1.1230275677968744,1.38431369497819,1.2790702699229393,1.7230978934046326,1.7230978934046326,-0.2633101978363056,-0.7981220564712733,1.422705145083978,0,1,power_user,2,3.441879606355889,-0.016834951892209137
1895,-0.20346703366480073,-0.053700476280045734,-0.1429286814545189,-0.7459054258983154,-0.682736872346664,-0.6827368723466641,0.8935279142549213,-0.36135987191688623,-0.6897454392899336,-0.19178464021846164,0.19717126541884997,-0.606854447835088,0.03767231680798374,-0.48863635585098564,-0.38395149155543945,-0.710539327468372,-0.7297104957834565,-0.7297104957834566,0.8992072319045583,1.2440434905629638,-0.2078672350368938,1,0,casual_user,1,-0.9531594475777402,-0.5142440091704975
1896,2.0699076441542013,-0.053700476280045734,-0.8214340734045693,0.23824686775531695,0.5272531539655451,0.5272531539655451,2.02397132014086,0.029075327849074427,-0.1275358515908657,2.4718909183712854,-0.6257294209771256,-0.5445725257519038,0.22830250287284762,-0.48863635585098564,0.7011203274538332,0.28426547122728363,0.9054950970086029,0.905495097008603,1.4804659467749903,-1.3086634432298325,0.34362645364523875,0,0,casual_user,1,0.3760511522625156,-1.069723659254654
1897,-0.20346703366480073,-1.1496285636279193,-0.9345183053962445,-1.0739561904495263,-1.0860668811174004,-1.0860668811174004,0.3754080198905321,-0.8385584494086165,1.8439514113967574,-0.8577035298658984,-1.311479992973772,-0.9105985909176935,-0.5218188133002654,-0.8915523367629506,-0.6049846398721432,-0.8763401272509813,-0.7297104957834565,-0.7297104957834566,0.31794851703412635,1.0252400390950098,-0.8741226161615515,1,0,at_risk_user,1,-2.1303844745494387,-1.0041565870405762
1898,0.3648766357899498,-0.053700476280045734,-0.439774790432666,-0.5818800436227101,-0.8844018767320323,-0.8844018767320323,-0.27224184806495383,1.2491853271177025,-0.7236313377372718,-0.8577035298658984,-0.054270610979920475,-0.49091425441869907,0.27211173514531184,-0.48863635585098564,-1.7101503814556616,-1.0421409270335906,-0.7297104957834565,-0.7297104957834566,-0.2633101978363056,1.3899124582082665,-0.5585279619446085,1,0,casual_user,1,-1.4784847785779973,-0.7235014909980175
1899,-0.7718107031195512,-0.6016645199539825,-0.1429286814545189,-1.0739561904495263,-1.0860668811174004,-1.0860668811174004,2.9660074917124764,-0.8385584494086165,1.8439514113967574,-0.19178464021846164,-1.311479992973772,-0.937427726584296,-0.5218188133002654,-0.8915523367629506,0.5001811017113752,-0.710539327468372,-0.7297104957834565,-0.7297104957834566,-0.2633101978363056,-0.506384121180668,-0.6987922527076942,1,0,at_risk_user,1,-1.8161854416780696,-0.7700837099236807
1900,-1.3401543725743017,-1.1496285636279193,-0.1429286814545189,-1.402006955000737,-1.489396889888137,-1.489396889888137,-2.215191451931412,-3.2245513368672665,1.8439514113967574,-1.523622419513335,-1.311479992973772,-1.536292361999528,-2.0377663477395522,-0.8915523367629506,-1.7101503814556616,-1.0421409270335906,-0.7297104957834565,-0.7297104957834566,1.4804659467749903,1.1711090067403125,-1.9436378332300805,1,0,casual_user,3,-3.495069994156195,0.6748642134630441
1901,-0.20346703366480073,0.49426356739389105,0.2528661305163439,0.23824686775531695,-0.07774185919055952,-0.07774185919055944,-0.27224184806495383,1.2491853271177025,-0.6200199115461119,-0.19178464021846164,0.06002115101952067,-0.488039704168706,0.31457277492034114,-0.08572037493902064,-1.107332704228288,-0.710539327468372,0.08789230061257318,0.08789230061257323,0.31794851703412635,-1.3815979270524839,-0.037318608768141824,0,0,casual_user,0,-0.5040976556584832,0.08414613869491695
1902,-0.20346703366480073,0.49426356739389105,0.2528661305163439,0.23824686775531695,0.12392314519480867,0.12392314519480872,-0.48812513738344926,0.7521034755638172,-0.4590152363898338,-0.19178464021846164,0.4028964370178437,-0.532116141335267,-0.12485353907747694,0.11573761551696186,-1.107332704228288,-0.710539327468372,0.08789230061257318,0.08789230061257323,-0.8445689127067375,-0.287580669712714,0.13482392989564523,0,0,casual_user,0,-0.46229984259378065,0.325096431718292
1903,0.9332203052447002,-0.6016645199539825,-0.855359343002072,0.4022722500309223,0.7289181583509132,0.7289181583509132,-0.27224184806495383,0.05618888338837724,-0.6571888815466564,0.4741342494289751,0.5743340800170054,-0.7055473397515182,0.18305664901163074,0.3171956059729444,-0.32869320447626355,-0.2131369281205442,0.9054950970086029,0.905495097008603,0.31794851703412635,0.44176416851379924,0.6512515458870064,0,0,casual_user,0,0.5323099538593808,-0.6245983737862033
1904,0.3648766357899498,-0.6016645199539825,-0.736620899410813,1.0583737791333439,0.9305831627362814,0.9305831627362817,-0.42169950990083516,0.9050517375803967,-0.6223411537298955,0.4741342494289751,1.2815143573885468,0.5755438883287457,0.7728759210801273,1.324485558252857,0.5692539605603452,0.7816678705751114,0.9054950970086029,0.905495097008603,0.31794851703412635,-0.43344963735801667,1.0928648988364094,0,1,consistent_user,2,2.05630261844441,-0.5753209779060693
1905,0.9332203052447002,1.042227611067828,-0.1429286814545189,0.5662976323065277,0.5272531539655451,0.5272531539655451,-0.09561006589527597,0.6798006607923425,-0.4704663162234258,0.4741342494289751,0.7193967010162958,0.31491799899603695,0.4346375910307722,0.5186535964289268,0.5851938510639536,0.4500662710098929,0.9054950970086029,0.905495097008603,0.31794851703412635,1.4628469420309178,0.794213226857075,0,1,consistent_user,0,1.407397605390479,-0.053921518933554596
1906,-0.7718107031195512,1.042227611067828,1.6381479724143637,-0.5818800436227101,-0.8844018767320323,-0.8844018767320323,-0.27224184806495383,1.2491853271177025,0.33367144189725534,-0.8577035298658984,-1.311479992973772,-0.6988400558348675,0.18305664901163074,-0.8915523367629506,-0.05240176908038397,-0.5447385276857627,-0.7297104957834565,-0.7297104957834566,1.4804659467749903,1.6087159096762205,-0.7338583253984657,1,0,casual_user,3,-1.4232782708909049,1.1919091057893543
1907,-0.7718107031195512,0.49426356739389105,1.0444557544580695,-0.7459054258983154,-0.8844018767320323,-0.8844018767320323,1.6707077558015044,0.3544379943207086,0.12221088597034979,-0.19178464021846164,1.7058225238114717,-0.7783692794180104,0.4346375910307722,-0.08572037493902064,-1.0470509365055505,-0.8763401272509813,-0.7297104957834565,-0.7297104957834566,1.4804659467749903,-0.7981220564712733,0.16032652821620644,1,0,casual_user,1,-0.681578651672898,0.20708191185927857
1908,-0.7718107031195512,-1.1496285636279193,-0.736620899410813,-1.2379815727251318,-1.2877318855027686,-1.2877318855027688,1.6707077558015044,-1.4350566712732788,1.8439514113967574,-0.8577035298658984,-1.311479992973772,-1.1530189953337795,-0.12485353907747694,-0.8915523367629506,-1.7101503814556616,-1.0421409270335906,-0.7297104957834565,-0.7297104957834566,-1.4258276275771695,1.3899124582082665,-1.102052088651566,1,0,at_risk_user,1,-2.6777658707046674,-1.3306186982734518
1909,3.206594983063702,1.5901916547417647,-0.5387234934253817,2.698627601889398,2.1405731890484905,2.140573189048491,0.2390606792683245,1.4846451515379642,-0.7996555182024959,2.4718909183712854,1.4447098060127486,1.8451369154090373,1.2231674479975445,2.936149481900717,1.350308595237159,2.9370782677490324,2.540700689800662,2.5407006898006625,-0.2633101978363056,1.5357814258535691,1.9399297172728571,0,1,power_user,2,4.2988406326350335,-0.2981688973376732
1910,-1.3401543725743017,1.5901916547417647,5.793993498108423,0.23824686775531695,0.5272531539655451,0.5272531539655451,-0.09561006589527597,0.029075327849074427,-0.7509459740434679,0.4741342494289751,-0.9686047069754489,-0.5503216262518902,-2.0377663477395522,-0.6900943463069682,-0.20310618838722744,-0.2131369281205442,0.9054950970086029,0.905495097008603,0.8992072319045583,-1.0898599917618785,-0.7083557270779045,0,0,casual_user,3,-0.9039593567808532,6.026158621796902
1911,2.0699076441542013,1.042227611067828,-0.48218137742954414,1.878500690511371,1.7372431802777542,1.7372431802777546,-0.38653300123356904,0.9860243468832925,-0.7411107885749985,1.1400531390764117,-0.054270610979920475,0.5391329184954997,0.8316028652535606,0.5186535964289268,0.9738235623900261,1.7764726692707673,1.7230978934046326,1.7230978934046326,0.8992072319045583,0.004157265577891283,1.0770538571320885,0,1,consistent_user,2,2.375417306797306,-0.22084016978309837
1912,-1.3401543725743017,-1.1496285636279193,-0.1429286814545189,-1.402006955000737,-1.489396889888137,-1.489396889888137,-2.215191451931412,-3.2245513368672665,1.8439514113967574,-1.523622419513335,-1.311479992973772,-1.536292361999528,-2.0377663477395522,-0.8915523367629506,-1.7101503814556616,-1.0421409270335906,-0.7297104957834565,-0.7297104957834566,-1.4258276275771695,1.3169779743856151,-1.9436378332300805,1,0,casual_user,3,-3.495069994156195,0.6748642134630441
1913,0.9332203052447002,-0.6016645199539825,-0.855359343002072,0.5662976323065277,0.9305831627362814,0.9305831627362817,0.1761311374426905,0.07913112269086459,-0.6396883099803792,1.1400531390764117,1.299647185013458,1.8949624530755849,1.3620429242112333,0.9215695773408918,1.350308595237159,0.9474686703577208,1.7230978934046326,1.7230978934046326,0.31794851703412635,-1.6004013785204378,1.3984286332211369,0,1,power_user,2,3.4756376452479762,-0.8399797200447385
1914,0.3648766357899498,-0.053700476280045734,-0.439774790432666,-0.08980389679589386,0.12392314519480867,0.12392314519480872,-1.3516582946574307,-0.04322748692239988,-0.6625850983496434,-0.8577035298658984,-0.054270610979920475,-0.766871078418038,-0.24491835518790803,-0.28717836539500313,-0.2365960593443038,-0.3789377279031535,-0.7297104957834565,-0.7297104957834566,-0.8445689127067375,1.5357814258535691,-0.061758598825346324,0,0,casual_user,0,-0.7140395097295131,-0.1368618446381307
1915,-0.20346703366480073,-1.1496285636279193,-0.9345183053962445,-0.5818800436227101,-0.682736872346664,-0.6827368723466641,0.8935279142549213,0.3544379943207086,1.0577822760809346,-0.19178464021846164,-0.054270610979920475,-0.6231435659183824,-0.5218188133002654,-0.48863635585098564,-1.1575675106639025,-0.8763401272509813,-0.7297104957834565,-0.7297104957834566,1.4804659467749903,0.9523055552723585,-0.4182636711815227,1,0,casual_user,1,-1.5866667451697674,-1.0478603139777045
1916,2.6382513136089516,1.5901916547417647,-0.439774790432666,2.370576837338187,2.3422381934338588,2.342238193433859,-0.27224184806495383,0.8912863939989045,-0.89240849054689,1.8059720287238485,1.3600899437631626,1.9926971615753504,1.1196583955264443,2.533233500988752,1.1909096902010743,2.4396758684012045,2.540700689800662,2.5407006898006625,-0.8445689127067375,1.6816503934988718,1.9377380877296841,0,1,power_user,2,4.3384434378251235,-0.050950632171772293
1917,-0.7718107031195512,-0.6016645199539825,-0.1429286814545189,-1.0739561904495263,-1.0860668811174004,-1.0860668811174004,0.3754080198905321,-0.8385584494086165,1.8439514113967574,-0.8577035298658984,-1.311479992973772,-0.9632986788342339,-0.5218188133002654,-0.8915523367629506,-1.7101503814556616,-1.0421409270335906,-0.7297104957834565,-0.7297104957834566,0.8992072319045583,1.0981745229176612,-1.0494529796154086,1,0,casual_user,1,-2.5997375436958743,-0.36254630313465147
1918,-0.7718107031195512,-0.6016645199539825,-0.1429286814545189,-0.7459054258983154,-0.682736872346664,-0.6827368723466641,-0.6608317688382453,-0.36135987191688623,-0.45592516592950477,-0.8577035298658984,0.19717126541884997,-0.46408511875209674,-0.12485353907747694,-0.48863635585098564,-1.0470509365055505,-0.8763401272509813,-0.7297104957834565,-0.7297104957834566,-0.8445689127067375,0.3688296846911479,-0.31306545310920797,0,0,casual_user,1,-1.1488904733057028,-0.16669467275097852
1919,-1.3401543725743017,1.042227611067828,4.606609062195835,0.4022722500309223,0.32558814958017684,0.3255881495801769,-0.6608317688382453,0.7123369274395064,-0.8814726142201205,-0.19178464021846164,-0.6828753019768462,0.7068150164117647,-2.0377663477395522,-0.48863635585098564,0.7764725371072548,0.4500662710098929,-0.7297104957834565,-0.7297104957834566,0.31794851703412635,0.0770917494005426,-0.8565895798161657,0,1,consistent_user,3,-0.5387441266023849,4.995395350919774
1920,0.9332203052447002,1.5901916547417647,0.09454820572799878,1.2223991614089493,0.9305831627362814,0.9305831627362817,-0.42169950990083516,1.1803586092102416,-0.4218423997775079,0.4741342494289751,1.350845757130855,1.7818968099091892,1.0319358782180605,1.5259435487088393,1.4103175947801552,1.6106718694881579,0.08789230061257318,0.08789230061257323,1.4804659467749903,0.3688296846911479,1.0751384834136852,0,1,power_user,2,2.7375799696007856,0.0648712678293723
1921,0.9332203052447002,2.1381556984157015,0.33202509291051646,2.698627601889398,2.543903197819227,2.543903197819227,-0.36476325777288054,1.0361502478803228,-0.9382063577102606,1.8059720287238485,1.73483504801133,1.9055024706588928,1.139513053342669,3.339065462812682,1.350308595237159,2.9370782677490324,2.540700689800662,2.5407006898006625,1.4804659467749903,0.2958952008684966,2.1462800681070124,0,1,power_user,2,4.609976612076497,0.6794867157890533
1922,-1.3401543725743017,-1.1496285636279193,-0.1429286814545189,-1.402006955000737,-1.489396889888137,-1.489396889888137,-2.215191451931412,-3.2245513368672665,1.8439514113967574,-1.523622419513335,-1.311479992973772,-1.536292361999528,-2.0377663477395522,-0.8915523367629506,-1.7101503814556616,-1.0421409270335906,-0.7297104957834565,-0.7297104957834566,0.31794851703412635,-1.1627944755845299,-1.9436378332300805,1,0,at_risk_user,3,-3.495069994156195,0.6748642134630441
1923,-0.20346703366480073,0.49426356739389105,0.2528661305163439,0.4022722500309223,0.5272531539655451,0.5272531539655451,-0.8021371945739878,0.3544379943207086,-0.5589271072599852,-0.19178464021846164,0.26003173451854256,0.48834919741228794,0.9941287211390216,0.11573761551696186,-0.32869320447626355,-0.2131369281205442,0.08789230061257318,0.08789230061257323,-1.4258276275771695,-0.36051515353536534,0.31374059623833156,0,1,consistent_user,0,0.8697158836150719,0.08033104017780235
1924,-0.20346703366480073,-1.1496285636279193,-0.9345183053962445,-1.0739561904495263,-1.0860668811174004,-1.0860668811174004,0.3754080198905321,-0.8385584494086165,1.8439514113967574,-0.8577035298658984,-0.054270610979920475,-0.8895185557510774,-0.12485353907747694,-0.6900943463069682,-0.6049846398721432,-0.8763401272509813,-0.7297104957834565,-0.7297104957834566,1.4804659467749903,0.22296071704584525,-0.4357967075269085,1,0,casual_user,1,-1.479626864289363,-1.1207182352910454
1925,-0.7718107031195512,1.042227611067828,1.6381479724143637,-0.5818800436227101,-0.8844018767320323,-0.8844018767320323,-0.27224184806495383,1.2491853271177025,-0.30071022588346086,-0.8577035298658984,-1.311479992973772,-0.8693967040011256,-0.12485353907747694,-0.8915523367629506,-0.05240176908038397,-0.5447385276857627,-0.7297104957834565,-0.7297104957834566,0.8992072319045583,-1.6733358623430892,-0.7338583253984657,1,0,at_risk_user,3,-1.6175067792635753,1.3029024073890145
1926,-0.20346703366480073,1.042227611067828,0.6486609424872066,1.55044992596016,1.3339131715070178,1.333913171507018,-0.14271187447385666,1.0702358605583036,-0.804575249694416,1.1400531390764117,0.07806721870364283,0.7221459510783946,0.18305664901163074,0.5186535964289268,0.7328475736236948,1.2790702699229393,0.9054950970086029,0.905495097008603,-0.2633101978363056,-0.06877721824476005,0.8044349160624817,0,1,consistent_user,2,1.6550060156927326,0.8445331315624031
1927,-0.20346703366480073,-0.6016645199539825,-0.5387234934253817,-0.5818800436227101,-0.682736872346664,-0.6827368723466641,-0.6608317688382453,0.3544379943207086,0.15697796244033765,-0.8577035298658984,-1.311479992973772,-0.6288926664183685,0.18305664901163074,-0.8915523367629506,-1.7101503814556616,-1.0421409270335906,-0.7297104957834565,-0.7297104957834566,-0.8445689127067375,1.4628469420309178,-0.9442547615430943,1,0,casual_user,1,-1.9552449073010498,-0.7178250524560446
1928,0.3648766357899498,1.042227611067828,0.1539174275236282,0.8943483968577386,0.9305831627362814,0.9305831627362817,-0.42169950990083516,0.6297448659505527,-0.8979789532279122,0.4741342494289751,0.4486131418176202,0.6981913656617853,0.8316028652535606,0.5186535964289268,0.5001811017113752,0.6158670707925021,0.9054950970086029,0.905495097008603,-1.4258276275771695,1.1711090067403125,0.7915158366500925,0,1,consistent_user,2,1.7818618375723625,0.16893074300939084
1929,-1.3401543725743017,-0.6016645199539825,1.0444557544580695,-0.9099308081739209,-0.8844018767320323,-0.8844018767320323,1.6707077558015044,-0.5403093384762852,-0.08924966995655548,-0.19178464021846164,-0.3685729564783833,-1.17505721391706,-2.0377663477395522,-0.6900943463069682,-0.8812760752680229,-0.8763401272509813,-0.7297104957834565,-0.7297104957834566,0.31794851703412635,-0.06877721824476005,-1.3255983020552338,1,0,at_risk_user,3,-2.5511237943489036,1.089821420804251
1930,-0.20346703366480073,-0.053700476280045734,-0.1429286814545189,0.23824686775531695,0.5272531539655451,0.5272531539655451,-0.8021371945739878,0.029075327849074427,-0.812203953583863,-0.19178464021846164,1.08864700901449,0.6129130415786562,0.8316028652535606,0.5186535964289268,0.7011203274538332,0.28426547122728363,0.08789230061257318,0.08789230061257323,1.4804659467749903,1.0252400390950098,0.7660132383295313,0,1,consistent_user,0,1.5988546683565776,-0.1265846971745794
1931,0.3648766357899498,-0.6016645199539825,-0.736620899410813,-0.7459054258983154,-0.682736872346664,-0.6827368723466641,0.8935279142549213,-0.36135987191688623,-0.5484516773935145,-0.19178464021846164,-0.557154363777461,-0.4487541840854668,-0.12485353907747694,-0.6900943463069682,-0.38395149155543945,-0.710539327468372,-0.7297104957834565,-0.7297104957834566,0.31794851703412635,1.3899124582082665,-0.4708627802176796,1,0,casual_user,1,-1.2391552580575484,-0.9917535591920069
1932,-0.20346703366480073,1.5901916547417647,1.0444557544580695,0.8943483968577386,1.1322481671216496,1.1322481671216498,1.6707077558015044,0.3544379943207086,-0.623376122747092,3.1378098080187216,-0.054270610979920475,0.5966239234953621,0.7425477791198799,0.11573761551696186,0.7212142500280788,0.7816678705751114,1.7230978934046326,1.7230978934046326,0.31794851703412635,0.6605676199817532,0.8791810183770213,0,1,consistent_user,2,1.9041274763539566,0.675396555534656
1933,-1.3401543725743017,-0.6016645199539825,1.0444557544580695,-0.08980389679589386,-0.07774185919055952,-0.07774185919055944,0.6992329538682752,0.3544379943207086,-0.5074889347680527,0.4741342494289751,-0.47334040497787094,-0.7333346588347849,-2.0377663477395522,-0.48863635585098564,-0.6049846398721432,-0.5447385276857627,0.08789230061257318,0.08789230061257323,-1.4258276275771695,-0.6522530888259707,-0.9325660706461707,0,0,casual_user,3,-1.5718155740297064,1.4918810194209438
1934,-0.20346703366480073,0.49426356739389105,0.2528661305163439,0.07422148547971154,0.12392314519480867,0.12392314519480872,-0.48812513738344926,0.3544379943207086,-0.48104734688492834,-0.19178464021846164,-0.557154363777461,0.4509800441623774,0.5450865151863976,-0.48863635585098564,0.2791479533946715,-0.04733612833793493,-0.7297104957834565,-0.7297104957834566,-0.2633101978363056,1.1711090067403125,-0.15526812600073686,0,1,consistent_user,0,0.10058554671301234,0.06234525361479488
1935,0.3648766357899498,-0.053700476280045734,-0.439774790432666,0.7303230145821331,0.32558814958017684,0.3255881495801769,0.1163480727083377,1.4281347936771012,-0.21447971538471325,0.4741342494289751,1.9213441321532747,1.8163914129091063,0.9420517894091867,1.5259435487088393,1.3685256129555685,1.11326947014033,0.08789230061257318,0.08789230061257323,-0.8445689127067375,-1.6733358623430892,1.1096152103449477,0,1,power_user,2,2.6328695096546766,-0.5308472064659422
1936,0.9332203052447002,1.042227611067828,-0.1429286814545189,0.7303230145821331,0.5272531539655451,0.5272531539655451,-0.8021371945739878,1.005163327263977,-0.2074622816600525,-0.19178464021846164,0.8437360904442591,0.6224948757453,0.6473462466927044,0.7201115868849094,0.8948831522769175,0.7816678705751114,-0.7297104957834565,-0.7297104957834566,0.31794851703412635,0.22296071704584525,0.5360344499030433,0,1,consistent_user,0,1.198806900576477,-0.14380014817219847
1937,-1.3401543725743017,1.042227611067828,4.606609062195835,1.0583737791333439,0.7289181583509132,0.7289181583509132,-0.27224184806495383,1.2491853271177025,-0.8174460239909659,0.4741342494289751,1.752967875636241,1.7081166868260322,-2.0377663477395522,1.727401539164822,1.398128266747984,1.4448710697055487,0.08789230061257318,0.08789230061257323,1.4804659467749903,1.3169779743856151,0.3718187791324215,0,1,power_user,2,1.5725128836231552,5.1919558394938905
1938,0.3648766357899498,-0.053700476280045734,-0.439774790432666,-0.25382927907149927,-0.2794068635759277,-0.2794068635759276,0.005322381058825778,0.3544379943207086,-0.3667244510582932,-0.19178464021846164,-0.8400264747260776,-0.5723598448351706,-0.12485353907747694,-0.6900943463069682,-0.8812760752680229,-0.710539327468372,-0.7297104957834565,-0.7297104957834566,-0.8445689127067375,1.3169779743856151,-0.5431865551423959,0,0,casual_user,1,-1.3864466712342052,-0.5459209781312013
1939,-0.7718107031195512,-1.1496285636279193,-0.736620899410813,0.07422148547971154,0.12392314519480867,0.12392314519480872,0.3754080198905321,0.3544379943207086,0.14384381973123803,0.4741342494289751,-0.557154363777461,-0.5464888925852326,0.4346375910307722,-0.48863635585098564,0.610697675869727,0.11846467144467435,0.08789230061257318,0.08789230061257323,-0.2633101978363056,1.1711090067403125,0.07266134648927755,0,0,casual_user,0,0.02897077736443765,-0.8781523794431939
1940,-0.20346703366480073,1.5901916547417647,1.0444557544580695,0.8943483968577386,0.9305831627362814,0.9305831627362817,-0.42169950990083516,0.6297448659505527,-0.6593163582242896,0.4741342494289751,1.7058225238114717,1.6736220838261149,1.2068373768009535,1.5259435487088393,0.9422473983447828,0.9474686703577208,0.9054950970086029,0.905495097008603,0.8992072319045583,0.44176416851379924,1.2999738906662786,0,1,power_user,2,3.022490802565377,0.9113356219022821
1941,-0.20346703366480073,2.6861197420896383,1.8360453783997952,0.8943483968577386,1.1322481671216496,1.1322481671216498,1.6707077558015044,0.3544379943207086,-0.43134689672373006,3.1378098080187216,-0.3057124873786907,0.7020240993284427,0.31457277492034114,-0.08572037493902064,0.7212142500280788,0.7816678705751114,1.7230978934046326,1.7230978934046326,-0.2633101978363056,0.8064365876270558,0.7915158366500925,0,1,consistent_user,2,1.6872175448237512,1.5376160081669632
1942,-0.7718107031195512,0.49426356739389105,1.0444557544580695,-0.41785466134710464,-0.48107186796129586,-0.4810718679612959,0.3754080198905321,0.3544379943207086,-0.15471452549050171,-0.19178464021846164,-0.7726759721192641,-0.5388234252519176,-0.5218188133002654,-0.6900943463069682,-0.2892229994197094,-0.5447385276857627,-0.7297104957834565,-0.7297104957834566,0.8992072319045583,-0.6522530888259707,-0.47837693865141645,0,0,casual_user,1,-1.3657279645331992,0.8579454135531288
1943,1.5015639746994507,1.042227611067828,-0.34082608743995035,1.3864245436845548,1.3339131715070178,1.333913171507018,-0.6608317688382453,0.8316365718124386,-0.7155749736048115,0.4741342494289751,1.8315434620108568,2.065519101241843,1.166838201927578,2.130317520076787,1.4211525530309739,1.7764726692707673,0.9054950970086029,0.905495097008603,-1.4258276275771695,1.3899124582082665,1.5249811904320616,0,1,power_user,2,3.6091947186969713,-0.16440794742363732
1944,1.5015639746994507,1.5901916547417647,-0.1429286814545189,0.8943483968577386,1.1322481671216496,1.1322481671216498,0.005322381058825778,0.3544379943207086,-0.5745064310679596,1.1400531390764117,0.19717126541884997,0.7269368681617165,0.7240256901289529,0.3171956059729444,0.5001811017113752,0.6158670707925021,1.7230978934046326,1.7230978934046326,-0.2633101978363056,1.4628469420309178,0.9317801274131781,0,1,consistent_user,2,2.0399001588551435,-0.03172710946654392
1945,-0.20346703366480073,-0.6016645199539825,-0.5387234934253817,0.23824686775531695,0.12392314519480867,0.12392314519480872,0.3754080198905321,0.7521034755638172,-0.17422799804567446,0.4741342494289751,-0.2828541349788026,-0.516785206668637,-0.30911015763833327,-0.28717836539500313,-0.20310618838722744,-0.2131369281205442,0.9054950970086029,0.905495097008603,-0.2633101978363056,-1.5274668946977865,0.21451954964739844,0,0,casual_user,0,-0.15179550097450512,-0.35939583575233053
1946,0.3648766357899498,-0.6016645199539825,-0.736620899410813,0.4022722500309223,0.5272531539655451,0.5272531539655451,-0.8021371945739878,0.3544379943207086,-0.48158081799487396,-0.19178464021846164,-0.054270610979920475,0.6042893908286769,0.7115380491431296,-0.08572037493902064,0.7764725371072548,0.4500662710098929,0.08789230061257318,0.08789230061257323,0.8992072319045583,1.6087159096762205,0.3794894825335278,0,1,consistent_user,0,1.1355695099459289,-0.6341642298198873
1947,3.206594983063702,0.49426356739389105,-0.8025867014059569,2.2065514550625815,1.9389081846631224,1.9389081846631226,-0.48812513738344926,1.1497689568069256,-0.7307397618458172,1.1400531390764117,0.984293661101957,0.6196203254953069,0.7425477791198799,1.9288595296208046,0.01967425754462806,0.9474686703577208,3.358303486196692,3.358303486196692,1.4804659467749903,0.0770917494005426,1.6910368317611864,0,1,consistent_user,2,3.1194196579305253,-0.2626776457469964
1948,-1.3401543725743017,-1.1496285636279193,-0.1429286814545189,-1.402006955000737,-1.489396889888137,-1.489396889888137,-2.215191451931412,-3.2245513368672665,1.8439514113967574,-1.523622419513335,-1.311479992973772,-1.536292361999528,-2.0377663477395522,-0.8915523367629506,-1.7101503814556616,-1.0421409270335906,-0.7297104957834565,-0.7297104957834566,-0.8445689127067375,-0.06877721824476005,-1.9436378332300805,1,0,at_risk_user,3,-3.495069994156195,0.6748642134630441
1949,0.3648766357899498,0.49426356739389105,-0.1429286814545189,0.7303230145821331,1.1322481671216496,1.1322481671216498,-1.1049345354362932,0.09879589923585338,-0.887567218217991,-0.19178464021846164,0.03553005916249759,0.4749346295789867,0.7728759210801273,0.11573761551696186,0.8948831522769175,0.7816678705751114,0.08789230061257318,0.08789230061257323,0.31794851703412635,-1.4545324108751352,0.5873811992002442,0,1,consistent_user,0,1.463726343162845,-0.004110116706974199
1950,0.3648766357899498,2.1381556984157015,0.7476096454799225,0.8943483968577386,0.9305831627362814,0.9305831627362817,0.1761311374426905,0.6297448659505527,-0.6576505889501844,1.1400531390764117,-0.054270610979920475,0.6617803958285393,0.8316028652535606,0.11573761551696186,-0.1629183432387358,0.11846467144467435,0.9054950970086029,0.905495097008603,-1.4258276275771695,1.4628469420309178,0.5109872551239208,0,1,consistent_user,0,1.275300825886822,0.5243344025739959
1951,-0.20346703366480073,-1.1496285636279193,-0.9345183053962445,-1.0739561904495263,-1.0860668811174004,-1.0860668811174004,0.3754080198905321,-0.8385584494086165,1.8439514113967574,-0.8577035298658984,-1.311479992973772,-0.8339439175845439,-0.30911015763833327,-0.8915523367629506,-0.6049846398721432,-0.8763401272509813,-0.7297104957834565,-0.7297104957834566,0.31794851703412635,0.8064365876270558,-0.8741226161615515,1,0,at_risk_user,1,-2.0143226108649994,-1.0825402634527914
1952,-0.7718107031195512,-1.1496285636279193,-0.736620899410813,-1.2379815727251318,-1.2877318855027686,-1.2877318855027688,1.6707077558015044,-1.4350566712732788,1.8439514113967574,-0.8577035298658984,-1.311479992973772,-1.1817644978337105,-0.12485353907747694,-0.8915523367629506,-1.7101503814556616,-1.0421409270335906,-0.7297104957834565,-0.7297104957834566,1.4804659467749903,1.4628469420309178,-1.102052088651566,1,0,at_risk_user,1,-2.690413804786513,-1.3318112683029737
1953,-0.20346703366480073,-0.6016645199539825,-0.5387234934253817,-0.9099308081739209,-0.8844018767320323,-0.8844018767320323,-0.27224184806495383,-0.5403093384762852,-0.5121707818103663,-0.8577035298658984,-0.3685729564783833,-0.7333346588347849,0.03767231680798374,-0.6900943463069682,-0.05240176908038397,-0.710539327468372,-0.7297104957834565,-0.7297104957834566,0.8992072319045583,-1.6733358623430892,-0.40511389392248337,1,0,casual_user,1,-1.1286889512580327,-0.6545976455531644
1954,0.3648766357899498,-1.1496285636279193,-1.03346700838896,-0.9099308081739209,-1.0860668811174004,-1.0860668811174004,2.9660074917124764,0.3544379943207086,1.8439514113967574,-0.19178464021846164,1.517241116512394,-0.8099893321679346,0.4346375910307722,-0.28717836539500313,0.7764725371072548,-0.5447385276857627,-0.7297104957834565,-0.7297104957834566,0.31794851703412635,-1.4545324108751352,0.3312736325837171,1,0,casual_user,1,-0.18068594650615694,-1.8273516354002592
1955,-0.20346703366480073,-0.053700476280045734,-0.1429286814545189,-0.5818800436227101,-0.48107186796129586,-0.4810718679612959,-0.91989171602044,-0.24206022754395373,-0.13979883251649747,-0.8577035298658984,-0.054270610979920475,-0.4525869177521242,0.03767231680798374,-0.48863635585098564,0.5001811017113752,-0.3789377279031535,-0.7297104957834565,-0.7297104957834566,1.4804659467749903,-0.6522530888259707,-0.10266901696457965,0,0,casual_user,0,-0.4537042095713704,-0.0823377648105637
1956,0.9332203052447002,-0.053700476280045734,-0.6178824558195544,1.0583737791333439,0.9305831627362814,0.9305831627362817,-0.42169950990083516,0.9050517375803967,-0.7618865227083418,0.4741342494289751,0.8100608391408525,1.5116890864098362,0.9941287211390216,0.9215695773408918,1.398128266747984,1.4448710697055487,1.7230978934046326,1.7230978934046326,1.4804659467749903,0.44176416851379924,1.2353208191426686,0,1,power_user,2,3.02160195566403,-0.39512180070074765
1957,-0.20346703366480073,-1.1496285636279193,-0.9345183053962445,-1.0739561904495263,-1.0860668811174004,-1.0860668811174004,0.3754080198905321,-0.8385584494086165,1.8439514113967574,-0.8577035298658984,-1.311479992973772,-1.0572006536673424,-0.30911015763833327,-0.8915523367629506,0.5001811017113752,-0.710539327468372,-0.7297104957834565,-0.7297104957834566,-0.8445689127067375,1.6087159096762205,-0.6987922527076942,1,0,at_risk_user,1,-1.6664518167836664,-1.0349047070901223
1958,-1.3401543725743017,0.49426356739389105,3.419224626283246,0.23824686775531695,0.32558814958017684,0.3255881495801769,0.1163480727083377,0.3544379943207086,-0.647423622561467,0.4741342494289751,0.7457717230161668,-0.6787182040849159,-2.0377663477395522,0.3171956059729444,-0.5045150270009142,-0.3789377279031535,0.9054950970086029,0.905495097008603,-1.4258276275771695,-1.0169255079392272,-0.21105505982696396,0,0,casual_user,3,-0.5147685885834805,3.8866580012472296
1959,0.9332203052447002,-0.6016645199539825,-0.855359343002072,0.23824686775531695,0.32558814958017684,0.3255881495801769,-0.6608317688382453,0.3544379943207086,-0.7106153457218517,-0.19178464021846164,0.06002115101952067,0.5774602551620744,0.5450865151863976,-0.08572037493902064,1.0025291660675202,0.4500662710098929,0.08789230061257318,0.08789230061257323,0.31794851703412635,1.2440434905629638,0.4026012122615363,0,1,consistent_user,0,1.100158840065364,-0.7115094488636455
1960,-0.7718107031195512,-1.1496285636279193,-0.736620899410813,-0.5818800436227101,-0.48107186796129586,-0.4810718679612959,0.3754080198905321,-0.24206022754395373,0.9592238203461646,-0.19178464021846164,-0.6828753019768462,-0.5158270232519727,-0.5218188133002654,-0.6900943463069682,-0.6049846398721432,-0.710539327468372,-0.7297104957834565,-0.7297104957834566,1.4804659467749903,0.3688296846911479,-0.4971623347357582,0,0,casual_user,1,-1.448083081567614,-0.7314353197711178
1961,-0.20346703366480073,-1.1496285636279193,-0.9345183053962445,-1.0739561904495263,-1.0860668811174004,-1.0860668811174004,0.3754080198905321,-0.8385584494086165,1.8439514113967574,-0.8577035298658984,-0.054270610979920475,-1.038995168750719,-0.5218188133002654,-0.6900943463069682,-1.7101503814556616,-1.0421409270335906,-0.7297104957834565,-0.7297104957834566,1.4804659467749903,0.3688296846911479,-0.6111270709807657,1,0,at_risk_user,1,-2.145154232163144,-1.0315997545451208
1962,-0.20346703366480073,0.49426356739389105,0.2528661305163439,0.5662976323065277,0.7289181583509132,0.7289181583509132,-0.27224184806495383,0.3544379943207086,-0.4552061368085116,0.4741342494289751,-0.15097902497944737,-0.4612105685021035,0.03767231680798374,-0.08572037493902064,0.8402320991216888,0.6158670707925021,0.9054950970086029,0.905495097008603,-1.4258276275771695,-0.5793186050033193,0.5838167907124462,0,0,casual_user,0,0.7738568102652204,0.4623730806925889
1963,0.3648766357899498,0.49426356739389105,-0.1429286814545189,0.4022722500309223,0.5272531539655451,0.5272531539655451,-0.8021371945739878,0.3544379943207086,-0.5674438670723383,-0.19178464021846164,-0.054270610979920475,-0.6950073221682102,0.08785511658445516,-0.08572037493902064,-0.6049846398721432,-0.3789377279031535,0.08789230061257318,0.08789230061257323,-0.8445689127067375,-0.9439910241165759,0.16032652821620616,0,0,casual_user,0,-0.23520413605354648,0.0054835348488964444
1964,-0.7718107031195512,-0.053700476280045734,0.4507635365017753,-0.5818800436227101,-0.48107186796129586,-0.4810718679612959,0.3754080198905321,-0.24206022754395373,-0.6358266857751745,-0.19178464021846164,0.5743340800170054,-0.5982307970851087,0.4346375910307722,-0.28717836539500313,-0.6049846398721432,-0.710539327468372,-0.7297104957834565,-0.7297104957834566,0.31794851703412635,0.9523055552723585,-0.058836426101115495,1,0,casual_user,0,-0.6263865964919008,-0.015787243019611853
1965,-0.7718107031195512,-1.1496285636279193,-0.736620899410813,-0.41785466134710464,-0.48107186796129586,-0.4810718679612959,0.3754080198905321,0.3544379943207086,0.6373359524871365,-0.19178464021846164,-0.7726759721192641,-0.5340325081685957,0.18305664901163074,-0.6900943463069682,-0.7628654600983602,-0.710539327468372,-0.7297104957834565,-0.7297104957834566,1.4804659467749903,1.1711090067403125,-0.5535185229887838,0,0,casual_user,1,-1.2818281399657026,-1.0130901832515042
1966,0.9332203052447002,2.1381556984157015,0.33202509291051646,0.8943483968577386,1.1322481671216496,1.1322481671216498,0.005322381058825778,0.3544379943207086,-0.2963162107381348,1.1400531390764117,0.19717126541884997,0.6359094435786014,0.3759106468573385,0.3171956059729444,0.05811480507796785,0.28426547122728363,1.7230978934046326,1.7230978934046326,0.8992072319045583,-0.21464618589006268,0.8616479820316353,0,1,consistent_user,2,1.6866235071041218,0.4956398928471779
1967,0.9332203052447002,1.5901916547417647,0.09454820572799878,1.2223991614089493,1.3339131715070178,1.333913171507018,-0.14271187447385666,0.5930372830665736,-0.7444778645175163,1.1400531390764117,2.2382876738323967,1.8537605661590169,1.332367051188376,2.3317755105327698,1.2152883462654165,1.4448710697055487,2.540700689800662,2.5407006898006625,-0.8445689127067375,1.0252400390950098,1.9847936632154617,0,1,power_user,2,4.263029479543647,0.2278226723899812
1968,-1.3401543725743017,-0.6016645199539825,1.0444557544580695,-1.2379815727251318,-1.2877318855027686,-1.2877318855027688,1.6707077558015044,-1.4350566712732788,1.8439514113967574,-0.8577035298658984,-1.311479992973772,-0.8406512015011945,-2.0377663477395522,-0.8915523367629506,-1.7101503814556616,-1.0421409270335906,-0.7297104957834565,-0.7297104957834566,-0.2633101978363056,-0.506384121180668,-1.8910387241939233,1,0,at_risk_user,3,-3.2809039854649864,0.9924161897116779
1969,0.9332203052447002,0.49426356739389105,-0.3804055686370366,1.2223991614089493,1.3339131715070178,1.333913171507018,-0.6608317688382453,0.5930372830665736,-0.919407375533226,0.4741342494289751,0.6852643196046981,0.5324256345788491,0.6957678785066063,0.9215695773408918,0.4351713522064625,0.7816678705751114,0.9054950970086029,0.905495097008603,-0.2633101978363056,0.9523055552723585,0.9689089102622302,0,1,consistent_user,2,1.9095243967107067,-0.16488722530761932
1970,-0.7718107031195512,0.49426356739389105,1.0444557544580695,-0.25382927907149927,-0.07774185919055952,-0.07774185919055944,-0.27224184806495383,-0.09293567207778825,-0.5288366282377553,-0.19178464021846164,-0.3685729564783833,-0.643265417668334,-0.5218188133002654,-0.48863635585098564,-0.8812760752680229,-0.710539327468372,-0.7297104957834565,-0.7297104957834566,-0.2633101978363056,1.4628469420309178,-0.32621523036824757,0,0,casual_user,3,-1.287385004219833,1.0074320758243112
1971,-1.3401543725743017,-1.1496285636279193,-0.1429286814545189,-1.402006955000737,-1.489396889888137,-1.489396889888137,-2.215191451931412,-3.2245513368672665,1.8439514113967574,-1.523622419513335,-1.311479992973772,-1.536292361999528,-2.0377663477395522,-0.8915523367629506,-1.7101503814556616,-1.0421409270335906,-0.7297104957834565,-0.7297104957834566,0.31794851703412635,-1.6004013785204378,-1.9436378332300805,1,0,at_risk_user,3,-3.495069994156195,0.6748642134630441
1972,-1.3401543725743017,-1.1496285636279193,-0.1429286814545189,-1.0739561904495263,-1.0860668811174004,-1.0860668811174004,0.3754080198905321,-0.8385584494086165,1.8439514113967574,-0.8577035298658984,-1.311479992973772,-1.027496967750747,-2.0377663477395522,-0.8915523367629506,-0.6049846398721432,-0.8763401272509813,-0.7297104957834565,-0.7297104957834566,1.4804659467749903,1.3899124582082665,-1.663109251703909,0,0,at_risk_user,3,-2.7686657415515685,0.2729834193222826
1973,0.3648766357899498,0.49426356739389105,-0.1429286814545189,1.0583737791333439,0.5272531539655451,0.5272531539655451,-0.09561006589527597,1.6558886602072447,-0.5340870050488211,0.4741342494289751,0.8100608391408525,0.6924422651617992,0.6473462466927044,0.9215695773408918,1.1909096902010743,1.2790702699229393,0.9054950970086029,0.905495097008603,-0.8445689127067375,0.9523055552723585,0.9219177944688988,0,1,consistent_user,2,1.935519846498737,-0.08613028274139062
1974,-0.7718107031195512,-0.6016645199539825,-0.1429286814545189,-1.0739561904495263,-1.0860668811174004,-1.0860668811174004,0.3754080198905321,-0.8385584494086165,1.8439514113967574,-0.8577035298658984,-1.311479992973772,-1.0648661210006574,-0.12485353907747694,-0.8915523367629506,0.5001811017113752,-0.710539327468372,-0.7297104957834565,-0.7297104957834566,0.8992072319045583,1.0252400390950098,-0.6987922527076942,1,0,at_risk_user,1,-1.598565718019879,-0.40518204521311146
1975,2.0699076441542013,0.49426356739389105,-0.6518077254170568,1.3864245436845548,1.5355781758923859,1.5355781758923863,-0.27224184806495383,0.5781248275199571,-0.8483247621242015,1.1400531390764117,0.15526428601905487,0.7451423530783393,0.6798153897207322,0.5186535964289268,1.0527639725031346,1.4448710697055487,1.7230978934046326,1.7230978934046326,-0.2633101978363056,-1.4545324108751352,1.1100326635912667,0,1,consistent_user,2,2.4269594712698948,-0.3386847514099672
1976,0.3648766357899498,-0.053700476280045734,-0.439774790432666,0.4022722500309223,0.32558814958017684,0.3255881495801769,0.1163480727083377,0.7123369274395064,-0.5184957819336676,0.4741342494289751,0.5743340800170054,0.8668316469947144,0.6473462466927044,0.3171956059729444,0.7764725371072548,0.4500662710098929,0.9054950970086029,0.905495097008603,1.4804659467749903,0.2958952008684966,0.7213836912685497,0,1,consistent_user,2,1.6554614423628518,-0.4335160110529627
1977,-1.3401543725743017,-1.1496285636279193,-0.1429286814545189,-1.402006955000737,-1.489396889888137,-1.489396889888137,-2.215191451931412,-3.2245513368672665,1.8439514113967574,-1.523622419513335,-1.311479992973772,-1.536292361999528,-2.0377663477395522,-0.8915523367629506,-1.7101503814556616,-1.0421409270335906,-0.7297104957834565,-0.7297104957834566,0.31794851703412635,-0.14171170206741138,-1.9436378332300805,1,0,at_risk_user,3,-3.495069994156195,0.6748642134630441
1978,0.3648766357899498,0.49426356739389105,-0.1429286814545189,0.7303230145821331,0.7289181583509132,0.7289181583509132,-0.27224184806495383,0.6526871052530396,-0.5517837410478548,0.4741342494289751,0.5743340800170054,1.8805897018256188,1.39109399536181,0.5186535964289268,1.3685256129555685,1.11326947014033,0.9054950970086029,0.905495097008603,-0.2633101978363056,0.3688296846911479,0.9205088897625731,0,1,power_user,2,2.8228335301424057,-0.2625289821875325
1979,2.0699076441542013,1.042227611067828,-0.48218137742954414,2.2065514550625815,2.1405731890484905,2.140573189048491,-0.9880653863315437,0.9195415729293365,-0.8715580600230373,0.4741342494289751,1.9681966557058408,1.9524534580754467,1.1623214224073535,3.1376074723566996,1.3170427367948452,2.4396758684012045,2.540700689800662,2.5407006898006625,0.8992072319045583,0.9523055552723585,2.1171658455468654,0,1,power_user,2,4.569060565743946,0.03989021367329277
1980,0.9332203052447002,-0.053700476280045734,-0.6178824558195544,0.23824686775531695,0.5272531539655451,0.5272531539655451,-0.8021371945739878,0.029075327849074427,-0.19563282792940495,-0.19178464021846164,1.7743975810111365,1.7090748702426963,1.2068373768009535,0.9215695773408918,1.3039380046812068,0.6158670707925021,0.08789230061257318,0.08789230061257323,-0.2633101978363056,0.5146986523364505,1.1007348412868956,0,1,power_user,2,2.7358600726800884,-0.5954027780689309
1981,1.5015639746994507,-0.6016645199539825,-0.9345183053962445,0.4022722500309223,0.32558814958017684,0.3255881495801769,0.8935279142549213,0.7123369274395064,-0.6686729803303041,1.1400531390764117,1.517241116512394,0.937737219827878,0.6862185330499136,0.9215695773408918,1.0527639725031346,0.6158670707925021,0.08789230061257318,0.08789230061257323,-0.2633101978363056,1.1711090067403125,0.918630350154139,0,1,consistent_user,2,1.8270058225494243,-1.09129224943098
1982,0.9332203052447002,-0.6016645199539825,-0.855359343002072,0.4022722500309223,0.32558814958017684,0.3255881495801769,0.1163480727083377,0.7123369274395064,-0.2719350545571432,0.4741342494289751,-0.9971776474753091,0.6589058455785461,0.5450865151863976,-0.6900943463069682,0.7764725371072548,0.4500662710098929,0.9054950970086029,0.905495097008603,1.4804659467749903,-1.0169255079392272,0.17347630547524545,0,1,consistent_user,0,0.9146409312148194,-0.8142719115481636
1983,-0.7718107031195512,-1.1496285636279193,-0.736620899410813,-1.2379815727251318,-1.2877318855027686,-1.2877318855027688,1.6707077558015044,-1.4350566712732788,1.8439514113967574,-0.8577035298658984,-1.311479992973772,-1.1022352742505677,-0.12485353907747694,-0.8915523367629506,-0.05240176908038397,-0.8763401272509813,-0.7297104957834565,-0.7297104957834566,-0.8445689127067375,1.0981745229176612,-0.83905654347078,1,0,at_risk_user,1,-1.9862665639845747,-1.2431650491666917
1984,-0.7718107031195512,0.49426356739389105,1.0444557544580695,0.23824686775531695,0.12392314519480867,0.12392314519480872,-0.48812513738344926,0.7521034755638172,-0.4169442155683568,-0.19178464021846164,0.4028964370178437,-0.5330743247519314,0.18305664901163074,0.11573761551696186,-0.8059238656146012,-0.5447385276857627,0.08789230061257318,0.08789230061257323,-0.8445689127067375,-1.0169255079392272,0.18264130174669693,0,0,casual_user,0,-0.22193497184784156,0.9231995703529025
1985,1.5015639746994507,-1.1496285636279193,-1.132415711381676,0.23824686775531695,0.12392314519480867,0.12392314519480872,-1.3516582946574307,0.7521034755638172,-0.5038342656882788,-0.8577035298658984,0.4028964370178437,0.5132619662455618,0.5661537169394822,0.11573761551696186,0.09830265022645933,-0.04733612833793493,0.08789230061257318,0.08789230061257323,1.4804659467749903,-1.1627944755845299,0.3260934172998532,0,1,consistent_user,0,0.791913460420453,-0.8865124139864314
1986,-0.7718107031195512,-0.053700476280045734,0.4507635365017753,-0.9099308081739209,-0.8844018767320323,-0.8844018767320323,-0.27224184806495383,-0.5403093384762852,-0.7236313377372718,-0.8577035298658984,-0.3685729564783833,-0.524450674001952,0.4346375910307722,-0.6900943463069682,-0.8812760752680229,-0.8763401272509813,-0.7297104957834565,-0.7297104957834566,0.8992072319045583,-0.06877721824476005,-0.5366116665128764,1,0,casual_user,1,-1.2177805481690862,0.035045421166005605
1987,1.5015639746994507,1.042227611067828,-0.34082608743995035,1.878500690511371,1.9389081846631224,1.9389081846631226,-0.48812513738344926,0.7521034755638172,-0.7762448235291708,1.1400531390764117,1.382540111298767,1.7014094029093816,1.3203156653156891,2.130317520076787,1.4474660230686767,2.273875068618595,2.540700689800662,2.5407006898006625,0.8992072319045583,0.15002623322319394,1.8810688095419192,0,1,power_user,2,4.233743209132687,-0.03754713605969768
1988,-1.3401543725743017,-0.6016645199539825,1.0444557544580695,-0.9099308081739209,-0.8844018767320323,-0.8844018767320323,-0.27224184806495383,-0.5403093384762852,-0.7236313377372718,-0.8577035298658984,-0.3685729564783833,-1.1520608119171152,-2.0377663477395522,-0.6900943463069682,-0.8812760752680229,-0.8763401272509813,-0.7297104957834565,-0.7297104957834566,-0.8445689127067375,-0.36051515353536534,-1.3255983020552338,0,0,at_risk_user,3,-2.450977544916036,1.482580292077505
1989,0.3648766357899498,0.49426356739389105,-0.1429286814545189,0.5662976323065277,0.7289181583509132,0.7289181583509132,-0.27224184806495383,0.3544379943207086,-0.5687322081176304,0.4741342494289751,-0.15097902497944737,0.5765020717454102,0.5800219232344195,-0.08572037493902064,0.8402320991216888,0.6158670707925021,0.9054950970086029,0.905495097008603,0.8992072319045583,-1.3815979270524839,0.5838167907124462,0,1,consistent_user,0,1.4404078417795998,-0.052888213222195536
1990,0.3648766357899498,-0.6016645199539825,-0.736620899410813,-0.7459054258983154,-0.682736872346664,-0.6827368723466641,0.8935279142549213,-0.36135987191688623,-0.24940129129473057,-0.19178464021846164,0.19717126541884997,-0.929762259250981,-0.6843446691857261,-0.48863635585098564,-0.38395149155543945,-0.710539327468372,-0.7297104957834565,-0.7297104957834566,-0.8445689127067375,1.3169779743856151,-0.2229926982040059,1,0,at_risk_user,1,-1.3746654963151346,-0.7763015419680217
1991,-0.20346703366480073,-0.053700476280045734,-0.1429286814545189,-0.5818800436227101,-0.48107186796129586,-0.4810718679612959,0.3754080198905321,-0.24206022754395373,-0.0963220087265111,-0.19178464021846164,-0.054270610979920475,-0.9987514652508157,-0.30911015763833327,-0.48863635585098564,-1.1575675106639025,-0.8763401272509813,-0.7297104957834565,-0.7297104957834566,-0.2633101978363056,1.1711090067403125,-0.36566456214536547,0,0,at_risk_user,1,-1.5574187416100378,-0.31857165236369916
1992,0.3648766357899498,-0.6016645199539825,-0.736620899410813,0.07422148547971154,-0.07774185919055952,-0.07774185919055944,-0.27224184806495383,0.8018116607192055,-0.42221644369910255,-0.19178464021846164,-0.9343171783756165,-0.5474470760018969,-0.3764344810966181,-0.6900943463069682,-0.38395149155543945,-0.3789377279031535,-0.7297104957834565,-0.7297104957834566,-1.4258276275771695,-0.36051515353536534,-0.444563225699601,0,0,casual_user,1,-1.2075869091078608,-0.6109511049147254
1993,-0.7718107031195512,-0.6016645199539825,-0.1429286814545189,0.4022722500309223,0.7289181583509132,0.7289181583509132,0.3754080198905321,0.05618888338837724,-0.5969357694154769,1.1400531390764117,0.26003173451854256,0.6521985616618955,0.6473462466927044,0.11573761551696186,0.5001811017113752,0.28426547122728363,0.9054950970086029,0.905495097008603,-1.4258276275771695,1.0252400390950098,0.6731678413187384,0,1,consistent_user,2,1.4919838358903317,-0.21230128380823382
1994,0.3648766357899498,-0.6016645199539825,-0.736620899410813,-0.7459054258983154,-0.682736872346664,-0.6827368723466641,0.8935279142549213,-0.36135987191688623,-0.5240294287220244,-0.19178464021846164,-0.557154363777461,-0.6518890684183134,-0.014404614921851248,-0.6900943463069682,-1.0470509365055505,-0.8763401272509813,-0.7297104957834565,-0.7297104957834566,-0.2633101978363056,-0.43344963735801667,-0.576060998289994,1,0,casual_user,1,-1.5534439090465433,-1.0766717827978338
1995,0.9332203052447002,3.234083785763575,0.8069788672755519,2.0425260727869765,1.9389081846631224,1.9389081846631226,0.8071745985275229,0.9509362161853714,-0.8531628350469357,3.1378098080187216,0.4028964370178437,0.4969728481622673,0.6473462466927044,1.1230275677968744,1.0025291660675202,1.9422734690533765,1.7230978934046326,1.7230978934046326,-1.4258276275771695,0.5146986523364505,1.2935982410861382,0,1,consistent_user,2,2.5073474629980055,0.7838642649380434
1996,0.9332203052447002,0.49426356739389105,-0.3804055686370366,0.8943483968577386,1.3339131715070178,1.333913171507018,-0.6608317688382453,0.11583870557484367,-0.7037651849354168,0.4741342494289751,0.19717126541884997,0.7451423530783393,0.4909668371007387,0.3171956059729444,1.1632805466614864,1.11326947014033,1.7230978934046326,1.7230978934046326,-1.4258276275771695,-1.0898599917618785,1.0895774545216497,0,1,consistent_user,2,2.3444816016432637,0.03791848009083393
1997,0.9332203052447002,2.6861197420896383,0.5695019800930341,1.0583737791333439,1.1322481671216496,1.1322481671216498,0.005322381058825778,0.6100800894055639,-0.7640059103349868,1.1400531390764117,0.5743340800170054,0.37336718741256353,0.5971634469162329,0.7201115868849094,-0.05240176908038397,0.28426547122728363,0.9054950970086029,0.905495097008603,1.4804659467749903,1.2440434905629638,0.800282354822785,0,1,consistent_user,2,1.4423419379659148,0.5233938385868623
1998,-0.7718107031195512,-1.1496285636279193,-0.736620899410813,-1.0739561904495263,-1.0860668811174004,-1.0860668811174004,0.3754080198905321,-0.8385584494086165,1.8439514113967574,-0.8577035298658984,-1.311479992973772,-0.6087708146684168,-0.5218188133002654,-0.8915523367629506,-0.6049846398721432,-0.8763401272509813,-0.7297104957834565,-0.7297104957834566,1.4804659467749903,-1.6004013785204378,-0.8741226161615515,1,0,casual_user,1,-1.9975966936599072,-0.8164609735925916
1999,3.206594983063702,2.6861197420896383,-0.2748602854448065,1.878500690511371,1.7372431802777542,1.7372431802777546,0.07063161144089179,0.9860243468832925,-0.8137998982380055,1.8059720287238485,0.6641347501594234,0.5765020717454102,0.6473462466927044,1.324485558252857,1.28958520284246,2.1080742688359857,1.7230978934046326,1.7230978934046326,1.4804659467749903,-0.9439910241165759,1.377620194481558,0,1,consistent_user,2,2.705555884815177,-0.021178466599288397
2000,2.6382513136089516,1.5901916547417647,-0.439774790432666,1.0583737791333439,0.7289181583509132,0.7289181583509132,-0.27224184806495383,1.2491853271177025,-0.42496535686394804,0.4741342494289751,1.0457875982646996,0.5190110667455479,0.675223455661595,1.1230275677968744,0.36203538401343544,0.6158670707925021,0.9054950970086029,0.905495097008603,-0.8445689127067375,1.6087159096762205,0.9252052387836585,0,1,consistent_user,2,1.7233341402603282,-0.3460491033034999
