user_id,persona,age,fitness_routine,signup_date,total_sessions_30d,total_active_days_30d,avg_session_duration_min,total_duration_min,max_streak_30d,workouts_logged,social_actions,milestones_hit,milestone_details,churned_30d,retained_long_term
1,power_user,65,yoga,2024-06-12,15,12,36.56,548.41,2,13,15,1,"[{""day"": 18, ""milestone"": ""10th_session""}]",0,1
2,at_risk_user,64,yoga,2024-01-01,1,1,7.48,7.48,1,0,0,0,[],0,0
3,consistent_user,51,mixed,2024-05-20,11,11,22.19,244.04,2,7,9,1,"[{""day"": 27, ""milestone"": ""10th_session""}]",0,1
4,casual_user,52,strength,2024-01-15,6,5,10.39,62.36,2,2,1,0,[],0,0
5,casual_user,38,yoga,2024-05-29,4,3,9.34,37.37,1,1,3,0,[],1,0
6,casual_user,34,cardio,2024-02-03,10,9,10.54,105.43,2,4,6,1,"[{""day"": 30, ""milestone"": ""10th_session""}]",0,0
7,at_risk_user,35,yoga,2024-03-12,0,0,0.0,0.0,0,0,0,0,[],1,0
8,power_user,50,rehabilitation,2024-06-17,19,17,34.77,660.72,4,14,19,2,"[{""day"": 3, ""milestone"": ""3_day_streak""}, {""day"": 16, ""milestone"": ""10th_session""}]",0,1
9,at_risk_user,35,mixed,2024-05-13,1,1,3.68,3.68,1,0,0,0,[],0,0
10,consistent_user,44,hiit,2024-01-22,12,11,17.97,215.66,2,6,10,1,"[{""day"": 27, ""milestone"": ""10th_session""}]",0,1
11,at_risk_user,31,rehabilitation,2024-01-26,0,0,0.0,0.0,0,0,0,0,[],1,0
12,casual_user,35,cardio,2024-05-12,3,3,9.25,27.75,2,1,1,0,[],0,0
13,consistent_user,25,hiit,2024-03-21,15,12,23.91,358.67,4,6,7,2,"[{""day"": 14, ""milestone"": ""3_day_streak""}, {""day"": 17, ""milestone"": ""10th_session""}]",0,1
14,casual_user,34,yoga,2024-01-20,7,7,10.94,76.58,2,2,4,0,[],0,0
15,casual_user,33,hiit,2024-04-07,9,8,11.24,101.14,2,2,5,0,[],0,0
16,power_user,46,strength,2024-06-14,18,13,34.86,627.57,4,14,16,2,"[{""day"": 24, ""milestone"": ""10th_session""}, {""day"": 29, ""milestone"": ""3_day_streak""}]",0,1
17,casual_user,53,rehabilitation,2024-06-08,3,3,9.54,28.61,2,1,0,0,[],1,0
18,at_risk_user,41,strength,2024-03-30,0,0,0.0,0.0,0,0,0,0,[],1,0
19,consistent_user,31,cardio,2024-01-02,11,10,21.92,241.16,2,4,7,1,"[{""day"": 23, ""milestone"": ""10th_session""}]",0,1
20,consistent_user,35,mixed,2024-06-10,7,5,25.29,177.05,1,3,2,0,[],1,0
21,consistent_user,29,cardio,2024-01-05,18,15,20.64,371.61,4,12,12,3,"[{""day"": 5, ""milestone"": ""3_day_streak""}, {""day"": 15, ""milestone"": ""10th_session""}, {""day"": 24, ""milestone"": ""3_day_streak""}]",0,1
22,casual_user,42,hiit,2024-05-09,3,3,9.31,27.93,1,2,2,0,[],1,0
23,casual_user,49,yoga,2024-02-17,7,7,9.74,68.21,4,4,3,1,"[{""day"": 20, ""milestone"": ""3_day_streak""}]",0,0
24,power_user,27,rehabilitation,2024-05-25,16,14,34.62,553.97,3,10,15,1,"[{""day"": 28, ""milestone"": ""3_day_streak""}]",0,1
25,power_user,42,mixed,2024-01-25,17,16,37.41,635.9,6,13,16,2,"[{""day"": 17, ""milestone"": ""3_day_streak""}, {""day"": 17, ""milestone"": ""10th_session""}]",0,1
26,consistent_user,52,yoga,2024-02-24,17,13,22.34,379.81,3,10,8,2,"[{""day"": 18, ""milestone"": ""10th_session""}, {""day"": 25, ""milestone"": ""3_day_streak""}]",0,1
27,casual_user,63,yoga,2024-06-24,5,5,11.36,56.79,2,1,3,0,[],0,0
28,consistent_user,61,cardio,2024-05-13,11,10,25.08,275.93,2,8,8,1,"[{""day"": 27, ""milestone"": ""10th_session""}]",0,1
29,at_risk_user,33,rehabilitation,2024-06-29,2,1,5.34,10.68,1,0,0,0,[],1,0
30,casual_user,53,cardio,2024-05-30,12,11,9.89,118.66,3,3,10,2,"[{""day"": 24, ""milestone"": ""10th_session""}, {""day"": 25, ""milestone"": ""3_day_streak""}]",0,0
31,at_risk_user,60,strength,2024-01-20,1,1,5.03,5.03,1,1,1,0,[],1,0
32,at_risk_user,48,yoga,2024-06-26,1,1,3.08,3.08,1,1,0,0,[],1,0
33,casual_user,24,cardio,2024-04-02,4,4,10.72,42.89,1,1,3,0,[],1,0
34,at_risk_user,30,hiit,2024-06-03,1,1,2.68,2.68,1,0,0,0,[],1,0
35,casual_user,36,hiit,2024-01-07,10,9,9.35,93.47,2,3,4,1,"[{""day"": 30, ""milestone"": ""10th_session""}]",0,0
36,consistent_user,38,cardio,2024-05-17,11,11,22.4,246.37,2,3,7,1,"[{""day"": 29, ""milestone"": ""10th_session""}]",0,1
37,casual_user,20,rehabilitation,2024-04-03,4,3,9.25,37.01,1,2,1,0,[],1,0
38,power_user,23,hiit,2024-04-25,25,22,34.64,865.93,6,21,25,4,"[{""day"": 4, ""milestone"": ""3_day_streak""}, {""day"": 11, ""milestone"": ""3_day_streak""}, {""day"": 11, ""milestone"": ""10th_session""}, {""day"": 22, ""milestone"": ""3_day_streak""}]",0,1
39,consistent_user,20,mixed,2024-02-08,17,13,20.32,345.48,6,12,13,2,"[{""day"": 22, ""milestone"": ""10th_session""}, {""day"": 27, ""milestone"": ""3_day_streak""}]",0,1
40,power_user,63,cardio,2024-03-24,16,14,35.61,569.73,3,14,16,4,"[{""day"": 3, ""milestone"": ""3_day_streak""}, {""day"": 13, ""milestone"": ""3_day_streak""}, {""day"": 21, ""milestone"": ""10th_session""}, {""day"": 30, ""milestone"": ""3_day_streak""}]",0,1
41,casual_user,39,yoga,2024-04-11,2,2,10.99,21.98,1,1,2,0,[],1,0
42,consistent_user,64,hiit,2024-01-13,15,10,21.04,315.53,2,8,7,1,"[{""day"": 22, ""milestone"": ""10th_session""}]",0,1
43,consistent_user,20,yoga,2024-04-04,12,11,22.99,275.85,3,9,8,2,"[{""day"": 12, ""milestone"": ""3_day_streak""}, {""day"": 23, ""milestone"": ""10th_session""}]",0,1
44,power_user,39,rehabilitation,2024-04-12,18,16,34.65,623.75,4,12,17,2,"[{""day"": 15, ""milestone"": ""10th_session""}, {""day"": 24, ""milestone"": ""3_day_streak""}]",0,1
45,casual_user,44,strength,2024-04-07,6,6,7.85,47.09,2,2,4,0,[],0,0
46,casual_user,18,yoga,2024-02-21,6,6,9.82,58.92,1,2,4,0,[],0,0
47,consistent_user,19,mixed,2024-02-03,15,13,21.22,318.26,4,9,9,2,"[{""day"": 19, ""milestone"": ""10th_session""}, {""day"": 24, ""milestone"": ""3_day_streak""}]",0,1
48,consistent_user,42,rehabilitation,2024-04-26,18,15,21.06,379.03,4,10,16,4,"[{""day"": 3, ""milestone"": ""3_day_streak""}, {""day"": 11, ""milestone"": ""3_day_streak""}, {""day"": 12, ""milestone"": ""10th_session""}, {""day"": 30, ""milestone"": ""3_day_streak""}]",0,1
49,at_risk_user,55,strength,2024-06-11,2,2,6.71,13.42,1,0,0,0,[],1,0
50,casual_user,31,mixed,2024-06-25,2,2,13.25,26.5,1,0,1,0,[],1,0
51,at_risk_user,18,yoga,2024-05-29,2,2,5.09,10.18,1,0,1,0,[],1,0
52,at_risk_user,65,hiit,2024-05-17,0,0,0.0,0.0,0,0,0,0,[],1,0
53,casual_user,23,yoga,2024-05-17,3,3,12.07,36.22,2,0,2,0,[],1,0
54,consistent_user,32,rehabilitation,2024-03-21,13,9,22.07,286.97,2,3,12,0,[],0,1
55,at_risk_user,20,rehabilitation,2024-04-26,4,4,4.2,16.79,2,0,2,0,[],1,0
56,casual_user,39,hiit,2024-02-12,9,9,9.95,89.53,3,2,8,1,"[{""day"": 29, ""milestone"": ""3_day_streak""}]",0,0
57,casual_user,18,mixed,2024-01-02,5,5,9.32,46.58,1,0,2,0,[],0,0
58,power_user,32,hiit,2024-06-17,17,15,31.76,539.87,3,10,15,3,"[{""day"": 9, ""milestone"": ""3_day_streak""}, {""day"": 18, ""milestone"": ""10th_session""}, {""day"": 20, ""milestone"": ""3_day_streak""}]",0,1
59,at_risk_user,49,cardio,2024-05-27,5,5,4.85,24.23,1,0,3,0,[],0,0
60,casual_user,54,rehabilitation,2024-02-16,1,1,6.96,6.96,1,0,0,0,[],1,0
61,power_user,61,mixed,2024-04-15,15,12,35.22,528.27,3,8,13,2,"[{""day"": 14, ""milestone"": ""3_day_streak""}, {""day"": 22, ""milestone"": ""10th_session""}]",0,1
62,consistent_user,33,cardio,2024-05-23,11,10,23.47,258.13,2,7,8,1,"[{""day"": 25, ""milestone"": ""10th_session""}]",0,1
63,consistent_user,37,yoga,2024-05-01,7,7,21.28,148.99,2,3,7,0,[],1,0
64,consistent_user,44,rehabilitation,2024-06-05,13,11,24.12,313.51,4,5,8,1,"[{""day"": 23, ""milestone"": ""3_day_streak""}]",0,1
65,at_risk_user,44,rehabilitation,2024-03-24,3,3,7.53,22.6,2,1,2,0,[],1,0
66,casual_user,32,cardio,2024-03-24,5,4,10.46,52.28,2,0,2,0,[],1,0
67,power_user,32,cardio,2024-04-22,16,16,33.95,543.19,7,12,16,4,"[{""day"": 6, ""milestone"": ""3_day_streak""}, {""day"": 12, ""milestone"": ""3_day_streak""}, {""day"": 14, ""milestone"": ""10th_session""}, {""day"": 16, ""milestone"": ""7_day_streak""}]",0,1
68,casual_user,51,rehabilitation,2024-05-26,8,7,9.89,79.09,2,0,3,0,[],0,0
69,casual_user,43,hiit,2024-06-27,2,2,8.28,16.56,1,1,0,0,[],1,0
70,casual_user,18,mixed,2024-05-07,6,6,9.46,56.77,2,3,3,0,[],0,0
71,consistent_user,36,mixed,2024-02-15,14,12,22.13,309.82,3,6,12,2,"[{""day"": 22, ""milestone"": ""10th_session""}, {""day"": 30, ""milestone"": ""3_day_streak""}]",0,1
72,at_risk_user,47,hiit,2024-05-17,2,2,5.03,10.06,1,0,0,0,[],0,0
73,casual_user,29,strength,2024-02-25,3,3,11.18,33.55,2,1,1,0,[],1,0
74,consistent_user,18,mixed,2024-02-10,14,11,21.42,299.89,2,2,11,1,"[{""day"": 17, ""milestone"": ""10th_session""}]",0,1
75,consistent_user,33,mixed,2024-04-15,6,6,23.38,140.28,2,2,4,0,[],1,0
76,consistent_user,31,rehabilitation,2024-04-07,6,6,21.9,131.39,2,1,5,0,[],1,0
77,casual_user,55,cardio,2024-01-16,12,10,9.9,118.86,3,4,6,1,"[{""day"": 12, ""milestone"": ""3_day_streak""}]",0,0
78,casual_user,45,strength,2024-02-07,4,4,12.24,48.96,1,2,0,0,[],1,0
79,casual_user,34,yoga,2024-01-29,6,6,8.53,51.2,1,2,2,0,[],0,0
80,power_user,64,yoga,2024-01-19,12,11,32.45,389.39,4,9,11,2,"[{""day"": 5, ""milestone"": ""3_day_streak""}, {""day"": 20, ""milestone"": ""10th_session""}]",0,1
81,casual_user,55,cardio,2024-02-24,6,6,11.38,68.25,2,3,5,0,[],1,0
82,casual_user,36,cardio,2024-01-14,1,1,12.47,12.47,1,0,1,0,[],1,0
83,casual_user,42,yoga,2024-06-05,7,6,10.78,75.44,2,1,4,0,[],1,0
84,at_risk_user,19,hiit,2024-06-14,3,2,3.62,10.86,1,0,0,0,[],1,0
85,power_user,43,cardio,2024-04-27,22,17,34.72,763.92,5,17,21,2,"[{""day"": 3, ""milestone"": ""3_day_streak""}, {""day"": 7, ""milestone"": ""3_day_streak""}]",0,1
86,consistent_user,37,rehabilitation,2024-01-01,13,10,22.4,291.17,2,3,7,1,"[{""day"": 27, ""milestone"": ""10th_session""}]",0,1
87,casual_user,51,mixed,2024-05-23,7,7,10.01,70.04,2,3,4,0,[],0,0
88,casual_user,48,strength,2024-05-11,7,7,8.84,61.9,2,0,3,0,[],0,0
89,power_user,64,strength,2024-05-17,17,15,34.05,578.83,3,13,17,3,"[{""day"": 14, ""milestone"": ""3_day_streak""}, {""day"": 18, ""milestone"": ""10th_session""}, {""day"": 20, ""milestone"": ""3_day_streak""}]",0,1
90,casual_user,33,cardio,2024-01-15,5,5,10.75,53.76,2,2,2,0,[],0,0
91,consistent_user,49,mixed,2024-06-21,19,16,20.98,398.59,4,8,13,2,"[{""day"": 3, ""milestone"": ""3_day_streak""}, {""day"": 15, ""milestone"": ""10th_session""}]",0,1
92,casual_user,65,rehabilitation,2024-05-29,5,4,9.99,49.93,2,1,3,0,[],1,0
93,casual_user,39,rehabilitation,2024-04-30,2,2,8.93,17.86,1,0,1,0,[],1,0
94,consistent_user,42,mixed,2024-04-04,13,10,22.16,288.05,5,8,8,2,"[{""day"": 26, ""milestone"": ""10th_session""}, {""day"": 27, ""milestone"": ""3_day_streak""}]",0,1
95,consistent_user,43,rehabilitation,2024-06-07,13,9,21.84,283.95,3,5,9,2,"[{""day"": 18, ""milestone"": ""10th_session""}, {""day"": 19, ""milestone"": ""3_day_streak""}]",0,1
96,consistent_user,49,rehabilitation,2024-01-20,3,3,24.07,72.2,1,1,2,0,[],1,0
97,casual_user,40,rehabilitation,2024-06-24,5,3,8.54,42.71,1,0,4,0,[],1,0
98,casual_user,43,strength,2024-02-15,4,4,9.35,37.38,1,1,3,0,[],1,0
99,at_risk_user,65,rehabilitation,2024-02-12,0,0,0.0,0.0,0,0,0,0,[],1,0
100,casual_user,36,rehabilitation,2024-02-11,9,7,11.6,104.37,2,4,5,0,[],0,0
101,casual_user,25,strength,2024-04-22,6,6,12.18,73.1,1,1,5,0,[],0,0
102,consistent_user,35,yoga,2024-05-09,9,8,22.56,203.04,2,6,7,0,[],0,1
103,at_risk_user,36,cardio,2024-05-13,2,2,6.32,12.64,1,1,1,0,[],1,0
104,casual_user,49,rehabilitation,2024-02-06,8,8,10.24,81.94,3,4,5,1,"[{""day"": 14, ""milestone"": ""3_day_streak""}]",0,0
105,casual_user,39,hiit,2024-05-24,5,5,9.71,48.56,1,2,2,0,[],0,0
106,casual_user,21,mixed,2024-06-07,4,4,10.22,40.9,1,2,2,0,[],0,0
107,at_risk_user,38,hiit,2024-01-07,1,1,3.84,3.84,1,0,0,0,[],1,0
108,at_risk_user,33,mixed,2024-05-18,4,4,4.47,17.9,2,1,1,0,[],0,0
109,consistent_user,62,cardio,2024-06-02,17,14,22.49,382.39,3,12,15,3,"[{""day"": 15, ""milestone"": ""3_day_streak""}, {""day"": 15, ""milestone"": ""10th_session""}, {""day"": 26, ""milestone"": ""3_day_streak""}]",0,1
110,consistent_user,37,strength,2024-02-20,12,11,21.13,253.62,2,8,10,0,[],0,1
111,consistent_user,18,mixed,2024-03-28,16,13,22.95,367.21,5,8,16,2,"[{""day"": 7, ""milestone"": ""3_day_streak""}, {""day"": 16, ""milestone"": ""10th_session""}]",0,1
112,consistent_user,27,yoga,2024-05-17,15,13,20.93,313.98,3,6,12,2,"[{""day"": 5, ""milestone"": ""3_day_streak""}, {""day"": 11, ""milestone"": ""3_day_streak""}]",0,1
113,casual_user,51,mixed,2024-02-23,9,8,12.45,112.08,2,3,4,0,[],0,0
114,consistent_user,46,rehabilitation,2024-01-28,15,11,21.81,327.12,3,6,11,2,"[{""day"": 9, ""milestone"": ""3_day_streak""}, {""day"": 17, ""milestone"": ""10th_session""}]",0,1
115,casual_user,38,hiit,2024-01-27,8,7,10.09,80.7,2,2,4,0,[],0,0
116,consistent_user,29,cardio,2024-02-09,11,8,21.31,234.43,2,7,7,1,"[{""day"": 29, ""milestone"": ""10th_session""}]",0,1
117,casual_user,24,rehabilitation,2024-06-02,4,4,10.11,40.46,2,2,1,0,[],0,0
118,casual_user,25,yoga,2024-06-06,4,4,10.84,43.35,1,2,2,0,[],1,0
119,casual_user,31,cardio,2024-02-14,10,9,10.43,104.3,2,3,6,1,"[{""day"": 30, ""milestone"": ""10th_session""}]",0,0
120,casual_user,44,hiit,2024-04-05,12,10,10.33,123.9,3,2,4,2,"[{""day"": 13, ""milestone"": ""3_day_streak""}, {""day"": 25, ""milestone"": ""10th_session""}]",0,0
121,at_risk_user,35,rehabilitation,2024-03-29,2,2,3.13,6.26,1,0,0,0,[],1,0
122,consistent_user,39,yoga,2024-03-27,12,11,21.05,252.59,3,5,11,2,"[{""day"": 23, ""milestone"": ""3_day_streak""}, {""day"": 26, ""milestone"": ""10th_session""}]",0,1
123,casual_user,49,strength,2024-05-16,10,9,9.98,99.76,2,1,6,1,"[{""day"": 29, ""milestone"": ""10th_session""}]",0,0
124,casual_user,62,strength,2024-02-07,14,11,10.15,142.07,4,6,8,1,"[{""day"": 4, ""milestone"": ""3_day_streak""}]",0,0
125,consistent_user,21,strength,2024-05-01,10,9,22.88,228.83,3,3,8,2,"[{""day"": 8, ""milestone"": ""3_day_streak""}, {""day"": 29, ""milestone"": ""10th_session""}]",0,1
126,at_risk_user,25,strength,2024-04-24,1,1,7.88,7.88,1,1,0,0,[],1,0
127,consistent_user,56,cardio,2024-04-21,3,3,25.04,75.13,2,0,1,0,[],1,0
128,casual_user,44,rehabilitation,2024-03-04,4,4,13.97,55.88,1,1,1,0,[],0,0
129,at_risk_user,18,hiit,2024-05-21,3,3,5.12,15.35,1,0,1,0,[],1,0
130,power_user,50,cardio,2024-02-20,17,16,36.34,617.7,5,13,17,4,"[{""day"": 8, ""milestone"": ""3_day_streak""}, {""day"": 21, ""milestone"": ""3_day_streak""}, {""day"": 21, ""milestone"": ""10th_session""}, {""day"": 28, ""milestone"": ""3_day_streak""}]",0,1
131,power_user,52,mixed,2024-01-26,17,13,34.25,582.32,2,15,16,1,"[{""day"": 18, ""milestone"": ""10th_session""}]",0,1
132,casual_user,18,strength,2024-06-09,9,8,9.0,81.04,3,2,6,1,"[{""day"": 4, ""milestone"": ""3_day_streak""}]",0,0
133,at_risk_user,56,cardio,2024-01-22,2,2,5.04,10.09,1,0,1,0,[],1,0
134,consistent_user,26,yoga,2024-03-30,8,7,20.82,166.57,2,6,6,0,[],0,1
135,casual_user,47,mixed,2024-04-18,11,9,9.8,107.81,3,2,9,1,"[{""day"": 11, ""milestone"": ""3_day_streak""}]",0,0
136,casual_user,58,strength,2024-02-18,2,2,9.54,19.07,1,1,0,0,[],1,0
137,casual_user,45,strength,2024-04-02,9,9,10.78,97.06,2,2,3,0,[],0,0
138,casual_user,53,strength,2024-03-03,4,4,11.13,44.51,1,0,2,0,[],1,0
139,casual_user,23,cardio,2024-03-05,2,2,7.85,15.69,1,0,2,0,[],1,0
140,casual_user,58,mixed,2024-02-02,3,2,7.07,21.21,1,0,1,0,[],1,0
141,casual_user,57,mixed,2024-05-07,1,1,12.82,12.82,1,1,1,0,[],1,0
142,casual_user,43,cardio,2024-03-02,9,8,8.75,78.72,1,4,0,0,[],0,0
143,at_risk_user,37,cardio,2024-06-16,0,0,0.0,0.0,0,0,0,0,[],1,0
144,casual_user,27,cardio,2024-05-12,4,4,10.44,41.76,1,1,2,0,[],0,0
145,consistent_user,61,rehabilitation,2024-03-05,13,11,21.84,283.95,2,6,11,1,"[{""day"": 21, ""milestone"": ""10th_session""}]",0,1
146,at_risk_user,20,yoga,2024-05-16,0,0,0.0,0.0,0,0,0,0,[],1,0
147,at_risk_user,44,rehabilitation,2024-05-29,0,0,0.0,0.0,0,0,0,0,[],1,0
148,power_user,47,cardio,2024-03-02,14,12,33.14,464.0,3,14,12,2,"[{""day"": 7, ""milestone"": ""3_day_streak""}, {""day"": 19, ""milestone"": ""10th_session""}]",0,1
149,consistent_user,42,rehabilitation,2024-01-23,5,5,21.58,107.9,2,2,3,0,[],1,0
150,casual_user,45,hiit,2024-06-22,9,9,9.35,84.18,2,1,6,0,[],0,0
151,power_user,60,strength,2024-04-10,15,14,34.17,512.62,5,11,15,3,"[{""day"": 8, ""milestone"": ""3_day_streak""}, {""day"": 23, ""milestone"": ""10th_session""}, {""day"": 24, ""milestone"": ""3_day_streak""}]",0,1
152,consistent_user,41,mixed,2024-01-19,14,13,23.48,328.75,3,5,8,2,"[{""day"": 21, ""milestone"": ""10th_session""}, {""day"": 23, ""milestone"": ""3_day_streak""}]",0,1
153,at_risk_user,21,cardio,2024-06-18,3,3,6.03,18.08,1,0,1,0,[],1,0
154,casual_user,33,yoga,2024-03-30,3,3,8.55,25.65,1,0,2,0,[],1,0
155,at_risk_user,42,hiit,2024-03-12,2,2,4.91,9.81,1,1,1,0,[],1,0
156,casual_user,53,cardio,2024-04-01,4,3,7.03,28.12,1,1,4,0,[],1,0
157,casual_user,39,hiit,2024-06-04,5,5,11.36,56.78,1,2,1,0,[],0,0
158,casual_user,54,rehabilitation,2024-02-27,7,6,11.19,78.34,3,2,7,1,"[{""day"": 9, ""milestone"": ""3_day_streak""}]",0,0
159,at_risk_user,33,hiit,2024-02-02,2,2,5.46,10.91,1,0,0,0,[],1,0
160,casual_user,35,strength,2024-05-10,4,3,7.36,29.45,1,1,3,0,[],1,0
161,casual_user,25,hiit,2024-01-29,5,5,12.94,64.72,2,0,3,0,[],0,0
162,consistent_user,53,rehabilitation,2024-05-13,16,14,22.2,355.24,4,10,12,2,"[{""day"": 22, ""milestone"": ""10th_session""}, {""day"": 27, ""milestone"": ""3_day_streak""}]",0,1
163,at_risk_user,53,strength,2024-03-26,0,0,0.0,0.0,0,0,0,0,[],1,0
164,at_risk_user,54,hiit,2024-03-08,0,0,0.0,0.0,0,0,0,0,[],1,0
165,at_risk_user,33,yoga,2024-03-21,4,4,6.22,24.89,1,0,1,0,[],1,0
166,consistent_user,53,cardio,2024-01-18,10,10,22.52,225.23,3,4,7,2,"[{""day"": 4, ""milestone"": ""3_day_streak""}, {""day"": 29, ""milestone"": ""10th_session""}]",0,1
167,casual_user,49,rehabilitation,2024-04-21,9,7,11.53,103.8,2,1,3,0,[],0,0
168,casual_user,43,strength,2024-03-11,15,11,10.26,153.83,3,10,7,2,"[{""day"": 25, ""milestone"": ""10th_session""}, {""day"": 27, ""milestone"": ""3_day_streak""}]",0,0
169,consistent_user,54,rehabilitation,2024-01-31,5,5,21.55,107.77,2,2,3,0,[],1,0
170,casual_user,41,mixed,2024-04-29,4,3,11.19,44.76,1,1,1,0,[],1,0
171,at_risk_user,37,cardio,2024-01-14,2,2,3.75,7.5,1,0,1,0,[],0,0
172,casual_user,24,hiit,2024-04-28,5,5,10.45,52.25,1,2,2,0,[],1,0
173,casual_user,60,hiit,2024-01-03,3,3,7.92,23.75,2,2,2,0,[],1,0
174,casual_user,43,cardio,2024-01-10,4,3,8.77,35.09,1,2,4,0,[],1,0
175,consistent_user,18,hiit,2024-06-22,20,15,22.18,443.58,5,6,14,3,"[{""day"": 10, ""milestone"": ""3_day_streak""}, {""day"": 11, ""milestone"": ""10th_session""}, {""day"": 25, ""milestone"": ""3_day_streak""}]",0,1
176,casual_user,64,hiit,2024-01-21,10,8,10.47,104.72,3,1,9,2,"[{""day"": 22, ""milestone"": ""3_day_streak""}, {""day"": 26, ""milestone"": ""10th_session""}]",0,0
177,power_user,56,rehabilitation,2024-05-17,21,17,35.22,739.53,5,16,20,3,"[{""day"": 4, ""milestone"": ""3_day_streak""}, {""day"": 12, ""milestone"": ""3_day_streak""}, {""day"": 19, ""milestone"": ""3_day_streak""}]",0,1
178,casual_user,58,hiit,2024-05-23,1,1,9.71,9.71,1,0,0,0,[],1,0
179,at_risk_user,48,rehabilitation,2024-03-24,2,2,3.62,7.25,1,1,1,0,[],1,0
180,power_user,26,rehabilitation,2024-03-13,19,15,36.89,700.97,4,15,19,5,"[{""day"": 7, ""milestone"": ""3_day_streak""}, {""day"": 16, ""milestone"": ""3_day_streak""}, {""day"": 16, ""milestone"": ""10th_session""}, {""day"": 24, ""milestone"": ""3_day_streak""}, {""day"": 28, ""milestone"": ""3_day_streak""}]",0,1
181,casual_user,42,hiit,2024-01-22,2,2,6.17,12.33,1,1,0,0,[],1,0
182,power_user,42,mixed,2024-04-14,14,11,32.1,449.34,2,9,14,0,[],0,1
183,casual_user,27,mixed,2024-03-31,6,6,10.79,64.74,2,1,4,0,[],0,0
184,casual_user,22,strength,2024-06-05,7,6,10.96,76.69,1,1,6,0,[],0,0
185,casual_user,56,hiit,2024-01-27,5,5,9.49,47.43,1,2,2,0,[],1,0
186,casual_user,63,mixed,2024-04-02,3,3,11.18,33.54,1,0,2,0,[],1,0
187,power_user,64,strength,2024-03-19,20,17,35.23,704.54,5,12,19,3,"[{""day"": 3, ""milestone"": ""3_day_streak""}, {""day"": 10, ""milestone"": ""10th_session""}, {""day"": 26, ""milestone"": ""3_day_streak""}]",0,1
188,casual_user,39,hiit,2024-06-14,7,6,9.28,64.97,2,3,2,0,[],0,0
189,casual_user,52,strength,2024-01-08,11,11,10.71,117.8,3,2,6,2,"[{""day"": 10, ""milestone"": ""3_day_streak""}, {""day"": 28, ""milestone"": ""10th_session""}]",0,0
190,casual_user,37,hiit,2024-05-03,7,5,7.93,55.48,1,4,5,0,[],0,0
191,at_risk_user,63,yoga,2024-02-17,1,1,6.96,6.96,1,0,0,0,[],1,0
192,consistent_user,25,hiit,2024-05-25,7,7,23.45,164.13,2,3,7,0,[],0,1
193,power_user,46,strength,2024-04-22,19,16,35.35,671.71,2,17,18,1,"[{""day"": 17, ""milestone"": ""10th_session""}]",0,1
194,casual_user,26,hiit,2024-01-25,8,6,11.19,89.48,2,2,1,0,[],0,0
195,power_user,55,hiit,2024-05-06,16,12,33.4,534.4,3,14,16,1,"[{""day"": 10, ""milestone"": ""3_day_streak""}]",0,1
196,casual_user,45,strength,2024-06-07,3,3,11.42,34.25,2,1,1,0,[],0,0
197,consistent_user,65,cardio,2024-05-05,12,10,20.6,247.17,2,2,8,1,"[{""day"": 24, ""milestone"": ""10th_session""}]",0,1
198,power_user,41,hiit,2024-01-17,23,19,34.69,797.8,4,14,23,4,"[{""day"": 13, ""milestone"": ""3_day_streak""}, {""day"": 13, ""milestone"": ""10th_session""}, {""day"": 19, ""milestone"": ""3_day_streak""}, {""day"": 27, ""milestone"": ""3_day_streak""}]",0,1
199,consistent_user,41,mixed,2024-03-13,15,13,21.96,329.45,3,8,13,2,"[{""day"": 16, ""milestone"": ""3_day_streak""}, {""day"": 20, ""milestone"": ""10th_session""}]",0,1
200,casual_user,48,strength,2024-01-06,8,7,11.31,90.48,2,4,5,0,[],0,0
201,at_risk_user,52,cardio,2024-04-26,1,1,4.7,4.7,1,0,0,0,[],1,0
202,at_risk_user,30,rehabilitation,2024-06-26,0,0,0.0,0.0,0,0,0,0,[],1,0
203,casual_user,23,hiit,2024-05-04,5,4,8.33,41.64,2,2,1,0,[],1,0
204,consistent_user,39,rehabilitation,2024-03-18,10,9,20.83,208.26,2,6,7,1,"[{""day"": 29, ""milestone"": ""10th_session""}]",0,1
205,consistent_user,33,hiit,2024-02-05,9,8,19.87,178.85,2,5,7,0,[],0,1
206,at_risk_user,39,yoga,2024-06-15,1,1,5.07,5.07,1,0,0,0,[],0,0
207,consistent_user,45,rehabilitation,2024-03-12,13,10,21.36,277.64,2,5,9,1,"[{""day"": 23, ""milestone"": ""10th_session""}]",0,1
208,at_risk_user,40,cardio,2024-03-09,1,1,4.76,4.76,1,0,1,0,[],1,0
209,consistent_user,38,yoga,2024-04-13,14,13,21.49,300.85,3,6,12,3,"[{""day"": 8, ""milestone"": ""3_day_streak""}, {""day"": 21, ""milestone"": ""10th_session""}, {""day"": 30, ""milestone"": ""3_day_streak""}]",0,1
210,casual_user,26,cardio,2024-01-13,6,6,8.77,52.62,2,1,5,0,[],0,0
211,at_risk_user,37,strength,2024-06-02,3,3,5.67,17.01,1,1,1,0,[],1,0
212,consistent_user,57,hiit,2024-04-13,8,6,22.39,179.14,1,5,8,0,[],0,1
213,casual_user,23,rehabilitation,2024-06-21,13,12,11.3,146.85,2,3,7,1,"[{""day"": 21, ""milestone"": ""10th_session""}]",0,0
214,at_risk_user,43,mixed,2024-05-05,0,0,0.0,0.0,0,0,0,0,[],1,0
215,casual_user,50,strength,2024-06-13,5,5,9.72,48.58,2,2,2,0,[],0,0
216,power_user,46,cardio,2024-01-31,11,11,34.01,374.06,2,8,11,1,"[{""day"": 27, ""milestone"": ""10th_session""}]",0,1
217,at_risk_user,35,mixed,2024-01-13,5,4,6.22,31.08,1,2,2,0,[],0,0
218,casual_user,36,yoga,2024-01-25,8,8,10.07,80.53,2,1,2,0,[],0,0
219,consistent_user,39,hiit,2024-06-10,12,12,22.39,268.63,3,4,9,2,"[{""day"": 20, ""milestone"": ""3_day_streak""}, {""day"": 26, ""milestone"": ""10th_session""}]",0,1
220,casual_user,23,cardio,2024-02-24,3,2,9.48,28.43,1,2,1,0,[],1,0
221,casual_user,21,hiit,2024-05-06,1,1,14.11,14.11,1,0,0,0,[],1,0
222,power_user,31,rehabilitation,2024-05-27,16,12,33.35,533.63,3,11,16,2,"[{""day"": 21, ""milestone"": ""3_day_streak""}, {""day"": 21, ""milestone"": ""10th_session""}]",0,1
223,consistent_user,26,cardio,2024-05-20,8,8,22.36,178.88,2,7,6,0,[],0,1
224,consistent_user,37,rehabilitation,2024-02-22,15,14,22.73,340.91,3,7,9,2,"[{""day"": 23, ""milestone"": ""3_day_streak""}, {""day"": 23, ""milestone"": ""10th_session""}]",0,1
225,casual_user,62,strength,2024-01-07,7,6,8.84,61.86,2,0,4,0,[],0,0
226,casual_user,48,yoga,2024-06-20,11,9,10.01,110.15,2,5,4,1,"[{""day"": 27, ""milestone"": ""10th_session""}]",0,0
227,casual_user,40,strength,2024-05-22,8,8,10.01,80.05,3,1,3,1,"[{""day"": 18, ""milestone"": ""3_day_streak""}]",0,0
228,power_user,44,rehabilitation,2024-02-10,12,10,38.35,460.18,2,10,11,1,"[{""day"": 24, ""milestone"": ""10th_session""}]",0,1
229,at_risk_user,19,mixed,2024-01-07,6,4,5.25,31.49,1,1,3,0,[],1,0
230,casual_user,45,strength,2024-01-30,5,3,8.08,40.41,2,2,4,0,[],0,0
231,consistent_user,45,mixed,2024-03-28,10,8,23.12,231.2,2,2,5,1,"[{""day"": 23, ""milestone"": ""10th_session""}]",0,1
232,casual_user,58,hiit,2024-06-29,12,11,10.59,127.11,3,0,2,2,"[{""day"": 14, ""milestone"": ""3_day_streak""}, {""day"": 28, ""milestone"": ""10th_session""}]",0,0
233,power_user,53,strength,2024-05-13,20,15,34.18,683.59,7,18,20,3,"[{""day"": 3, ""milestone"": ""3_day_streak""}, {""day"": 15, ""milestone"": ""3_day_streak""}, {""day"": 19, ""milestone"": ""7_day_streak""}]",0,1
234,consistent_user,22,rehabilitation,2024-02-18,19,18,23.28,442.41,6,12,14,3,"[{""day"": 3, ""milestone"": ""3_day_streak""}, {""day"": 16, ""milestone"": ""10th_session""}, {""day"": 17, ""milestone"": ""3_day_streak""}]",0,1
235,casual_user,58,strength,2024-06-05,7,6,10.28,71.93,2,1,4,0,[],0,0
236,casual_user,45,mixed,2024-06-08,12,11,10.36,124.36,5,3,5,2,"[{""day"": 26, ""milestone"": ""3_day_streak""}, {""day"": 27, ""milestone"": ""10th_session""}]",0,0
237,consistent_user,28,yoga,2024-01-27,5,4,23.57,117.83,1,4,5,0,[],1,0
238,casual_user,41,mixed,2024-02-25,6,6,9.64,57.82,1,3,3,0,[],0,0
239,at_risk_user,51,mixed,2024-03-01,0,0,0.0,0.0,0,0,0,0,[],0,0
240,casual_user,38,rehabilitation,2024-04-03,8,7,10.78,86.21,2,1,4,0,[],0,0
241,consistent_user,58,hiit,2024-05-13,12,9,23.63,283.53,2,4,9,0,[],0,1
242,casual_user,34,rehabilitation,2024-05-02,9,8,11.16,100.45,4,0,6,1,"[{""day"": 25, ""milestone"": ""3_day_streak""}]",0,0
243,casual_user,55,strength,2024-03-24,14,12,8.87,124.16,3,4,11,2,"[{""day"": 23, ""milestone"": ""10th_session""}, {""day"": 29, ""milestone"": ""3_day_streak""}]",0,0
244,consistent_user,53,hiit,2024-01-12,6,6,22.73,136.39,2,3,5,0,[],0,1
245,consistent_user,57,cardio,2024-05-10,16,13,21.14,338.22,4,8,12,2,"[{""day"": 7, ""milestone"": ""3_day_streak""}, {""day"": 13, ""milestone"": ""3_day_streak""}]",0,1
246,casual_user,19,strength,2024-05-29,5,5,9.99,49.95,3,2,3,1,"[{""day"": 6, ""milestone"": ""3_day_streak""}]",1,0
247,at_risk_user,54,rehabilitation,2024-04-13,0,0,0.0,0.0,0,0,0,0,[],1,0
248,casual_user,33,strength,2024-04-14,5,4,9.76,48.78,1,2,1,0,[],0,0
249,consistent_user,34,hiit,2024-06-29,11,9,22.88,251.72,2,7,10,1,"[{""day"": 14, ""milestone"": ""10th_session""}]",1,0
250,power_user,47,mixed,2024-04-29,16,12,34.61,553.73,4,14,15,2,"[{""day"": 17, ""milestone"": ""10th_session""}, {""day"": 19, ""milestone"": ""3_day_streak""}]",0,1
251,casual_user,58,hiit,2024-05-28,2,2,10.48,20.97,1,1,1,0,[],1,0
252,power_user,34,yoga,2024-03-04,21,16,35.05,735.96,5,11,21,5,"[{""day"": 3, ""milestone"": ""3_day_streak""}, {""day"": 15, ""milestone"": ""3_day_streak""}, {""day"": 16, ""milestone"": ""10th_session""}, {""day"": 21, ""milestone"": ""3_day_streak""}, {""day"": 27, ""milestone"": ""3_day_streak""}]",0,1
253,consistent_user,44,yoga,2024-06-11,11,11,21.47,236.13,3,6,8,2,"[{""day"": 5, ""milestone"": ""3_day_streak""}, {""day"": 28, ""milestone"": ""10th_session""}]",0,1
254,consistent_user,58,cardio,2024-05-21,7,7,22.36,156.49,1,2,4,0,[],0,1
255,at_risk_user,22,mixed,2024-01-16,5,4,4.11,20.54,1,3,1,0,[],0,0
256,at_risk_user,31,mixed,2024-01-14,3,3,3.94,11.81,1,0,2,0,[],0,0
257,casual_user,42,rehabilitation,2024-06-02,4,4,8.57,34.28,3,2,3,1,"[{""day"": 6, ""milestone"": ""3_day_streak""}]",1,0
258,at_risk_user,55,mixed,2024-06-13,2,2,5.74,11.48,1,0,0,0,[],1,0
259,casual_user,54,mixed,2024-05-16,4,3,13.08,52.31,1,3,2,0,[],1,0
260,casual_user,60,rehabilitation,2024-03-15,5,4,9.65,48.24,1,3,2,0,[],1,0
261,at_risk_user,50,cardio,2024-04-30,2,2,3.9,7.8,1,1,0,0,[],0,0
262,power_user,29,hiit,2024-06-17,15,12,33.68,505.17,2,12,15,1,"[{""day"": 18, ""milestone"": ""10th_session""}]",0,1
263,at_risk_user,24,hiit,2024-01-26,1,1,7.92,7.92,1,0,0,0,[],1,0
264,casual_user,59,strength,2024-05-31,5,5,10.86,54.3,2,2,5,0,[],0,0
265,at_risk_user,59,yoga,2024-01-25,7,7,5.25,36.72,2,3,0,0,[],0,0
266,power_user,28,rehabilitation,2024-03-24,20,15,35.55,710.91,3,15,19,2,"[{""day"": 12, ""milestone"": ""10th_session""}, {""day"": 22, ""milestone"": ""3_day_streak""}]",0,1
267,power_user,64,hiit,2024-05-11,25,18,36.51,912.87,5,20,25,3,"[{""day"": 11, ""milestone"": ""3_day_streak""}, {""day"": 14, ""milestone"": ""10th_session""}, {""day"": 26, ""milestone"": ""3_day_streak""}]",0,1
268,at_risk_user,60,strength,2024-02-17,1,1,6.24,6.24,1,0,1,0,[],1,0
269,casual_user,43,yoga,2024-04-05,6,6,9.1,54.6,3,4,5,1,"[{""day"": 6, ""milestone"": ""3_day_streak""}]",0,0
270,at_risk_user,28,cardio,2024-05-15,4,4,4.44,17.77,1,0,0,0,[],0,0
271,power_user,35,strength,2024-04-29,10,10,33.87,338.74,3,9,9,2,"[{""day"": 10, ""milestone"": ""3_day_streak""}, {""day"": 30, ""milestone"": ""10th_session""}]",0,1
272,consistent_user,53,cardio,2024-01-26,11,9,23.13,254.47,2,7,8,1,"[{""day"": 25, ""milestone"": ""10th_session""}]",0,1
273,consistent_user,60,strength,2024-04-08,17,14,21.41,363.93,4,7,15,4,"[{""day"": 8, ""milestone"": ""3_day_streak""}, {""day"": 16, ""milestone"": ""10th_session""}, {""day"": 18, ""milestone"": ""3_day_streak""}, {""day"": 29, ""milestone"": ""3_day_streak""}]",0,1
274,power_user,28,strength,2024-02-01,18,15,34.59,622.68,7,15,18,4,"[{""day"": 6, ""milestone"": ""3_day_streak""}, {""day"": 10, ""milestone"": ""7_day_streak""}, {""day"": 10, ""milestone"": ""10th_session""}, {""day"": 22, ""milestone"": ""3_day_streak""}]",0,1
275,consistent_user,21,strength,2024-06-05,10,8,21.78,217.8,4,8,9,2,"[{""day"": 4, ""milestone"": ""3_day_streak""}, {""day"": 19, ""milestone"": ""10th_session""}]",1,0
276,casual_user,64,cardio,2024-04-24,2,2,11.05,22.11,2,1,1,0,[],1,0
277,at_risk_user,29,cardio,2024-01-21,2,2,2.26,4.52,1,0,1,0,[],1,0
278,casual_user,22,cardio,2024-04-25,6,5,8.68,52.06,2,1,2,0,[],1,0
279,consistent_user,46,strength,2024-03-15,15,12,20.88,313.22,4,11,13,3,"[{""day"": 15, ""milestone"": ""3_day_streak""}, {""day"": 21, ""milestone"": ""10th_session""}, {""day"": 29, ""milestone"": ""3_day_streak""}]",0,1
280,power_user,29,strength,2024-02-08,18,16,36.85,663.25,7,14,17,4,"[{""day"": 11, ""milestone"": ""3_day_streak""}, {""day"": 15, ""milestone"": ""7_day_streak""}, {""day"": 17, ""milestone"": ""10th_session""}, {""day"": 28, ""milestone"": ""3_day_streak""}]",0,1
281,casual_user,50,rehabilitation,2024-06-21,7,6,9.88,69.14,1,4,2,0,[],0,0
282,consistent_user,52,rehabilitation,2024-05-31,10,9,24.3,243.05,2,4,6,1,"[{""day"": 30, ""milestone"": ""10th_session""}]",0,1
283,at_risk_user,25,hiit,2024-05-09,1,1,3.74,3.74,1,1,0,0,[],1,0
284,power_user,40,rehabilitation,2024-02-24,21,16,35.08,736.67,5,15,21,2,"[{""day"": 8, ""milestone"": ""3_day_streak""}, {""day"": 22, ""milestone"": ""3_day_streak""}]",0,1
285,power_user,22,rehabilitation,2024-04-17,19,15,36.86,700.34,8,10,19,4,"[{""day"": 15, ""milestone"": ""3_day_streak""}, {""day"": 17, ""milestone"": ""10th_session""}, {""day"": 19, ""milestone"": ""7_day_streak""}, {""day"": 27, ""milestone"": ""3_day_streak""}]",0,1
286,casual_user,57,rehabilitation,2024-01-06,7,6,10.71,74.98,1,1,3,0,[],0,0
287,power_user,54,hiit,2024-05-16,20,14,34.92,698.39,4,17,20,2,"[{""day"": 14, ""milestone"": ""10th_session""}, {""day"": 25, ""milestone"": ""3_day_streak""}]",0,1
288,at_risk_user,25,strength,2024-05-21,1,1,6.3,6.3,1,0,1,0,[],1,0
289,casual_user,28,yoga,2024-01-26,4,4,11.32,45.28,1,2,1,0,[],1,0
290,casual_user,46,rehabilitation,2024-02-08,12,10,8.85,106.15,2,4,5,1,"[{""day"": 26, ""milestone"": ""10th_session""}]",0,0
291,at_risk_user,34,yoga,2024-01-07,5,4,5.95,29.74,1,1,0,0,[],0,0
292,casual_user,48,cardio,2024-04-24,2,2,11.77,23.53,1,1,0,0,[],1,0
293,at_risk_user,18,mixed,2024-04-07,0,0,0.0,0.0,0,0,0,0,[],1,0
294,power_user,19,mixed,2024-01-01,19,18,33.55,637.45,8,14,18,6,"[{""day"": 10, ""milestone"": ""3_day_streak""}, {""day"": 15, ""milestone"": ""3_day_streak""}, {""day"": 20, ""milestone"": ""10th_session""}, {""day"": 21, ""milestone"": ""3_day_streak""}, {""day"": 25, ""milestone"": ""7_day_streak""}, {""day"": 30, ""milestone"": ""3_day_streak""}]",0,1
295,consistent_user,64,yoga,2024-03-24,11,11,22.72,249.93,2,5,9,1,"[{""day"": 25, ""milestone"": ""10th_session""}]",0,1
296,casual_user,65,hiit,2024-03-19,3,3,9.65,28.94,1,1,0,0,[],0,0
297,at_risk_user,25,strength,2024-06-13,1,1,7.14,7.14,1,1,0,0,[],1,0
298,casual_user,53,mixed,2024-01-27,5,4,11.68,58.39,2,3,3,0,[],0,0
299,casual_user,40,rehabilitation,2024-02-09,5,5,9.93,49.66,2,0,2,0,[],0,0
300,at_risk_user,46,mixed,2024-06-22,3,3,4.38,13.13,1,2,1,0,[],1,0
301,casual_user,33,mixed,2024-06-07,7,7,9.31,65.15,2,2,4,0,[],0,0
302,casual_user,56,strength,2024-01-28,5,5,9.54,47.7,2,2,3,0,[],0,0
303,casual_user,55,hiit,2024-02-09,13,10,9.25,120.24,3,2,4,2,"[{""day"": 11, ""milestone"": ""3_day_streak""}, {""day"": 16, ""milestone"": ""3_day_streak""}]",0,0
304,power_user,38,yoga,2024-02-25,26,20,36.04,936.99,7,23,25,6,"[{""day"": 6, ""milestone"": ""3_day_streak""}, {""day"": 14, ""milestone"": ""3_day_streak""}, {""day"": 14, ""milestone"": ""10th_session""}, {""day"": 19, ""milestone"": ""3_day_streak""}, {""day"": 23, ""milestone"": ""7_day_streak""}, {""day"": 27, ""milestone"": ""3_day_streak""}]",0,1
305,consistent_user,23,cardio,2024-05-06,11,10,21.51,236.62,4,9,9,2,"[{""day"": 11, ""milestone"": ""3_day_streak""}, {""day"": 20, ""milestone"": ""10th_session""}]",0,1
306,power_user,64,cardio,2024-01-16,19,17,35.28,670.23,4,18,19,4,"[{""day"": 3, ""milestone"": ""3_day_streak""}, {""day"": 9, ""milestone"": ""3_day_streak""}, {""day"": 13, ""milestone"": ""10th_session""}, {""day"": 15, ""milestone"": ""3_day_streak""}]",0,1
307,consistent_user,31,rehabilitation,2024-02-13,10,8,21.98,219.84,2,8,6,1,"[{""day"": 30, ""milestone"": ""10th_session""}]",0,1
308,casual_user,33,yoga,2024-01-22,5,5,9.44,47.2,2,1,2,0,[],0,0
309,at_risk_user,65,hiit,2024-01-29,5,5,4.99,24.96,1,1,0,0,[],0,0
310,at_risk_user,30,hiit,2024-01-30,2,2,6.01,12.01,2,0,0,0,[],1,0
311,casual_user,29,cardio,2024-03-12,8,8,9.44,75.55,3,4,2,1,"[{""day"": 7, ""milestone"": ""3_day_streak""}]",0,0
312,at_risk_user,26,rehabilitation,2024-04-16,3,3,5.58,16.73,1,0,0,0,[],0,0
313,consistent_user,35,hiit,2024-06-29,12,11,24.71,296.56,3,10,9,3,"[{""day"": 10, ""milestone"": ""3_day_streak""}, {""day"": 28, ""milestone"": ""10th_session""}, {""day"": 30, ""milestone"": ""3_day_streak""}]",0,1
314,consistent_user,31,cardio,2024-06-28,13,11,22.1,287.27,2,7,10,1,"[{""day"": 23, ""milestone"": ""10th_session""}]",0,1
315,power_user,21,cardio,2024-03-17,8,7,35.5,283.99,6,8,7,1,"[{""day"": 3, ""milestone"": ""3_day_streak""}]",1,0
316,casual_user,62,mixed,2024-05-08,7,7,10.21,71.44,1,2,6,0,[],0,0
317,consistent_user,28,hiit,2024-05-14,14,12,23.02,322.34,2,7,12,0,[],0,1
318,consistent_user,63,rehabilitation,2024-01-03,5,4,23.25,116.23,1,3,3,0,[],1,0
319,at_risk_user,40,strength,2024-05-07,1,1,6.33,6.33,1,0,1,0,[],1,0
320,casual_user,50,strength,2024-05-22,3,3,11.42,34.27,1,2,0,0,[],1,0
321,consistent_user,52,strength,2024-06-17,5,5,21.83,109.14,2,4,5,0,[],1,0
322,casual_user,62,strength,2024-03-16,7,6,8.59,60.15,1,2,4,0,[],0,0
323,power_user,42,mixed,2024-04-24,16,13,34.77,556.25,3,14,15,2,"[{""day"": 12, ""milestone"": ""3_day_streak""}, {""day"": 16, ""milestone"": ""10th_session""}]",0,1
324,consistent_user,61,rehabilitation,2024-01-18,13,12,21.52,279.82,2,5,8,1,"[{""day"": 18, ""milestone"": ""10th_session""}]",0,1
325,casual_user,26,cardio,2024-02-24,5,5,9.74,48.71,2,2,4,0,[],0,0
326,power_user,24,yoga,2024-02-16,17,16,36.88,626.97,5,12,15,4,"[{""day"": 15, ""milestone"": ""3_day_streak""}, {""day"": 19, ""milestone"": ""3_day_streak""}, {""day"": 19, ""milestone"": ""10th_session""}, {""day"": 28, ""milestone"": ""3_day_streak""}]",0,1
327,casual_user,52,rehabilitation,2024-05-20,4,4,8.92,35.66,1,0,1,0,[],1,0
328,casual_user,38,mixed,2024-01-07,2,2,6.43,12.86,1,1,1,0,[],1,0
329,consistent_user,18,strength,2024-04-20,11,10,23.4,257.35,5,7,8,2,"[{""day"": 21, ""milestone"": ""3_day_streak""}, {""day"": 23, ""milestone"": ""10th_session""}]",0,1
330,at_risk_user,26,yoga,2024-05-27,3,3,4.86,14.57,1,0,1,0,[],1,0
331,power_user,51,rehabilitation,2024-02-21,22,19,34.47,758.42,6,18,20,3,"[{""day"": 9, ""milestone"": ""3_day_streak""}, {""day"": 11, ""milestone"": ""10th_session""}, {""day"": 16, ""milestone"": ""3_day_streak""}]",0,1
332,consistent_user,20,yoga,2024-03-22,8,5,23.86,190.91,3,7,6,1,"[{""day"": 14, ""milestone"": ""3_day_streak""}]",1,0
333,at_risk_user,56,rehabilitation,2024-06-29,1,1,6.98,6.98,1,1,0,0,[],1,0
334,at_risk_user,36,strength,2024-06-14,3,3,5.06,15.17,2,1,1,0,[],1,0
335,casual_user,38,cardio,2024-04-25,8,7,8.38,67.05,2,1,5,0,[],0,0
336,at_risk_user,37,mixed,2024-03-08,0,0,0.0,0.0,0,0,0,0,[],1,0
337,casual_user,21,rehabilitation,2024-01-25,7,7,9.81,68.69,2,3,3,0,[],0,0
338,casual_user,33,rehabilitation,2024-05-28,1,1,5.53,5.53,1,1,1,0,[],1,0
339,consistent_user,33,cardio,2024-04-12,7,7,20.93,146.51,2,4,6,0,[],0,1
340,consistent_user,35,cardio,2024-04-20,18,14,23.68,426.28,3,2,16,2,"[{""day"": 3, ""milestone"": ""3_day_streak""}, {""day"": 10, ""milestone"": ""3_day_streak""}]",0,1
341,casual_user,62,hiit,2024-05-11,3,3,11.15,33.44,2,2,2,0,[],1,0
342,at_risk_user,34,mixed,2024-04-11,1,1,2.66,2.66,1,0,0,0,[],0,0
343,casual_user,33,mixed,2024-04-12,7,6,10.07,70.48,2,2,3,0,[],0,0
344,casual_user,63,mixed,2024-03-13,10,9,11.07,110.65,2,5,7,1,"[{""day"": 30, ""milestone"": ""10th_session""}]",0,0
345,power_user,26,rehabilitation,2024-05-06,18,15,36.17,651.06,4,13,16,4,"[{""day"": 3, ""milestone"": ""3_day_streak""}, {""day"": 9, ""milestone"": ""3_day_streak""}, {""day"": 13, ""milestone"": ""10th_session""}, {""day"": 29, ""milestone"": ""3_day_streak""}]",0,1
346,casual_user,25,yoga,2024-05-08,5,4,9.1,45.5,2,2,4,0,[],0,0
347,consistent_user,56,strength,2024-05-21,13,11,23.54,306.03,2,7,11,1,"[{""day"": 18, ""milestone"": ""10th_session""}]",0,1
348,casual_user,40,hiit,2024-03-25,6,6,9.74,58.44,1,2,3,0,[],0,0
349,power_user,38,cardio,2024-01-12,14,11,33.89,474.44,3,11,14,2,"[{""day"": 7, ""milestone"": ""3_day_streak""}, {""day"": 30, ""milestone"": ""3_day_streak""}]",0,1
350,consistent_user,26,yoga,2024-01-02,11,10,20.92,230.12,4,6,10,2,"[{""day"": 10, ""milestone"": ""3_day_streak""}, {""day"": 18, ""milestone"": ""10th_session""}]",0,1
351,casual_user,24,strength,2024-06-22,9,8,8.96,80.61,3,4,4,1,"[{""day"": 3, ""milestone"": ""3_day_streak""}]",0,0
352,consistent_user,26,hiit,2024-05-29,10,9,22.82,228.25,1,4,9,1,"[{""day"": 30, ""milestone"": ""10th_session""}]",0,1
353,at_risk_user,32,cardio,2024-03-21,3,3,4.07,12.21,1,0,0,0,[],1,0
354,casual_user,26,yoga,2024-05-25,3,3,10.5,31.49,1,0,2,0,[],1,0
355,casual_user,52,cardio,2024-03-05,5,5,9.06,45.3,2,2,3,0,[],1,0
356,power_user,43,hiit,2024-03-02,18,15,34.46,620.22,3,13,16,3,"[{""day"": 13, ""milestone"": ""3_day_streak""}, {""day"": 13, ""milestone"": ""10th_session""}, {""day"": 19, ""milestone"": ""3_day_streak""}]",0,1
357,consistent_user,38,cardio,2024-05-08,12,11,23.88,286.56,3,8,9,2,"[{""day"": 19, ""milestone"": ""3_day_streak""}, {""day"": 22, ""milestone"": ""10th_session""}]",0,1
358,power_user,39,strength,2024-05-30,14,11,35.15,492.09,4,10,12,3,"[{""day"": 9, ""milestone"": ""3_day_streak""}, {""day"": 14, ""milestone"": ""10th_session""}, {""day"": 15, ""milestone"": ""3_day_streak""}]",0,1
359,at_risk_user,37,mixed,2024-01-01,4,4,5.38,21.53,1,1,0,0,[],0,0
360,at_risk_user,47,strength,2024-06-27,5,5,5.43,27.16,2,1,4,0,[],0,0
361,consistent_user,51,rehabilitation,2024-03-01,6,5,20.17,121.01,1,3,3,0,[],0,1
362,at_risk_user,42,yoga,2024-06-03,2,2,3.94,7.88,1,1,0,0,[],1,0
363,consistent_user,30,hiit,2024-02-11,12,12,23.98,287.81,3,5,10,2,"[{""day"": 15, ""milestone"": ""3_day_streak""}, {""day"": 26, ""milestone"": ""10th_session""}]",0,1
364,casual_user,59,hiit,2024-02-10,0,0,0.0,0.0,0,0,0,0,[],0,0
365,casual_user,60,rehabilitation,2024-06-05,3,3,7.22,21.66,1,2,1,0,[],1,0
366,casual_user,62,rehabilitation,2024-01-10,5,5,7.79,38.96,2,2,3,0,[],0,0
367,at_risk_user,34,cardio,2024-02-17,1,1,3.15,3.15,1,0,0,0,[],1,0
368,power_user,34,mixed,2024-04-18,18,16,35.26,634.71,5,17,18,1,"[{""day"": 15, ""milestone"": ""3_day_streak""}]",0,1
369,consistent_user,56,rehabilitation,2024-01-13,14,13,20.35,284.86,3,9,12,2,"[{""day"": 24, ""milestone"": ""10th_session""}, {""day"": 30, ""milestone"": ""3_day_streak""}]",0,1
370,consistent_user,41,hiit,2024-03-18,10,9,22.1,220.95,4,2,10,2,"[{""day"": 12, ""milestone"": ""3_day_streak""}, {""day"": 29, ""milestone"": ""10th_session""}]",0,1
371,casual_user,29,rehabilitation,2024-01-25,6,6,10.29,61.77,2,2,6,0,[],0,0
372,casual_user,54,cardio,2024-01-21,8,8,9.52,76.16,3,4,1,1,"[{""day"": 16, ""milestone"": ""3_day_streak""}]",0,0
373,casual_user,54,hiit,2024-05-13,11,9,10.0,109.99,2,2,7,1,"[{""day"": 27, ""milestone"": ""10th_session""}]",0,0
374,at_risk_user,31,mixed,2024-05-26,4,4,6.35,25.39,2,0,1,0,[],0,0
375,consistent_user,40,rehabilitation,2024-06-21,7,6,24.05,168.34,2,0,6,0,[],0,1
376,consistent_user,24,cardio,2024-03-07,15,13,22.87,343.01,4,8,10,3,"[{""day"": 20, ""milestone"": ""3_day_streak""}, {""day"": 24, ""milestone"": ""10th_session""}, {""day"": 26, ""milestone"": ""3_day_streak""}]",0,1
377,power_user,65,mixed,2024-01-24,11,8,32.99,362.85,5,10,9,2,"[{""day"": 12, ""milestone"": ""3_day_streak""}, {""day"": 21, ""milestone"": ""10th_session""}]",0,1
378,at_risk_user,65,mixed,2024-01-27,1,1,5.8,5.8,1,0,0,0,[],1,0
379,consistent_user,52,mixed,2024-04-20,13,12,22.25,289.23,5,8,11,2,"[{""day"": 14, ""milestone"": ""3_day_streak""}, {""day"": 26, ""milestone"": ""10th_session""}]",0,1
380,casual_user,32,strength,2024-03-23,3,3,11.62,34.86,2,2,1,0,[],0,0
381,at_risk_user,41,cardio,2024-06-13,2,2,4.56,9.12,1,0,1,0,[],0,0
382,casual_user,23,hiit,2024-04-22,7,6,11.54,80.78,2,2,6,0,[],0,0
383,casual_user,19,cardio,2024-04-27,7,5,10.45,73.14,2,4,2,0,[],0,0
384,consistent_user,40,rehabilitation,2024-04-14,15,14,24.04,360.66,5,7,11,3,"[{""day"": 13, ""milestone"": ""3_day_streak""}, {""day"": 19, ""milestone"": ""10th_session""}, {""day"": 21, ""milestone"": ""3_day_streak""}]",0,1
385,at_risk_user,22,yoga,2024-02-14,1,1,5.19,5.19,1,0,0,0,[],1,0
386,casual_user,23,yoga,2024-03-22,4,4,9.87,39.47,2,1,1,0,[],1,0
387,power_user,38,cardio,2024-02-14,17,13,33.6,571.27,4,16,15,3,"[{""day"": 6, ""milestone"": ""3_day_streak""}, {""day"": 15, ""milestone"": ""3_day_streak""}, {""day"": 15, ""milestone"": ""10th_session""}]",0,1
388,consistent_user,44,yoga,2024-02-16,19,14,23.22,441.19,3,9,15,3,"[{""day"": 3, ""milestone"": ""3_day_streak""}, {""day"": 21, ""milestone"": ""3_day_streak""}, {""day"": 25, ""milestone"": ""3_day_streak""}]",0,1
389,casual_user,28,mixed,2024-05-16,10,10,10.48,104.85,2,2,5,1,"[{""day"": 27, ""milestone"": ""10th_session""}]",0,0
390,consistent_user,28,hiit,2024-05-14,12,9,21.31,255.69,3,4,11,2,"[{""day"": 17, ""milestone"": ""3_day_streak""}, {""day"": 22, ""milestone"": ""10th_session""}]",0,1
391,casual_user,51,hiit,2024-04-05,3,3,10.52,31.55,1,2,1,0,[],1,0
392,power_user,28,hiit,2024-05-20,19,15,35.98,683.67,5,13,17,3,"[{""day"": 17, ""milestone"": ""3_day_streak""}, {""day"": 19, ""milestone"": ""10th_session""}, {""day"": 28, ""milestone"": ""3_day_streak""}]",0,1
393,consistent_user,36,strength,2024-06-26,9,9,21.04,189.36,4,7,6,2,"[{""day"": 14, ""milestone"": ""3_day_streak""}, {""day"": 30, ""milestone"": ""3_day_streak""}]",0,1
394,power_user,52,cardio,2024-02-02,22,17,35.81,787.78,7,18,21,5,"[{""day"": 4, ""milestone"": ""3_day_streak""}, {""day"": 12, ""milestone"": ""10th_session""}, {""day"": 20, ""milestone"": ""3_day_streak""}, {""day"": 26, ""milestone"": ""3_day_streak""}, {""day"": 30, ""milestone"": ""7_day_streak""}]",0,1
395,at_risk_user,43,mixed,2024-05-14,2,2,6.51,13.01,1,0,1,0,[],1,0
396,consistent_user,45,mixed,2024-02-05,12,10,22.4,268.8,2,9,7,0,[],0,1
397,casual_user,38,cardio,2024-06-10,3,2,8.46,25.37,1,3,3,0,[],1,0
398,at_risk_user,36,cardio,2024-01-06,0,0,0.0,0.0,0,0,0,0,[],1,0
399,power_user,59,cardio,2024-04-29,21,17,37.08,778.69,7,18,17,5,"[{""day"": 3, ""milestone"": ""3_day_streak""}, {""day"": 7, ""milestone"": ""7_day_streak""}, {""day"": 11, ""milestone"": ""10th_session""}, {""day"": 22, ""milestone"": ""3_day_streak""}, {""day"": 28, ""milestone"": ""3_day_streak""}]",0,1
400,casual_user,26,rehabilitation,2024-05-15,8,6,10.93,87.47,3,7,4,1,"[{""day"": 20, ""milestone"": ""3_day_streak""}]",0,0
401,power_user,21,strength,2024-06-13,18,17,37.83,680.86,5,11,18,3,"[{""day"": 7, ""milestone"": ""3_day_streak""}, {""day"": 20, ""milestone"": ""10th_session""}, {""day"": 24, ""milestone"": ""3_day_streak""}]",0,1
402,consistent_user,39,hiit,2024-01-17,13,11,21.26,276.43,3,5,10,2,"[{""day"": 21, ""milestone"": ""10th_session""}, {""day"": 23, ""milestone"": ""3_day_streak""}]",0,1
403,casual_user,35,yoga,2024-04-12,8,8,7.48,59.88,3,2,6,1,"[{""day"": 21, ""milestone"": ""3_day_streak""}]",0,0
404,at_risk_user,38,strength,2024-03-04,2,2,5.78,11.56,1,0,2,0,[],0,0
405,power_user,33,rehabilitation,2024-05-30,18,16,34.79,626.22,3,16,18,2,"[{""day"": 16, ""milestone"": ""10th_session""}, {""day"": 28, ""milestone"": ""3_day_streak""}]",0,1
406,at_risk_user,33,strength,2024-02-23,2,2,2.95,5.89,1,0,1,0,[],1,0
407,consistent_user,36,cardio,2024-01-04,17,15,21.37,363.28,6,6,9,3,"[{""day"": 7, ""milestone"": ""3_day_streak""}, {""day"": 16, ""milestone"": ""3_day_streak""}, {""day"": 26, ""milestone"": ""3_day_streak""}]",0,1
408,consistent_user,32,strength,2024-03-17,11,10,20.77,228.51,2,7,6,1,"[{""day"": 27, ""milestone"": ""10th_session""}]",0,1
409,casual_user,31,strength,2024-05-08,7,6,8.19,57.34,3,3,2,1,"[{""day"": 6, ""milestone"": ""3_day_streak""}]",1,0
410,power_user,46,yoga,2024-01-06,18,15,35.03,630.48,4,13,17,2,"[{""day"": 16, ""milestone"": ""10th_session""}, {""day"": 25, ""milestone"": ""3_day_streak""}]",0,1
411,casual_user,43,hiit,2024-01-26,9,9,11.34,102.05,2,3,3,0,[],0,0
412,at_risk_user,54,mixed,2024-06-19,0,0,0.0,0.0,0,0,0,0,[],1,0
413,consistent_user,54,rehabilitation,2024-02-07,6,6,21.81,130.83,3,3,5,1,"[{""day"": 3, ""milestone"": ""3_day_streak""}]",1,0
414,power_user,38,mixed,2024-02-25,21,15,35.1,737.01,3,20,21,3,"[{""day"": 3, ""milestone"": ""3_day_streak""}, {""day"": 14, ""milestone"": ""10th_session""}, {""day"": 25, ""milestone"": ""3_day_streak""}]",0,1
415,consistent_user,33,cardio,2024-06-22,6,5,20.02,120.13,2,6,5,0,[],0,1
416,casual_user,63,hiit,2024-04-14,2,2,13.1,26.19,1,0,2,0,[],1,0
417,power_user,46,yoga,2024-02-26,13,12,36.21,470.73,3,10,13,2,"[{""day"": 12, ""milestone"": ""3_day_streak""}, {""day"": 18, ""milestone"": ""10th_session""}]",0,1
418,casual_user,55,cardio,2024-01-12,7,6,10.96,76.7,2,2,3,0,[],0,0
419,at_risk_user,31,yoga,2024-03-20,0,0,0.0,0.0,0,0,0,0,[],1,0
420,casual_user,22,yoga,2024-03-09,2,2,6.51,13.02,1,1,1,0,[],1,0
421,consistent_user,36,hiit,2024-04-03,13,11,22.12,287.5,4,11,9,2,"[{""day"": 17, ""milestone"": ""10th_session""}, {""day"": 18, ""milestone"": ""3_day_streak""}]",0,1
422,power_user,18,yoga,2024-06-05,28,20,36.27,1015.56,8,22,25,5,"[{""day"": 7, ""milestone"": ""3_day_streak""}, {""day"": 15, ""milestone"": ""10th_session""}, {""day"": 16, ""milestone"": ""3_day_streak""}, {""day"": 25, ""milestone"": ""3_day_streak""}, {""day"": 29, ""milestone"": ""7_day_streak""}]",0,1
423,casual_user,59,rehabilitation,2024-04-27,3,3,7.51,22.53,1,1,3,0,[],0,0
424,consistent_user,40,rehabilitation,2024-04-13,13,10,24.44,317.78,2,11,12,1,"[{""day"": 22, ""milestone"": ""10th_session""}]",0,1
425,casual_user,21,rehabilitation,2024-05-08,11,8,10.69,117.6,2,0,4,0,[],0,0
426,casual_user,53,yoga,2024-01-27,7,6,8.97,62.76,2,1,3,0,[],0,0
427,at_risk_user,26,rehabilitation,2024-06-05,4,3,6.12,24.5,1,1,2,0,[],0,0
428,at_risk_user,47,strength,2024-01-16,2,2,4.8,9.6,1,1,0,0,[],1,0
429,at_risk_user,60,mixed,2024-01-20,2,2,6.55,13.1,1,0,2,0,[],1,0
430,casual_user,32,yoga,2024-06-19,6,6,9.16,54.94,3,2,3,1,"[{""day"": 10, ""milestone"": ""3_day_streak""}]",0,0
431,casual_user,27,yoga,2024-01-11,4,3,8.86,35.45,2,2,3,0,[],1,0
432,power_user,44,strength,2024-03-11,21,17,35.51,745.71,3,16,20,3,"[{""day"": 12, ""milestone"": ""3_day_streak""}, {""day"": 14, ""milestone"": ""10th_session""}, {""day"": 21, ""milestone"": ""3_day_streak""}]",0,1
433,power_user,25,cardio,2024-02-02,10,9,30.86,308.62,2,10,10,1,"[{""day"": 19, ""milestone"": ""10th_session""}]",1,0
434,casual_user,22,yoga,2024-01-07,6,6,10.77,64.61,1,0,4,0,[],0,0
435,consistent_user,25,cardio,2024-03-11,19,15,20.85,396.06,4,7,12,3,"[{""day"": 16, ""milestone"": ""3_day_streak""}, {""day"": 16, ""milestone"": ""10th_session""}, {""day"": 28, ""milestone"": ""3_day_streak""}]",0,1
436,consistent_user,45,strength,2024-06-21,6,4,26.05,156.27,1,5,6,0,[],1,0
437,at_risk_user,34,yoga,2024-06-01,2,2,4.86,9.72,1,0,2,0,[],1,0
438,casual_user,27,mixed,2024-03-21,5,4,11.36,56.82,1,1,2,0,[],1,0
439,consistent_user,64,rehabilitation,2024-05-05,14,11,21.73,304.26,1,6,13,1,"[{""day"": 24, ""milestone"": ""10th_session""}]",0,1
440,at_risk_user,29,mixed,2024-04-14,5,4,4.57,22.86,1,2,3,0,[],1,0
441,consistent_user,58,mixed,2024-05-22,18,14,22.48,404.64,3,6,15,3,"[{""day"": 18, ""milestone"": ""3_day_streak""}, {""day"": 18, ""milestone"": ""10th_session""}, {""day"": 23, ""milestone"": ""3_day_streak""}]",0,1
442,consistent_user,51,yoga,2024-06-03,14,12,22.81,319.4,4,5,14,2,"[{""day"": 5, ""milestone"": ""3_day_streak""}, {""day"": 29, ""milestone"": ""3_day_streak""}]",0,1
443,power_user,27,rehabilitation,2024-02-25,17,16,35.57,604.61,3,13,17,4,"[{""day"": 6, ""milestone"": ""3_day_streak""}, {""day"": 15, ""milestone"": ""3_day_streak""}, {""day"": 15, ""milestone"": ""10th_session""}, {""day"": 28, ""milestone"": ""3_day_streak""}]",0,1
444,casual_user,61,hiit,2024-03-01,11,10,9.48,104.26,3,7,5,1,"[{""day"": 6, ""milestone"": ""3_day_streak""}]",0,0
445,consistent_user,54,hiit,2024-05-31,11,10,23.72,260.92,4,8,7,2,"[{""day"": 15, ""milestone"": ""3_day_streak""}, {""day"": 16, ""milestone"": ""10th_session""}]",0,1
446,casual_user,61,mixed,2024-06-14,6,6,9.49,56.96,3,3,1,1,"[{""day"": 5, ""milestone"": ""3_day_streak""}]",0,0
447,power_user,27,strength,2024-02-11,18,16,36.04,648.73,4,16,17,3,"[{""day"": 3, ""milestone"": ""3_day_streak""}, {""day"": 12, ""milestone"": ""10th_session""}, {""day"": 13, ""milestone"": ""3_day_streak""}]",0,1
448,consistent_user,60,cardio,2024-06-08,11,11,21.24,233.61,3,4,7,2,"[{""day"": 4, ""milestone"": ""3_day_streak""}, {""day"": 28, ""milestone"": ""10th_session""}]",0,1
449,consistent_user,25,strength,2024-03-23,13,11,22.37,290.75,3,5,10,2,"[{""day"": 7, ""milestone"": ""3_day_streak""}, {""day"": 26, ""milestone"": ""10th_session""}]",0,1
450,casual_user,37,cardio,2024-02-22,5,4,8.58,42.91,1,4,3,0,[],1,0
451,at_risk_user,40,hiit,2024-04-15,2,2,5.21,10.43,1,0,0,0,[],1,0
452,consistent_user,63,rehabilitation,2024-01-05,20,18,22.42,448.44,6,12,15,4,"[{""day"": 3, ""milestone"": ""3_day_streak""}, {""day"": 14, ""milestone"": ""10th_session""}, {""day"": 16, ""milestone"": ""3_day_streak""}, {""day"": 20, ""milestone"": ""3_day_streak""}]",0,1
453,casual_user,28,hiit,2024-04-23,3,3,10.51,31.52,2,1,1,0,[],0,0
454,consistent_user,39,hiit,2024-05-30,14,12,22.05,308.72,6,8,10,2,"[{""day"": 15, ""milestone"": ""3_day_streak""}, {""day"": 17, ""milestone"": ""10th_session""}]",0,1
455,consistent_user,65,mixed,2024-06-02,9,8,21.11,189.96,2,6,8,0,[],1,0
456,consistent_user,47,strength,2024-01-09,22,17,21.52,473.46,3,15,18,3,"[{""day"": 3, ""milestone"": ""3_day_streak""}, {""day"": 12, ""milestone"": ""10th_session""}, {""day"": 13, ""milestone"": ""3_day_streak""}]",0,1
457,consistent_user,18,cardio,2024-04-12,9,8,21.74,195.64,5,4,4,1,"[{""day"": 6, ""milestone"": ""3_day_streak""}]",1,0
458,at_risk_user,36,mixed,2024-01-04,0,0,0.0,0.0,0,0,0,0,[],1,0
459,casual_user,36,mixed,2024-04-03,5,4,9.39,46.96,1,2,2,0,[],0,0
460,at_risk_user,27,hiit,2024-02-09,0,0,0.0,0.0,0,0,0,0,[],1,0
461,casual_user,55,hiit,2024-01-24,12,10,10.03,120.38,4,5,8,3,"[{""day"": 11, ""milestone"": ""3_day_streak""}, {""day"": 25, ""milestone"": ""10th_session""}, {""day"": 26, ""milestone"": ""3_day_streak""}]",0,0
462,casual_user,44,hiit,2024-04-25,4,4,8.49,33.98,1,0,2,0,[],1,0
463,casual_user,18,cardio,2024-02-20,10,9,9.97,99.69,3,3,6,2,"[{""day"": 25, ""milestone"": ""3_day_streak""}, {""day"": 27, ""milestone"": ""10th_session""}]",0,0
464,casual_user,38,rehabilitation,2024-04-08,8,7,10.14,81.09,2,4,6,0,[],0,0
465,consistent_user,34,hiit,2024-05-10,15,10,22.38,335.63,4,11,14,1,"[{""day"": 29, ""milestone"": ""3_day_streak""}]",0,1
466,casual_user,48,rehabilitation,2024-01-02,8,8,8.36,66.85,2,2,6,0,[],0,0
467,consistent_user,27,yoga,2024-01-06,14,11,22.06,308.87,3,8,8,2,"[{""day"": 24, ""milestone"": ""10th_session""}, {""day"": 25, ""milestone"": ""3_day_streak""}]",0,1
468,power_user,56,cardio,2024-03-21,16,13,36.23,579.63,5,13,13,2,"[{""day"": 20, ""milestone"": ""10th_session""}, {""day"": 21, ""milestone"": ""3_day_streak""}]",0,1
469,casual_user,54,strength,2024-01-18,6,5,8.96,53.79,2,2,3,0,[],0,0
470,power_user,39,hiit,2024-01-26,13,10,34.68,450.86,2,11,13,1,"[{""day"": 17, ""milestone"": ""10th_session""}]",0,1
471,power_user,29,mixed,2024-05-09,16,12,33.88,542.04,4,15,16,2,"[{""day"": 8, ""milestone"": ""3_day_streak""}, {""day"": 18, ""milestone"": ""3_day_streak""}]",0,1
472,consistent_user,61,cardio,2024-04-15,15,13,22.54,338.05,3,8,11,3,"[{""day"": 3, ""milestone"": ""3_day_streak""}, {""day"": 23, ""milestone"": ""10th_session""}, {""day"": 29, ""milestone"": ""3_day_streak""}]",0,1
473,casual_user,53,cardio,2024-04-05,9,8,10.14,91.25,3,3,4,1,"[{""day"": 14, ""milestone"": ""3_day_streak""}]",0,0
474,casual_user,62,yoga,2024-05-09,2,2,10.38,20.77,1,0,1,0,[],1,0
475,casual_user,27,rehabilitation,2024-01-04,9,9,10.76,96.82,3,5,8,1,"[{""day"": 3, ""milestone"": ""3_day_streak""}]",0,0
476,casual_user,56,rehabilitation,2024-01-05,12,11,11.03,132.41,3,1,6,2,"[{""day"": 9, ""milestone"": ""3_day_streak""}, {""day"": 22, ""milestone"": ""10th_session""}]",0,0
477,casual_user,29,rehabilitation,2024-06-23,2,2,10.25,20.5,1,1,1,0,[],1,0
478,casual_user,57,strength,2024-01-09,4,4,10.9,43.59,1,2,2,0,[],1,0
479,at_risk_user,38,cardio,2024-06-23,4,4,6.49,25.96,2,1,1,0,[],0,0
480,power_user,20,cardio,2024-06-22,24,18,34.74,833.85,4,14,23,4,"[{""day"": 5, ""milestone"": ""3_day_streak""}, {""day"": 10, ""milestone"": ""3_day_streak""}, {""day"": 10, ""milestone"": ""10th_session""}, {""day"": 15, ""milestone"": ""3_day_streak""}]",0,1
481,casual_user,57,yoga,2024-01-06,8,7,9.28,74.26,2,3,2,0,[],0,0
482,consistent_user,28,yoga,2024-01-04,12,11,22.58,271.01,4,5,6,3,"[{""day"": 13, ""milestone"": ""3_day_streak""}, {""day"": 27, ""milestone"": ""10th_session""}, {""day"": 29, ""milestone"": ""3_day_streak""}]",0,1
483,power_user,39,yoga,2024-02-22,16,13,35.73,571.76,2,9,16,1,"[{""day"": 17, ""milestone"": ""10th_session""}]",0,1
484,consistent_user,53,yoga,2024-05-31,15,14,22.98,344.67,4,7,12,3,"[{""day"": 10, ""milestone"": ""3_day_streak""}, {""day"": 14, ""milestone"": ""10th_session""}, {""day"": 15, ""milestone"": ""3_day_streak""}]",0,1
485,casual_user,60,yoga,2024-03-10,8,8,9.73,77.85,3,2,5,1,"[{""day"": 6, ""milestone"": ""3_day_streak""}]",0,0
486,consistent_user,32,rehabilitation,2024-03-08,8,7,22.43,179.45,2,3,6,0,[],0,1
487,at_risk_user,21,hiit,2024-05-25,1,1,7.65,7.65,1,0,0,0,[],1,0
488,at_risk_user,36,strength,2024-01-01,7,7,4.12,28.86,2,0,1,0,[],1,0
489,casual_user,45,yoga,2024-04-27,14,10,9.73,136.29,2,2,8,1,"[{""day"": 22, ""milestone"": ""10th_session""}]",0,0
490,casual_user,50,mixed,2024-03-28,4,4,7.64,30.57,1,2,3,0,[],1,0
491,casual_user,37,yoga,2024-06-18,5,5,10.01,50.05,2,0,1,0,[],1,0
492,at_risk_user,48,strength,2024-04-26,1,1,3.89,3.89,1,1,0,0,[],1,0
493,casual_user,41,rehabilitation,2024-06-24,3,2,10.63,31.88,1,3,2,0,[],1,0
494,consistent_user,27,mixed,2024-06-27,8,7,25.48,203.88,2,0,7,0,[],0,1
495,consistent_user,61,mixed,2024-05-31,16,16,22.27,356.34,8,10,13,3,"[{""day"": 4, ""milestone"": ""3_day_streak""}, {""day"": 8, ""milestone"": ""7_day_streak""}, {""day"": 13, ""milestone"": ""10th_session""}]",0,1
496,at_risk_user,39,yoga,2024-05-01,1,1,5.71,5.71,1,0,0,0,[],1,0
497,casual_user,23,hiit,2024-01-22,8,8,11.06,88.45,2,4,4,0,[],0,0
498,consistent_user,41,cardio,2024-02-25,9,6,24.52,220.69,2,1,8,0,[],1,0
499,consistent_user,26,yoga,2024-05-24,5,3,20.7,103.48,1,3,4,0,[],1,0
500,casual_user,31,rehabilitation,2024-05-19,11,10,9.23,101.58,3,2,7,2,"[{""day"": 19, ""milestone"": ""3_day_streak""}, {""day"": 27, ""milestone"": ""10th_session""}]",0,0
501,casual_user,35,hiit,2024-01-15,4,4,9.22,36.89,2,2,2,0,[],1,0
502,at_risk_user,53,strength,2024-06-10,2,2,5.38,10.77,1,1,1,0,[],1,0
503,casual_user,34,cardio,2024-03-20,6,6,10.85,65.11,2,2,2,0,[],0,0
504,at_risk_user,30,yoga,2024-05-19,2,2,3.94,7.87,1,0,1,0,[],1,0
505,consistent_user,19,cardio,2024-04-23,5,5,23.72,118.61,2,3,5,0,[],1,0
506,casual_user,22,cardio,2024-01-24,3,2,7.21,21.64,1,2,3,0,[],1,0
507,power_user,35,yoga,2024-02-01,19,16,34.2,649.82,6,15,19,4,"[{""day"": 9, ""milestone"": ""3_day_streak""}, {""day"": 21, ""milestone"": ""3_day_streak""}, {""day"": 21, ""milestone"": ""10th_session""}, {""day"": 26, ""milestone"": ""3_day_streak""}]",0,1
508,casual_user,50,hiit,2024-05-30,6,6,12.1,72.59,2,2,5,0,[],1,0
509,casual_user,22,mixed,2024-02-07,8,8,10.25,81.99,2,2,2,0,[],0,0
510,casual_user,57,mixed,2024-03-08,1,1,6.64,6.64,1,0,1,0,[],1,0
511,at_risk_user,49,rehabilitation,2024-02-24,3,3,5.53,16.59,1,0,0,0,[],1,0
512,power_user,26,yoga,2024-05-14,10,8,33.22,332.22,2,6,9,1,"[{""day"": 25, ""milestone"": ""10th_session""}]",0,1
513,at_risk_user,42,rehabilitation,2024-06-04,1,1,2.36,2.36,1,1,0,0,[],1,0
514,casual_user,53,mixed,2024-02-26,3,3,10.83,32.5,1,0,2,0,[],1,0
515,at_risk_user,51,yoga,2024-03-20,2,2,5.2,10.39,1,0,0,0,[],1,0
516,casual_user,65,rehabilitation,2024-06-08,11,11,10.07,110.74,3,8,5,2,"[{""day"": 6, ""milestone"": ""3_day_streak""}, {""day"": 28, ""milestone"": ""10th_session""}]",0,0
517,consistent_user,65,hiit,2024-06-18,15,11,22.82,342.32,4,2,12,3,"[{""day"": 18, ""milestone"": ""3_day_streak""}, {""day"": 22, ""milestone"": ""10th_session""}, {""day"": 24, ""milestone"": ""3_day_streak""}]",0,1
518,casual_user,50,rehabilitation,2024-05-26,8,8,8.2,65.56,2,3,2,0,[],0,0
519,at_risk_user,18,hiit,2024-02-27,0,0,0.0,0.0,0,0,0,0,[],0,0
520,at_risk_user,28,hiit,2024-02-25,1,1,6.26,6.26,1,0,0,0,[],1,0
521,power_user,29,rehabilitation,2024-06-05,21,16,35.67,749.01,3,15,21,2,"[{""day"": 9, ""milestone"": ""3_day_streak""}, {""day"": 14, ""milestone"": ""10th_session""}]",0,1
522,consistent_user,33,strength,2024-04-25,9,8,22.67,204.02,2,5,7,0,[],0,1
523,at_risk_user,58,strength,2024-02-29,1,1,7.75,7.75,1,0,1,0,[],1,0
524,consistent_user,62,rehabilitation,2024-03-14,10,10,22.71,227.07,2,6,8,1,"[{""day"": 30, ""milestone"": ""10th_session""}]",0,1
525,consistent_user,44,hiit,2024-04-13,12,12,21.94,263.31,4,5,11,3,"[{""day"": 17, ""milestone"": ""3_day_streak""}, {""day"": 27, ""milestone"": ""10th_session""}, {""day"": 28, ""milestone"": ""3_day_streak""}]",0,1
526,at_risk_user,30,cardio,2024-01-02,1,1,2.53,2.53,1,0,1,0,[],0,0
527,consistent_user,64,mixed,2024-06-05,9,9,21.76,195.82,2,3,5,0,[],0,1
528,at_risk_user,31,yoga,2024-03-15,2,2,4.91,9.82,1,1,1,0,[],1,0
529,casual_user,52,rehabilitation,2024-03-15,10,7,10.1,100.95,4,3,4,3,"[{""day"": 6, ""milestone"": ""3_day_streak""}, {""day"": 10, ""milestone"": ""3_day_streak""}, {""day"": 11, ""milestone"": ""10th_session""}]",1,0
530,consistent_user,34,mixed,2024-04-21,14,11,20.46,286.37,3,5,10,2,"[{""day"": 20, ""milestone"": ""10th_session""}, {""day"": 21, ""milestone"": ""3_day_streak""}]",0,1
531,at_risk_user,55,rehabilitation,2024-03-03,2,2,6.28,12.55,1,0,0,0,[],1,0
532,power_user,53,strength,2024-01-27,19,17,35.77,679.67,3,12,19,4,"[{""day"": 6, ""milestone"": ""3_day_streak""}, {""day"": 18, ""milestone"": ""10th_session""}, {""day"": 22, ""milestone"": ""3_day_streak""}, {""day"": 26, ""milestone"": ""3_day_streak""}]",0,1
533,consistent_user,64,rehabilitation,2024-05-15,12,10,22.6,271.19,2,7,11,1,"[{""day"": 20, ""milestone"": ""10th_session""}]",0,1
534,casual_user,47,mixed,2024-04-03,8,8,9.73,77.86,2,3,5,0,[],0,0
535,consistent_user,27,hiit,2024-01-01,13,11,22.42,291.51,3,9,10,2,"[{""day"": 11, ""milestone"": ""3_day_streak""}, {""day"": 17, ""milestone"": ""10th_session""}]",0,1
536,casual_user,59,strength,2024-02-10,7,7,8.36,58.51,2,2,5,0,[],0,0
537,casual_user,41,strength,2024-02-10,12,10,9.6,115.14,2,2,8,0,[],0,0
538,at_risk_user,45,yoga,2024-06-28,3,3,4.47,13.42,2,1,0,0,[],1,0
539,at_risk_user,22,cardio,2024-02-05,5,5,4.38,21.9,2,0,0,0,[],0,0
540,at_risk_user,50,rehabilitation,2024-05-05,1,1,4.11,4.11,1,0,0,0,[],1,0
541,consistent_user,30,cardio,2024-04-05,19,15,23.0,436.95,4,6,16,1,"[{""day"": 26, ""milestone"": ""3_day_streak""}]",0,1
542,casual_user,34,yoga,2024-02-16,6,5,8.82,52.9,2,1,4,0,[],1,0
543,casual_user,22,mixed,2024-05-14,8,8,10.99,87.93,2,1,4,0,[],0,0
544,consistent_user,26,strength,2024-06-10,2,2,22.12,44.24,1,1,2,0,[],1,0
545,casual_user,55,hiit,2024-01-30,5,5,10.39,51.94,2,2,1,0,[],1,0
546,consistent_user,32,yoga,2024-02-13,8,7,20.95,167.62,2,5,8,0,[],0,1
547,at_risk_user,43,hiit,2024-06-03,0,0,0.0,0.0,0,0,0,0,[],1,0
548,casual_user,24,cardio,2024-02-25,8,7,9.4,75.17,1,0,6,0,[],0,0
549,consistent_user,26,rehabilitation,2024-06-26,14,12,23.94,335.14,3,6,12,2,"[{""day"": 12, ""milestone"": ""3_day_streak""}, {""day"": 24, ""milestone"": ""3_day_streak""}]",0,1
550,at_risk_user,54,cardio,2024-02-20,5,4,3.46,17.31,1,3,1,0,[],1,0
551,consistent_user,39,hiit,2024-05-24,11,9,21.73,239.01,3,5,8,2,"[{""day"": 7, ""milestone"": ""3_day_streak""}, {""day"": 22, ""milestone"": ""10th_session""}]",0,1
552,casual_user,19,mixed,2024-05-29,5,4,10.75,53.77,1,1,0,0,[],1,0
553,casual_user,27,hiit,2024-02-16,6,5,9.4,56.4,1,0,1,0,[],1,0
554,casual_user,52,strength,2024-01-17,3,3,10.8,32.39,2,0,1,0,[],1,0
555,casual_user,40,mixed,2024-05-01,3,3,9.42,28.25,1,2,1,0,[],1,0
556,casual_user,45,rehabilitation,2024-05-13,5,5,9.17,45.85,2,3,2,0,[],0,0
557,casual_user,20,rehabilitation,2024-05-26,3,2,9.73,29.19,1,0,3,0,[],1,0
558,at_risk_user,63,mixed,2024-05-31,0,0,0.0,0.0,0,0,0,0,[],1,0
559,casual_user,28,mixed,2024-02-14,3,3,10.63,31.89,2,1,1,0,[],1,0
560,power_user,56,mixed,2024-05-22,19,16,33.74,641.0,5,17,16,4,"[{""day"": 7, ""milestone"": ""3_day_streak""}, {""day"": 13, ""milestone"": ""3_day_streak""}, {""day"": 13, ""milestone"": ""10th_session""}, {""day"": 25, ""milestone"": ""3_day_streak""}]",0,1
561,at_risk_user,54,hiit,2024-06-20,3,3,4.12,12.36,2,0,2,0,[],1,0
562,casual_user,43,mixed,2024-04-17,6,5,9.75,58.49,2,6,2,0,[],0,0
563,at_risk_user,49,yoga,2024-06-15,2,1,3.34,6.68,1,0,0,0,[],1,0
564,at_risk_user,49,rehabilitation,2024-01-04,3,3,4.36,13.07,1,1,2,0,[],1,0
565,casual_user,36,yoga,2024-06-03,8,7,8.76,70.1,2,3,5,0,[],0,0
566,power_user,36,mixed,2024-04-18,17,14,35.62,605.58,5,14,16,2,"[{""day"": 6, ""milestone"": ""3_day_streak""}, {""day"": 10, ""milestone"": ""10th_session""}]",0,1
567,casual_user,36,cardio,2024-01-16,8,7,9.16,73.28,3,1,2,1,"[{""day"": 19, ""milestone"": ""3_day_streak""}]",0,0
568,casual_user,59,strength,2024-02-24,3,3,11.31,33.92,1,0,1,0,[],0,0
569,at_risk_user,65,yoga,2024-05-27,2,1,5.02,10.04,1,0,0,0,[],1,0
570,consistent_user,64,cardio,2024-05-15,13,13,21.91,284.77,3,7,10,2,"[{""day"": 8, ""milestone"": ""3_day_streak""}, {""day"": 19, ""milestone"": ""10th_session""}]",0,1
571,at_risk_user,63,mixed,2024-06-04,3,3,5.07,15.21,2,0,2,0,[],1,0
572,at_risk_user,25,hiit,2024-02-27,6,5,4.62,27.72,1,0,2,0,[],0,0
573,consistent_user,32,yoga,2024-01-04,14,10,22.58,316.07,3,13,13,2,"[{""day"": 23, ""milestone"": ""10th_session""}, {""day"": 25, ""milestone"": ""3_day_streak""}]",0,1
574,power_user,24,hiit,2024-05-02,22,19,35.47,780.37,7,16,22,5,"[{""day"": 3, ""milestone"": ""3_day_streak""}, {""day"": 8, ""milestone"": ""3_day_streak""}, {""day"": 11, ""milestone"": ""10th_session""}, {""day"": 12, ""milestone"": ""7_day_streak""}, {""day"": 25, ""milestone"": ""3_day_streak""}]",0,1
575,power_user,60,mixed,2024-03-19,21,17,35.57,746.9,3,18,21,3,"[{""day"": 6, ""milestone"": ""3_day_streak""}, {""day"": 12, ""milestone"": ""3_day_streak""}, {""day"": 22, ""milestone"": ""3_day_streak""}]",0,1
576,at_risk_user,56,hiit,2024-01-15,1,1,4.52,4.52,1,0,0,0,[],0,0
577,consistent_user,22,yoga,2024-01-26,15,13,21.75,326.28,3,6,11,2,"[{""day"": 13, ""milestone"": ""3_day_streak""}, {""day"": 17, ""milestone"": ""10th_session""}]",0,1
578,at_risk_user,48,cardio,2024-02-15,3,3,5.1,15.31,1,0,1,0,[],1,0
579,casual_user,35,cardio,2024-06-01,6,6,9.91,59.46,1,2,4,0,[],0,0
580,power_user,20,rehabilitation,2024-05-02,21,16,36.39,764.28,4,18,17,2,"[{""day"": 4, ""milestone"": ""3_day_streak""}, {""day"": 19, ""milestone"": ""3_day_streak""}]",0,1
581,consistent_user,29,hiit,2024-06-17,8,8,21.5,171.96,3,6,4,1,"[{""day"": 30, ""milestone"": ""3_day_streak""}]",0,1
582,casual_user,48,hiit,2024-05-15,8,7,10.06,80.5,2,1,6,0,[],0,0
583,consistent_user,55,yoga,2024-01-12,9,8,24.68,222.1,2,8,5,0,[],0,1
584,casual_user,30,cardio,2024-04-06,8,8,10.92,87.4,2,1,3,0,[],0,0
585,at_risk_user,59,rehabilitation,2024-06-28,2,2,6.05,12.11,1,0,1,0,[],1,0
586,power_user,52,yoga,2024-06-26,20,14,34.41,688.24,4,13,17,2,"[{""day"": 12, ""milestone"": ""10th_session""}, {""day"": 13, ""milestone"": ""3_day_streak""}]",0,1
587,consistent_user,20,rehabilitation,2024-06-15,5,4,22.41,112.04,2,3,4,0,[],1,0
588,consistent_user,26,cardio,2024-06-22,18,13,23.32,419.7,3,11,13,3,"[{""day"": 10, ""milestone"": ""3_day_streak""}, {""day"": 17, ""milestone"": ""10th_session""}, {""day"": 19, ""milestone"": ""3_day_streak""}]",0,1
589,power_user,37,strength,2024-02-04,25,21,35.5,887.61,5,22,25,5,"[{""day"": 5, ""milestone"": ""3_day_streak""}, {""day"": 9, ""milestone"": ""3_day_streak""}, {""day"": 12, ""milestone"": ""10th_session""}, {""day"": 17, ""milestone"": ""3_day_streak""}, {""day"": 28, ""milestone"": ""3_day_streak""}]",0,1
590,casual_user,49,hiit,2024-02-04,6,6,12.59,75.57,1,1,2,0,[],0,0
591,at_risk_user,19,strength,2024-06-17,4,4,3.87,15.48,1,1,1,0,[],1,0
592,consistent_user,58,cardio,2024-02-16,7,5,22.28,155.93,1,1,6,0,[],1,0
593,at_risk_user,65,mixed,2024-04-12,1,1,3.0,3.0,1,0,1,0,[],1,0
594,at_risk_user,49,hiit,2024-03-25,3,3,6.26,18.77,1,0,1,0,[],0,0
595,casual_user,35,strength,2024-03-05,6,6,9.81,58.89,2,3,3,0,[],0,0
596,consistent_user,26,strength,2024-05-16,9,8,19.06,171.55,3,5,7,1,"[{""day"": 10, ""milestone"": ""3_day_streak""}]",0,1
597,at_risk_user,42,yoga,2024-04-17,0,0,0.0,0.0,0,0,0,0,[],1,0
598,casual_user,50,cardio,2024-02-08,4,3,10.97,43.88,2,1,2,0,[],1,0
599,at_risk_user,59,strength,2024-03-19,2,2,3.96,7.91,2,0,1,0,[],1,0
600,power_user,47,rehabilitation,2024-01-25,24,21,33.29,799.07,5,17,23,4,"[{""day"": 11, ""milestone"": ""3_day_streak""}, {""day"": 11, ""milestone"": ""10th_session""}, {""day"": 17, ""milestone"": ""3_day_streak""}, {""day"": 22, ""milestone"": ""3_day_streak""}]",0,1
601,casual_user,22,cardio,2024-05-29,8,7,11.13,89.07,4,2,5,1,"[{""day"": 12, ""milestone"": ""3_day_streak""}]",0,0
602,at_risk_user,60,mixed,2024-01-10,0,0,0.0,0.0,0,0,0,0,[],1,0
603,at_risk_user,49,cardio,2024-02-23,1,1,7.9,7.9,1,1,1,0,[],1,0
604,casual_user,38,mixed,2024-02-05,8,8,10.59,84.68,2,3,3,0,[],0,0
605,consistent_user,30,mixed,2024-06-12,20,16,22.81,456.27,4,16,17,4,"[{""day"": 6, ""milestone"": ""3_day_streak""}, {""day"": 15, ""milestone"": ""3_day_streak""}, {""day"": 15, ""milestone"": ""10th_session""}, {""day"": 29, ""milestone"": ""3_day_streak""}]",0,1
606,casual_user,61,rehabilitation,2024-04-02,10,9,10.09,100.88,2,4,0,1,"[{""day"": 30, ""milestone"": ""10th_session""}]",0,0
607,at_risk_user,64,mixed,2024-03-13,1,1,6.99,6.99,1,0,1,0,[],1,0
608,casual_user,20,mixed,2024-04-15,6,6,8.15,48.87,2,4,2,0,[],1,0
609,casual_user,40,hiit,2024-06-15,8,6,9.18,73.46,2,1,5,0,[],0,0
610,consistent_user,39,strength,2024-05-13,13,10,24.24,315.18,2,10,11,1,"[{""day"": 21, ""milestone"": ""10th_session""}]",0,1
611,casual_user,41,hiit,2024-03-22,7,6,9.74,68.19,2,0,6,0,[],0,0
612,consistent_user,46,hiit,2024-03-19,18,13,23.85,429.25,2,5,13,1,"[{""day"": 18, ""milestone"": ""10th_session""}]",0,1
613,consistent_user,45,strength,2024-01-27,10,8,22.86,228.63,2,2,8,1,"[{""day"": 23, ""milestone"": ""10th_session""}]",0,1
614,casual_user,62,cardio,2024-05-01,10,9,8.82,88.24,2,4,5,1,"[{""day"": 29, ""milestone"": ""10th_session""}]",0,0
615,consistent_user,50,rehabilitation,2024-01-20,11,10,24.22,266.41,4,4,8,2,"[{""day"": 28, ""milestone"": ""3_day_streak""}, {""day"": 28, ""milestone"": ""10th_session""}]",0,1
616,at_risk_user,26,hiit,2024-02-26,3,3,5.29,15.88,1,0,2,0,[],1,0
617,consistent_user,55,mixed,2024-06-07,12,10,20.86,250.34,3,10,11,1,"[{""day"": 6, ""milestone"": ""3_day_streak""}]",0,1
618,power_user,19,rehabilitation,2024-04-13,16,15,34.91,558.61,3,11,16,3,"[{""day"": 3, ""milestone"": ""3_day_streak""}, {""day"": 8, ""milestone"": ""3_day_streak""}, {""day"": 18, ""milestone"": ""10th_session""}]",0,1
619,consistent_user,35,mixed,2024-04-09,13,10,23.14,300.76,2,4,11,1,"[{""day"": 19, ""milestone"": ""10th_session""}]",0,1
620,consistent_user,24,cardio,2024-04-30,13,10,22.52,292.74,2,9,10,0,[],0,1
621,consistent_user,51,hiit,2024-06-11,8,7,21.99,175.89,1,4,7,0,[],0,1
622,at_risk_user,49,cardio,2024-06-15,1,1,3.68,3.68,1,1,1,0,[],1,0
623,casual_user,60,yoga,2024-01-14,5,5,9.93,49.66,1,2,4,0,[],0,0
624,consistent_user,32,mixed,2024-03-10,14,12,22.07,309.04,3,8,12,2,"[{""day"": 21, ""milestone"": ""10th_session""}, {""day"": 22, ""milestone"": ""3_day_streak""}]",0,1
625,consistent_user,52,rehabilitation,2024-02-10,13,12,23.12,300.6,3,10,12,3,"[{""day"": 25, ""milestone"": ""3_day_streak""}, {""day"": 25, ""milestone"": ""10th_session""}, {""day"": 30, ""milestone"": ""3_day_streak""}]",0,1
626,consistent_user,65,hiit,2024-05-06,7,7,22.09,154.6,1,5,6,0,[],0,1
627,casual_user,46,mixed,2024-04-26,7,7,9.08,63.58,4,1,6,1,"[{""day"": 14, ""milestone"": ""3_day_streak""}]",1,0
628,at_risk_user,58,rehabilitation,2024-05-21,5,4,5.36,26.79,3,1,0,1,"[{""day"": 7, ""milestone"": ""3_day_streak""}]",1,0
629,at_risk_user,32,rehabilitation,2024-05-03,5,3,5.11,25.55,2,0,1,0,[],0,0
630,casual_user,59,mixed,2024-04-02,7,6,9.52,66.62,2,2,2,0,[],0,0
631,power_user,51,hiit,2024-05-15,10,10,34.61,346.08,3,9,10,2,"[{""day"": 11, ""milestone"": ""3_day_streak""}, {""day"": 25, ""milestone"": ""10th_session""}]",0,1
632,consistent_user,47,mixed,2024-04-17,7,7,20.76,145.3,4,2,5,1,"[{""day"": 9, ""milestone"": ""3_day_streak""}]",0,1
633,at_risk_user,38,mixed,2024-03-01,0,0,0.0,0.0,0,0,0,0,[],1,0
634,at_risk_user,20,strength,2024-02-15,2,2,5.33,10.66,2,1,1,0,[],1,0
635,casual_user,21,mixed,2024-03-30,5,3,8.37,41.83,2,3,3,0,[],1,0
636,casual_user,20,strength,2024-03-10,10,8,10.91,109.12,2,4,1,1,"[{""day"": 28, ""milestone"": ""10th_session""}]",0,0
637,casual_user,25,cardio,2024-06-26,6,6,12.92,77.52,1,4,3,0,[],0,0
638,consistent_user,46,cardio,2024-05-16,6,5,21.62,129.7,1,3,3,0,[],0,1
639,consistent_user,44,mixed,2024-02-05,9,7,21.36,192.2,3,4,3,1,"[{""day"": 6, ""milestone"": ""3_day_streak""}]",0,1
640,power_user,43,rehabilitation,2024-05-13,26,19,35.85,931.99,5,20,24,3,"[{""day"": 9, ""milestone"": ""3_day_streak""}, {""day"": 22, ""milestone"": ""3_day_streak""}, {""day"": 28, ""milestone"": ""3_day_streak""}]",0,1
641,consistent_user,38,rehabilitation,2024-02-13,12,11,21.68,260.16,3,6,11,2,"[{""day"": 21, ""milestone"": ""3_day_streak""}, {""day"": 23, ""milestone"": ""10th_session""}]",0,1
642,consistent_user,28,yoga,2024-02-04,14,11,22.09,309.27,2,4,5,0,[],0,1
643,at_risk_user,29,mixed,2024-05-04,1,1,5.48,5.48,1,0,0,0,[],1,0
644,consistent_user,28,mixed,2024-02-12,10,10,23.25,232.49,2,7,8,1,"[{""day"": 28, ""milestone"": ""10th_session""}]",0,1
645,consistent_user,48,cardio,2024-02-17,15,12,21.4,321.01,2,5,10,1,"[{""day"": 15, ""milestone"": ""10th_session""}]",0,1
646,at_risk_user,63,yoga,2024-02-08,0,0,0.0,0.0,0,0,0,0,[],1,0
647,consistent_user,22,strength,2024-03-12,14,12,21.98,307.77,5,11,12,1,"[{""day"": 12, ""milestone"": ""3_day_streak""}]",0,1
648,at_risk_user,29,yoga,2024-06-27,0,0,0.0,0.0,0,0,0,0,[],1,0
649,power_user,45,yoga,2024-01-12,22,19,34.62,761.67,5,18,22,5,"[{""day"": 13, ""milestone"": ""3_day_streak""}, {""day"": 18, ""milestone"": ""10th_session""}, {""day"": 20, ""milestone"": ""3_day_streak""}, {""day"": 24, ""milestone"": ""3_day_streak""}, {""day"": 28, ""milestone"": ""3_day_streak""}]",0,1
650,at_risk_user,49,yoga,2024-06-27,1,1,4.96,4.96,1,1,1,0,[],1,0
651,casual_user,20,cardio,2024-03-09,8,7,11.18,89.42,3,0,6,1,"[{""day"": 28, ""milestone"": ""3_day_streak""}]",0,0
652,at_risk_user,42,rehabilitation,2024-04-22,3,3,3.84,11.51,1,0,2,0,[],1,0
653,power_user,34,yoga,2024-05-13,20,17,34.58,691.51,5,11,19,4,"[{""day"": 11, ""milestone"": ""3_day_streak""}, {""day"": 18, ""milestone"": ""3_day_streak""}, {""day"": 18, ""milestone"": ""10th_session""}, {""day"": 25, ""milestone"": ""3_day_streak""}]",0,1
654,consistent_user,34,yoga,2024-04-26,8,8,22.99,183.89,3,6,7,1,"[{""day"": 26, ""milestone"": ""3_day_streak""}]",0,1
655,consistent_user,45,mixed,2024-01-02,14,10,22.92,320.93,4,6,8,2,"[{""day"": 3, ""milestone"": ""3_day_streak""}, {""day"": 13, ""milestone"": ""10th_session""}]",0,1
656,casual_user,39,hiit,2024-04-27,7,6,9.88,69.13,2,1,3,0,[],0,0
657,consistent_user,56,strength,2024-01-22,6,6,22.88,137.3,1,1,6,0,[],0,1
658,casual_user,54,hiit,2024-06-20,10,8,9.83,98.27,2,2,6,1,"[{""day"": 28, ""milestone"": ""10th_session""}]",0,0
659,power_user,63,strength,2024-06-11,21,18,35.28,740.81,5,19,21,3,"[{""day"": 19, ""milestone"": ""10th_session""}, {""day"": 23, ""milestone"": ""3_day_streak""}, {""day"": 28, ""milestone"": ""3_day_streak""}]",0,1
660,casual_user,61,strength,2024-04-12,8,7,9.43,75.43,2,5,3,0,[],0,0
661,casual_user,44,mixed,2024-05-21,12,10,10.64,127.67,3,5,6,2,"[{""day"": 13, ""milestone"": ""3_day_streak""}, {""day"": 19, ""milestone"": ""10th_session""}]",0,0
662,casual_user,54,mixed,2024-06-26,4,4,12.19,48.76,1,0,1,0,[],1,0
663,casual_user,42,rehabilitation,2024-04-04,11,11,10.06,110.63,3,2,5,2,"[{""day"": 3, ""milestone"": ""3_day_streak""}, {""day"": 23, ""milestone"": ""10th_session""}]",0,0
664,consistent_user,40,rehabilitation,2024-05-21,8,8,23.8,190.4,2,5,6,0,[],0,1
665,consistent_user,37,cardio,2024-04-18,5,5,22.87,114.34,2,3,3,0,[],1,0
666,casual_user,27,cardio,2024-01-03,5,5,8.41,42.06,2,1,3,0,[],0,0
667,power_user,55,strength,2024-04-26,23,18,34.79,800.08,7,16,21,3,"[{""day"": 15, ""milestone"": ""3_day_streak""}, {""day"": 15, ""milestone"": ""10th_session""}, {""day"": 19, ""milestone"": ""7_day_streak""}]",0,1
668,consistent_user,57,cardio,2024-03-28,15,12,22.15,332.23,2,10,10,1,"[{""day"": 17, ""milestone"": ""10th_session""}]",0,1
669,power_user,40,cardio,2024-02-22,12,12,36.62,439.42,5,11,11,3,"[{""day"": 17, ""milestone"": ""3_day_streak""}, {""day"": 27, ""milestone"": ""10th_session""}, {""day"": 29, ""milestone"": ""3_day_streak""}]",0,1
670,casual_user,48,hiit,2024-03-25,5,5,8.55,42.77,2,2,3,0,[],1,0
671,consistent_user,61,strength,2024-01-23,15,12,21.65,324.7,5,8,11,2,"[{""day"": 25, ""milestone"": ""3_day_streak""}, {""day"": 26, ""milestone"": ""10th_session""}]",0,1
672,at_risk_user,32,cardio,2024-03-24,3,3,6.3,18.9,1,0,3,0,[],1,0
673,consistent_user,49,hiit,2024-04-20,10,9,21.32,213.23,3,3,10,3,"[{""day"": 24, ""milestone"": ""3_day_streak""}, {""day"": 28, ""milestone"": ""3_day_streak""}, {""day"": 28, ""milestone"": ""10th_session""}]",0,1
674,casual_user,28,yoga,2024-06-12,4,4,11.29,45.15,1,0,1,0,[],1,0
675,consistent_user,61,strength,2024-03-02,9,8,21.7,195.28,3,5,6,1,"[{""day"": 20, ""milestone"": ""3_day_streak""}]",0,1
676,consistent_user,36,rehabilitation,2024-01-27,10,9,21.73,217.28,3,4,7,2,"[{""day"": 10, ""milestone"": ""3_day_streak""}, {""day"": 27, ""milestone"": ""10th_session""}]",0,1
677,at_risk_user,45,yoga,2024-04-28,3,3,4.01,12.03,1,0,2,0,[],0,0
678,consistent_user,64,strength,2024-04-01,12,11,21.07,252.82,2,7,4,1,"[{""day"": 28, ""milestone"": ""10th_session""}]",0,1
679,at_risk_user,38,cardio,2024-03-29,0,0,0.0,0.0,0,0,0,0,[],1,0
680,casual_user,27,strength,2024-05-20,9,8,10.75,96.76,2,4,2,0,[],0,0
681,consistent_user,55,mixed,2024-05-13,13,10,23.06,299.8,3,9,11,2,"[{""day"": 25, ""milestone"": ""10th_session""}, {""day"": 27, ""milestone"": ""3_day_streak""}]",0,1
682,power_user,24,rehabilitation,2024-06-22,15,13,35.55,533.28,4,14,14,2,"[{""day"": 20, ""milestone"": ""10th_session""}, {""day"": 21, ""milestone"": ""3_day_streak""}]",0,1
683,casual_user,20,rehabilitation,2024-02-16,2,2,9.43,18.85,1,0,2,0,[],1,0
684,at_risk_user,32,yoga,2024-06-10,3,3,5.72,17.15,1,0,1,0,[],1,0
685,casual_user,36,strength,2024-06-22,8,6,10.56,84.44,2,6,2,0,[],0,0
686,consistent_user,41,strength,2024-01-29,4,3,22.81,91.24,1,3,4,0,[],1,0
687,power_user,51,strength,2024-01-01,15,12,34.12,511.78,3,14,11,1,"[{""day"": 10, ""milestone"": ""3_day_streak""}]",0,1
688,at_risk_user,60,hiit,2024-04-27,0,0,0.0,0.0,0,0,0,0,[],1,0
689,at_risk_user,49,yoga,2024-06-26,3,3,7.18,21.53,2,0,1,0,[],1,0
690,at_risk_user,21,rehabilitation,2024-02-25,3,3,4.73,14.18,2,0,1,0,[],1,0
691,at_risk_user,20,strength,2024-02-20,1,1,2.67,2.67,1,0,1,0,[],1,0
692,power_user,41,yoga,2024-05-16,15,13,37.37,560.61,3,10,12,2,"[{""day"": 14, ""milestone"": ""3_day_streak""}, {""day"": 20, ""milestone"": ""10th_session""}]",0,1
693,power_user,35,cardio,2024-05-16,17,13,31.84,541.3,4,14,16,2,"[{""day"": 4, ""milestone"": ""3_day_streak""}, {""day"": 13, ""milestone"": ""3_day_streak""}]",0,1
694,consistent_user,38,mixed,2024-02-24,15,13,23.03,345.44,4,12,12,3,"[{""day"": 5, ""milestone"": ""3_day_streak""}, {""day"": 25, ""milestone"": ""10th_session""}, {""day"": 29, ""milestone"": ""3_day_streak""}]",0,1
695,at_risk_user,22,strength,2024-05-12,3,3,5.99,17.96,1,1,0,0,[],0,0
696,casual_user,65,cardio,2024-02-10,6,6,10.04,60.26,2,1,3,0,[],0,0
697,consistent_user,27,strength,2024-02-19,11,10,22.3,245.3,2,4,10,1,"[{""day"": 25, ""milestone"": ""10th_session""}]",0,1
698,at_risk_user,42,hiit,2024-02-14,2,2,6.19,12.37,1,0,1,0,[],0,0
699,consistent_user,42,hiit,2024-03-03,16,15,24.35,389.59,3,10,7,2,"[{""day"": 18, ""milestone"": ""10th_session""}, {""day"": 26, ""milestone"": ""3_day_streak""}]",0,1
700,casual_user,23,yoga,2024-06-26,4,3,11.06,44.24,1,0,2,0,[],1,0
701,consistent_user,56,hiit,2024-06-15,16,13,22.24,355.9,3,5,14,4,"[{""day"": 7, ""milestone"": ""3_day_streak""}, {""day"": 16, ""milestone"": ""3_day_streak""}, {""day"": 16, ""milestone"": ""10th_session""}, {""day"": 20, ""milestone"": ""3_day_streak""}]",0,1
702,consistent_user,61,mixed,2024-01-18,11,9,23.82,262.05,3,3,10,2,"[{""day"": 7, ""milestone"": ""3_day_streak""}, {""day"": 26, ""milestone"": ""10th_session""}]",0,1
703,power_user,42,rehabilitation,2024-01-22,28,18,33.92,949.64,8,20,28,3,"[{""day"": 7, ""milestone"": ""3_day_streak""}, {""day"": 14, ""milestone"": ""3_day_streak""}, {""day"": 18, ""milestone"": ""7_day_streak""}]",0,1
704,consistent_user,26,rehabilitation,2024-01-30,15,12,23.8,357.04,3,5,13,3,"[{""day"": 6, ""milestone"": ""3_day_streak""}, {""day"": 17, ""milestone"": ""3_day_streak""}, {""day"": 17, ""milestone"": ""10th_session""}]",0,1
705,power_user,37,strength,2024-05-05,15,13,35.49,532.39,3,13,12,2,"[{""day"": 7, ""milestone"": ""3_day_streak""}, {""day"": 22, ""milestone"": ""10th_session""}]",0,1
706,casual_user,48,hiit,2024-03-13,1,1,12.87,12.87,1,0,0,0,[],1,0
707,at_risk_user,58,cardio,2024-06-19,4,4,5.99,23.94,2,2,2,0,[],1,0
708,power_user,61,strength,2024-02-27,19,17,33.57,637.83,6,13,18,4,"[{""day"": 5, ""milestone"": ""3_day_streak""}, {""day"": 11, ""milestone"": ""10th_session""}, {""day"": 12, ""milestone"": ""3_day_streak""}, {""day"": 29, ""milestone"": ""3_day_streak""}]",0,1
709,power_user,50,strength,2024-05-15,16,13,35.02,560.27,5,11,16,2,"[{""day"": 26, ""milestone"": ""10th_session""}, {""day"": 28, ""milestone"": ""3_day_streak""}]",0,1
710,consistent_user,62,yoga,2024-05-25,11,10,19.63,215.98,2,6,8,0,[],0,1
711,consistent_user,27,yoga,2024-06-18,8,7,20.59,164.73,4,2,6,1,"[{""day"": 17, ""milestone"": ""3_day_streak""}]",0,1
712,casual_user,22,hiit,2024-05-08,10,7,10.08,100.81,2,2,5,1,"[{""day"": 19, ""milestone"": ""10th_session""}]",0,0
713,casual_user,21,yoga,2024-02-08,13,10,10.61,137.94,3,3,5,2,"[{""day"": 11, ""milestone"": ""3_day_streak""}, {""day"": 23, ""milestone"": ""10th_session""}]",0,0
714,at_risk_user,21,hiit,2024-02-26,3,3,5.12,15.37,2,1,1,0,[],1,0
715,at_risk_user,52,cardio,2024-06-05,1,1,3.24,3.24,1,1,0,0,[],1,0
716,power_user,23,strength,2024-03-05,4,4,37.73,150.9,3,2,3,1,"[{""day"": 4, ""milestone"": ""3_day_streak""}]",1,0
717,casual_user,46,cardio,2024-05-27,8,8,9.05,72.4,2,2,4,0,[],0,0
718,at_risk_user,65,yoga,2024-05-09,1,1,7.39,7.39,1,0,0,0,[],1,0
719,power_user,35,strength,2024-06-07,15,13,35.77,536.51,5,13,15,4,"[{""day"": 7, ""milestone"": ""3_day_streak""}, {""day"": 18, ""milestone"": ""3_day_streak""}, {""day"": 18, ""milestone"": ""10th_session""}, {""day"": 22, ""milestone"": ""3_day_streak""}]",0,1
720,casual_user,23,yoga,2024-01-03,8,7,9.25,74.01,2,1,6,0,[],0,0
721,consistent_user,54,yoga,2024-06-01,19,15,23.49,446.36,3,7,18,4,"[{""day"": 7, ""milestone"": ""3_day_streak""}, {""day"": 17, ""milestone"": ""10th_session""}, {""day"": 19, ""milestone"": ""3_day_streak""}, {""day"": 23, ""milestone"": ""3_day_streak""}]",0,1
722,consistent_user,40,yoga,2024-02-18,4,3,22.79,91.17,1,0,3,0,[],1,0
723,casual_user,24,yoga,2024-02-21,2,2,14.39,28.78,1,1,2,0,[],1,0
724,power_user,38,mixed,2024-03-27,24,18,33.53,804.65,4,20,24,4,"[{""day"": 3, ""milestone"": ""3_day_streak""}, {""day"": 10, ""milestone"": ""10th_session""}, {""day"": 14, ""milestone"": ""3_day_streak""}, {""day"": 23, ""milestone"": ""3_day_streak""}]",0,1
725,casual_user,20,rehabilitation,2024-01-23,4,4,12.21,48.84,2,0,1,0,[],1,0
726,consistent_user,44,rehabilitation,2024-02-23,12,8,20.49,245.82,2,5,10,0,[],0,1
727,casual_user,26,hiit,2024-01-05,8,8,10.94,87.5,2,1,3,0,[],0,0
728,casual_user,48,strength,2024-04-16,6,5,10.15,60.89,2,1,1,0,[],0,0
729,power_user,23,strength,2024-04-13,19,16,35.92,682.54,5,12,19,3,"[{""day"": 7, ""milestone"": ""3_day_streak""}, {""day"": 16, ""milestone"": ""10th_session""}, {""day"": 27, ""milestone"": ""3_day_streak""}]",0,1
730,casual_user,32,cardio,2024-06-16,4,4,8.17,32.69,2,1,2,0,[],1,0
731,at_risk_user,21,strength,2024-01-31,4,4,4.26,17.02,2,1,2,0,[],1,0
732,consistent_user,47,mixed,2024-03-20,12,11,22.3,267.6,5,8,10,2,"[{""day"": 4, ""milestone"": ""3_day_streak""}, {""day"": 17, ""milestone"": ""10th_session""}]",0,1
733,at_risk_user,35,mixed,2024-01-02,0,0,0.0,0.0,0,0,0,0,[],1,0
734,casual_user,60,strength,2024-01-27,6,6,8.94,53.63,1,2,3,0,[],0,0
735,consistent_user,27,cardio,2024-02-22,11,10,24.19,266.05,2,6,10,1,"[{""day"": 26, ""milestone"": ""10th_session""}]",0,1
736,at_risk_user,29,rehabilitation,2024-03-17,3,3,6.08,18.23,1,0,0,0,[],1,0
737,at_risk_user,29,cardio,2024-04-22,0,0,0.0,0.0,0,0,0,0,[],1,0
738,power_user,47,mixed,2024-05-14,19,17,36.63,695.93,3,11,18,5,"[{""day"": 3, ""milestone"": ""3_day_streak""}, {""day"": 13, ""milestone"": ""3_day_streak""}, {""day"": 16, ""milestone"": ""10th_session""}, {""day"": 18, ""milestone"": ""3_day_streak""}, {""day"": 29, ""milestone"": ""3_day_streak""}]",0,1
739,casual_user,50,rehabilitation,2024-02-02,9,9,10.58,95.24,3,1,3,1,"[{""day"": 23, ""milestone"": ""3_day_streak""}]",0,0
740,power_user,29,cardio,2024-02-05,9,8,35.05,315.41,3,7,9,1,"[{""day"": 16, ""milestone"": ""3_day_streak""}]",0,1
741,power_user,51,rehabilitation,2024-01-22,22,17,34.04,748.79,6,19,19,3,"[{""day"": 4, ""milestone"": ""3_day_streak""}, {""day"": 17, ""milestone"": ""3_day_streak""}, {""day"": 24, ""milestone"": ""3_day_streak""}]",0,1
742,consistent_user,53,hiit,2024-01-02,5,4,20.95,104.77,2,4,4,0,[],0,1
743,power_user,18,strength,2024-06-24,12,11,34.46,413.47,3,10,12,2,"[{""day"": 29, ""milestone"": ""10th_session""}, {""day"": 30, ""milestone"": ""3_day_streak""}]",0,1
744,casual_user,62,cardio,2024-06-18,1,1,8.69,8.69,1,0,0,0,[],1,0
745,power_user,55,rehabilitation,2024-01-15,20,15,34.32,686.33,4,12,18,2,"[{""day"": 6, ""milestone"": ""3_day_streak""}, {""day"": 15, ""milestone"": ""10th_session""}]",0,1
746,at_risk_user,36,mixed,2024-03-30,2,2,6.86,13.71,2,0,0,0,[],0,0
747,power_user,49,cardio,2024-02-14,14,11,35.55,497.72,3,12,14,3,"[{""day"": 3, ""milestone"": ""3_day_streak""}, {""day"": 22, ""milestone"": ""10th_session""}, {""day"": 23, ""milestone"": ""3_day_streak""}]",0,1
748,power_user,59,rehabilitation,2024-05-14,20,16,33.35,667.07,4,15,19,2,"[{""day"": 9, ""milestone"": ""3_day_streak""}, {""day"": 12, ""milestone"": ""10th_session""}]",0,1
749,power_user,36,yoga,2024-01-05,17,12,34.3,583.14,2,15,16,1,"[{""day"": 18, ""milestone"": ""10th_session""}]",0,1
750,consistent_user,25,cardio,2024-06-29,8,7,21.83,174.6,2,4,7,0,[],0,1
751,consistent_user,53,rehabilitation,2024-04-20,16,13,22.11,353.83,3,7,13,2,"[{""day"": 4, ""milestone"": ""3_day_streak""}, {""day"": 17, ""milestone"": ""10th_session""}]",0,1
752,casual_user,18,mixed,2024-05-01,10,8,10.84,108.39,2,5,5,1,"[{""day"": 27, ""milestone"": ""10th_session""}]",0,0
753,at_risk_user,51,cardio,2024-05-26,2,2,6.88,13.76,1,0,1,0,[],1,0
754,power_user,56,mixed,2024-01-28,22,19,33.34,733.58,6,17,20,3,"[{""day"": 4, ""milestone"": ""3_day_streak""}, {""day"": 11, ""milestone"": ""10th_session""}, {""day"": 22, ""milestone"": ""3_day_streak""}]",0,1
755,casual_user,30,mixed,2024-04-01,1,1,14.19,14.19,1,0,1,0,[],1,0
756,consistent_user,41,strength,2024-04-28,9,8,23.09,207.85,2,6,7,0,[],0,1
757,power_user,38,hiit,2024-03-02,20,17,35.88,717.68,7,12,20,4,"[{""day"": 12, ""milestone"": ""3_day_streak""}, {""day"": 16, ""milestone"": ""7_day_streak""}, {""day"": 16, ""milestone"": ""10th_session""}, {""day"": 21, ""milestone"": ""3_day_streak""}]",0,1
758,consistent_user,40,mixed,2024-04-23,13,13,23.43,304.59,4,7,11,2,"[{""day"": 12, ""milestone"": ""3_day_streak""}, {""day"": 19, ""milestone"": ""10th_session""}]",0,1
759,casual_user,38,yoga,2024-05-01,2,2,9.54,19.08,1,0,1,0,[],1,0
760,consistent_user,26,mixed,2024-06-10,18,15,23.44,421.89,4,5,14,3,"[{""day"": 11, ""milestone"": ""3_day_streak""}, {""day"": 18, ""milestone"": ""10th_session""}, {""day"": 26, ""milestone"": ""3_day_streak""}]",0,1
761,casual_user,46,yoga,2024-03-09,4,3,11.35,45.39,1,1,2,0,[],1,0
762,consistent_user,63,hiit,2024-05-21,15,12,20.78,311.66,4,9,12,4,"[{""day"": 9, ""milestone"": ""3_day_streak""}, {""day"": 14, ""milestone"": ""3_day_streak""}, {""day"": 15, ""milestone"": ""10th_session""}, {""day"": 22, ""milestone"": ""3_day_streak""}]",0,1
763,at_risk_user,64,cardio,2024-03-28,1,1,3.05,3.05,1,0,0,0,[],1,0
764,consistent_user,43,mixed,2024-01-20,18,15,22.27,400.83,3,6,16,2,"[{""day"": 12, ""milestone"": ""3_day_streak""}, {""day"": 27, ""milestone"": ""3_day_streak""}]",0,1
765,consistent_user,38,rehabilitation,2024-01-18,9,9,22.52,202.7,2,5,5,0,[],0,1
766,at_risk_user,27,hiit,2024-01-01,0,0,0.0,0.0,0,0,0,0,[],1,0
767,casual_user,27,cardio,2024-02-14,3,3,11.61,34.82,1,1,0,0,[],1,0
768,power_user,48,strength,2024-04-24,17,12,36.45,619.61,2,12,17,1,"[{""day"": 20, ""milestone"": ""10th_session""}]",0,1
769,at_risk_user,54,cardio,2024-03-14,0,0,0.0,0.0,0,0,0,0,[],1,0
770,at_risk_user,32,mixed,2024-02-20,0,0,0.0,0.0,0,0,0,0,[],1,0
771,consistent_user,36,strength,2024-06-28,11,10,24.8,272.77,3,7,9,2,"[{""day"": 12, ""milestone"": ""3_day_streak""}, {""day"": 27, ""milestone"": ""10th_session""}]",0,1
772,consistent_user,64,mixed,2024-02-17,7,6,22.79,159.55,2,3,7,0,[],1,0
773,consistent_user,26,mixed,2024-02-19,17,14,24.12,410.09,5,9,15,3,"[{""day"": 5, ""milestone"": ""3_day_streak""}, {""day"": 13, ""milestone"": ""3_day_streak""}, {""day"": 13, ""milestone"": ""10th_session""}]",0,1
774,at_risk_user,58,strength,2024-04-03,3,2,4.87,14.62,1,0,0,0,[],1,0
775,consistent_user,26,mixed,2024-05-26,12,9,20.3,243.64,2,5,8,1,"[{""day"": 20, ""milestone"": ""10th_session""}]",0,1
776,casual_user,57,hiit,2024-05-11,5,5,7.86,39.28,2,0,3,0,[],1,0
777,consistent_user,43,cardio,2024-05-22,16,14,21.99,351.76,5,7,12,2,"[{""day"": 12, ""milestone"": ""3_day_streak""}, {""day"": 18, ""milestone"": ""10th_session""}]",0,1
778,casual_user,36,yoga,2024-04-22,5,5,8.62,43.1,2,0,1,0,[],1,0
779,casual_user,55,yoga,2024-06-22,5,4,8.04,40.22,2,2,0,0,[],1,0
780,consistent_user,40,rehabilitation,2024-03-21,12,12,20.33,243.94,4,7,12,2,"[{""day"": 8, ""milestone"": ""3_day_streak""}, {""day"": 21, ""milestone"": ""10th_session""}]",0,1
781,at_risk_user,65,yoga,2024-06-03,2,2,2.78,5.56,1,0,2,0,[],0,0
782,casual_user,27,cardio,2024-05-13,6,6,9.62,57.69,2,0,2,0,[],1,0
783,consistent_user,47,cardio,2024-02-22,20,18,22.27,445.36,7,9,14,4,"[{""day"": 10, ""milestone"": ""3_day_streak""}, {""day"": 18, ""milestone"": ""10th_session""}, {""day"": 24, ""milestone"": ""3_day_streak""}, {""day"": 28, ""milestone"": ""7_day_streak""}]",0,1
784,consistent_user,43,cardio,2024-06-16,14,11,23.54,329.53,2,9,9,1,"[{""day"": 22, ""milestone"": ""10th_session""}]",0,1
785,casual_user,26,strength,2024-04-06,4,4,11.66,46.66,1,0,2,0,[],0,0
786,power_user,64,strength,2024-06-13,7,5,35.73,250.09,1,7,7,0,[],0,1
787,at_risk_user,60,cardio,2024-06-23,2,2,6.24,12.47,1,1,1,0,[],0,0
788,casual_user,58,cardio,2024-04-16,3,3,8.34,25.01,2,0,2,0,[],1,0
789,casual_user,61,yoga,2024-01-02,7,7,11.54,80.8,2,2,2,0,[],0,0
790,consistent_user,31,strength,2024-02-09,14,12,22.4,313.63,3,4,9,2,"[{""day"": 18, ""milestone"": ""3_day_streak""}, {""day"": 22, ""milestone"": ""10th_session""}]",0,1
791,at_risk_user,55,mixed,2024-05-29,2,2,5.54,11.09,1,0,1,0,[],1,0
792,power_user,31,yoga,2024-06-02,16,14,34.17,546.78,6,9,15,3,"[{""day"": 5, ""milestone"": ""3_day_streak""}, {""day"": 18, ""milestone"": ""3_day_streak""}, {""day"": 18, ""milestone"": ""10th_session""}]",0,1
793,consistent_user,63,mixed,2024-04-10,6,6,21.75,130.48,1,3,5,0,[],0,1
794,casual_user,57,cardio,2024-06-23,4,3,11.75,47.01,1,2,2,0,[],0,0
795,casual_user,23,cardio,2024-06-03,10,10,10.83,108.27,2,1,7,1,"[{""day"": 30, ""milestone"": ""10th_session""}]",0,0
796,casual_user,60,cardio,2024-06-05,8,7,10.09,80.72,1,3,7,0,[],0,0
797,consistent_user,39,cardio,2024-03-09,8,7,22.87,182.94,2,6,5,0,[],0,1
798,casual_user,61,mixed,2024-04-29,3,3,13.06,39.18,1,0,2,0,[],0,0
799,consistent_user,63,mixed,2024-05-06,12,10,22.17,265.99,2,9,8,1,"[{""day"": 20, ""milestone"": ""10th_session""}]",0,1
800,power_user,27,cardio,2024-05-02,23,21,33.94,780.53,12,18,23,4,"[{""day"": 8, ""milestone"": ""3_day_streak""}, {""day"": 17, ""milestone"": ""10th_session""}, {""day"": 21, ""milestone"": ""3_day_streak""}, {""day"": 25, ""milestone"": ""7_day_streak""}]",0,1
801,power_user,41,strength,2024-02-08,23,19,35.84,824.43,4,17,23,2,"[{""day"": 9, ""milestone"": ""3_day_streak""}, {""day"": 13, ""milestone"": ""10th_session""}]",0,1
802,consistent_user,55,strength,2024-06-12,7,7,21.95,153.62,2,3,5,0,[],0,1
803,consistent_user,34,rehabilitation,2024-05-07,16,13,22.68,362.92,3,3,14,2,"[{""day"": 5, ""milestone"": ""3_day_streak""}, {""day"": 16, ""milestone"": ""10th_session""}]",0,1
804,casual_user,31,rehabilitation,2024-05-01,5,5,10.2,51.0,1,2,3,0,[],0,0
805,casual_user,47,rehabilitation,2024-06-06,10,10,11.16,111.64,3,1,7,2,"[{""day"": 24, ""milestone"": ""3_day_streak""}, {""day"": 29, ""milestone"": ""10th_session""}]",0,0
806,casual_user,59,cardio,2024-02-08,4,4,10.88,43.5,2,0,1,0,[],1,0
807,consistent_user,34,mixed,2024-04-26,9,9,22.04,198.34,3,3,8,1,"[{""day"": 4, ""milestone"": ""3_day_streak""}]",0,1
808,power_user,34,yoga,2024-03-20,14,13,35.46,496.48,3,12,14,2,"[{""day"": 16, ""milestone"": ""3_day_streak""}, {""day"": 23, ""milestone"": ""10th_session""}]",0,1
809,casual_user,42,yoga,2024-06-23,5,5,9.22,46.09,1,0,3,0,[],0,0
810,power_user,30,strength,2024-04-17,13,11,35.09,456.18,2,10,13,1,"[{""day"": 23, ""milestone"": ""10th_session""}]",0,1
811,consistent_user,43,hiit,2024-01-29,12,12,20.96,251.54,4,8,10,2,"[{""day"": 14, ""milestone"": ""3_day_streak""}, {""day"": 22, ""milestone"": ""10th_session""}]",0,1
812,consistent_user,58,strength,2024-06-27,13,10,22.99,298.81,2,6,11,1,"[{""day"": 25, ""milestone"": ""10th_session""}]",0,1
813,at_risk_user,31,rehabilitation,2024-06-12,1,1,2.94,2.94,1,1,0,0,[],1,0
814,consistent_user,19,mixed,2024-02-10,14,13,21.04,294.54,4,8,11,2,"[{""day"": 14, ""milestone"": ""3_day_streak""}, {""day"": 17, ""milestone"": ""10th_session""}]",0,1
815,casual_user,31,hiit,2024-05-03,1,1,12.28,12.28,1,0,1,0,[],1,0
816,at_risk_user,64,strength,2024-04-12,1,1,2.86,2.86,1,0,1,0,[],1,0
817,consistent_user,32,yoga,2024-02-21,13,11,23.34,303.37,3,5,10,2,"[{""day"": 18, ""milestone"": ""3_day_streak""}, {""day"": 23, ""milestone"": ""10th_session""}]",0,1
818,consistent_user,58,yoga,2024-04-06,10,8,23.79,237.85,1,5,8,1,"[{""day"": 25, ""milestone"": ""10th_session""}]",0,1
819,casual_user,27,strength,2024-04-05,7,7,11.06,77.44,1,1,3,0,[],0,0
820,power_user,58,cardio,2024-06-15,19,16,34.62,657.75,3,17,19,3,"[{""day"": 11, ""milestone"": ""3_day_streak""}, {""day"": 15, ""milestone"": ""3_day_streak""}, {""day"": 29, ""milestone"": ""3_day_streak""}]",0,1
821,casual_user,18,rehabilitation,2024-06-03,8,8,9.67,77.34,2,3,6,0,[],0,0
822,casual_user,37,cardio,2024-04-29,2,2,14.1,28.19,2,0,1,0,[],1,0
823,consistent_user,50,strength,2024-03-10,10,9,23.55,235.47,3,7,6,2,"[{""day"": 27, ""milestone"": ""3_day_streak""}, {""day"": 30, ""milestone"": ""10th_session""}]",0,1
824,consistent_user,39,rehabilitation,2024-02-13,12,11,21.17,254.08,3,9,11,2,"[{""day"": 15, ""milestone"": ""3_day_streak""}, {""day"": 24, ""milestone"": ""10th_session""}]",0,1
825,power_user,55,strength,2024-02-17,12,11,37.05,444.64,3,11,12,2,"[{""day"": 16, ""milestone"": ""3_day_streak""}, {""day"": 20, ""milestone"": ""10th_session""}]",0,1
826,casual_user,61,cardio,2024-05-23,7,7,8.75,61.23,2,0,5,0,[],0,0
827,consistent_user,57,strength,2024-01-19,7,7,25.29,177.05,2,5,6,0,[],0,1
828,at_risk_user,25,cardio,2024-04-02,0,0,0.0,0.0,0,0,0,0,[],1,0
829,casual_user,56,mixed,2024-04-10,8,8,10.07,80.58,3,3,7,1,"[{""day"": 9, ""milestone"": ""3_day_streak""}]",0,0
830,power_user,41,rehabilitation,2024-05-18,17,12,35.77,608.15,5,12,16,3,"[{""day"": 12, ""milestone"": ""3_day_streak""}, {""day"": 19, ""milestone"": ""10th_session""}, {""day"": 26, ""milestone"": ""3_day_streak""}]",0,1
831,casual_user,47,rehabilitation,2024-06-17,2,2,11.05,22.1,1,1,2,0,[],1,0
832,consistent_user,54,yoga,2024-05-21,14,13,21.79,305.03,3,7,11,1,"[{""day"": 7, ""milestone"": ""3_day_streak""}]",0,1
833,consistent_user,52,mixed,2024-03-14,17,12,20.35,346.0,3,9,12,1,"[{""day"": 27, ""milestone"": ""3_day_streak""}]",0,1
834,casual_user,31,strength,2024-03-19,4,4,10.32,41.3,2,1,4,0,[],0,0
835,consistent_user,56,rehabilitation,2024-02-26,10,8,22.91,229.12,3,6,7,2,"[{""day"": 29, ""milestone"": ""3_day_streak""}, {""day"": 29, ""milestone"": ""10th_session""}]",0,1
836,consistent_user,41,rehabilitation,2024-05-04,10,9,21.96,219.57,2,4,7,1,"[{""day"": 30, ""milestone"": ""10th_session""}]",0,1
837,casual_user,43,yoga,2024-05-14,3,2,10.41,31.24,1,0,3,0,[],1,0
838,casual_user,48,mixed,2024-06-20,13,12,10.07,130.93,3,3,9,2,"[{""day"": 25, ""milestone"": ""10th_session""}, {""day"": 27, ""milestone"": ""3_day_streak""}]",0,0
839,at_risk_user,60,yoga,2024-04-09,2,2,2.58,5.15,2,1,0,0,[],1,0
840,consistent_user,32,hiit,2024-03-12,7,7,21.62,151.33,2,2,4,0,[],0,1
841,casual_user,62,yoga,2024-02-02,0,0,0.0,0.0,0,0,0,0,[],1,0
842,at_risk_user,19,rehabilitation,2024-05-22,4,4,6.77,27.06,1,0,2,0,[],0,0
843,at_risk_user,23,rehabilitation,2024-03-14,3,3,3.82,11.45,2,1,0,0,[],1,0
844,consistent_user,54,hiit,2024-01-14,11,9,22.56,248.15,2,5,11,1,"[{""day"": 25, ""milestone"": ""10th_session""}]",0,1
845,casual_user,51,mixed,2024-02-12,8,7,12.43,99.46,2,5,4,0,[],0,0
846,casual_user,24,rehabilitation,2024-05-30,3,3,7.95,23.84,1,3,1,0,[],0,0
847,power_user,49,rehabilitation,2024-05-20,18,15,35.14,632.55,4,14,16,3,"[{""day"": 13, ""milestone"": ""3_day_streak""}, {""day"": 15, ""milestone"": ""10th_session""}, {""day"": 28, ""milestone"": ""3_day_streak""}]",0,1
848,power_user,26,yoga,2024-02-04,17,14,35.97,611.45,2,13,17,1,"[{""day"": 13, ""milestone"": ""10th_session""}]",0,1
849,casual_user,29,yoga,2024-04-04,5,4,9.38,46.91,1,0,4,0,[],1,0
850,consistent_user,41,cardio,2024-01-04,14,11,23.37,327.21,5,9,11,2,"[{""day"": 19, ""milestone"": ""10th_session""}, {""day"": 20, ""milestone"": ""3_day_streak""}]",0,1
851,casual_user,33,mixed,2024-03-07,5,4,10.47,52.36,1,2,4,0,[],1,0
852,casual_user,42,strength,2024-04-04,3,3,10.93,32.8,2,1,1,0,[],1,0
853,casual_user,18,cardio,2024-06-23,11,10,10.28,113.08,3,1,3,2,"[{""day"": 28, ""milestone"": ""10th_session""}, {""day"": 29, ""milestone"": ""3_day_streak""}]",0,0
854,at_risk_user,19,yoga,2024-06-12,1,1,6.96,6.96,1,0,0,0,[],1,0
855,casual_user,54,rehabilitation,2024-04-02,9,7,9.19,82.72,1,4,4,0,[],0,0
856,at_risk_user,40,hiit,2024-03-31,3,3,5.2,15.61,1,0,1,0,[],0,0
857,consistent_user,19,yoga,2024-05-08,12,8,22.36,268.35,3,6,8,2,"[{""day"": 23, ""milestone"": ""3_day_streak""}, {""day"": 23, ""milestone"": ""10th_session""}]",0,1
858,casual_user,61,rehabilitation,2024-04-22,4,3,9.92,39.69,1,1,3,0,[],1,0
859,casual_user,29,mixed,2024-01-23,7,7,8.77,61.39,2,1,5,0,[],0,0
860,at_risk_user,29,hiit,2024-03-24,2,2,6.92,13.84,1,0,0,0,[],1,0
861,casual_user,32,hiit,2024-06-26,9,9,9.71,87.37,2,3,3,0,[],0,0
862,casual_user,51,rehabilitation,2024-05-11,8,7,11.05,88.36,3,2,6,1,"[{""day"": 15, ""milestone"": ""3_day_streak""}]",0,0
863,casual_user,30,hiit,2024-03-22,9,8,10.34,93.07,2,4,4,0,[],0,0
864,at_risk_user,35,mixed,2024-02-03,3,2,6.28,18.84,1,0,0,0,[],1,0
865,consistent_user,28,yoga,2024-03-13,7,5,23.46,164.23,2,5,4,0,[],1,0
866,casual_user,53,yoga,2024-01-12,5,5,12.17,60.85,1,1,2,0,[],0,0
867,power_user,19,strength,2024-05-01,18,15,34.21,615.75,5,16,16,4,"[{""day"": 6, ""milestone"": ""3_day_streak""}, {""day"": 17, ""milestone"": ""10th_session""}, {""day"": 26, ""milestone"": ""3_day_streak""}, {""day"": 30, ""milestone"": ""3_day_streak""}]",0,1
868,casual_user,65,cardio,2024-03-01,4,4,10.41,41.64,2,1,3,0,[],1,0
869,at_risk_user,64,mixed,2024-06-17,5,3,5.98,29.9,2,0,0,0,[],1,0
870,at_risk_user,38,cardio,2024-03-28,2,2,4.56,9.12,1,0,0,0,[],1,0
871,consistent_user,65,yoga,2024-03-13,12,11,22.61,271.26,3,8,11,2,"[{""day"": 22, ""milestone"": ""10th_session""}, {""day"": 24, ""milestone"": ""3_day_streak""}]",0,1
872,power_user,44,hiit,2024-01-23,17,14,33.47,568.96,4,16,17,4,"[{""day"": 9, ""milestone"": ""3_day_streak""}, {""day"": 14, ""milestone"": ""3_day_streak""}, {""day"": 23, ""milestone"": ""10th_session""}, {""day"": 25, ""milestone"": ""3_day_streak""}]",0,1
873,power_user,30,hiit,2024-01-04,19,16,32.6,619.49,5,15,18,3,"[{""day"": 13, ""milestone"": ""3_day_streak""}, {""day"": 15, ""milestone"": ""10th_session""}, {""day"": 24, ""milestone"": ""3_day_streak""}]",0,1
874,casual_user,25,cardio,2024-02-10,4,4,10.46,41.86,2,1,1,0,[],0,0
875,casual_user,55,yoga,2024-01-22,5,5,11.33,56.65,1,3,3,0,[],1,0
876,consistent_user,58,rehabilitation,2024-02-03,11,10,24.16,265.77,3,6,6,2,"[{""day"": 23, ""milestone"": ""3_day_streak""}, {""day"": 23, ""milestone"": ""10th_session""}]",0,1
877,casual_user,63,hiit,2024-06-05,11,10,9.15,100.66,3,2,6,2,"[{""day"": 29, ""milestone"": ""10th_session""}, {""day"": 30, ""milestone"": ""3_day_streak""}]",0,0
878,consistent_user,57,yoga,2024-04-21,9,5,24.62,221.62,3,8,7,1,"[{""day"": 12, ""milestone"": ""3_day_streak""}]",1,0
879,consistent_user,41,hiit,2024-04-06,8,8,24.28,194.22,3,4,5,1,"[{""day"": 30, ""milestone"": ""3_day_streak""}]",0,1
880,casual_user,56,cardio,2024-04-27,7,7,11.99,83.91,2,1,4,0,[],0,0
881,at_risk_user,48,hiit,2024-05-17,4,3,4.52,18.07,2,0,0,0,[],1,0
882,consistent_user,34,hiit,2024-04-24,12,9,21.93,263.15,2,8,8,1,"[{""day"": 28, ""milestone"": ""10th_session""}]",0,1
883,casual_user,23,strength,2024-04-16,2,1,9.94,19.88,1,2,0,0,[],1,0
884,casual_user,63,rehabilitation,2024-06-23,18,14,11.34,204.2,5,5,8,3,"[{""day"": 5, ""milestone"": ""3_day_streak""}, {""day"": 17, ""milestone"": ""10th_session""}, {""day"": 26, ""milestone"": ""3_day_streak""}]",0,0
885,consistent_user,31,strength,2024-06-29,7,5,21.26,148.82,1,3,6,0,[],0,1
886,casual_user,21,hiit,2024-01-31,2,2,8.43,16.86,1,1,2,0,[],1,0
887,consistent_user,32,strength,2024-05-08,12,12,22.93,275.12,3,5,10,2,"[{""day"": 3, ""milestone"": ""3_day_streak""}, {""day"": 25, ""milestone"": ""10th_session""}]",0,1
888,consistent_user,36,rehabilitation,2024-01-12,14,13,23.8,333.21,2,8,12,1,"[{""day"": 19, ""milestone"": ""10th_session""}]",0,1
889,power_user,24,rehabilitation,2024-05-07,17,13,34.9,593.34,5,12,16,3,"[{""day"": 3, ""milestone"": ""3_day_streak""}, {""day"": 14, ""milestone"": ""10th_session""}, {""day"": 30, ""milestone"": ""3_day_streak""}]",0,1
890,casual_user,58,yoga,2024-06-05,8,8,11.03,88.27,2,1,2,0,[],0,0
891,power_user,47,cardio,2024-03-16,22,18,36.2,796.3,5,13,21,3,"[{""day"": 3, ""milestone"": ""3_day_streak""}, {""day"": 11, ""milestone"": ""3_day_streak""}, {""day"": 27, ""milestone"": ""3_day_streak""}]",0,1
892,consistent_user,41,mixed,2024-05-19,6,6,22.86,137.13,2,2,5,0,[],1,0
893,casual_user,36,cardio,2024-03-28,9,9,8.68,78.16,2,2,6,0,[],0,0
894,casual_user,20,strength,2024-04-21,6,5,8.73,52.36,3,1,3,1,"[{""day"": 3, ""milestone"": ""3_day_streak""}]",1,0
895,power_user,57,mixed,2024-03-08,16,15,33.56,536.91,5,13,14,4,"[{""day"": 9, ""milestone"": ""3_day_streak""}, {""day"": 19, ""milestone"": ""3_day_streak""}, {""day"": 20, ""milestone"": ""10th_session""}, {""day"": 27, ""milestone"": ""3_day_streak""}]",0,1
896,casual_user,63,strength,2024-01-13,7,5,9.05,63.35,2,3,0,0,[],1,0
897,casual_user,25,hiit,2024-06-29,1,1,14.24,14.24,1,0,1,0,[],1,0
898,at_risk_user,50,mixed,2024-05-15,3,2,5.96,17.89,1,0,3,0,[],1,0
899,consistent_user,31,mixed,2024-04-12,12,8,22.61,271.29,1,5,12,1,"[{""day"": 20, ""milestone"": ""10th_session""}]",0,1
900,power_user,35,hiit,2024-03-25,16,11,34.77,556.33,2,13,16,1,"[{""day"": 12, ""milestone"": ""10th_session""}]",0,1
901,consistent_user,58,yoga,2024-06-17,6,6,19.35,116.07,2,1,3,0,[],1,0
902,casual_user,61,hiit,2024-02-22,5,5,10.85,54.27,2,1,4,0,[],1,0
903,casual_user,46,cardio,2024-03-09,1,1,11.4,11.4,1,0,0,0,[],1,0
904,casual_user,59,strength,2024-01-22,7,6,11.13,77.89,2,1,3,0,[],1,0
905,at_risk_user,48,strength,2024-03-10,1,1,3.62,3.62,1,0,0,0,[],1,0
906,casual_user,20,mixed,2024-01-19,2,2,7.31,14.62,1,2,1,0,[],1,0
907,casual_user,64,strength,2024-05-08,8,8,9.84,78.71,2,1,3,0,[],0,0
908,casual_user,29,cardio,2024-06-24,2,2,9.57,19.15,1,0,1,0,[],1,0
909,consistent_user,32,hiit,2024-06-04,9,8,19.77,177.91,2,2,9,0,[],0,1
910,consistent_user,53,yoga,2024-02-01,8,7,24.44,195.49,3,6,8,1,"[{""day"": 10, ""milestone"": ""3_day_streak""}]",1,0
911,casual_user,22,yoga,2024-06-23,5,5,10.21,51.06,4,2,2,1,"[{""day"": 3, ""milestone"": ""3_day_streak""}]",1,0
912,casual_user,19,rehabilitation,2024-01-09,9,8,10.74,96.64,1,5,3,0,[],0,0
913,at_risk_user,42,yoga,2024-02-04,2,2,4.83,9.66,1,0,1,0,[],1,0
914,casual_user,29,rehabilitation,2024-05-22,3,3,8.59,25.78,1,1,2,0,[],1,0
915,casual_user,34,hiit,2024-04-21,6,5,10.54,63.23,2,0,3,0,[],1,0
916,at_risk_user,44,rehabilitation,2024-01-12,2,1,4.79,9.58,1,2,0,0,[],1,0
917,casual_user,61,strength,2024-02-05,9,7,9.06,81.52,2,2,6,0,[],0,0
918,at_risk_user,59,cardio,2024-03-23,3,3,6.42,19.25,1,1,1,0,[],0,0
919,consistent_user,20,yoga,2024-06-13,13,11,22.07,286.96,4,4,13,2,"[{""day"": 19, ""milestone"": ""3_day_streak""}, {""day"": 20, ""milestone"": ""10th_session""}]",0,1
920,consistent_user,24,hiit,2024-05-30,15,14,22.87,342.99,4,10,7,3,"[{""day"": 12, ""milestone"": ""3_day_streak""}, {""day"": 22, ""milestone"": ""10th_session""}, {""day"": 29, ""milestone"": ""3_day_streak""}]",0,1
921,casual_user,64,mixed,2024-03-29,5,5,10.55,52.75,2,1,3,0,[],1,0
922,at_risk_user,60,mixed,2024-02-03,0,0,0.0,0.0,0,0,0,0,[],1,0
923,consistent_user,41,yoga,2024-06-18,11,9,22.02,242.18,4,6,8,2,"[{""day"": 19, ""milestone"": ""3_day_streak""}, {""day"": 20, ""milestone"": ""10th_session""}]",0,1
924,consistent_user,53,rehabilitation,2024-05-01,16,12,21.35,341.65,3,7,14,3,"[{""day"": 5, ""milestone"": ""3_day_streak""}, {""day"": 19, ""milestone"": ""3_day_streak""}, {""day"": 24, ""milestone"": ""10th_session""}]",0,1
925,at_risk_user,40,hiit,2024-06-23,0,0,0.0,0.0,0,0,0,0,[],0,0
926,power_user,20,cardio,2024-01-18,20,17,36.3,726.03,6,11,18,1,"[{""day"": 20, ""milestone"": ""3_day_streak""}]",0,1
927,casual_user,63,yoga,2024-06-08,11,10,10.2,112.24,2,4,7,1,"[{""day"": 21, ""milestone"": ""10th_session""}]",0,0
928,consistent_user,44,hiit,2024-05-01,11,9,22.95,252.45,3,7,7,1,"[{""day"": 19, ""milestone"": ""3_day_streak""}]",1,0
929,power_user,64,cardio,2024-03-21,19,16,36.08,685.56,4,19,19,4,"[{""day"": 7, ""milestone"": ""3_day_streak""}, {""day"": 18, ""milestone"": ""10th_session""}, {""day"": 20, ""milestone"": ""3_day_streak""}, {""day"": 27, ""milestone"": ""3_day_streak""}]",0,1
930,casual_user,21,yoga,2024-03-11,6,6,11.88,71.26,2,1,4,0,[],0,0
931,casual_user,63,hiit,2024-01-11,1,1,11.13,11.13,1,0,0,0,[],1,0
932,casual_user,51,rehabilitation,2024-02-05,3,3,11.68,35.04,1,1,2,0,[],1,0
933,at_risk_user,39,yoga,2024-01-24,1,1,7.5,7.5,1,0,0,0,[],0,0
934,casual_user,42,yoga,2024-03-16,7,7,8.18,57.29,2,2,5,0,[],0,0
935,power_user,23,hiit,2024-05-18,16,14,35.71,571.34,3,12,16,2,"[{""day"": 13, ""milestone"": ""3_day_streak""}, {""day"": 17, ""milestone"": ""10th_session""}]",0,1
936,at_risk_user,59,yoga,2024-02-26,5,5,4.34,21.69,1,1,1,0,[],0,0
937,power_user,50,cardio,2024-04-04,17,15,33.9,576.25,3,15,17,4,"[{""day"": 7, ""milestone"": ""3_day_streak""}, {""day"": 13, ""milestone"": ""3_day_streak""}, {""day"": 15, ""milestone"": ""10th_session""}, {""day"": 17, ""milestone"": ""3_day_streak""}]",0,1
938,power_user,38,yoga,2024-01-11,15,11,35.12,526.86,3,12,13,2,"[{""day"": 15, ""milestone"": ""3_day_streak""}, {""day"": 15, ""milestone"": ""10th_session""}]",0,1
939,at_risk_user,21,mixed,2024-05-22,2,2,6.6,13.2,1,0,0,0,[],0,0
940,casual_user,31,cardio,2024-01-14,4,4,11.08,44.32,1,2,1,0,[],1,0
941,consistent_user,43,hiit,2024-03-30,10,9,22.58,225.83,2,7,10,1,"[{""day"": 27, ""milestone"": ""10th_session""}]",0,1
942,casual_user,22,hiit,2024-03-15,13,12,10.11,131.41,3,7,10,2,"[{""day"": 14, ""milestone"": ""3_day_streak""}, {""day"": 25, ""milestone"": ""10th_session""}]",0,0
943,casual_user,59,rehabilitation,2024-04-09,4,4,9.04,36.15,1,0,2,0,[],1,0
944,consistent_user,21,strength,2024-05-07,13,12,22.16,288.1,3,9,12,3,"[{""day"": 15, ""milestone"": ""3_day_streak""}, {""day"": 26, ""milestone"": ""10th_session""}, {""day"": 30, ""milestone"": ""3_day_streak""}]",0,1
945,casual_user,24,cardio,2024-05-05,4,3,10.0,39.98,1,0,4,0,[],0,0
946,power_user,42,cardio,2024-05-12,12,11,33.13,397.57,2,11,11,1,"[{""day"": 22, ""milestone"": ""10th_session""}]",0,1
947,power_user,26,rehabilitation,2024-01-31,13,12,34.55,449.12,4,11,13,2,"[{""day"": 4, ""milestone"": ""3_day_streak""}, {""day"": 16, ""milestone"": ""10th_session""}]",0,1
948,casual_user,57,rehabilitation,2024-06-09,10,7,11.17,111.66,2,3,8,1,"[{""day"": 25, ""milestone"": ""10th_session""}]",0,0
949,casual_user,46,cardio,2024-05-06,5,5,9.7,48.49,1,3,2,0,[],0,0
950,at_risk_user,50,strength,2024-04-14,3,3,5.28,15.84,2,1,1,0,[],1,0
951,consistent_user,57,rehabilitation,2024-01-02,15,12,23.9,358.49,2,6,11,1,"[{""day"": 21, ""milestone"": ""10th_session""}]",0,1
952,casual_user,33,mixed,2024-06-03,1,1,10.8,10.8,1,0,0,0,[],1,0
953,consistent_user,54,strength,2024-05-13,15,12,23.43,351.41,4,5,10,2,"[{""day"": 19, ""milestone"": ""3_day_streak""}, {""day"": 19, ""milestone"": ""10th_session""}]",0,1
954,at_risk_user,51,hiit,2024-02-21,2,1,3.56,7.13,1,0,0,0,[],1,0
955,consistent_user,18,strength,2024-01-03,18,16,20.58,370.43,4,11,16,4,"[{""day"": 4, ""milestone"": ""3_day_streak""}, {""day"": 15, ""milestone"": ""3_day_streak""}, {""day"": 17, ""milestone"": ""10th_session""}, {""day"": 25, ""milestone"": ""3_day_streak""}]",0,1
956,at_risk_user,51,rehabilitation,2024-01-06,2,2,5.69,11.38,1,2,0,0,[],0,0
957,at_risk_user,53,hiit,2024-01-15,1,1,7.29,7.29,1,0,1,0,[],1,0
958,consistent_user,58,rehabilitation,2024-06-17,10,8,22.56,225.57,2,6,6,1,"[{""day"": 19, ""milestone"": ""10th_session""}]",0,1
959,power_user,48,yoga,2024-05-17,12,11,35.84,430.06,3,12,12,3,"[{""day"": 6, ""milestone"": ""3_day_streak""}, {""day"": 27, ""milestone"": ""10th_session""}, {""day"": 29, ""milestone"": ""3_day_streak""}]",0,1
960,casual_user,44,cardio,2024-05-29,6,5,9.09,54.56,1,4,3,0,[],0,0
961,casual_user,47,strength,2024-06-27,7,6,11.17,78.2,2,3,4,0,[],1,0
962,at_risk_user,25,strength,2024-06-03,1,1,5.7,5.7,1,0,0,0,[],1,0
963,power_user,39,yoga,2024-04-16,14,14,32.79,459.0,3,13,14,2,"[{""day"": 3, ""milestone"": ""3_day_streak""}, {""day"": 19, ""milestone"": ""10th_session""}]",0,1
964,at_risk_user,40,cardio,2024-05-18,0,0,0.0,0.0,0,0,0,0,[],1,0
965,consistent_user,33,yoga,2024-01-13,11,11,23.91,262.96,3,7,8,2,"[{""day"": 16, ""milestone"": ""3_day_streak""}, {""day"": 29, ""milestone"": ""10th_session""}]",0,1
966,consistent_user,38,yoga,2024-05-17,12,9,21.56,258.72,3,4,11,2,"[{""day"": 17, ""milestone"": ""3_day_streak""}, {""day"": 21, ""milestone"": ""10th_session""}]",0,1
967,casual_user,22,cardio,2024-04-07,3,3,9.59,28.76,2,2,2,0,[],1,0
968,casual_user,42,rehabilitation,2024-05-23,5,5,10.06,50.28,2,2,1,0,[],0,0
969,casual_user,26,strength,2024-03-17,9,8,9.78,88.05,2,4,7,0,[],0,0
970,at_risk_user,64,yoga,2024-06-10,1,1,5.75,5.75,1,1,0,0,[],1,0
971,at_risk_user,57,yoga,2024-05-22,1,1,3.16,3.16,1,0,0,0,[],1,0
972,at_risk_user,32,mixed,2024-03-01,3,3,5.8,17.39,1,1,2,0,[],0,0
973,at_risk_user,51,strength,2024-01-25,3,3,4.63,13.88,2,1,0,0,[],1,0
974,casual_user,43,mixed,2024-05-08,2,2,10.04,20.07,1,0,1,0,[],1,0
975,casual_user,42,mixed,2024-03-23,10,9,11.32,113.17,4,1,5,2,"[{""day"": 18, ""milestone"": ""3_day_streak""}, {""day"": 19, ""milestone"": ""10th_session""}]",0,0
976,at_risk_user,26,mixed,2024-03-04,4,4,4.08,16.34,2,0,1,0,[],1,0
977,at_risk_user,37,strength,2024-04-05,1,1,3.3,3.3,1,1,0,0,[],1,0
978,power_user,51,strength,2024-02-06,21,17,34.77,730.23,3,18,20,3,"[{""day"": 5, ""milestone"": ""3_day_streak""}, {""day"": 13, ""milestone"": ""3_day_streak""}, {""day"": 28, ""milestone"": ""3_day_streak""}]",0,1
979,casual_user,52,yoga,2024-04-15,2,2,7.92,15.85,1,1,1,0,[],1,0
980,consistent_user,47,strength,2024-06-24,12,10,24.33,292.0,2,6,10,1,"[{""day"": 20, ""milestone"": ""10th_session""}]",0,1
981,consistent_user,20,cardio,2024-06-21,10,8,23.66,236.6,2,3,10,1,"[{""day"": 30, ""milestone"": ""10th_session""}]",0,1
982,consistent_user,52,cardio,2024-01-22,17,15,21.89,372.21,4,6,14,3,"[{""day"": 20, ""milestone"": ""10th_session""}, {""day"": 21, ""milestone"": ""3_day_streak""}, {""day"": 25, ""milestone"": ""3_day_streak""}]",0,1
983,casual_user,46,yoga,2024-03-10,6,6,9.64,57.86,1,3,3,0,[],0,0
984,consistent_user,24,mixed,2024-04-03,10,8,21.97,219.72,2,10,7,1,"[{""day"": 25, ""milestone"": ""10th_session""}]",0,1
985,casual_user,21,cardio,2024-01-21,0,0,0.0,0.0,0,0,0,0,[],1,0
986,casual_user,30,cardio,2024-05-11,14,13,8.85,123.96,4,4,9,3,"[{""day"": 22, ""milestone"": ""3_day_streak""}, {""day"": 25, ""milestone"": ""10th_session""}, {""day"": 29, ""milestone"": ""3_day_streak""}]",0,0
987,consistent_user,64,rehabilitation,2024-01-29,11,10,22.63,248.93,2,5,8,1,"[{""day"": 25, ""milestone"": ""10th_session""}]",0,1
988,casual_user,36,rehabilitation,2024-01-16,12,11,8.94,107.32,4,5,8,3,"[{""day"": 19, ""milestone"": ""3_day_streak""}, {""day"": 28, ""milestone"": ""10th_session""}, {""day"": 29, ""milestone"": ""3_day_streak""}]",0,0
989,casual_user,23,cardio,2024-03-07,6,6,11.12,66.69,2,0,4,0,[],0,0
990,consistent_user,29,mixed,2024-05-30,20,15,22.63,452.58,6,10,15,3,"[{""day"": 6, ""milestone"": ""3_day_streak""}, {""day"": 20, ""milestone"": ""10th_session""}, {""day"": 26, ""milestone"": ""3_day_streak""}]",0,1
991,casual_user,42,strength,2024-01-17,0,0,0.0,0.0,0,0,0,0,[],1,0
992,consistent_user,21,hiit,2024-06-02,13,12,21.68,281.88,4,5,11,2,"[{""day"": 7, ""milestone"": ""3_day_streak""}, {""day"": 21, ""milestone"": ""10th_session""}]",0,1
993,consistent_user,61,strength,2024-01-19,11,9,21.37,235.09,4,4,9,2,"[{""day"": 8, ""milestone"": ""3_day_streak""}, {""day"": 16, ""milestone"": ""10th_session""}]",0,1
994,casual_user,65,strength,2024-02-08,7,7,9.47,66.27,1,2,2,0,[],0,0
995,at_risk_user,62,strength,2024-06-16,1,1,6.89,6.89,1,0,0,0,[],1,0
996,casual_user,43,strength,2024-05-30,10,9,10.0,100.0,2,2,6,1,"[{""day"": 30, ""milestone"": ""10th_session""}]",0,0
997,consistent_user,59,cardio,2024-02-03,15,13,20.36,305.46,3,7,14,3,"[{""day"": 3, ""milestone"": ""3_day_streak""}, {""day"": 14, ""milestone"": ""10th_session""}, {""day"": 18, ""milestone"": ""3_day_streak""}]",0,1
998,at_risk_user,58,mixed,2024-01-17,2,2,6.46,12.93,1,0,1,0,[],1,0
999,casual_user,38,rehabilitation,2024-03-18,7,6,9.51,66.6,1,1,3,0,[],0,0
1000,casual_user,55,cardio,2024-04-14,8,8,10.49,83.91,2,1,5,0,[],0,0
1001,casual_user,26,strength,2024-05-21,5,5,8.92,44.62,2,2,3,0,[],0,0
1002,casual_user,41,yoga,2024-05-09,4,4,11.38,45.52,1,2,2,0,[],0,0
1003,at_risk_user,38,cardio,2024-03-01,3,3,5.55,16.64,1,1,0,0,[],0,0
1004,consistent_user,24,mixed,2024-04-01,13,12,23.87,310.36,3,9,9,2,"[{""day"": 3, ""milestone"": ""3_day_streak""}, {""day"": 22, ""milestone"": ""10th_session""}]",0,1
1005,consistent_user,38,strength,2024-04-12,9,8,22.89,206.02,4,4,6,1,"[{""day"": 5, ""milestone"": ""3_day_streak""}]",1,0
1006,casual_user,49,mixed,2024-02-03,6,6,9.84,59.07,3,3,5,1,"[{""day"": 8, ""milestone"": ""3_day_streak""}]",1,0
1007,power_user,19,cardio,2024-05-05,16,16,33.89,542.25,4,15,14,4,"[{""day"": 12, ""milestone"": ""3_day_streak""}, {""day"": 18, ""milestone"": ""10th_session""}, {""day"": 20, ""milestone"": ""3_day_streak""}, {""day"": 27, ""milestone"": ""3_day_streak""}]",0,1
1008,casual_user,63,hiit,2024-01-07,13,11,9.95,129.32,2,1,7,1,"[{""day"": 20, ""milestone"": ""10th_session""}]",0,0
1009,power_user,46,hiit,2024-02-09,13,11,36.32,472.1,2,9,11,1,"[{""day"": 24, ""milestone"": ""10th_session""}]",0,1
1010,casual_user,52,strength,2024-01-31,2,2,6.79,13.57,2,0,0,0,[],1,0
1011,casual_user,37,strength,2024-01-26,3,2,9.32,27.95,1,2,0,0,[],1,0
1012,casual_user,36,yoga,2024-03-09,5,5,9.94,49.68,2,0,4,0,[],1,0
1013,at_risk_user,29,cardio,2024-02-15,0,0,0.0,0.0,0,0,0,0,[],1,0
1014,power_user,63,cardio,2024-05-18,14,14,37.54,525.55,3,9,13,4,"[{""day"": 6, ""milestone"": ""3_day_streak""}, {""day"": 12, ""milestone"": ""3_day_streak""}, {""day"": 22, ""milestone"": ""10th_session""}, {""day"": 24, ""milestone"": ""3_day_streak""}]",0,1
1015,at_risk_user,47,strength,2024-02-28,3,2,5.61,16.83,1,0,3,0,[],1,0
1016,consistent_user,44,mixed,2024-05-25,8,7,22.45,179.64,2,4,7,0,[],1,0
1017,power_user,43,strength,2024-02-14,22,18,36.23,796.97,7,18,22,4,"[{""day"": 5, ""milestone"": ""3_day_streak""}, {""day"": 9, ""milestone"": ""7_day_streak""}, {""day"": 11, ""milestone"": ""10th_session""}, {""day"": 30, ""milestone"": ""3_day_streak""}]",0,1
1018,casual_user,62,cardio,2024-03-23,9,8,8.38,75.4,2,3,1,0,[],0,0
1019,power_user,27,yoga,2024-02-13,24,17,36.16,867.83,5,15,22,3,"[{""day"": 14, ""milestone"": ""10th_session""}, {""day"": 19, ""milestone"": ""3_day_streak""}, {""day"": 25, ""milestone"": ""3_day_streak""}]",0,1
1020,casual_user,61,mixed,2024-04-13,7,6,8.99,62.94,3,2,4,1,"[{""day"": 17, ""milestone"": ""3_day_streak""}]",0,0
1021,consistent_user,47,yoga,2024-04-04,5,4,23.46,117.31,1,3,2,0,[],1,0
1022,casual_user,35,yoga,2024-01-21,8,6,11.29,90.31,2,3,4,0,[],1,0
1023,casual_user,57,strength,2024-01-23,4,3,8.8,35.2,1,1,3,0,[],0,0
1024,casual_user,38,hiit,2024-06-29,9,7,9.69,87.17,2,1,6,0,[],1,0
1025,power_user,47,mixed,2024-06-27,16,14,34.73,555.64,3,12,16,3,"[{""day"": 17, ""milestone"": ""10th_session""}, {""day"": 23, ""milestone"": ""3_day_streak""}, {""day"": 27, ""milestone"": ""3_day_streak""}]",0,1
1026,at_risk_user,64,yoga,2024-04-18,2,2,4.32,8.64,1,0,1,0,[],1,0
1027,at_risk_user,55,cardio,2024-01-06,0,0,0.0,0.0,0,0,0,0,[],0,0
1028,consistent_user,42,cardio,2024-06-17,11,9,22.84,251.29,2,2,8,0,[],0,1
1029,power_user,63,cardio,2024-01-25,19,16,36.66,696.51,3,15,16,2,"[{""day"": 13, ""milestone"": ""10th_session""}, {""day"": 14, ""milestone"": ""3_day_streak""}]",0,1
1030,power_user,29,cardio,2024-03-11,25,18,35.22,880.53,5,22,22,3,"[{""day"": 7, ""milestone"": ""3_day_streak""}, {""day"": 17, ""milestone"": ""3_day_streak""}, {""day"": 23, ""milestone"": ""3_day_streak""}]",0,1
1031,casual_user,22,yoga,2024-06-16,4,3,9.47,37.88,1,2,3,0,[],1,0
1032,consistent_user,33,mixed,2024-01-15,11,10,19.35,212.88,3,6,8,2,"[{""day"": 29, ""milestone"": ""10th_session""}, {""day"": 30, ""milestone"": ""3_day_streak""}]",0,1
1033,at_risk_user,30,hiit,2024-06-01,3,3,5.15,15.44,1,0,0,0,[],1,0
1034,consistent_user,50,cardio,2024-02-18,10,10,23.44,234.35,1,8,6,1,"[{""day"": 28, ""milestone"": ""10th_session""}]",0,1
1035,consistent_user,60,yoga,2024-04-06,7,5,23.04,161.31,2,4,6,0,[],1,0
1036,consistent_user,54,cardio,2024-06-12,5,4,21.17,105.86,2,0,2,0,[],1,0
1037,consistent_user,62,yoga,2024-02-09,13,12,21.01,273.13,5,4,11,2,"[{""day"": 15, ""milestone"": ""3_day_streak""}, {""day"": 16, ""milestone"": ""10th_session""}]",0,1
1038,consistent_user,36,cardio,2024-04-29,15,12,22.52,337.74,5,10,13,2,"[{""day"": 12, ""milestone"": ""3_day_streak""}, {""day"": 21, ""milestone"": ""3_day_streak""}]",0,1
1039,power_user,43,mixed,2024-01-08,23,18,35.53,817.26,3,18,23,2,"[{""day"": 7, ""milestone"": ""3_day_streak""}, {""day"": 21, ""milestone"": ""3_day_streak""}]",0,1
1040,casual_user,25,mixed,2024-02-09,5,4,10.22,51.11,1,0,2,0,[],1,0
1041,consistent_user,23,mixed,2024-02-14,12,11,20.69,248.23,2,5,9,1,"[{""day"": 25, ""milestone"": ""10th_session""}]",0,1
1042,casual_user,45,rehabilitation,2024-04-09,4,3,8.89,35.57,1,1,3,0,[],1,0
1043,consistent_user,20,rehabilitation,2024-04-12,9,7,25.68,231.09,1,7,9,0,[],0,1
1044,casual_user,59,mixed,2024-04-19,8,8,10.37,82.94,2,2,4,0,[],0,0
1045,consistent_user,23,hiit,2024-03-25,2,2,23.54,47.07,2,1,2,0,[],1,0
1046,consistent_user,42,cardio,2024-01-09,13,11,23.14,300.83,4,6,8,3,"[{""day"": 5, ""milestone"": ""3_day_streak""}, {""day"": 17, ""milestone"": ""10th_session""}, {""day"": 18, ""milestone"": ""3_day_streak""}]",0,1
1047,casual_user,37,yoga,2024-01-13,3,3,12.24,36.73,2,1,0,0,[],1,0
1048,power_user,54,strength,2024-01-08,14,12,35.04,490.52,2,12,14,1,"[{""day"": 20, ""milestone"": ""10th_session""}]",0,1
1049,at_risk_user,41,rehabilitation,2024-02-29,1,1,5.72,5.72,1,0,0,0,[],1,0
1050,consistent_user,41,cardio,2024-06-24,15,13,22.23,333.49,3,11,8,2,"[{""day"": 20, ""milestone"": ""10th_session""}, {""day"": 30, ""milestone"": ""3_day_streak""}]",0,1
1051,consistent_user,62,mixed,2024-04-04,11,9,23.94,263.38,2,5,8,1,"[{""day"": 24, ""milestone"": ""10th_session""}]",0,1
1052,consistent_user,47,mixed,2024-03-06,5,4,24.37,121.87,1,3,5,0,[],0,1
1053,casual_user,40,rehabilitation,2024-03-11,8,8,10.15,81.22,2,0,4,0,[],0,0
1054,power_user,32,cardio,2024-03-31,14,13,33.3,466.23,3,11,12,2,"[{""day"": 14, ""milestone"": ""3_day_streak""}, {""day"": 20, ""milestone"": ""10th_session""}]",0,1
1055,consistent_user,24,mixed,2024-06-23,13,12,21.55,280.17,7,5,9,2,"[{""day"": 6, ""milestone"": ""3_day_streak""}, {""day"": 10, ""milestone"": ""7_day_streak""}]",0,1
1056,power_user,52,cardio,2024-03-27,14,14,32.37,453.25,5,14,13,2,"[{""day"": 7, ""milestone"": ""3_day_streak""}, {""day"": 15, ""milestone"": ""10th_session""}]",0,1
1057,at_risk_user,52,rehabilitation,2024-05-09,0,0,0.0,0.0,0,0,0,0,[],1,0
1058,power_user,43,strength,2024-05-22,16,15,35.89,574.19,3,14,16,2,"[{""day"": 19, ""milestone"": ""3_day_streak""}, {""day"": 19, ""milestone"": ""10th_session""}]",0,1
1059,consistent_user,27,yoga,2024-01-04,6,6,22.85,137.08,2,5,5,0,[],1,0
1060,casual_user,26,mixed,2024-02-15,6,5,10.19,61.16,2,1,4,0,[],1,0
1061,consistent_user,19,rehabilitation,2024-06-03,9,8,22.48,202.29,4,3,6,1,"[{""day"": 4, ""milestone"": ""3_day_streak""}]",0,1
1062,consistent_user,63,cardio,2024-02-17,11,10,24.76,272.34,2,5,9,1,"[{""day"": 25, ""milestone"": ""10th_session""}]",0,1
1063,at_risk_user,22,rehabilitation,2024-03-26,4,3,3.05,12.19,1,0,2,0,[],1,0
1064,at_risk_user,47,mixed,2024-01-16,1,1,6.57,6.57,1,0,1,0,[],1,0
1065,at_risk_user,18,strength,2024-01-07,0,0,0.0,0.0,0,0,0,0,[],1,0
1066,power_user,39,mixed,2024-02-06,11,9,33.56,369.17,2,9,10,1,"[{""day"": 28, ""milestone"": ""10th_session""}]",0,1
1067,casual_user,27,yoga,2024-02-08,8,6,11.36,90.87,1,1,5,0,[],0,0
1068,consistent_user,35,cardio,2024-03-20,5,3,20.28,101.39,1,2,5,0,[],1,0
1069,consistent_user,62,rehabilitation,2024-03-27,12,10,23.5,282.03,2,10,10,1,"[{""day"": 22, ""milestone"": ""10th_session""}]",0,1
1070,casual_user,50,rehabilitation,2024-01-11,5,4,10.74,53.69,2,1,0,0,[],1,0
1071,consistent_user,42,strength,2024-04-09,13,11,22.99,298.88,2,7,11,1,"[{""day"": 21, ""milestone"": ""10th_session""}]",0,1
1072,consistent_user,39,hiit,2024-03-20,9,8,22.47,202.19,2,5,9,0,[],0,1
1073,casual_user,44,rehabilitation,2024-06-01,6,5,10.19,61.17,2,0,3,0,[],0,0
1074,casual_user,37,cardio,2024-02-15,8,8,10.93,87.42,3,3,2,1,"[{""day"": 8, ""milestone"": ""3_day_streak""}]",0,0
1075,casual_user,30,mixed,2024-03-01,3,3,12.22,36.66,1,0,0,0,[],1,0
1076,casual_user,22,strength,2024-06-25,2,2,7.47,14.94,1,0,2,0,[],1,0
1077,casual_user,55,mixed,2024-01-22,5,4,10.0,49.98,1,1,4,0,[],1,0
1078,casual_user,47,cardio,2024-02-19,2,1,5.75,11.5,1,2,0,0,[],1,0
1079,consistent_user,56,yoga,2024-02-14,11,8,22.68,249.49,2,4,10,1,"[{""day"": 25, ""milestone"": ""10th_session""}]",0,1
1080,casual_user,65,cardio,2024-03-02,9,7,9.89,89.03,2,3,3,0,[],0,0
1081,casual_user,36,mixed,2024-03-20,13,11,9.94,129.23,3,1,5,2,"[{""day"": 13, ""milestone"": ""3_day_streak""}, {""day"": 21, ""milestone"": ""10th_session""}]",0,0
1082,at_risk_user,24,mixed,2024-04-16,1,1,3.9,3.9,1,0,1,0,[],1,0
1083,at_risk_user,61,hiit,2024-06-01,0,0,0.0,0.0,0,0,0,0,[],1,0
1084,casual_user,35,cardio,2024-04-17,2,2,10.63,21.26,1,0,1,0,[],1,0
1085,casual_user,57,hiit,2024-03-06,11,10,10.9,119.87,3,2,9,3,"[{""day"": 16, ""milestone"": ""3_day_streak""}, {""day"": 28, ""milestone"": ""10th_session""}, {""day"": 29, ""milestone"": ""3_day_streak""}]",0,0
1086,power_user,24,cardio,2024-06-28,13,13,35.71,464.19,5,11,12,3,"[{""day"": 4, ""milestone"": ""3_day_streak""}, {""day"": 11, ""milestone"": ""3_day_streak""}, {""day"": 17, ""milestone"": ""10th_session""}]",0,1
1087,at_risk_user,50,cardio,2024-06-05,0,0,0.0,0.0,0,0,0,0,[],1,0
1088,consistent_user,65,hiit,2024-02-23,16,13,22.28,356.51,3,10,7,2,"[{""day"": 5, ""milestone"": ""3_day_streak""}, {""day"": 18, ""milestone"": ""10th_session""}]",0,1
1089,power_user,49,hiit,2024-05-16,21,14,32.35,679.25,2,11,19,1,"[{""day"": 14, ""milestone"": ""10th_session""}]",0,1
1090,casual_user,53,cardio,2024-05-10,4,4,9.56,38.24,2,2,0,0,[],1,0
1091,casual_user,23,mixed,2024-01-16,2,2,8.48,16.97,1,0,0,0,[],1,0
1092,casual_user,46,hiit,2024-03-01,3,3,10.99,32.96,2,0,2,0,[],1,0
1093,consistent_user,26,cardio,2024-02-18,12,9,19.87,238.44,3,4,7,2,"[{""day"": 4, ""milestone"": ""3_day_streak""}, {""day"": 24, ""milestone"": ""10th_session""}]",0,1
1094,casual_user,46,strength,2024-06-23,2,2,12.04,24.08,1,0,0,0,[],1,0
1095,consistent_user,53,yoga,2024-06-08,12,10,20.61,247.35,3,6,9,2,"[{""day"": 26, ""milestone"": ""10th_session""}, {""day"": 28, ""milestone"": ""3_day_streak""}]",0,1
1096,casual_user,41,yoga,2024-05-09,1,1,5.57,5.57,1,0,0,0,[],1,0
1097,casual_user,54,hiit,2024-06-01,6,5,10.53,63.15,2,1,0,0,[],1,0
1098,consistent_user,64,yoga,2024-02-14,14,14,23.94,335.13,3,7,7,2,"[{""day"": 22, ""milestone"": ""10th_session""}, {""day"": 23, ""milestone"": ""3_day_streak""}]",0,1
1099,casual_user,29,hiit,2024-06-20,3,3,9.66,28.98,1,1,1,0,[],1,0
1100,consistent_user,36,strength,2024-01-03,16,14,23.6,377.57,5,10,14,3,"[{""day"": 5, ""milestone"": ""3_day_streak""}, {""day"": 12, ""milestone"": ""10th_session""}, {""day"": 14, ""milestone"": ""3_day_streak""}]",0,1
1101,consistent_user,30,mixed,2024-01-24,17,13,21.62,367.62,3,8,11,3,"[{""day"": 21, ""milestone"": ""3_day_streak""}, {""day"": 21, ""milestone"": ""10th_session""}, {""day"": 25, ""milestone"": ""3_day_streak""}]",0,1
1102,casual_user,49,strength,2024-02-28,9,9,8.51,76.57,3,2,6,1,"[{""day"": 29, ""milestone"": ""3_day_streak""}]",0,0
1103,consistent_user,19,mixed,2024-01-09,15,10,22.5,337.47,3,13,12,1,"[{""day"": 4, ""milestone"": ""3_day_streak""}]",0,1
1104,consistent_user,52,yoga,2024-05-02,14,12,21.13,295.83,3,8,10,1,"[{""day"": 26, ""milestone"": ""3_day_streak""}]",0,1
1105,at_risk_user,36,cardio,2024-05-10,2,2,5.75,11.5,1,0,0,0,[],0,0
1106,at_risk_user,27,mixed,2024-04-29,2,2,6.51,13.02,2,0,0,0,[],1,0
1107,consistent_user,62,strength,2024-05-23,11,11,25.01,275.07,4,5,8,3,"[{""day"": 14, ""milestone"": ""3_day_streak""}, {""day"": 20, ""milestone"": ""3_day_streak""}, {""day"": 20, ""milestone"": ""10th_session""}]",0,1
1108,casual_user,54,rehabilitation,2024-05-08,2,2,13.29,26.57,1,1,1,0,[],1,0
1109,at_risk_user,35,hiit,2024-01-02,3,3,5.85,17.55,2,1,1,0,[],1,0
1110,casual_user,52,hiit,2024-03-22,9,8,8.84,79.54,5,2,3,1,"[{""day"": 9, ""milestone"": ""3_day_streak""}]",1,0
1111,power_user,29,rehabilitation,2024-06-29,21,15,34.3,720.37,5,20,20,3,"[{""day"": 8, ""milestone"": ""3_day_streak""}, {""day"": 15, ""milestone"": ""3_day_streak""}, {""day"": 22, ""milestone"": ""3_day_streak""}]",0,1
1112,casual_user,61,strength,2024-03-16,3,3,7.05,21.14,1,1,3,0,[],1,0
1113,consistent_user,37,strength,2024-06-02,10,9,22.25,222.5,2,7,9,1,"[{""day"": 28, ""milestone"": ""10th_session""}]",0,1
1114,at_risk_user,56,rehabilitation,2024-02-02,4,4,5.17,20.7,2,1,2,0,[],0,0
1115,at_risk_user,52,mixed,2024-04-25,3,3,4.67,14.02,1,1,1,0,[],1,0
1116,consistent_user,24,rehabilitation,2024-06-28,11,10,22.31,245.37,3,4,9,2,"[{""day"": 12, ""milestone"": ""3_day_streak""}, {""day"": 28, ""milestone"": ""10th_session""}]",0,1
1117,casual_user,43,rehabilitation,2024-05-06,6,5,11.12,66.69,3,4,1,1,"[{""day"": 12, ""milestone"": ""3_day_streak""}]",1,0
1118,casual_user,47,rehabilitation,2024-03-29,8,7,9.76,78.07,2,1,4,0,[],0,0
1119,consistent_user,24,cardio,2024-06-01,9,8,23.08,207.75,4,4,4,2,"[{""day"": 7, ""milestone"": ""3_day_streak""}, {""day"": 11, ""milestone"": ""3_day_streak""}]",1,0
1120,at_risk_user,47,yoga,2024-01-25,0,0,0.0,0.0,0,0,0,0,[],0,0
1121,consistent_user,64,hiit,2024-04-03,16,11,23.63,378.01,2,10,13,0,[],0,1
1122,casual_user,18,cardio,2024-03-22,12,10,8.73,104.75,2,3,4,0,[],0,0
1123,at_risk_user,37,cardio,2024-06-19,4,4,4.19,16.77,1,0,2,0,[],0,0
1124,consistent_user,36,strength,2024-03-22,17,16,22.09,375.59,4,4,14,4,"[{""day"": 6, ""milestone"": ""3_day_streak""}, {""day"": 12, ""milestone"": ""3_day_streak""}, {""day"": 16, ""milestone"": ""10th_session""}, {""day"": 18, ""milestone"": ""3_day_streak""}]",0,1
1125,at_risk_user,26,cardio,2024-06-02,1,1,5.73,5.73,1,0,1,0,[],1,0
1126,consistent_user,64,cardio,2024-02-20,12,9,24.76,297.13,2,5,10,1,"[{""day"": 19, ""milestone"": ""10th_session""}]",0,1
1127,consistent_user,59,hiit,2024-04-25,5,4,22.58,112.88,1,3,3,0,[],1,0
1128,casual_user,24,mixed,2024-02-22,5,4,8.09,40.46,2,1,3,0,[],1,0
1129,consistent_user,36,rehabilitation,2024-04-13,12,12,23.28,279.36,3,4,11,2,"[{""day"": 15, ""milestone"": ""3_day_streak""}, {""day"": 22, ""milestone"": ""10th_session""}]",0,1
1130,consistent_user,31,mixed,2024-02-29,13,11,22.53,292.95,3,6,12,2,"[{""day"": 7, ""milestone"": ""3_day_streak""}, {""day"": 20, ""milestone"": ""10th_session""}]",0,1
1131,power_user,23,cardio,2024-04-18,17,13,33.92,576.61,6,11,17,1,"[{""day"": 17, ""milestone"": ""3_day_streak""}]",0,1
1132,at_risk_user,55,cardio,2024-03-17,2,2,3.94,7.88,2,0,1,0,[],1,0
1133,power_user,19,mixed,2024-03-19,9,7,38.23,344.07,6,9,9,1,"[{""day"": 7, ""milestone"": ""3_day_streak""}]",1,0
1134,at_risk_user,63,hiit,2024-02-19,0,0,0.0,0.0,0,0,0,0,[],1,0
1135,casual_user,57,hiit,2024-06-25,3,3,8.38,25.13,2,1,0,0,[],1,0
1136,casual_user,60,strength,2024-03-17,1,1,9.08,9.08,1,0,0,0,[],1,0
1137,casual_user,59,cardio,2024-06-15,4,4,9.45,37.79,2,1,4,0,[],1,0
1138,consistent_user,28,yoga,2024-06-26,10,10,20.4,204.0,3,7,5,2,"[{""day"": 26, ""milestone"": ""3_day_streak""}, {""day"": 29, ""milestone"": ""10th_session""}]",0,1
1139,power_user,56,strength,2024-04-12,19,14,33.95,645.03,3,12,18,2,"[{""day"": 4, ""milestone"": ""3_day_streak""}, {""day"": 12, ""milestone"": ""3_day_streak""}]",0,1
1140,consistent_user,38,hiit,2024-02-25,9,7,22.47,202.22,3,5,9,1,"[{""day"": 18, ""milestone"": ""3_day_streak""}]",0,1
1141,casual_user,56,strength,2024-04-15,10,10,8.37,83.74,2,2,5,1,"[{""day"": 27, ""milestone"": ""10th_session""}]",0,0
1142,consistent_user,31,mixed,2024-02-04,6,5,23.43,140.57,3,4,3,1,"[{""day"": 26, ""milestone"": ""3_day_streak""}]",0,1
1143,casual_user,29,rehabilitation,2024-01-04,2,2,11.21,22.43,1,0,2,0,[],0,0
1144,power_user,38,mixed,2024-02-16,18,14,35.13,632.39,5,14,15,2,"[{""day"": 3, ""milestone"": ""3_day_streak""}, {""day"": 11, ""milestone"": ""10th_session""}]",0,1
1145,casual_user,49,cardio,2024-04-21,10,8,8.45,84.5,3,1,6,2,"[{""day"": 29, ""milestone"": ""3_day_streak""}, {""day"": 29, ""milestone"": ""10th_session""}]",0,0
1146,consistent_user,56,rehabilitation,2024-02-27,12,11,22.16,265.98,4,4,5,2,"[{""day"": 18, ""milestone"": ""3_day_streak""}, {""day"": 19, ""milestone"": ""10th_session""}]",0,1
1147,casual_user,29,hiit,2024-01-27,8,8,9.08,72.64,2,1,3,0,[],0,0
1148,at_risk_user,46,mixed,2024-05-30,0,0,0.0,0.0,0,0,0,0,[],1,0
1149,power_user,47,mixed,2024-06-15,16,12,32.83,525.31,5,14,16,3,"[{""day"": 6, ""milestone"": ""3_day_streak""}, {""day"": 11, ""milestone"": ""3_day_streak""}, {""day"": 12, ""milestone"": ""10th_session""}]",0,1
1150,power_user,41,cardio,2024-05-07,16,14,35.06,561.03,4,10,16,2,"[{""day"": 21, ""milestone"": ""10th_session""}, {""day"": 22, ""milestone"": ""3_day_streak""}]",0,1
1151,casual_user,21,cardio,2024-02-06,11,8,9.67,106.37,1,5,8,1,"[{""day"": 27, ""milestone"": ""10th_session""}]",0,0
1152,casual_user,52,hiit,2024-03-05,4,4,7.82,31.27,2,1,1,0,[],1,0
1153,consistent_user,32,yoga,2024-01-14,10,9,20.99,209.88,3,7,8,2,"[{""day"": 13, ""milestone"": ""3_day_streak""}, {""day"": 21, ""milestone"": ""10th_session""}]",0,1
1154,consistent_user,26,yoga,2024-06-20,4,4,25.09,100.34,1,2,2,0,[],0,1
1155,casual_user,47,yoga,2024-03-27,13,11,9.08,118.05,3,1,6,2,"[{""day"": 25, ""milestone"": ""10th_session""}, {""day"": 26, ""milestone"": ""3_day_streak""}]",0,0
1156,consistent_user,45,hiit,2024-05-09,5,4,25.47,127.35,1,1,3,0,[],1,0
1157,casual_user,42,hiit,2024-06-15,8,8,10.89,87.13,2,4,5,0,[],0,0
1158,consistent_user,60,mixed,2024-04-13,11,8,23.07,253.74,2,7,5,0,[],0,1
1159,casual_user,28,mixed,2024-02-03,10,8,11.78,117.8,2,2,5,1,"[{""day"": 28, ""milestone"": ""10th_session""}]",0,0
1160,power_user,30,yoga,2024-05-31,16,14,34.22,547.44,5,11,16,2,"[{""day"": 7, ""milestone"": ""3_day_streak""}, {""day"": 16, ""milestone"": ""3_day_streak""}]",0,1
1161,at_risk_user,56,rehabilitation,2024-02-13,2,2,7.46,14.92,1,0,1,0,[],1,0
1162,consistent_user,49,yoga,2024-03-08,3,3,18.7,56.11,1,1,1,0,[],1,0
1163,power_user,34,hiit,2024-04-01,15,13,33.62,504.32,2,9,14,0,[],0,1
1164,consistent_user,42,hiit,2024-01-10,12,11,23.93,287.11,3,9,8,2,"[{""day"": 11, ""milestone"": ""3_day_streak""}, {""day"": 24, ""milestone"": ""10th_session""}]",0,1
1165,at_risk_user,58,yoga,2024-04-18,2,2,6.87,13.74,1,0,2,0,[],1,0
1166,casual_user,65,rehabilitation,2024-01-11,4,3,9.37,37.48,1,0,1,0,[],0,0
1167,consistent_user,58,strength,2024-05-06,8,6,21.24,169.93,3,3,6,1,"[{""day"": 3, ""milestone"": ""3_day_streak""}]",1,0
1168,at_risk_user,18,yoga,2024-02-17,2,2,4.54,9.07,2,2,1,0,[],1,0
1169,casual_user,38,cardio,2024-04-18,6,5,9.1,54.6,2,2,3,0,[],0,0
1170,at_risk_user,51,mixed,2024-03-17,1,1,5.67,5.67,1,0,1,0,[],1,0
1171,at_risk_user,63,strength,2024-02-16,1,1,2.75,2.75,1,0,1,0,[],1,0
1172,consistent_user,49,cardio,2024-03-04,14,12,21.74,304.35,2,9,10,1,"[{""day"": 20, ""milestone"": ""10th_session""}]",0,1
1173,consistent_user,62,hiit,2024-03-24,10,10,21.17,211.71,4,3,7,2,"[{""day"": 6, ""milestone"": ""3_day_streak""}, {""day"": 26, ""milestone"": ""10th_session""}]",0,1
1174,casual_user,37,yoga,2024-01-24,7,7,11.22,78.53,2,2,2,0,[],0,0
1175,consistent_user,64,hiit,2024-02-19,14,13,22.46,314.37,5,7,12,2,"[{""day"": 8, ""milestone"": ""3_day_streak""}, {""day"": 21, ""milestone"": ""10th_session""}]",0,1
1176,consistent_user,46,rehabilitation,2024-04-11,11,9,23.08,253.88,2,4,8,1,"[{""day"": 25, ""milestone"": ""10th_session""}]",0,1
1177,power_user,48,yoga,2024-06-10,15,11,34.62,519.36,3,10,15,2,"[{""day"": 21, ""milestone"": ""10th_session""}, {""day"": 30, ""milestone"": ""3_day_streak""}]",0,1
1178,power_user,50,yoga,2024-04-06,16,14,34.75,556.08,3,11,15,1,"[{""day"": 3, ""milestone"": ""3_day_streak""}]",0,1
1179,power_user,26,yoga,2024-06-18,13,11,38.17,496.2,2,12,13,1,"[{""day"": 25, ""milestone"": ""10th_session""}]",0,1
1180,power_user,65,mixed,2024-06-21,20,16,36.92,738.33,5,14,19,4,"[{""day"": 3, ""milestone"": ""3_day_streak""}, {""day"": 16, ""milestone"": ""10th_session""}, {""day"": 17, ""milestone"": ""3_day_streak""}, {""day"": 27, ""milestone"": ""3_day_streak""}]",0,1
1181,casual_user,33,cardio,2024-05-28,4,4,11.78,47.12,2,0,2,0,[],0,0
1182,at_risk_user,49,cardio,2024-02-06,1,1,6.83,6.83,1,0,0,0,[],1,0
1183,casual_user,32,rehabilitation,2024-03-23,8,7,9.11,72.91,2,5,2,0,[],0,0
1184,at_risk_user,48,yoga,2024-02-19,4,4,4.57,18.3,1,1,3,0,[],1,0
1185,power_user,20,mixed,2024-05-14,20,17,35.33,706.68,3,14,19,5,"[{""day"": 5, ""milestone"": ""3_day_streak""}, {""day"": 9, ""milestone"": ""3_day_streak""}, {""day"": 13, ""milestone"": ""10th_session""}, {""day"": 15, ""milestone"": ""3_day_streak""}, {""day"": 28, ""milestone"": ""3_day_streak""}]",0,1
1186,at_risk_user,49,hiit,2024-05-14,2,2,5.7,11.4,1,0,0,0,[],1,0
1187,at_risk_user,51,strength,2024-03-29,3,3,5.8,17.39,1,2,1,0,[],1,0
1188,casual_user,63,mixed,2024-03-15,11,11,10.27,112.92,2,6,6,1,"[{""day"": 28, ""milestone"": ""10th_session""}]",0,0
1189,at_risk_user,45,yoga,2024-03-19,2,2,7.79,15.57,1,0,1,0,[],1,0
1190,consistent_user,39,yoga,2024-04-14,8,8,23.81,190.48,2,4,7,0,[],0,1
1191,power_user,46,yoga,2024-04-04,21,17,35.1,737.16,6,17,20,3,"[{""day"": 15, ""milestone"": ""3_day_streak""}, {""day"": 16, ""milestone"": ""10th_session""}, {""day"": 28, ""milestone"": ""3_day_streak""}]",0,1
1192,power_user,55,mixed,2024-03-11,22,19,36.5,803.0,7,18,22,3,"[{""day"": 6, ""milestone"": ""3_day_streak""}, {""day"": 10, ""milestone"": ""7_day_streak""}, {""day"": 10, ""milestone"": ""10th_session""}]",0,1
1193,consistent_user,24,yoga,2024-02-28,9,8,23.06,207.54,2,7,7,0,[],0,1
1194,casual_user,60,cardio,2024-01-20,9,9,10.27,92.42,3,2,5,2,"[{""day"": 18, ""milestone"": ""3_day_streak""}, {""day"": 25, ""milestone"": ""3_day_streak""}]",0,0
1195,casual_user,49,hiit,2024-01-28,2,2,11.56,23.12,1,0,1,0,[],1,0
1196,casual_user,54,yoga,2024-05-19,15,13,9.46,141.85,5,10,3,2,"[{""day"": 20, ""milestone"": ""3_day_streak""}, {""day"": 21, ""milestone"": ""10th_session""}]",0,0
1197,casual_user,63,mixed,2024-01-18,6,5,9.02,54.13,2,1,1,0,[],0,0
1198,at_risk_user,65,rehabilitation,2024-06-15,1,1,7.01,7.01,1,1,0,0,[],1,0
1199,consistent_user,23,mixed,2024-06-22,18,15,22.38,402.77,8,11,17,4,"[{""day"": 4, ""milestone"": ""3_day_streak""}, {""day"": 18, ""milestone"": ""3_day_streak""}, {""day"": 19, ""milestone"": ""10th_session""}, {""day"": 22, ""milestone"": ""7_day_streak""}]",0,1
1200,power_user,52,yoga,2024-03-04,20,15,36.23,724.62,4,14,20,3,"[{""day"": 13, ""milestone"": ""3_day_streak""}, {""day"": 13, ""milestone"": ""10th_session""}, {""day"": 30, ""milestone"": ""3_day_streak""}]",0,1
1201,power_user,40,rehabilitation,2024-02-25,22,19,32.69,719.28,5,20,20,5,"[{""day"": 9, ""milestone"": ""3_day_streak""}, {""day"": 15, ""milestone"": ""3_day_streak""}, {""day"": 15, ""milestone"": ""10th_session""}, {""day"": 21, ""milestone"": ""3_day_streak""}, {""day"": 27, ""milestone"": ""3_day_streak""}]",0,1
1202,consistent_user,52,rehabilitation,2024-05-26,5,4,23.0,114.98,2,3,4,0,[],1,0
1203,power_user,55,cardio,2024-03-15,18,14,35.61,641.06,3,8,18,2,"[{""day"": 16, ""milestone"": ""10th_session""}, {""day"": 20, ""milestone"": ""3_day_streak""}]",0,1
1204,consistent_user,64,hiit,2024-01-15,9,8,22.23,200.05,2,5,9,0,[],0,1
1205,casual_user,47,yoga,2024-01-10,5,4,8.9,44.49,3,1,4,1,"[{""day"": 4, ""milestone"": ""3_day_streak""}]",1,0
1206,at_risk_user,25,mixed,2024-03-07,2,2,4.08,8.16,1,0,0,0,[],1,0
1207,casual_user,27,yoga,2024-02-12,8,7,10.5,84.0,3,2,4,1,"[{""day"": 16, ""milestone"": ""3_day_streak""}]",0,0
1208,power_user,61,strength,2024-03-01,15,12,34.94,524.04,2,11,15,1,"[{""day"": 16, ""milestone"": ""10th_session""}]",0,1
1209,consistent_user,46,mixed,2024-04-25,11,10,23.12,254.27,2,4,8,0,[],0,1
1210,casual_user,29,strength,2024-06-08,5,5,9.42,47.09,1,1,5,0,[],0,0
1211,consistent_user,50,yoga,2024-01-14,9,7,23.22,209.02,2,2,8,0,[],0,1
1212,power_user,20,mixed,2024-05-27,21,16,34.29,720.13,4,17,21,3,"[{""day"": 3, ""milestone"": ""3_day_streak""}, {""day"": 15, ""milestone"": ""10th_session""}, {""day"": 27, ""milestone"": ""3_day_streak""}]",0,1
1213,consistent_user,60,cardio,2024-06-07,10,7,23.67,236.7,5,5,8,2,"[{""day"": 9, ""milestone"": ""3_day_streak""}, {""day"": 28, ""milestone"": ""10th_session""}]",0,1
1214,casual_user,21,mixed,2024-03-13,3,2,8.22,24.66,1,0,3,0,[],1,0
1215,consistent_user,26,strength,2024-01-17,9,7,21.91,197.23,2,6,9,0,[],1,0
1216,casual_user,21,yoga,2024-05-27,3,3,10.48,31.43,2,0,0,0,[],1,0
1217,consistent_user,22,hiit,2024-04-04,16,16,20.77,332.37,3,8,11,3,"[{""day"": 5, ""milestone"": ""3_day_streak""}, {""day"": 13, ""milestone"": ""3_day_streak""}, {""day"": 18, ""milestone"": ""10th_session""}]",0,1
1218,casual_user,42,strength,2024-02-09,5,4,9.66,48.32,2,0,3,0,[],1,0
1219,power_user,28,yoga,2024-01-16,18,16,32.59,586.58,4,12,17,3,"[{""day"": 8, ""milestone"": ""3_day_streak""}, {""day"": 14, ""milestone"": ""10th_session""}, {""day"": 30, ""milestone"": ""3_day_streak""}]",0,1
1220,consistent_user,29,cardio,2024-03-23,3,3,22.45,67.36,1,1,3,0,[],1,0
1221,consistent_user,58,rehabilitation,2024-03-10,15,14,22.54,338.04,4,9,9,3,"[{""day"": 8, ""milestone"": ""3_day_streak""}, {""day"": 14, ""milestone"": ""10th_session""}, {""day"": 15, ""milestone"": ""3_day_streak""}]",0,1
1222,consistent_user,39,yoga,2024-06-14,7,7,23.14,161.99,3,3,7,1,"[{""day"": 17, ""milestone"": ""3_day_streak""}]",1,0
1223,casual_user,58,strength,2024-01-17,6,6,7.87,47.22,1,1,5,0,[],0,0
1224,power_user,41,cardio,2024-03-26,18,16,38.61,695.05,6,13,18,3,"[{""day"": 7, ""milestone"": ""3_day_streak""}, {""day"": 12, ""milestone"": ""10th_session""}, {""day"": 27, ""milestone"": ""3_day_streak""}]",0,1
1225,casual_user,18,hiit,2024-03-10,3,3,13.1,39.3,1,0,2,0,[],0,0
1226,consistent_user,22,mixed,2024-03-30,15,13,21.64,324.66,4,9,12,3,"[{""day"": 21, ""milestone"": ""3_day_streak""}, {""day"": 21, ""milestone"": ""10th_session""}, {""day"": 28, ""milestone"": ""3_day_streak""}]",0,1
1227,consistent_user,46,mixed,2024-01-10,11,10,23.98,263.83,3,4,8,2,"[{""day"": 24, ""milestone"": ""3_day_streak""}, {""day"": 24, ""milestone"": ""10th_session""}]",0,1
1228,consistent_user,40,strength,2024-03-07,13,12,22.92,298.02,3,7,10,2,"[{""day"": 11, ""milestone"": ""3_day_streak""}, {""day"": 19, ""milestone"": ""3_day_streak""}]",0,1
1229,power_user,44,strength,2024-04-19,17,14,33.89,576.05,3,11,14,1,"[{""day"": 30, ""milestone"": ""3_day_streak""}]",0,1
1230,power_user,53,cardio,2024-04-24,14,10,36.35,508.95,3,12,12,1,"[{""day"": 8, ""milestone"": ""3_day_streak""}]",0,1
1231,power_user,30,cardio,2024-03-25,20,16,36.99,739.73,5,19,20,2,"[{""day"": 12, ""milestone"": ""3_day_streak""}, {""day"": 26, ""milestone"": ""3_day_streak""}]",0,1
1232,casual_user,27,rehabilitation,2024-02-09,6,6,12.82,76.9,2,2,2,0,[],0,0
1233,casual_user,34,strength,2024-02-13,9,8,9.13,82.14,2,5,3,0,[],0,0
1234,casual_user,40,yoga,2024-01-02,8,8,9.02,72.13,2,1,3,0,[],0,0
1235,casual_user,26,cardio,2024-02-10,4,4,11.62,46.49,1,1,2,0,[],0,0
1236,casual_user,63,mixed,2024-06-03,4,4,11.01,44.05,2,0,2,0,[],1,0
1237,casual_user,37,rehabilitation,2024-03-22,9,7,10.52,94.72,3,4,6,1,"[{""day"": 3, ""milestone"": ""3_day_streak""}]",0,0
1238,consistent_user,54,cardio,2024-05-14,2,2,23.09,46.17,1,2,1,0,[],1,0
1239,consistent_user,59,strength,2024-01-14,10,10,21.19,211.9,3,4,8,2,"[{""day"": 23, ""milestone"": ""3_day_streak""}, {""day"": 28, ""milestone"": ""10th_session""}]",0,1
1240,power_user,32,hiit,2024-06-13,15,11,34.49,517.38,3,11,14,1,"[{""day"": 24, ""milestone"": ""3_day_streak""}]",0,1
1241,consistent_user,47,cardio,2024-02-09,12,12,22.51,270.1,3,5,12,2,"[{""day"": 12, ""milestone"": ""3_day_streak""}, {""day"": 21, ""milestone"": ""10th_session""}]",0,1
1242,consistent_user,59,hiit,2024-02-11,10,9,22.91,229.13,3,4,7,2,"[{""day"": 5, ""milestone"": ""3_day_streak""}, {""day"": 28, ""milestone"": ""10th_session""}]",0,1
1243,consistent_user,62,yoga,2024-02-08,4,3,18.94,75.74,2,2,3,0,[],0,1
1244,casual_user,54,mixed,2024-06-20,7,7,9.97,69.82,2,1,3,0,[],0,0
1245,at_risk_user,43,cardio,2024-03-18,2,2,5.38,10.75,1,0,1,0,[],1,0
1246,casual_user,49,rehabilitation,2024-02-20,12,11,11.28,135.38,2,2,9,1,"[{""day"": 22, ""milestone"": ""10th_session""}]",0,0
1247,at_risk_user,53,yoga,2024-06-06,0,0,0.0,0.0,0,0,0,0,[],1,0
1248,consistent_user,27,strength,2024-03-03,12,11,22.37,268.46,2,5,11,0,[],0,1
1249,consistent_user,28,rehabilitation,2024-01-10,9,9,23.13,208.2,3,4,6,1,"[{""day"": 28, ""milestone"": ""3_day_streak""}]",0,1
1250,at_risk_user,39,strength,2024-06-07,5,4,4.31,21.54,1,1,4,0,[],0,0
1251,casual_user,45,strength,2024-02-04,3,3,8.27,24.82,1,0,0,0,[],1,0
1252,consistent_user,55,rehabilitation,2024-05-15,12,11,22.84,274.1,3,6,11,2,"[{""day"": 10, ""milestone"": ""3_day_streak""}, {""day"": 24, ""milestone"": ""10th_session""}]",0,1
1253,consistent_user,27,mixed,2024-04-05,17,14,23.09,392.5,2,8,15,1,"[{""day"": 17, ""milestone"": ""10th_session""}]",0,1
1254,at_risk_user,65,cardio,2024-01-02,0,0,0.0,0.0,0,0,0,0,[],1,0
1255,casual_user,37,hiit,2024-05-27,9,9,9.97,89.75,4,1,4,1,"[{""day"": 25, ""milestone"": ""3_day_streak""}]",0,0
1256,consistent_user,40,mixed,2024-03-04,10,9,20.21,202.13,2,5,8,1,"[{""day"": 30, ""milestone"": ""10th_session""}]",0,1
1257,consistent_user,21,yoga,2024-03-09,11,10,21.9,240.85,3,6,9,2,"[{""day"": 22, ""milestone"": ""3_day_streak""}, {""day"": 27, ""milestone"": ""10th_session""}]",0,1
1258,at_risk_user,25,rehabilitation,2024-01-26,0,0,0.0,0.0,0,0,0,0,[],1,0
1259,consistent_user,61,yoga,2024-04-13,16,15,21.61,345.77,6,11,14,1,"[{""day"": 27, ""milestone"": ""3_day_streak""}]",0,1
1260,power_user,41,strength,2024-04-08,9,9,35.12,316.09,2,7,9,0,[],0,1
1261,consistent_user,60,strength,2024-04-06,8,8,21.19,169.52,1,4,5,0,[],0,1
1262,power_user,36,mixed,2024-05-29,20,16,32.9,657.92,4,18,20,2,"[{""day"": 3, ""milestone"": ""3_day_streak""}, {""day"": 10, ""milestone"": ""10th_session""}]",0,1
1263,at_risk_user,56,mixed,2024-01-14,0,0,0.0,0.0,0,0,0,0,[],1,0
1264,consistent_user,48,hiit,2024-03-30,10,8,21.81,218.11,2,8,8,1,"[{""day"": 30, ""milestone"": ""10th_session""}]",0,1
1265,at_risk_user,34,hiit,2024-01-14,3,3,5.08,15.23,1,2,0,0,[],1,0
1266,consistent_user,22,cardio,2024-02-06,2,2,17.2,34.4,1,2,2,0,[],1,0
1267,casual_user,20,mixed,2024-05-21,8,7,8.79,70.33,1,5,2,0,[],0,0
1268,casual_user,40,mixed,2024-01-04,2,2,10.31,20.62,1,1,2,0,[],1,0
1269,casual_user,47,hiit,2024-04-21,6,6,10.4,62.42,2,2,5,0,[],0,0
1270,consistent_user,44,yoga,2024-04-29,13,12,23.41,304.34,5,6,9,3,"[{""day"": 14, ""milestone"": ""3_day_streak""}, {""day"": 19, ""milestone"": ""10th_session""}, {""day"": 20, ""milestone"": ""3_day_streak""}]",0,1
1271,casual_user,39,yoga,2024-02-12,5,5,8.53,42.66,3,1,4,1,"[{""day"": 21, ""milestone"": ""3_day_streak""}]",0,0
1272,power_user,39,rehabilitation,2024-04-20,4,4,38.26,153.02,1,2,4,0,[],1,0
1273,consistent_user,33,rehabilitation,2024-06-19,11,11,21.56,237.15,2,6,8,1,"[{""day"": 27, ""milestone"": ""10th_session""}]",0,1
1274,casual_user,59,rehabilitation,2024-01-16,3,2,13.26,39.77,1,0,3,0,[],1,0
1275,casual_user,65,mixed,2024-02-17,9,9,9.93,89.39,3,3,3,1,"[{""day"": 28, ""milestone"": ""3_day_streak""}]",0,0
1276,casual_user,26,yoga,2024-06-11,12,10,11.56,138.72,2,2,8,0,[],0,0
1277,consistent_user,60,yoga,2024-02-18,8,7,23.38,187.04,2,6,4,0,[],0,1
1278,casual_user,30,cardio,2024-06-20,2,2,10.32,20.64,1,1,0,0,[],1,0
1279,casual_user,23,cardio,2024-05-03,3,2,9.54,28.61,1,0,2,0,[],1,0
1280,at_risk_user,58,yoga,2024-03-27,4,4,5.29,21.14,3,1,2,1,"[{""day"": 4, ""milestone"": ""3_day_streak""}]",1,0
1281,casual_user,41,cardio,2024-01-08,9,9,10.3,92.68,3,2,5,1,"[{""day"": 5, ""milestone"": ""3_day_streak""}]",0,0
1282,casual_user,59,hiit,2024-01-19,3,3,11.17,33.51,3,0,2,1,"[{""day"": 14, ""milestone"": ""3_day_streak""}]",1,0
1283,consistent_user,53,hiit,2024-06-05,6,6,22.13,132.76,2,4,6,0,[],1,0
1284,casual_user,21,cardio,2024-05-20,15,13,9.41,141.11,3,1,7,2,"[{""day"": 19, ""milestone"": ""3_day_streak""}, {""day"": 21, ""milestone"": ""10th_session""}]",0,0
1285,casual_user,65,rehabilitation,2024-05-27,7,7,10.12,70.84,1,3,3,0,[],0,0
1286,consistent_user,28,hiit,2024-02-23,18,15,22.05,396.89,5,5,9,2,"[{""day"": 13, ""milestone"": ""10th_session""}, {""day"": 18, ""milestone"": ""3_day_streak""}]",0,1
1287,casual_user,60,hiit,2024-05-24,6,6,10.01,60.04,2,1,4,0,[],0,0
1288,at_risk_user,62,yoga,2024-03-03,3,3,7.38,22.13,1,0,0,0,[],0,0
1289,at_risk_user,60,hiit,2024-01-11,3,3,6.17,18.52,1,1,1,0,[],1,0
1290,casual_user,63,mixed,2024-06-01,9,8,11.89,107.05,3,1,4,1,"[{""day"": 24, ""milestone"": ""3_day_streak""}]",0,0
1291,power_user,36,mixed,2024-05-10,16,11,36.22,579.49,3,11,15,1,"[{""day"": 28, ""milestone"": ""3_day_streak""}]",0,1
1292,consistent_user,44,mixed,2024-05-26,15,13,24.12,361.84,3,4,13,3,"[{""day"": 8, ""milestone"": ""3_day_streak""}, {""day"": 16, ""milestone"": ""10th_session""}, {""day"": 17, ""milestone"": ""3_day_streak""}]",0,1
1293,casual_user,44,cardio,2024-05-22,4,3,7.14,28.56,1,2,4,0,[],1,0
1294,casual_user,56,hiit,2024-01-10,4,3,10.74,42.96,1,0,2,0,[],1,0
1295,casual_user,43,cardio,2024-01-03,7,5,10.84,75.9,2,2,3,0,[],1,0
1296,power_user,18,hiit,2024-05-25,19,15,36.6,695.42,3,13,18,2,"[{""day"": 6, ""milestone"": ""3_day_streak""}, {""day"": 14, ""milestone"": ""10th_session""}]",0,1
1297,casual_user,48,hiit,2024-06-14,4,4,7.42,29.69,2,0,2,0,[],1,0
1298,casual_user,28,hiit,2024-06-28,5,5,6.2,31.02,1,2,2,0,[],0,0
1299,casual_user,39,mixed,2024-01-05,6,5,9.89,59.32,2,4,2,0,[],1,0
1300,casual_user,43,hiit,2024-04-23,4,3,10.89,43.57,1,0,0,0,[],1,0
1301,at_risk_user,37,cardio,2024-03-26,0,0,0.0,0.0,0,0,0,0,[],1,0
1302,casual_user,31,rehabilitation,2024-05-30,6,6,10.4,62.41,2,0,2,0,[],0,0
1303,consistent_user,59,mixed,2024-04-07,6,5,20.21,121.26,3,4,3,1,"[{""day"": 9, ""milestone"": ""3_day_streak""}]",1,0
1304,casual_user,19,rehabilitation,2024-01-08,15,11,10.24,153.62,2,5,9,1,"[{""day"": 16, ""milestone"": ""10th_session""}]",0,0
1305,at_risk_user,65,cardio,2024-02-17,1,1,2.2,2.2,1,0,1,0,[],1,0
1306,consistent_user,43,mixed,2024-05-26,13,12,23.09,300.17,3,9,9,1,"[{""day"": 20, ""milestone"": ""3_day_streak""}]",0,1
1307,consistent_user,37,rehabilitation,2024-03-29,14,11,20.96,293.42,5,4,10,2,"[{""day"": 7, ""milestone"": ""3_day_streak""}, {""day"": 16, ""milestone"": ""10th_session""}]",0,1
1308,at_risk_user,26,strength,2024-02-05,1,1,3.15,3.15,1,0,0,0,[],0,0
1309,at_risk_user,43,hiit,2024-05-31,1,1,5.19,5.19,1,1,0,0,[],1,0
1310,casual_user,21,rehabilitation,2024-03-01,5,4,10.2,51.02,2,0,5,0,[],1,0
1311,casual_user,22,hiit,2024-02-20,9,9,10.49,94.37,2,4,5,0,[],0,0
1312,consistent_user,29,cardio,2024-05-21,7,5,22.71,158.96,2,1,3,0,[],1,0
1313,consistent_user,27,mixed,2024-01-30,10,10,23.35,233.49,4,6,6,3,"[{""day"": 10, ""milestone"": ""3_day_streak""}, {""day"": 14, ""milestone"": ""3_day_streak""}, {""day"": 29, ""milestone"": ""10th_session""}]",0,1
1314,casual_user,30,strength,2024-03-10,3,3,10.62,31.87,1,2,1,0,[],1,0
1315,power_user,58,strength,2024-04-13,19,15,34.99,664.78,6,12,17,3,"[{""day"": 8, ""milestone"": ""3_day_streak""}, {""day"": 18, ""milestone"": ""10th_session""}, {""day"": 20, ""milestone"": ""3_day_streak""}]",0,1
1316,casual_user,28,cardio,2024-05-17,7,7,9.96,69.75,3,4,4,1,"[{""day"": 14, ""milestone"": ""3_day_streak""}]",0,0
1317,consistent_user,26,hiit,2024-01-20,14,14,21.03,294.36,3,9,11,2,"[{""day"": 12, ""milestone"": ""3_day_streak""}, {""day"": 17, ""milestone"": ""10th_session""}]",0,1
1318,at_risk_user,24,cardio,2024-03-19,1,1,6.02,6.02,1,0,0,0,[],1,0
1319,casual_user,30,mixed,2024-06-26,3,3,13.03,39.09,1,2,0,0,[],0,0
1320,power_user,22,yoga,2024-05-17,23,18,35.49,816.2,3,15,23,6,"[{""day"": 3, ""milestone"": ""3_day_streak""}, {""day"": 7, ""milestone"": ""3_day_streak""}, {""day"": 7, ""milestone"": ""10th_session""}, {""day"": 11, ""milestone"": ""3_day_streak""}, {""day"": 22, ""milestone"": ""3_day_streak""}, {""day"": 29, ""milestone"": ""3_day_streak""}]",0,1
1321,casual_user,22,rehabilitation,2024-06-21,10,9,12.03,120.34,3,3,8,2,"[{""day"": 9, ""milestone"": ""3_day_streak""}, {""day"": 30, ""milestone"": ""10th_session""}]",0,0
1322,at_risk_user,62,yoga,2024-03-04,5,5,6.33,31.66,1,2,0,0,[],0,0
1323,consistent_user,39,hiit,2024-03-23,18,15,22.22,399.9,4,10,16,2,"[{""day"": 18, ""milestone"": ""10th_session""}, {""day"": 25, ""milestone"": ""3_day_streak""}]",0,1
1324,casual_user,55,cardio,2024-01-21,3,3,7.64,22.93,1,1,3,0,[],1,0
1325,consistent_user,61,strength,2024-01-05,10,9,22.18,221.83,2,3,7,1,"[{""day"": 29, ""milestone"": ""10th_session""}]",0,1
1326,consistent_user,57,strength,2024-04-18,15,13,21.52,322.81,4,6,12,3,"[{""day"": 8, ""milestone"": ""3_day_streak""}, {""day"": 19, ""milestone"": ""10th_session""}, {""day"": 20, ""milestone"": ""3_day_streak""}]",0,1
1327,consistent_user,48,strength,2024-02-19,12,11,21.22,254.64,5,7,10,2,"[{""day"": 17, ""milestone"": ""3_day_streak""}, {""day"": 26, ""milestone"": ""10th_session""}]",0,1
1328,consistent_user,50,hiit,2024-05-12,5,5,22.57,112.83,1,2,4,0,[],1,0
1329,power_user,45,yoga,2024-06-16,30,22,34.08,1022.45,5,22,30,4,"[{""day"": 3, ""milestone"": ""3_day_streak""}, {""day"": 7, ""milestone"": ""3_day_streak""}, {""day"": 12, ""milestone"": ""3_day_streak""}, {""day"": 25, ""milestone"": ""3_day_streak""}]",0,1
1330,consistent_user,32,mixed,2024-01-30,9,7,23.95,215.58,4,7,9,1,"[{""day"": 8, ""milestone"": ""3_day_streak""}]",1,0
1331,power_user,54,yoga,2024-06-12,17,14,34.57,587.76,8,12,15,4,"[{""day"": 7, ""milestone"": ""3_day_streak""}, {""day"": 21, ""milestone"": ""3_day_streak""}, {""day"": 21, ""milestone"": ""10th_session""}, {""day"": 25, ""milestone"": ""7_day_streak""}]",0,1
1332,casual_user,39,yoga,2024-05-26,7,5,11.4,79.8,2,2,3,0,[],1,0
1333,at_risk_user,33,rehabilitation,2024-03-07,4,3,2.68,10.72,1,0,0,0,[],0,0
1334,casual_user,46,strength,2024-01-31,11,10,11.61,127.72,2,2,5,1,"[{""day"": 22, ""milestone"": ""10th_session""}]",0,0
1335,power_user,53,hiit,2024-03-18,20,14,34.72,694.44,2,17,19,1,"[{""day"": 11, ""milestone"": ""10th_session""}]",0,1
1336,consistent_user,43,strength,2024-06-12,16,13,23.04,368.7,3,5,11,3,"[{""day"": 5, ""milestone"": ""3_day_streak""}, {""day"": 18, ""milestone"": ""10th_session""}, {""day"": 29, ""milestone"": ""3_day_streak""}]",0,1
1337,casual_user,49,strength,2024-05-13,3,3,8.17,24.52,1,1,1,0,[],0,0
1338,casual_user,19,yoga,2024-04-25,6,6,9.49,56.93,3,2,3,1,"[{""day"": 3, ""milestone"": ""3_day_streak""}]",1,0
1339,casual_user,34,hiit,2024-05-25,8,6,9.29,74.28,1,4,5,0,[],0,0
1340,at_risk_user,34,strength,2024-05-17,1,1,4.61,4.61,1,0,0,0,[],1,0
1341,casual_user,54,strength,2024-01-01,6,6,11.03,66.18,1,0,4,0,[],0,0
1342,casual_user,53,cardio,2024-04-21,2,1,8.29,16.58,1,0,2,0,[],1,0
1343,consistent_user,38,rehabilitation,2024-02-25,8,8,22.35,178.81,2,2,6,0,[],0,1
1344,consistent_user,27,yoga,2024-03-29,15,13,24.51,367.65,3,12,9,2,"[{""day"": 14, ""milestone"": ""3_day_streak""}, {""day"": 20, ""milestone"": ""3_day_streak""}]",0,1
1345,power_user,21,hiit,2024-03-13,15,12,35.26,528.92,3,10,15,1,"[{""day"": 5, ""milestone"": ""3_day_streak""}]",0,1
1346,at_risk_user,34,rehabilitation,2024-03-08,0,0,0.0,0.0,0,0,0,0,[],1,0
1347,power_user,32,cardio,2024-03-03,19,17,35.57,675.78,4,11,18,2,"[{""day"": 19, ""milestone"": ""10th_session""}, {""day"": 24, ""milestone"": ""3_day_streak""}]",0,1
1348,at_risk_user,25,hiit,2024-04-24,2,2,6.24,12.47,1,0,0,0,[],1,0
1349,casual_user,27,hiit,2024-01-02,15,12,10.26,153.83,3,3,11,2,"[{""day"": 23, ""milestone"": ""10th_session""}, {""day"": 30, ""milestone"": ""3_day_streak""}]",0,0
1350,casual_user,19,yoga,2024-03-22,7,7,9.78,68.45,2,2,3,0,[],0,0
1351,casual_user,30,yoga,2024-03-21,8,8,11.93,95.44,2,0,3,0,[],0,0
1352,consistent_user,55,strength,2024-01-04,7,7,22.61,158.27,2,4,5,0,[],0,1
1353,at_risk_user,62,yoga,2024-04-08,3,2,5.24,15.71,1,0,0,0,[],1,0
1354,casual_user,22,yoga,2024-05-14,4,3,7.92,31.68,1,1,0,0,[],1,0
1355,casual_user,61,rehabilitation,2024-04-29,4,3,9.38,37.5,1,0,2,0,[],1,0
1356,consistent_user,56,mixed,2024-01-13,15,13,21.98,329.74,7,10,11,3,"[{""day"": 21, ""milestone"": ""10th_session""}, {""day"": 22, ""milestone"": ""3_day_streak""}, {""day"": 26, ""milestone"": ""7_day_streak""}]",0,1
1357,at_risk_user,41,strength,2024-04-29,3,3,6.58,19.73,1,1,1,0,[],1,0
1358,casual_user,37,hiit,2024-04-13,4,4,9.66,38.63,2,1,3,0,[],1,0
1359,casual_user,34,hiit,2024-04-20,4,4,9.02,36.07,2,2,2,0,[],0,0
1360,casual_user,28,rehabilitation,2024-06-01,9,7,10.5,94.47,1,2,6,0,[],0,0
1361,at_risk_user,33,cardio,2024-05-16,0,0,0.0,0.0,0,0,0,0,[],1,0
1362,power_user,44,mixed,2024-06-08,23,16,36.47,838.84,3,18,19,1,"[{""day"": 19, ""milestone"": ""3_day_streak""}]",0,1
1363,at_risk_user,33,yoga,2024-04-25,2,2,5.42,10.84,1,0,0,0,[],1,0
1364,casual_user,59,rehabilitation,2024-06-15,10,10,10.11,101.13,2,2,6,1,"[{""day"": 30, ""milestone"": ""10th_session""}]",0,0
1365,casual_user,59,yoga,2024-03-31,7,7,11.81,82.65,2,1,4,0,[],0,0
1366,at_risk_user,27,rehabilitation,2024-06-10,1,1,2.94,2.94,1,0,1,0,[],1,0
1367,consistent_user,57,strength,2024-01-15,3,3,20.08,60.23,1,2,2,0,[],1,0
1368,power_user,30,cardio,2024-01-20,16,12,34.52,552.39,3,14,15,3,"[{""day"": 8, ""milestone"": ""3_day_streak""}, {""day"": 16, ""milestone"": ""10th_session""}, {""day"": 29, ""milestone"": ""3_day_streak""}]",0,1
1369,casual_user,27,mixed,2024-01-30,5,4,12.05,60.23,1,0,4,0,[],1,0
1370,casual_user,65,rehabilitation,2024-01-16,8,6,10.22,81.74,2,6,5,0,[],1,0
1371,consistent_user,44,cardio,2024-01-28,10,9,23.44,234.4,3,6,6,2,"[{""day"": 30, ""milestone"": ""3_day_streak""}, {""day"": 30, ""milestone"": ""10th_session""}]",0,1
1372,casual_user,57,cardio,2024-02-15,2,2,9.95,19.89,2,0,0,0,[],1,0
1373,casual_user,37,rehabilitation,2024-05-11,1,1,5.33,5.33,1,0,1,0,[],1,0
1374,casual_user,61,strength,2024-06-12,2,2,12.98,25.95,1,0,1,0,[],1,0
1375,casual_user,24,hiit,2024-02-15,4,3,11.29,45.14,2,0,3,0,[],1,0
1376,consistent_user,25,strength,2024-02-22,4,2,22.42,89.68,1,4,0,0,[],1,0
1377,consistent_user,47,hiit,2024-05-02,19,16,23.39,444.37,4,8,14,3,"[{""day"": 3, ""milestone"": ""3_day_streak""}, {""day"": 17, ""milestone"": ""3_day_streak""}, {""day"": 30, ""milestone"": ""3_day_streak""}]",0,1
1378,at_risk_user,34,mixed,2024-03-04,0,0,0.0,0.0,0,0,0,0,[],1,0
1379,consistent_user,52,rehabilitation,2024-01-09,18,14,24.12,434.2,3,9,16,1,"[{""day"": 26, ""milestone"": ""3_day_streak""}]",0,1
1380,casual_user,42,strength,2024-03-29,1,1,12.96,12.96,1,0,0,0,[],1,0
1381,consistent_user,57,rehabilitation,2024-01-15,8,8,22.98,183.84,3,5,6,1,"[{""day"": 3, ""milestone"": ""3_day_streak""}]",1,0
1382,power_user,30,yoga,2024-06-13,22,16,34.93,768.45,4,19,22,2,"[{""day"": 11, ""milestone"": ""3_day_streak""}, {""day"": 29, ""milestone"": ""3_day_streak""}]",0,1
1383,at_risk_user,65,mixed,2024-05-13,3,3,5.01,15.04,1,0,0,0,[],1,0
1384,casual_user,28,strength,2024-06-25,11,11,10.86,119.47,5,7,7,2,"[{""day"": 23, ""milestone"": ""3_day_streak""}, {""day"": 27, ""milestone"": ""10th_session""}]",0,0
1385,consistent_user,22,hiit,2024-02-27,18,13,23.09,415.59,4,7,15,2,"[{""day"": 16, ""milestone"": ""3_day_streak""}, {""day"": 29, ""milestone"": ""3_day_streak""}]",0,1
1386,casual_user,45,rehabilitation,2024-02-18,10,9,10.11,101.11,3,3,7,2,"[{""day"": 4, ""milestone"": ""3_day_streak""}, {""day"": 30, ""milestone"": ""10th_session""}]",0,0
1387,casual_user,24,cardio,2024-04-13,9,7,9.59,86.34,2,0,6,0,[],0,0
1388,casual_user,65,cardio,2024-01-06,4,4,11.9,47.6,1,2,2,0,[],1,0
1389,casual_user,33,cardio,2024-04-08,4,4,7.61,30.43,2,1,2,0,[],1,0
1390,casual_user,23,hiit,2024-01-30,9,6,10.5,94.46,3,1,6,1,"[{""day"": 3, ""milestone"": ""3_day_streak""}]",1,0
1391,casual_user,39,rehabilitation,2024-03-02,6,4,9.42,56.54,2,1,3,0,[],0,0
1392,consistent_user,51,cardio,2024-03-23,11,10,20.99,230.89,4,5,9,2,"[{""day"": 3, ""milestone"": ""3_day_streak""}, {""day"": 26, ""milestone"": ""10th_session""}]",0,1
1393,consistent_user,19,cardio,2024-04-03,21,17,21.61,453.75,3,8,14,3,"[{""day"": 16, ""milestone"": ""10th_session""}, {""day"": 18, ""milestone"": ""3_day_streak""}, {""day"": 30, ""milestone"": ""3_day_streak""}]",0,1
1394,casual_user,35,strength,2024-02-05,7,7,9.87,69.07,1,2,2,0,[],0,0
1395,at_risk_user,42,cardio,2024-01-13,0,0,0.0,0.0,0,0,0,0,[],1,0
1396,casual_user,59,hiit,2024-05-30,5,5,10.73,53.67,2,3,3,0,[],0,0
1397,consistent_user,40,hiit,2024-04-24,8,7,23.77,190.13,2,5,6,0,[],1,0
1398,consistent_user,45,cardio,2024-05-16,12,10,22.31,267.69,3,6,8,2,"[{""day"": 19, ""milestone"": ""3_day_streak""}, {""day"": 19, ""milestone"": ""10th_session""}]",0,1
1399,casual_user,44,hiit,2024-04-26,8,8,8.57,68.57,2,1,6,0,[],0,0
1400,at_risk_user,25,hiit,2024-02-24,3,3,4.94,14.82,1,1,1,0,[],1,0
1401,casual_user,18,strength,2024-04-02,5,5,9.46,47.29,1,2,4,0,[],0,0
1402,power_user,46,rehabilitation,2024-06-06,18,17,35.51,639.12,5,13,18,2,"[{""day"": 20, ""milestone"": ""10th_session""}, {""day"": 25, ""milestone"": ""3_day_streak""}]",0,1
1403,casual_user,35,hiit,2024-02-24,9,8,12.16,109.47,2,4,4,0,[],0,0
1404,consistent_user,21,hiit,2024-02-22,11,10,23.72,260.92,3,5,9,2,"[{""day"": 29, ""milestone"": ""10th_session""}, {""day"": 30, ""milestone"": ""3_day_streak""}]",0,1
1405,at_risk_user,38,hiit,2024-06-27,3,3,5.29,15.88,2,0,0,0,[],1,0
1406,power_user,40,rehabilitation,2024-04-21,19,15,36.09,685.73,4,14,18,2,"[{""day"": 14, ""milestone"": ""10th_session""}, {""day"": 29, ""milestone"": ""3_day_streak""}]",0,1
1407,at_risk_user,35,mixed,2024-02-03,4,4,4.59,18.36,2,0,4,0,[],0,0
1408,casual_user,51,strength,2024-06-07,3,3,9.53,28.59,1,1,0,0,[],1,0
1409,consistent_user,25,rehabilitation,2024-04-14,13,12,21.8,283.34,3,9,10,2,"[{""day"": 3, ""milestone"": ""3_day_streak""}, {""day"": 16, ""milestone"": ""10th_session""}]",0,1
1410,consistent_user,56,hiit,2024-02-16,4,3,23.45,93.81,2,1,3,0,[],1,0
1411,casual_user,53,hiit,2024-06-11,9,9,10.55,94.97,2,0,5,0,[],0,0
1412,casual_user,45,rehabilitation,2024-06-26,4,4,13.13,52.53,2,3,4,0,[],1,0
1413,consistent_user,28,hiit,2024-02-20,12,11,24.14,289.74,5,7,8,1,"[{""day"": 28, ""milestone"": ""3_day_streak""}]",0,1
1414,casual_user,27,mixed,2024-02-04,11,10,11.25,123.75,2,0,7,1,"[{""day"": 24, ""milestone"": ""10th_session""}]",0,0
1415,at_risk_user,41,cardio,2024-03-14,0,0,0.0,0.0,0,0,0,0,[],1,0
1416,casual_user,35,cardio,2024-04-16,3,3,8.47,25.4,1,3,2,0,[],1,0
1417,casual_user,58,strength,2024-02-22,9,8,10.7,96.33,2,4,3,0,[],0,0
1418,consistent_user,26,mixed,2024-04-02,5,5,19.49,97.44,2,2,4,0,[],1,0
1419,casual_user,50,yoga,2024-01-09,8,6,12.13,97.04,3,3,7,1,"[{""day"": 11, ""milestone"": ""3_day_streak""}]",1,0
1420,consistent_user,29,strength,2024-05-27,11,9,23.16,254.76,2,4,9,1,"[{""day"": 25, ""milestone"": ""10th_session""}]",0,1
1421,consistent_user,23,rehabilitation,2024-04-18,21,17,22.97,482.45,6,10,15,4,"[{""day"": 16, ""milestone"": ""3_day_streak""}, {""day"": 17, ""milestone"": ""10th_session""}, {""day"": 23, ""milestone"": ""3_day_streak""}, {""day"": 30, ""milestone"": ""3_day_streak""}]",0,1
1422,consistent_user,29,hiit,2024-01-31,1,1,26.52,26.52,1,0,1,0,[],1,0
1423,consistent_user,34,rehabilitation,2024-06-22,2,1,21.13,42.26,1,0,2,0,[],1,0
1424,power_user,20,cardio,2024-06-19,22,18,35.63,783.87,5,19,22,2,"[{""day"": 14, ""milestone"": ""10th_session""}, {""day"": 21, ""milestone"": ""3_day_streak""}]",0,1
1425,power_user,22,strength,2024-06-15,17,15,33.71,573.01,5,13,15,3,"[{""day"": 4, ""milestone"": ""3_day_streak""}, {""day"": 14, ""milestone"": ""10th_session""}, {""day"": 16, ""milestone"": ""3_day_streak""}]",0,1
1426,at_risk_user,52,rehabilitation,2024-03-18,2,2,2.83,5.65,1,0,0,0,[],0,0
1427,casual_user,31,strength,2024-03-24,5,4,10.89,54.45,2,3,3,0,[],1,0
1428,casual_user,25,hiit,2024-01-18,4,3,9.91,39.64,1,1,3,0,[],1,0
1429,casual_user,57,yoga,2024-03-21,9,8,9.51,85.58,2,3,1,0,[],0,0
1430,casual_user,58,hiit,2024-06-06,2,2,9.13,18.27,1,1,1,0,[],1,0
1431,casual_user,53,yoga,2024-05-01,12,11,8.95,107.44,3,3,7,2,"[{""day"": 27, ""milestone"": ""3_day_streak""}, {""day"": 27, ""milestone"": ""10th_session""}]",0,0
1432,casual_user,37,cardio,2024-05-06,8,7,9.24,73.91,2,0,2,0,[],0,0
1433,casual_user,19,mixed,2024-05-17,7,6,11.21,78.47,2,1,4,0,[],0,0
1434,consistent_user,64,strength,2024-04-09,8,8,22.3,178.41,2,2,4,0,[],0,1
1435,casual_user,35,mixed,2024-01-26,11,9,9.46,104.09,2,2,9,1,"[{""day"": 25, ""milestone"": ""10th_session""}]",0,0
1436,casual_user,52,rehabilitation,2024-04-24,4,4,9.72,38.87,1,2,1,0,[],1,0
1437,casual_user,39,strength,2024-02-04,4,4,11.43,45.72,2,0,0,0,[],1,0
1438,at_risk_user,29,rehabilitation,2024-01-15,3,3,5.23,15.7,1,2,0,0,[],0,0
1439,power_user,59,yoga,2024-01-18,20,16,33.48,669.62,5,15,20,3,"[{""day"": 3, ""milestone"": ""3_day_streak""}, {""day"": 11, ""milestone"": ""3_day_streak""}, {""day"": 13, ""milestone"": ""10th_session""}]",0,1
1440,casual_user,30,rehabilitation,2024-01-01,2,2,12.61,25.22,1,0,1,0,[],1,0
1441,power_user,32,cardio,2024-05-13,26,19,34.76,903.79,6,21,26,5,"[{""day"": 3, ""milestone"": ""3_day_streak""}, {""day"": 7, ""milestone"": ""3_day_streak""}, {""day"": 9, ""milestone"": ""10th_session""}, {""day"": 13, ""milestone"": ""3_day_streak""}, {""day"": 23, ""milestone"": ""3_day_streak""}]",0,1
1442,consistent_user,36,yoga,2024-06-28,8,7,22.1,176.8,2,5,6,0,[],0,1
1443,casual_user,38,cardio,2024-06-18,9,9,10.73,96.57,2,2,3,0,[],0,0
1444,consistent_user,47,hiit,2024-03-12,9,9,20.41,183.71,2,4,7,0,[],0,1
1445,at_risk_user,63,hiit,2024-01-29,2,2,5.34,10.68,1,0,0,0,[],1,0
1446,at_risk_user,57,mixed,2024-03-31,4,4,5.31,21.26,1,1,0,0,[],0,0
1447,consistent_user,44,hiit,2024-01-30,16,12,21.04,336.7,4,7,9,1,"[{""day"": 27, ""milestone"": ""3_day_streak""}]",0,1
1448,consistent_user,65,hiit,2024-02-22,6,5,23.36,140.13,3,3,6,1,"[{""day"": 14, ""milestone"": ""3_day_streak""}]",1,0
1449,at_risk_user,46,mixed,2024-06-05,0,0,0.0,0.0,0,0,0,0,[],1,0
1450,consistent_user,42,cardio,2024-01-23,12,10,24.18,290.16,2,8,10,1,"[{""day"": 24, ""milestone"": ""10th_session""}]",0,1
1451,consistent_user,51,hiit,2024-05-21,13,13,21.72,282.39,4,6,9,2,"[{""day"": 16, ""milestone"": ""3_day_streak""}, {""day"": 17, ""milestone"": ""10th_session""}]",0,1
1452,casual_user,58,rehabilitation,2024-01-15,13,10,10.51,136.61,3,4,10,1,"[{""day"": 23, ""milestone"": ""3_day_streak""}]",0,0
1453,consistent_user,52,mixed,2024-04-07,4,4,23.2,92.82,1,2,4,0,[],1,0
1454,casual_user,53,yoga,2024-05-01,8,6,9.11,72.9,2,4,2,0,[],0,0
1455,at_risk_user,41,cardio,2024-04-17,2,1,5.52,11.03,1,0,0,0,[],1,0
1456,at_risk_user,23,strength,2024-05-04,0,0,0.0,0.0,0,0,0,0,[],1,0
1457,at_risk_user,64,hiit,2024-04-11,0,0,0.0,0.0,0,0,0,0,[],1,0
1458,casual_user,37,yoga,2024-03-05,5,4,8.18,40.89,1,1,3,0,[],1,0
1459,casual_user,30,cardio,2024-06-25,7,7,9.62,67.34,2,1,2,0,[],0,0
1460,at_risk_user,56,rehabilitation,2024-01-23,2,2,4.5,9.0,1,0,0,0,[],1,0
1461,at_risk_user,42,rehabilitation,2024-06-14,3,3,3.86,11.58,1,1,0,0,[],1,0
1462,casual_user,61,hiit,2024-06-16,0,0,0.0,0.0,0,0,0,0,[],1,0
1463,casual_user,25,mixed,2024-04-28,8,8,9.24,73.89,2,2,5,0,[],0,0
1464,consistent_user,44,strength,2024-04-12,11,10,22.1,243.12,3,6,8,2,"[{""day"": 28, ""milestone"": ""10th_session""}, {""day"": 29, ""milestone"": ""3_day_streak""}]",0,1
1465,casual_user,24,strength,2024-03-18,2,2,9.23,18.46,1,1,0,0,[],1,0
1466,consistent_user,58,yoga,2024-02-09,11,10,22.38,246.19,2,7,8,1,"[{""day"": 24, ""milestone"": ""10th_session""}]",0,1
1467,casual_user,33,hiit,2024-04-13,15,15,9.63,144.51,4,5,8,3,"[{""day"": 14, ""milestone"": ""3_day_streak""}, {""day"": 20, ""milestone"": ""3_day_streak""}, {""day"": 20, ""milestone"": ""10th_session""}]",0,0
1468,consistent_user,23,yoga,2024-03-20,18,15,21.67,390.13,2,5,14,1,"[{""day"": 20, ""milestone"": ""10th_session""}]",0,1
1469,casual_user,24,strength,2024-06-10,9,9,11.4,102.59,2,4,6,0,[],0,0
1470,at_risk_user,52,hiit,2024-01-20,3,3,6.94,20.83,1,0,0,0,[],0,0
1471,consistent_user,46,rehabilitation,2024-02-19,8,7,22.82,182.55,2,7,6,0,[],1,0
1472,at_risk_user,20,hiit,2024-04-30,0,0,0.0,0.0,0,0,0,0,[],1,0
1473,casual_user,36,rehabilitation,2024-05-05,1,1,11.3,11.3,1,1,0,0,[],1,0
1474,casual_user,50,yoga,2024-01-08,4,4,7.13,28.51,2,1,1,0,[],0,0
1475,consistent_user,38,strength,2024-06-10,9,9,18.75,168.72,2,3,5,0,[],0,1
1476,consistent_user,46,hiit,2024-05-08,10,10,22.45,224.52,4,5,8,2,"[{""day"": 6, ""milestone"": ""3_day_streak""}, {""day"": 30, ""milestone"": ""10th_session""}]",0,1
1477,power_user,53,rehabilitation,2024-05-26,13,12,35.41,460.28,4,9,12,3,"[{""day"": 8, ""milestone"": ""3_day_streak""}, {""day"": 17, ""milestone"": ""3_day_streak""}, {""day"": 17, ""milestone"": ""10th_session""}]",0,1
1478,casual_user,53,cardio,2024-04-27,6,6,11.74,70.47,3,1,3,1,"[{""day"": 8, ""milestone"": ""3_day_streak""}]",0,0
1479,at_risk_user,30,mixed,2024-03-19,2,2,3.25,6.51,1,0,0,0,[],1,0
1480,power_user,41,strength,2024-05-31,24,17,36.45,874.89,4,20,23,3,"[{""day"": 6, ""milestone"": ""3_day_streak""}, {""day"": 11, ""milestone"": ""3_day_streak""}, {""day"": 18, ""milestone"": ""3_day_streak""}]",0,1
1481,consistent_user,46,strength,2024-04-03,19,15,21.77,413.67,3,9,18,3,"[{""day"": 16, ""milestone"": ""10th_session""}, {""day"": 17, ""milestone"": ""3_day_streak""}, {""day"": 22, ""milestone"": ""3_day_streak""}]",0,1
1482,consistent_user,22,yoga,2024-01-09,11,10,22.3,245.33,2,4,9,1,"[{""day"": 29, ""milestone"": ""10th_session""}]",0,1
1483,consistent_user,26,cardio,2024-02-04,3,3,22.17,66.52,1,1,1,0,[],1,0
1484,consistent_user,53,strength,2024-06-04,11,9,22.88,251.7,2,4,9,1,"[{""day"": 28, ""milestone"": ""10th_session""}]",0,1
1485,consistent_user,39,cardio,2024-06-07,10,9,22.3,222.97,2,5,7,1,"[{""day"": 30, ""milestone"": ""10th_session""}]",0,1
1486,at_risk_user,23,rehabilitation,2024-04-27,1,1,5.74,5.74,1,0,0,0,[],1,0
1487,consistent_user,53,hiit,2024-04-26,15,13,23.43,351.39,3,4,14,2,"[{""day"": 10, ""milestone"": ""3_day_streak""}, {""day"": 21, ""milestone"": ""10th_session""}]",0,1
1488,consistent_user,28,cardio,2024-02-24,14,13,20.48,286.73,3,8,7,4,"[{""day"": 13, ""milestone"": ""3_day_streak""}, {""day"": 20, ""milestone"": ""3_day_streak""}, {""day"": 20, ""milestone"": ""10th_session""}, {""day"": 28, ""milestone"": ""3_day_streak""}]",0,1
1489,casual_user,62,yoga,2024-02-18,8,7,9.08,72.62,2,3,4,0,[],0,0
1490,casual_user,33,cardio,2024-03-20,5,5,9.97,49.83,2,1,4,0,[],1,0
1491,consistent_user,31,strength,2024-05-29,11,11,20.22,222.46,3,6,6,2,"[{""day"": 3, ""milestone"": ""3_day_streak""}, {""day"": 27, ""milestone"": ""10th_session""}]",0,1
1492,consistent_user,50,mixed,2024-05-17,11,10,22.6,248.62,2,6,5,1,"[{""day"": 29, ""milestone"": ""10th_session""}]",0,1
1493,consistent_user,35,cardio,2024-04-21,14,13,23.18,324.53,4,9,11,2,"[{""day"": 8, ""milestone"": ""3_day_streak""}, {""day"": 16, ""milestone"": ""10th_session""}]",0,1
1494,casual_user,42,cardio,2024-06-26,7,6,9.17,64.21,1,1,6,0,[],0,0
1495,power_user,36,cardio,2024-05-09,14,13,32.85,459.86,3,12,14,2,"[{""day"": 10, ""milestone"": ""3_day_streak""}, {""day"": 19, ""milestone"": ""10th_session""}]",0,1
1496,consistent_user,21,hiit,2024-01-05,13,9,23.83,309.73,4,4,9,1,"[{""day"": 16, ""milestone"": ""3_day_streak""}]",0,1
1497,power_user,36,hiit,2024-01-27,17,16,35.67,606.38,3,14,15,3,"[{""day"": 12, ""milestone"": ""3_day_streak""}, {""day"": 14, ""milestone"": ""10th_session""}, {""day"": 16, ""milestone"": ""3_day_streak""}]",0,1
1498,casual_user,43,rehabilitation,2024-01-09,4,4,10.58,42.31,2,1,0,0,[],1,0
1499,casual_user,52,rehabilitation,2024-02-24,2,2,11.64,23.29,1,0,0,0,[],1,0
1500,consistent_user,51,strength,2024-06-26,6,5,22.55,135.31,2,2,3,0,[],0,1
1501,casual_user,31,mixed,2024-05-16,7,5,10.16,71.11,1,3,0,0,[],1,0
1502,at_risk_user,23,yoga,2024-01-24,1,1,7.07,7.07,1,0,0,0,[],1,0
1503,power_user,53,cardio,2024-03-08,27,20,34.46,930.46,8,21,27,4,"[{""day"": 3, ""milestone"": ""3_day_streak""}, {""day"": 12, ""milestone"": ""10th_session""}, {""day"": 19, ""milestone"": ""3_day_streak""}, {""day"": 23, ""milestone"": ""7_day_streak""}]",0,1
1504,consistent_user,24,cardio,2024-02-01,9,7,20.14,181.3,2,6,6,0,[],1,0
1505,power_user,47,hiit,2024-04-16,23,19,33.95,780.93,5,17,23,3,"[{""day"": 8, ""milestone"": ""3_day_streak""}, {""day"": 10, ""milestone"": ""10th_session""}, {""day"": 29, ""milestone"": ""3_day_streak""}]",0,1
1506,consistent_user,65,cardio,2024-04-11,12,11,22.34,268.13,2,6,10,1,"[{""day"": 27, ""milestone"": ""10th_session""}]",0,1
1507,consistent_user,20,mixed,2024-06-24,12,11,23.57,282.82,5,6,7,2,"[{""day"": 8, ""milestone"": ""3_day_streak""}, {""day"": 26, ""milestone"": ""10th_session""}]",0,1
1508,casual_user,36,strength,2024-01-12,2,2,8.96,17.92,1,1,1,0,[],1,0
1509,power_user,55,cardio,2024-04-25,15,14,33.2,498.05,2,11,14,1,"[{""day"": 20, ""milestone"": ""10th_session""}]",0,1
1510,casual_user,58,cardio,2024-04-30,1,1,14.26,14.26,1,1,0,0,[],1,0
1511,at_risk_user,26,yoga,2024-03-02,2,2,3.86,7.73,1,1,1,0,[],1,0
1512,power_user,48,strength,2024-02-08,25,20,34.19,854.67,6,16,23,4,"[{""day"": 11, ""milestone"": ""3_day_streak""}, {""day"": 14, ""milestone"": ""10th_session""}, {""day"": 21, ""milestone"": ""3_day_streak""}, {""day"": 27, ""milestone"": ""3_day_streak""}]",0,1
1513,at_risk_user,65,yoga,2024-01-08,1,1,3.95,3.95,1,0,0,0,[],1,0
1514,at_risk_user,56,yoga,2024-03-29,1,1,2.2,2.2,1,0,0,0,[],1,0
1515,consistent_user,65,mixed,2024-06-22,14,13,23.49,328.89,4,8,11,3,"[{""day"": 16, ""milestone"": ""3_day_streak""}, {""day"": 19, ""milestone"": ""10th_session""}, {""day"": 21, ""milestone"": ""3_day_streak""}]",0,1
1516,casual_user,25,yoga,2024-03-12,4,4,12.35,49.39,2,1,2,0,[],1,0
1517,power_user,26,yoga,2024-04-24,17,14,36.09,613.56,3,10,14,2,"[{""day"": 20, ""milestone"": ""3_day_streak""}, {""day"": 20, ""milestone"": ""10th_session""}]",0,1
1518,consistent_user,41,strength,2024-06-03,3,3,23.52,70.57,1,2,2,0,[],1,0
1519,at_risk_user,25,yoga,2024-05-04,3,3,3.56,10.67,2,1,0,0,[],1,0
1520,consistent_user,48,hiit,2024-01-04,12,10,21.56,258.69,5,7,10,2,"[{""day"": 24, ""milestone"": ""3_day_streak""}, {""day"": 25, ""milestone"": ""10th_session""}]",0,1
1521,at_risk_user,50,rehabilitation,2024-03-20,2,2,4.75,9.5,1,1,0,0,[],1,0
1522,at_risk_user,35,yoga,2024-04-03,2,2,4.1,8.2,2,0,0,0,[],1,0
1523,at_risk_user,61,rehabilitation,2024-03-26,2,2,7.21,14.41,1,0,0,0,[],1,0
1524,at_risk_user,62,strength,2024-06-19,5,5,5.17,25.84,1,2,2,0,[],0,0
1525,casual_user,50,hiit,2024-05-25,7,5,9.96,69.7,1,1,5,0,[],0,0
1526,consistent_user,45,hiit,2024-05-02,9,8,23.83,214.45,2,3,7,0,[],0,1
1527,power_user,26,strength,2024-05-25,19,15,33.87,643.57,4,16,19,4,"[{""day"": 6, ""milestone"": ""3_day_streak""}, {""day"": 14, ""milestone"": ""10th_session""}, {""day"": 15, ""milestone"": ""3_day_streak""}, {""day"": 29, ""milestone"": ""3_day_streak""}]",0,1
1528,consistent_user,41,strength,2024-05-07,19,15,21.43,407.22,4,6,13,2,"[{""day"": 6, ""milestone"": ""3_day_streak""}, {""day"": 13, ""milestone"": ""3_day_streak""}]",0,1
1529,power_user,35,mixed,2024-01-16,23,20,33.73,775.85,7,16,22,5,"[{""day"": 3, ""milestone"": ""3_day_streak""}, {""day"": 12, ""milestone"": ""10th_session""}, {""day"": 14, ""milestone"": ""3_day_streak""}, {""day"": 18, ""milestone"": ""7_day_streak""}, {""day"": 26, ""milestone"": ""3_day_streak""}]",0,1
1530,power_user,55,yoga,2024-06-03,5,5,35.68,178.38,2,4,5,0,[],1,0
1531,power_user,57,rehabilitation,2024-04-06,17,16,35.86,609.61,4,14,17,4,"[{""day"": 11, ""milestone"": ""3_day_streak""}, {""day"": 21, ""milestone"": ""10th_session""}, {""day"": 23, ""milestone"": ""3_day_streak""}, {""day"": 29, ""milestone"": ""3_day_streak""}]",0,1
1532,casual_user,54,cardio,2024-04-09,4,4,9.75,39.0,1,0,2,0,[],1,0
1533,casual_user,55,mixed,2024-01-14,10,8,10.56,105.59,4,3,8,2,"[{""day"": 10, ""milestone"": ""3_day_streak""}, {""day"": 21, ""milestone"": ""10th_session""}]",0,0
1534,at_risk_user,56,cardio,2024-01-11,0,0,0.0,0.0,0,0,0,0,[],1,0
1535,casual_user,37,hiit,2024-06-12,4,4,10.0,40.01,2,3,1,0,[],1,0
1536,casual_user,53,strength,2024-04-06,9,8,10.15,91.32,3,2,7,1,"[{""day"": 3, ""milestone"": ""3_day_streak""}]",0,0
1537,power_user,62,mixed,2024-05-20,18,16,37.67,678.11,6,16,17,3,"[{""day"": 14, ""milestone"": ""3_day_streak""}, {""day"": 16, ""milestone"": ""10th_session""}, {""day"": 23, ""milestone"": ""3_day_streak""}]",0,1
1538,casual_user,26,cardio,2024-03-27,2,2,10.34,20.68,1,0,1,0,[],1,0
1539,casual_user,30,cardio,2024-02-19,7,7,9.39,65.76,1,3,1,0,[],1,0
1540,casual_user,60,hiit,2024-06-28,8,8,10.71,85.66,3,2,2,1,"[{""day"": 23, ""milestone"": ""3_day_streak""}]",0,0
1541,casual_user,35,mixed,2024-01-18,4,4,9.54,38.17,2,3,0,0,[],1,0
1542,casual_user,32,cardio,2024-03-08,1,1,7.42,7.42,1,0,1,0,[],1,0
1543,at_risk_user,34,strength,2024-06-29,0,0,0.0,0.0,0,0,0,0,[],1,0
1544,casual_user,40,strength,2024-04-28,5,3,11.95,59.74,1,0,4,0,[],1,0
1545,casual_user,56,hiit,2024-01-13,6,5,12.13,72.78,1,4,2,0,[],0,0
1546,casual_user,24,mixed,2024-06-25,7,7,10.3,72.07,2,2,7,0,[],0,0
1547,at_risk_user,57,strength,2024-05-13,0,0,0.0,0.0,0,0,0,0,[],1,0
1548,power_user,50,yoga,2024-01-17,24,18,33.72,809.32,5,20,23,3,"[{""day"": 12, ""milestone"": ""3_day_streak""}, {""day"": 13, ""milestone"": ""10th_session""}, {""day"": 26, ""milestone"": ""3_day_streak""}]",0,1
1549,at_risk_user,49,cardio,2024-05-15,1,1,6.02,6.02,1,0,0,0,[],1,0
1550,power_user,45,yoga,2024-04-29,18,17,33.23,598.18,5,14,16,4,"[{""day"": 6, ""milestone"": ""3_day_streak""}, {""day"": 17, ""milestone"": ""3_day_streak""}, {""day"": 20, ""milestone"": ""10th_session""}, {""day"": 28, ""milestone"": ""3_day_streak""}]",0,1
1551,at_risk_user,48,cardio,2024-02-10,2,2,5.48,10.97,1,1,1,0,[],1,0
1552,at_risk_user,50,cardio,2024-01-03,2,2,4.47,8.94,1,1,0,0,[],1,0
1553,consistent_user,41,cardio,2024-05-10,13,11,20.92,272.02,2,7,10,1,"[{""day"": 24, ""milestone"": ""10th_session""}]",0,1
1554,casual_user,18,strength,2024-06-03,4,4,7.84,31.37,2,2,3,0,[],1,0
1555,consistent_user,36,rehabilitation,2024-02-14,15,12,22.83,342.4,3,5,12,1,"[{""day"": 28, ""milestone"": ""3_day_streak""}]",0,1
1556,consistent_user,37,rehabilitation,2024-05-25,14,11,21.48,300.75,3,9,14,2,"[{""day"": 15, ""milestone"": ""10th_session""}, {""day"": 21, ""milestone"": ""3_day_streak""}]",0,1
1557,casual_user,26,rehabilitation,2024-03-01,7,7,9.14,64.01,2,2,4,0,[],0,0
1558,power_user,35,cardio,2024-01-28,16,12,35.13,562.11,3,10,16,2,"[{""day"": 7, ""milestone"": ""3_day_streak""}, {""day"": 20, ""milestone"": ""3_day_streak""}]",0,1
1559,consistent_user,21,cardio,2024-01-15,6,6,24.21,145.25,2,4,6,0,[],1,0
1560,at_risk_user,21,rehabilitation,2024-03-23,0,0,0.0,0.0,0,0,0,0,[],1,0
1561,power_user,53,hiit,2024-06-20,14,11,33.78,472.95,4,11,13,1,"[{""day"": 29, ""milestone"": ""3_day_streak""}]",0,1
1562,casual_user,22,hiit,2024-01-26,7,7,9.49,66.4,2,2,2,0,[],0,0
1563,consistent_user,23,mixed,2024-03-03,9,9,22.96,206.62,2,6,7,0,[],0,1
1564,casual_user,51,mixed,2024-03-24,6,6,12.68,76.09,1,2,6,0,[],0,0
1565,casual_user,38,hiit,2024-02-07,10,8,10.98,109.84,3,2,5,2,"[{""day"": 28, ""milestone"": ""3_day_streak""}, {""day"": 28, ""milestone"": ""10th_session""}]",0,0
1566,consistent_user,29,strength,2024-03-23,8,6,19.72,157.76,4,1,6,1,"[{""day"": 9, ""milestone"": ""3_day_streak""}]",1,0
1567,consistent_user,41,hiit,2024-04-18,15,12,20.88,313.2,7,3,15,3,"[{""day"": 24, ""milestone"": ""3_day_streak""}, {""day"": 26, ""milestone"": ""10th_session""}, {""day"": 28, ""milestone"": ""7_day_streak""}]",0,1
1568,casual_user,29,strength,2024-04-14,8,7,10.82,86.53,2,0,6,0,[],0,0
1569,consistent_user,37,yoga,2024-02-06,6,5,22.28,133.67,1,3,4,0,[],0,1
1570,power_user,50,cardio,2024-01-16,18,16,33.9,610.23,3,17,17,2,"[{""day"": 19, ""milestone"": ""3_day_streak""}, {""day"": 29, ""milestone"": ""3_day_streak""}]",0,1
1571,power_user,48,yoga,2024-06-07,18,16,37.57,676.25,3,10,18,2,"[{""day"": 10, ""milestone"": ""3_day_streak""}, {""day"": 17, ""milestone"": ""10th_session""}]",0,1
1572,casual_user,35,hiit,2024-04-01,7,7,9.57,67.01,2,1,5,0,[],0,0
1573,consistent_user,48,cardio,2024-02-09,11,11,22.78,250.57,3,6,9,2,"[{""day"": 21, ""milestone"": ""3_day_streak""}, {""day"": 25, ""milestone"": ""10th_session""}]",0,1
1574,at_risk_user,56,rehabilitation,2024-06-26,2,2,6.86,13.71,1,0,1,0,[],1,0
1575,consistent_user,25,cardio,2024-05-03,5,4,23.97,119.85,2,3,1,0,[],0,1
1576,casual_user,60,mixed,2024-03-16,5,5,9.29,46.47,1,3,4,0,[],0,0
1577,consistent_user,26,cardio,2024-02-22,12,11,23.33,279.96,3,3,3,2,"[{""day"": 21, ""milestone"": ""3_day_streak""}, {""day"": 21, ""milestone"": ""10th_session""}]",0,1
1578,casual_user,46,rehabilitation,2024-01-28,6,6,10.79,64.72,2,0,3,0,[],0,0
1579,power_user,61,yoga,2024-06-20,21,19,34.0,714.06,8,15,19,3,"[{""day"": 3, ""milestone"": ""3_day_streak""}, {""day"": 7, ""milestone"": ""7_day_streak""}, {""day"": 17, ""milestone"": ""3_day_streak""}]",0,1
1580,consistent_user,20,mixed,2024-04-23,2,2,22.64,45.28,1,1,2,0,[],1,0
1581,at_risk_user,38,mixed,2024-01-29,2,2,3.17,6.33,2,0,0,0,[],1,0
1582,power_user,63,strength,2024-01-22,23,17,35.04,805.99,6,17,23,2,"[{""day"": 15, ""milestone"": ""3_day_streak""}, {""day"": 21, ""milestone"": ""3_day_streak""}]",0,1
1583,consistent_user,32,strength,2024-02-27,10,9,20.0,200.0,2,10,3,1,"[{""day"": 30, ""milestone"": ""10th_session""}]",0,1
1584,at_risk_user,29,mixed,2024-05-01,2,2,4.75,9.49,2,2,1,0,[],1,0
1585,consistent_user,47,rehabilitation,2024-04-05,14,12,22.59,316.21,2,7,11,1,"[{""day"": 18, ""milestone"": ""10th_session""}]",0,1
1586,at_risk_user,21,yoga,2024-03-12,4,4,5.37,21.47,2,1,2,0,[],0,0
1587,at_risk_user,38,yoga,2024-02-12,2,2,4.71,9.41,1,0,0,0,[],1,0
1588,consistent_user,56,yoga,2024-03-31,9,6,24.53,220.73,2,3,6,0,[],1,0
1589,at_risk_user,64,hiit,2024-02-23,2,2,3.3,6.6,1,0,1,0,[],1,0
1590,casual_user,56,mixed,2024-04-20,8,8,10.97,87.76,2,2,4,0,[],0,0
1591,consistent_user,32,rehabilitation,2024-03-16,16,14,21.91,350.51,2,4,12,1,"[{""day"": 17, ""milestone"": ""10th_session""}]",0,1
1592,consistent_user,47,hiit,2024-04-12,9,8,25.17,226.54,3,2,8,1,"[{""day"": 8, ""milestone"": ""3_day_streak""}]",0,1
1593,casual_user,57,hiit,2024-02-21,10,9,10.29,102.88,3,0,5,3,"[{""day"": 10, ""milestone"": ""3_day_streak""}, {""day"": 22, ""milestone"": ""3_day_streak""}, {""day"": 22, ""milestone"": ""10th_session""}]",0,0
1594,casual_user,51,strength,2024-03-28,2,2,8.68,17.35,1,1,0,0,[],1,0
1595,casual_user,51,cardio,2024-02-27,7,6,9.05,63.38,2,1,5,0,[],1,0
1596,consistent_user,49,yoga,2024-06-28,9,8,23.61,212.47,3,5,5,1,"[{""day"": 9, ""milestone"": ""3_day_streak""}]",1,0
1597,casual_user,28,cardio,2024-01-06,4,4,10.83,43.3,2,0,2,0,[],1,0
1598,casual_user,61,yoga,2024-01-25,3,3,13.63,40.89,1,0,3,0,[],1,0
1599,casual_user,52,cardio,2024-06-03,4,4,11.44,45.77,1,2,4,0,[],0,0
1600,consistent_user,40,rehabilitation,2024-03-30,7,6,23.35,163.42,2,5,4,0,[],0,1
1601,at_risk_user,52,hiit,2024-05-31,1,1,4.43,4.43,1,0,0,0,[],1,0
1602,at_risk_user,29,rehabilitation,2024-02-24,1,1,6.88,6.88,1,0,0,0,[],1,0
1603,casual_user,31,strength,2024-04-30,5,4,7.59,37.93,2,0,5,0,[],1,0
1604,casual_user,33,hiit,2024-05-06,4,4,9.55,38.19,3,2,2,1,"[{""day"": 11, ""milestone"": ""3_day_streak""}]",1,0
1605,casual_user,55,yoga,2024-05-06,12,11,9.38,112.61,3,4,6,2,"[{""day"": 17, ""milestone"": ""3_day_streak""}, {""day"": 25, ""milestone"": ""10th_session""}]",0,0
1606,casual_user,39,mixed,2024-04-26,8,8,9.22,73.78,2,4,2,0,[],0,0
1607,consistent_user,63,strength,2024-02-06,11,8,22.4,246.36,3,8,11,2,"[{""day"": 18, ""milestone"": ""3_day_streak""}, {""day"": 22, ""milestone"": ""10th_session""}]",0,1
1608,consistent_user,37,cardio,2024-06-24,11,11,24.48,269.23,3,6,11,2,"[{""day"": 6, ""milestone"": ""3_day_streak""}, {""day"": 25, ""milestone"": ""10th_session""}]",0,1
1609,consistent_user,37,yoga,2024-04-07,16,14,21.21,339.44,5,6,11,2,"[{""day"": 5, ""milestone"": ""3_day_streak""}, {""day"": 12, ""milestone"": ""10th_session""}]",0,1
1610,consistent_user,62,mixed,2024-06-03,2,2,27.17,54.35,1,1,2,0,[],1,0
1611,casual_user,21,mixed,2024-05-12,2,2,10.25,20.51,1,1,0,0,[],1,0
1612,power_user,27,yoga,2024-03-14,11,9,36.79,404.65,2,8,10,1,"[{""day"": 29, ""milestone"": ""10th_session""}]",0,1
1613,consistent_user,57,mixed,2024-04-22,11,10,22.73,250.03,2,7,9,1,"[{""day"": 29, ""milestone"": ""10th_session""}]",0,1
1614,at_risk_user,29,yoga,2024-05-08,1,1,2.01,2.01,1,0,0,0,[],1,0
1615,at_risk_user,53,cardio,2024-01-26,1,1,6.28,6.28,1,0,0,0,[],1,0
1616,casual_user,54,rehabilitation,2024-01-27,4,4,12.88,51.5,3,3,1,1,"[{""day"": 6, ""milestone"": ""3_day_streak""}]",1,0
1617,power_user,58,mixed,2024-02-14,19,14,34.41,653.71,3,18,18,2,"[{""day"": 11, ""milestone"": ""10th_session""}, {""day"": 20, ""milestone"": ""3_day_streak""}]",0,1
1618,power_user,60,rehabilitation,2024-02-14,10,9,36.82,368.24,2,9,10,1,"[{""day"": 30, ""milestone"": ""10th_session""}]",0,1
1619,consistent_user,36,yoga,2024-01-16,11,11,20.77,228.45,4,7,7,2,"[{""day"": 20, ""milestone"": ""3_day_streak""}, {""day"": 24, ""milestone"": ""10th_session""}]",0,1
1620,consistent_user,30,mixed,2024-03-20,19,14,22.08,419.52,5,10,13,4,"[{""day"": 5, ""milestone"": ""3_day_streak""}, {""day"": 17, ""milestone"": ""10th_session""}, {""day"": 19, ""milestone"": ""3_day_streak""}, {""day"": 26, ""milestone"": ""3_day_streak""}]",0,1
1621,casual_user,36,hiit,2024-02-27,12,10,9.54,114.48,3,5,5,2,"[{""day"": 20, ""milestone"": ""3_day_streak""}, {""day"": 24, ""milestone"": ""10th_session""}]",0,0
1622,casual_user,44,mixed,2024-02-16,10,8,9.99,99.88,2,5,5,1,"[{""day"": 27, ""milestone"": ""10th_session""}]",0,0
1623,at_risk_user,29,hiit,2024-03-23,4,3,5.97,23.89,2,1,3,0,[],1,0
1624,power_user,65,cardio,2024-06-09,20,15,34.17,683.46,3,20,20,1,"[{""day"": 9, ""milestone"": ""3_day_streak""}]",0,1
1625,consistent_user,63,rehabilitation,2024-05-11,18,15,21.95,395.18,6,11,11,3,"[{""day"": 13, ""milestone"": ""3_day_streak""}, {""day"": 15, ""milestone"": ""10th_session""}, {""day"": 24, ""milestone"": ""3_day_streak""}]",0,1
1626,power_user,27,yoga,2024-06-23,17,15,34.06,579.08,3,15,17,2,"[{""day"": 12, ""milestone"": ""3_day_streak""}, {""day"": 12, ""milestone"": ""10th_session""}]",0,1
1627,at_risk_user,52,yoga,2024-03-14,2,2,6.3,12.61,1,1,2,0,[],0,0
1628,casual_user,62,cardio,2024-06-10,5,4,11.66,58.29,1,2,2,0,[],1,0
1629,casual_user,55,mixed,2024-02-06,11,9,11.63,127.88,3,5,5,2,"[{""day"": 8, ""milestone"": ""3_day_streak""}, {""day"": 25, ""milestone"": ""10th_session""}]",0,0
1630,consistent_user,48,rehabilitation,2024-04-30,13,12,22.08,287.08,4,9,13,1,"[{""day"": 20, ""milestone"": ""3_day_streak""}]",0,1
1631,consistent_user,49,mixed,2024-01-17,12,11,23.34,280.09,3,5,10,2,"[{""day"": 12, ""milestone"": ""3_day_streak""}, {""day"": 18, ""milestone"": ""10th_session""}]",0,1
1632,casual_user,45,yoga,2024-05-25,10,8,9.41,94.09,2,3,2,1,"[{""day"": 28, ""milestone"": ""10th_session""}]",0,0
1633,consistent_user,43,strength,2024-04-25,15,11,21.69,325.35,2,10,11,1,"[{""day"": 14, ""milestone"": ""10th_session""}]",0,1
1634,power_user,32,yoga,2024-03-04,29,21,36.16,1048.59,6,24,26,3,"[{""day"": 6, ""milestone"": ""3_day_streak""}, {""day"": 15, ""milestone"": ""3_day_streak""}, {""day"": 24, ""milestone"": ""3_day_streak""}]",0,1
1635,power_user,42,cardio,2024-04-27,24,22,33.14,795.43,6,20,23,5,"[{""day"": 6, ""milestone"": ""3_day_streak""}, {""day"": 11, ""milestone"": ""3_day_streak""}, {""day"": 13, ""milestone"": ""10th_session""}, {""day"": 20, ""milestone"": ""3_day_streak""}, {""day"": 27, ""milestone"": ""3_day_streak""}]",0,1
1636,casual_user,64,yoga,2024-06-12,9,8,9.85,88.63,2,5,6,0,[],0,0
1637,consistent_user,58,cardio,2024-04-29,10,10,23.49,234.92,1,5,10,1,"[{""day"": 30, ""milestone"": ""10th_session""}]",0,1
1638,consistent_user,39,strength,2024-02-23,12,9,23.24,278.92,2,3,9,1,"[{""day"": 25, ""milestone"": ""10th_session""}]",0,1
1639,consistent_user,31,mixed,2024-06-27,19,16,21.67,411.8,4,8,15,4,"[{""day"": 4, ""milestone"": ""3_day_streak""}, {""day"": 16, ""milestone"": ""3_day_streak""}, {""day"": 16, ""milestone"": ""10th_session""}, {""day"": 21, ""milestone"": ""3_day_streak""}]",0,1
1640,consistent_user,22,strength,2024-06-01,11,11,20.94,230.34,4,8,8,2,"[{""day"": 26, ""milestone"": ""3_day_streak""}, {""day"": 27, ""milestone"": ""10th_session""}]",0,1
1641,at_risk_user,43,strength,2024-05-20,0,0,0.0,0.0,0,0,0,0,[],1,0
1642,power_user,40,strength,2024-04-25,12,11,36.52,438.24,3,9,12,2,"[{""day"": 26, ""milestone"": ""10th_session""}, {""day"": 28, ""milestone"": ""3_day_streak""}]",0,1
1643,casual_user,30,cardio,2024-01-17,8,8,12.09,96.72,1,4,5,0,[],0,0
1644,consistent_user,54,cardio,2024-04-04,15,14,23.59,353.81,6,4,13,3,"[{""day"": 10, ""milestone"": ""3_day_streak""}, {""day"": 21, ""milestone"": ""10th_session""}, {""day"": 23, ""milestone"": ""3_day_streak""}]",0,1
1645,consistent_user,61,strength,2024-05-14,17,14,23.8,404.55,4,9,15,3,"[{""day"": 18, ""milestone"": ""3_day_streak""}, {""day"": 19, ""milestone"": ""10th_session""}, {""day"": 23, ""milestone"": ""3_day_streak""}]",0,1
1646,at_risk_user,55,mixed,2024-02-19,0,0,0.0,0.0,0,0,0,0,[],1,0
1647,at_risk_user,18,hiit,2024-02-17,5,5,4.4,21.98,2,2,3,0,[],0,0
1648,power_user,29,rehabilitation,2024-03-11,18,12,33.63,605.41,3,13,18,2,"[{""day"": 19, ""milestone"": ""3_day_streak""}, {""day"": 23, ""milestone"": ""3_day_streak""}]",0,1
1649,power_user,61,cardio,2024-04-29,18,12,34.23,616.17,2,18,18,0,[],0,1
1650,at_risk_user,43,yoga,2024-05-25,2,2,2.13,4.26,1,1,0,0,[],1,0
1651,casual_user,47,yoga,2024-04-03,4,3,8.8,35.19,2,0,1,0,[],1,0
1652,at_risk_user,34,yoga,2024-05-21,1,1,3.26,3.26,1,0,1,0,[],0,0
1653,consistent_user,46,rehabilitation,2024-01-15,18,16,21.46,386.35,5,12,16,3,"[{""day"": 3, ""milestone"": ""3_day_streak""}, {""day"": 15, ""milestone"": ""10th_session""}, {""day"": 26, ""milestone"": ""3_day_streak""}]",0,1
1654,consistent_user,21,strength,2024-05-05,9,9,22.54,202.83,2,3,4,0,[],0,1
1655,at_risk_user,22,rehabilitation,2024-01-10,2,2,4.19,8.37,2,1,0,0,[],1,0
1656,casual_user,60,cardio,2024-05-13,3,3,10.12,30.36,1,1,1,0,[],1,0
1657,casual_user,62,yoga,2024-05-02,4,4,7.79,31.15,1,1,2,0,[],0,0
1658,consistent_user,26,hiit,2024-01-22,8,8,22.48,179.82,1,3,6,0,[],0,1
1659,at_risk_user,40,strength,2024-06-08,0,0,0.0,0.0,0,0,0,0,[],1,0
1660,consistent_user,18,rehabilitation,2024-01-17,4,4,21.42,85.69,1,1,4,0,[],1,0
1661,casual_user,29,rehabilitation,2024-02-28,7,7,9.44,66.08,2,2,6,0,[],0,0
1662,power_user,22,yoga,2024-06-02,18,15,33.32,599.8,3,13,18,2,"[{""day"": 3, ""milestone"": ""3_day_streak""}, {""day"": 17, ""milestone"": ""10th_session""}]",0,1
1663,casual_user,63,strength,2024-04-16,3,3,8.51,25.53,2,2,1,0,[],0,0
1664,consistent_user,28,rehabilitation,2024-06-24,16,14,21.7,347.13,4,12,11,3,"[{""day"": 9, ""milestone"": ""3_day_streak""}, {""day"": 23, ""milestone"": ""10th_session""}, {""day"": 30, ""milestone"": ""3_day_streak""}]",0,1
1665,consistent_user,35,rehabilitation,2024-03-16,9,6,20.83,187.46,2,3,9,0,[],1,0
1666,power_user,38,cardio,2024-05-10,20,17,34.6,692.0,9,17,17,3,"[{""day"": 17, ""milestone"": ""3_day_streak""}, {""day"": 18, ""milestone"": ""10th_session""}, {""day"": 21, ""milestone"": ""7_day_streak""}]",0,1
1667,at_risk_user,42,yoga,2024-02-15,0,0,0.0,0.0,0,0,0,0,[],1,0
1668,consistent_user,54,cardio,2024-06-29,9,9,24.23,218.09,3,5,9,1,"[{""day"": 30, ""milestone"": ""3_day_streak""}]",0,1
1669,consistent_user,40,hiit,2024-06-20,12,9,23.1,277.18,3,5,8,2,"[{""day"": 26, ""milestone"": ""10th_session""}, {""day"": 27, ""milestone"": ""3_day_streak""}]",0,1
1670,casual_user,61,mixed,2024-04-24,12,10,10.49,125.92,2,0,10,1,"[{""day"": 20, ""milestone"": ""10th_session""}]",0,0
1671,casual_user,45,strength,2024-01-26,4,4,7.76,31.05,2,1,0,0,[],1,0
1672,consistent_user,42,hiit,2024-06-04,3,3,22.35,67.05,2,1,2,0,[],1,0
1673,casual_user,42,cardio,2024-04-25,10,10,9.86,98.58,3,6,3,2,"[{""day"": 29, ""milestone"": ""3_day_streak""}, {""day"": 29, ""milestone"": ""10th_session""}]",0,0
1674,casual_user,59,strength,2024-02-28,8,6,10.09,80.72,1,5,1,0,[],0,0
1675,casual_user,48,rehabilitation,2024-05-27,0,0,0.0,0.0,0,0,0,0,[],1,0
1676,consistent_user,51,cardio,2024-03-22,11,11,23.28,256.13,3,4,7,2,"[{""day"": 6, ""milestone"": ""3_day_streak""}, {""day"": 26, ""milestone"": ""10th_session""}]",0,1
1677,casual_user,65,hiit,2024-04-09,2,2,10.19,20.38,1,0,2,0,[],1,0
1678,casual_user,43,yoga,2024-01-03,3,3,12.78,38.33,1,0,2,0,[],1,0
1679,at_risk_user,62,yoga,2024-06-07,1,1,4.6,4.6,1,0,1,0,[],1,0
1680,power_user,38,yoga,2024-06-13,23,18,32.57,749.04,4,20,21,4,"[{""day"": 10, ""milestone"": ""3_day_streak""}, {""day"": 14, ""milestone"": ""10th_session""}, {""day"": 18, ""milestone"": ""3_day_streak""}, {""day"": 30, ""milestone"": ""3_day_streak""}]",0,1
1681,casual_user,59,rehabilitation,2024-03-21,1,1,14.46,14.46,1,0,0,0,[],1,0
1682,casual_user,61,cardio,2024-06-06,4,4,8.97,35.89,1,2,2,0,[],1,0
1683,casual_user,27,mixed,2024-06-20,3,3,9.84,29.52,1,2,1,0,[],1,0
1684,casual_user,34,mixed,2024-02-26,4,4,8.11,32.44,1,0,3,0,[],1,0
1685,consistent_user,40,hiit,2024-03-14,10,9,23.86,238.64,2,6,10,1,"[{""day"": 26, ""milestone"": ""10th_session""}]",0,1
1686,casual_user,63,rehabilitation,2024-03-31,6,6,9.99,59.96,2,1,3,0,[],1,0
1687,consistent_user,35,mixed,2024-01-30,12,12,25.25,303.01,3,5,6,3,"[{""day"": 12, ""milestone"": ""3_day_streak""}, {""day"": 27, ""milestone"": ""10th_session""}, {""day"": 29, ""milestone"": ""3_day_streak""}]",0,1
1688,consistent_user,26,hiit,2024-03-02,17,12,23.68,402.55,3,8,14,2,"[{""day"": 23, ""milestone"": ""10th_session""}, {""day"": 30, ""milestone"": ""3_day_streak""}]",0,1
1689,at_risk_user,35,hiit,2024-01-22,2,2,4.83,9.65,1,1,0,0,[],1,0
1690,consistent_user,56,hiit,2024-04-06,10,9,23.98,239.82,2,2,9,1,"[{""day"": 28, ""milestone"": ""10th_session""}]",0,1
1691,at_risk_user,28,strength,2024-03-14,2,2,5.88,11.77,1,0,0,0,[],1,0
1692,at_risk_user,54,yoga,2024-04-07,0,0,0.0,0.0,0,0,0,0,[],1,0
1693,consistent_user,45,rehabilitation,2024-03-26,19,17,23.04,437.73,4,10,14,3,"[{""day"": 3, ""milestone"": ""3_day_streak""}, {""day"": 17, ""milestone"": ""3_day_streak""}, {""day"": 17, ""milestone"": ""10th_session""}]",0,1
1694,at_risk_user,40,cardio,2024-05-23,1,1,2.04,2.04,1,0,0,0,[],1,0
1695,casual_user,65,rehabilitation,2024-06-12,5,5,11.25,56.25,1,2,4,0,[],1,0
1696,consistent_user,29,yoga,2024-03-23,7,6,23.6,165.18,1,3,7,0,[],0,1
1697,at_risk_user,28,cardio,2024-01-11,1,1,3.38,3.38,1,0,1,0,[],1,0
1698,power_user,44,cardio,2024-06-14,25,18,34.9,872.55,5,24,24,4,"[{""day"": 12, ""milestone"": ""3_day_streak""}, {""day"": 15, ""milestone"": ""10th_session""}, {""day"": 16, ""milestone"": ""3_day_streak""}, {""day"": 28, ""milestone"": ""3_day_streak""}]",0,1
1699,consistent_user,50,rehabilitation,2024-01-27,11,10,23.57,259.24,3,3,9,2,"[{""day"": 23, ""milestone"": ""3_day_streak""}, {""day"": 28, ""milestone"": ""10th_session""}]",0,1
1700,casual_user,37,mixed,2024-01-31,1,1,12.8,12.8,1,0,0,0,[],1,0
1701,consistent_user,60,mixed,2024-02-04,21,16,22.62,474.97,6,13,21,4,"[{""day"": 6, ""milestone"": ""3_day_streak""}, {""day"": 12, ""milestone"": ""3_day_streak""}, {""day"": 12, ""milestone"": ""10th_session""}, {""day"": 16, ""milestone"": ""3_day_streak""}]",0,1
1702,consistent_user,45,mixed,2024-02-17,9,9,23.92,215.26,2,5,8,0,[],0,1
1703,casual_user,65,cardio,2024-05-29,7,7,9.2,64.41,2,2,3,0,[],0,0
1704,consistent_user,61,hiit,2024-04-04,11,9,20.63,226.95,2,5,8,0,[],0,1
1705,consistent_user,27,cardio,2024-02-11,13,13,22.06,286.8,4,9,8,2,"[{""day"": 24, ""milestone"": ""3_day_streak""}, {""day"": 24, ""milestone"": ""10th_session""}]",0,1
1706,casual_user,34,hiit,2024-02-17,8,8,12.11,96.89,1,0,7,0,[],0,0
1707,casual_user,38,strength,2024-02-12,11,8,9.54,104.92,2,3,4,0,[],0,0
1708,casual_user,23,mixed,2024-02-25,1,1,11.27,11.27,1,1,1,0,[],1,0
1709,at_risk_user,53,strength,2024-04-15,0,0,0.0,0.0,0,0,0,0,[],1,0
1710,casual_user,23,hiit,2024-01-13,8,7,10.25,81.97,2,1,2,0,[],0,0
1711,casual_user,58,yoga,2024-03-28,1,1,13.96,13.96,1,1,0,0,[],1,0
1712,power_user,39,strength,2024-01-29,13,13,34.46,447.96,3,13,13,2,"[{""day"": 24, ""milestone"": ""10th_session""}, {""day"": 26, ""milestone"": ""3_day_streak""}]",0,1
1713,casual_user,28,yoga,2024-02-05,8,7,10.77,86.16,2,4,6,0,[],0,0
1714,casual_user,20,cardio,2024-06-28,10,10,10.89,108.88,2,4,3,1,"[{""day"": 29, ""milestone"": ""10th_session""}]",0,0
1715,consistent_user,23,rehabilitation,2024-04-16,11,10,23.46,258.03,6,8,8,1,"[{""day"": 17, ""milestone"": ""3_day_streak""}]",0,1
1716,power_user,20,mixed,2024-06-17,20,17,36.97,739.39,5,17,19,5,"[{""day"": 3, ""milestone"": ""3_day_streak""}, {""day"": 12, ""milestone"": ""3_day_streak""}, {""day"": 13, ""milestone"": ""10th_session""}, {""day"": 19, ""milestone"": ""3_day_streak""}, {""day"": 30, ""milestone"": ""3_day_streak""}]",0,1
1717,consistent_user,57,rehabilitation,2024-04-14,19,14,22.64,430.14,4,17,15,2,"[{""day"": 15, ""milestone"": ""10th_session""}, {""day"": 17, ""milestone"": ""3_day_streak""}]",0,1
1718,at_risk_user,48,yoga,2024-02-26,6,5,6.03,36.17,1,0,0,0,[],0,0
1719,power_user,35,mixed,2024-03-17,12,11,35.43,425.1,2,12,12,1,"[{""day"": 26, ""milestone"": ""10th_session""}]",0,1
1720,consistent_user,38,mixed,2024-04-15,15,13,22.74,341.06,5,6,12,2,"[{""day"": 10, ""milestone"": ""3_day_streak""}, {""day"": 16, ""milestone"": ""10th_session""}]",0,1
1721,casual_user,49,mixed,2024-02-19,2,2,13.0,26.01,1,0,2,0,[],1,0
1722,consistent_user,65,strength,2024-05-10,9,8,21.58,194.24,2,5,6,0,[],0,1
1723,casual_user,47,hiit,2024-03-07,2,2,13.32,26.65,2,0,1,0,[],0,0
1724,at_risk_user,46,cardio,2024-01-08,0,0,0.0,0.0,0,0,0,0,[],1,0
1725,at_risk_user,34,strength,2024-04-21,1,1,3.77,3.77,1,1,0,0,[],0,0
1726,power_user,19,hiit,2024-04-03,17,14,34.79,591.46,5,15,16,3,"[{""day"": 3, ""milestone"": ""3_day_streak""}, {""day"": 19, ""milestone"": ""3_day_streak""}, {""day"": 19, ""milestone"": ""10th_session""}]",0,1
1727,power_user,36,yoga,2024-03-23,24,16,33.7,808.92,4,21,23,3,"[{""day"": 9, ""milestone"": ""3_day_streak""}, {""day"": 25, ""milestone"": ""3_day_streak""}, {""day"": 30, ""milestone"": ""3_day_streak""}]",0,1
1728,power_user,21,strength,2024-04-14,16,13,35.2,563.14,3,11,16,2,"[{""day"": 10, ""milestone"": ""3_day_streak""}, {""day"": 20, ""milestone"": ""10th_session""}]",0,1
1729,at_risk_user,61,mixed,2024-01-06,0,0,0.0,0.0,0,0,0,0,[],0,0
1730,at_risk_user,34,rehabilitation,2024-06-07,4,4,3.39,13.57,1,2,2,0,[],0,0
1731,casual_user,19,hiit,2024-06-24,4,4,8.71,34.86,2,2,2,0,[],1,0
1732,consistent_user,61,rehabilitation,2024-04-07,16,13,23.1,369.54,3,10,11,2,"[{""day"": 21, ""milestone"": ""3_day_streak""}, {""day"": 27, ""milestone"": ""3_day_streak""}]",0,1
1733,power_user,42,mixed,2024-03-04,11,10,32.67,359.42,3,11,11,2,"[{""day"": 20, ""milestone"": ""3_day_streak""}, {""day"": 25, ""milestone"": ""10th_session""}]",0,1
1734,consistent_user,52,hiit,2024-04-13,13,11,21.33,277.29,5,10,12,3,"[{""day"": 3, ""milestone"": ""3_day_streak""}, {""day"": 23, ""milestone"": ""10th_session""}, {""day"": 25, ""milestone"": ""3_day_streak""}]",0,1
1735,power_user,26,mixed,2024-02-13,19,15,33.16,630.05,4,17,17,2,"[{""day"": 16, ""milestone"": ""3_day_streak""}, {""day"": 22, ""milestone"": ""3_day_streak""}]",0,1
1736,casual_user,45,yoga,2024-03-18,10,9,8.38,83.8,3,1,7,2,"[{""day"": 28, ""milestone"": ""3_day_streak""}, {""day"": 28, ""milestone"": ""10th_session""}]",0,0
1737,casual_user,33,yoga,2024-05-29,1,1,14.85,14.85,1,0,1,0,[],1,0
1738,casual_user,53,strength,2024-04-13,7,6,9.97,69.8,3,3,3,1,"[{""day"": 9, ""milestone"": ""3_day_streak""}]",1,0
1739,consistent_user,49,mixed,2024-01-12,8,8,24.43,195.43,3,5,6,1,"[{""day"": 28, ""milestone"": ""3_day_streak""}]",0,1
1740,casual_user,52,strength,2024-04-22,5,5,10.62,53.08,2,1,2,0,[],1,0
1741,consistent_user,21,hiit,2024-04-04,14,13,21.17,296.4,3,8,10,3,"[{""day"": 6, ""milestone"": ""3_day_streak""}, {""day"": 21, ""milestone"": ""10th_session""}, {""day"": 22, ""milestone"": ""3_day_streak""}]",0,1
1742,casual_user,60,hiit,2024-01-22,7,7,10.64,74.49,2,4,4,0,[],0,0
1743,consistent_user,49,cardio,2024-01-20,10,10,26.16,261.57,4,5,9,2,"[{""day"": 12, ""milestone"": ""3_day_streak""}, {""day"": 30, ""milestone"": ""10th_session""}]",0,1
1744,casual_user,58,mixed,2024-01-18,10,10,10.3,102.96,2,2,3,1,"[{""day"": 29, ""milestone"": ""10th_session""}]",0,0
1745,casual_user,42,yoga,2024-03-08,5,5,9.22,46.08,1,2,3,0,[],1,0
1746,casual_user,40,strength,2024-05-08,5,5,9.79,48.95,1,1,3,0,[],0,0
1747,casual_user,60,yoga,2024-05-28,3,3,10.73,32.2,1,1,1,0,[],1,0
1748,casual_user,57,strength,2024-06-13,4,4,10.66,42.66,2,2,3,0,[],0,0
1749,power_user,25,hiit,2024-01-09,27,22,34.28,925.62,13,22,25,5,"[{""day"": 5, ""milestone"": ""3_day_streak""}, {""day"": 9, ""milestone"": ""7_day_streak""}, {""day"": 10, ""milestone"": ""10th_session""}, {""day"": 22, ""milestone"": ""3_day_streak""}, {""day"": 28, ""milestone"": ""3_day_streak""}]",0,1
1750,casual_user,32,hiit,2024-04-05,9,9,9.53,85.8,2,1,6,0,[],0,0
1751,casual_user,60,yoga,2024-05-26,9,7,10.39,93.55,3,4,7,2,"[{""day"": 6, ""milestone"": ""3_day_streak""}, {""day"": 21, ""milestone"": ""3_day_streak""}]",0,0
1752,consistent_user,46,hiit,2024-01-26,9,9,24.2,217.84,2,1,8,0,[],0,1
1753,power_user,58,mixed,2024-01-23,18,13,35.02,630.39,2,16,17,1,"[{""day"": 11, ""milestone"": ""10th_session""}]",0,1
1754,casual_user,64,yoga,2024-03-20,3,3,9.27,27.82,1,2,1,0,[],1,0
1755,casual_user,53,hiit,2024-06-10,5,4,7.73,38.65,2,1,2,0,[],1,0
1756,power_user,28,strength,2024-06-13,5,4,34.38,171.88,2,2,4,0,[],1,0
1757,consistent_user,23,hiit,2024-05-25,15,13,22.02,330.27,6,9,10,3,"[{""day"": 6, ""milestone"": ""3_day_streak""}, {""day"": 15, ""milestone"": ""10th_session""}, {""day"": 16, ""milestone"": ""3_day_streak""}]",0,1
1758,consistent_user,55,hiit,2024-04-17,8,6,21.06,168.5,2,3,5,0,[],0,1
1759,at_risk_user,32,mixed,2024-01-18,3,3,5.89,17.68,1,0,1,0,[],1,0
1760,consistent_user,32,strength,2024-05-04,7,7,21.56,150.94,1,5,3,0,[],0,1
1761,casual_user,60,hiit,2024-01-04,5,5,10.9,54.49,2,1,2,0,[],1,0
1762,casual_user,59,strength,2024-01-10,12,11,10.38,124.51,2,7,4,1,"[{""day"": 26, ""milestone"": ""10th_session""}]",0,0
1763,casual_user,50,rehabilitation,2024-03-24,7,6,8.13,56.93,2,5,4,0,[],1,0
1764,power_user,61,mixed,2024-03-29,21,17,35.94,754.71,6,18,18,3,"[{""day"": 16, ""milestone"": ""3_day_streak""}, {""day"": 19, ""milestone"": ""10th_session""}, {""day"": 24, ""milestone"": ""3_day_streak""}]",0,1
1765,at_risk_user,62,strength,2024-03-01,2,2,3.15,6.29,2,0,0,0,[],1,0
1766,at_risk_user,24,strength,2024-03-03,4,3,4.92,19.66,1,0,0,0,[],1,0
1767,casual_user,65,mixed,2024-06-10,11,11,9.48,104.33,2,5,3,1,"[{""day"": 28, ""milestone"": ""10th_session""}]",0,0
1768,casual_user,47,hiit,2024-06-15,10,9,9.85,98.5,3,2,7,2,"[{""day"": 24, ""milestone"": ""3_day_streak""}, {""day"": 24, ""milestone"": ""10th_session""}]",0,0
1769,casual_user,25,hiit,2024-02-27,4,3,7.48,29.93,1,0,2,0,[],1,0
1770,casual_user,22,yoga,2024-01-06,5,5,9.78,48.9,1,2,2,0,[],1,0
1771,consistent_user,24,cardio,2024-05-10,18,16,22.09,397.67,6,8,15,1,"[{""day"": 8, ""milestone"": ""3_day_streak""}]",0,1
1772,consistent_user,46,strength,2024-05-05,8,8,22.55,180.37,2,5,5,0,[],1,0
1773,at_risk_user,36,hiit,2024-01-10,2,2,4.75,9.49,1,0,1,0,[],1,0
1774,casual_user,40,mixed,2024-01-17,1,1,12.13,12.13,1,0,1,0,[],1,0
1775,consistent_user,44,rehabilitation,2024-05-04,16,14,22.77,364.37,3,9,13,3,"[{""day"": 7, ""milestone"": ""3_day_streak""}, {""day"": 20, ""milestone"": ""10th_session""}, {""day"": 24, ""milestone"": ""3_day_streak""}]",0,1
1776,consistent_user,52,yoga,2024-05-03,16,12,20.08,321.24,3,8,15,2,"[{""day"": 25, ""milestone"": ""10th_session""}, {""day"": 30, ""milestone"": ""3_day_streak""}]",0,1
1777,power_user,21,strength,2024-02-09,14,12,35.57,497.92,3,11,14,3,"[{""day"": 6, ""milestone"": ""3_day_streak""}, {""day"": 10, ""milestone"": ""3_day_streak""}, {""day"": 19, ""milestone"": ""3_day_streak""}]",1,0
1778,at_risk_user,62,strength,2024-06-14,4,4,6.15,24.61,2,0,1,0,[],1,0
1779,casual_user,19,mixed,2024-01-03,7,7,9.68,67.76,3,2,4,1,"[{""day"": 21, ""milestone"": ""3_day_streak""}]",0,0
1780,consistent_user,21,hiit,2024-01-10,15,11,21.84,327.53,3,4,13,1,"[{""day"": 24, ""milestone"": ""3_day_streak""}]",0,1
1781,at_risk_user,22,yoga,2024-04-07,0,0,0.0,0.0,0,0,0,0,[],1,0
1782,consistent_user,22,strength,2024-01-20,12,12,22.53,270.35,2,8,10,1,"[{""day"": 26, ""milestone"": ""10th_session""}]",0,1
1783,casual_user,48,rehabilitation,2024-02-06,5,5,10.11,50.54,1,0,2,0,[],0,0
1784,at_risk_user,26,hiit,2024-02-25,3,3,3.97,11.91,2,2,1,0,[],0,0
1785,power_user,61,mixed,2024-01-10,17,12,33.54,570.16,3,12,17,1,"[{""day"": 16, ""milestone"": ""3_day_streak""}]",0,1
1786,power_user,55,hiit,2024-01-29,27,19,35.5,958.58,6,21,25,2,"[{""day"": 9, ""milestone"": ""3_day_streak""}, {""day"": 18, ""milestone"": ""3_day_streak""}]",0,1
1787,at_risk_user,62,yoga,2024-06-12,3,3,4.29,12.87,1,1,2,0,[],0,0
1788,casual_user,58,hiit,2024-03-27,5,5,8.66,43.32,2,2,2,0,[],1,0
1789,casual_user,49,cardio,2024-04-19,1,1,10.38,10.38,1,0,0,0,[],1,0
1790,casual_user,45,mixed,2024-03-29,5,4,7.2,36.01,2,3,1,0,[],1,0
1791,casual_user,43,cardio,2024-01-14,8,8,10.28,82.2,3,1,5,1,"[{""day"": 21, ""milestone"": ""3_day_streak""}]",0,0
1792,at_risk_user,34,rehabilitation,2024-02-18,0,0,0.0,0.0,0,0,0,0,[],1,0
1793,at_risk_user,58,hiit,2024-02-04,0,0,0.0,0.0,0,0,0,0,[],1,0
1794,power_user,30,yoga,2024-05-30,17,15,35.05,595.79,4,12,16,3,"[{""day"": 5, ""milestone"": ""3_day_streak""}, {""day"": 13, ""milestone"": ""10th_session""}, {""day"": 17, ""milestone"": ""3_day_streak""}]",0,1
1795,consistent_user,65,hiit,2024-04-22,9,7,23.7,213.33,2,1,7,0,[],0,1
1796,power_user,45,cardio,2024-02-08,18,15,34.11,613.95,4,14,18,2,"[{""day"": 15, ""milestone"": ""10th_session""}, {""day"": 16, ""milestone"": ""3_day_streak""}]",0,1
1797,casual_user,44,cardio,2024-04-05,7,6,11.67,81.7,2,0,1,0,[],0,0
1798,casual_user,27,rehabilitation,2024-03-23,8,6,10.22,81.74,1,5,1,0,[],0,0
1799,at_risk_user,20,yoga,2024-06-25,0,0,0.0,0.0,0,0,0,0,[],1,0
1800,casual_user,41,hiit,2024-05-22,12,10,10.91,130.92,4,5,7,2,"[{""day"": 28, ""milestone"": ""10th_session""}, {""day"": 29, ""milestone"": ""3_day_streak""}]",0,0
1801,casual_user,32,hiit,2024-05-12,7,5,10.59,74.13,3,3,3,1,"[{""day"": 11, ""milestone"": ""3_day_streak""}]",1,0
1802,casual_user,62,hiit,2024-01-16,3,3,10.18,30.53,2,1,3,0,[],1,0
1803,power_user,38,rehabilitation,2024-04-26,23,17,34.46,792.52,7,20,21,4,"[{""day"": 8, ""milestone"": ""3_day_streak""}, {""day"": 12, ""milestone"": ""7_day_streak""}, {""day"": 12, ""milestone"": ""10th_session""}, {""day"": 24, ""milestone"": ""3_day_streak""}]",0,1
1804,casual_user,61,rehabilitation,2024-03-22,9,7,9.43,84.84,2,2,6,0,[],0,0
1805,consistent_user,31,strength,2024-01-25,18,15,21.56,388.05,4,11,13,3,"[{""day"": 8, ""milestone"": ""3_day_streak""}, {""day"": 16, ""milestone"": ""10th_session""}, {""day"": 30, ""milestone"": ""3_day_streak""}]",0,1
1806,at_risk_user,25,mixed,2024-04-09,0,0,0.0,0.0,0,0,0,0,[],1,0
1807,power_user,49,mixed,2024-03-14,18,16,35.21,633.72,7,13,15,4,"[{""day"": 9, ""milestone"": ""3_day_streak""}, {""day"": 14, ""milestone"": ""10th_session""}, {""day"": 15, ""milestone"": ""3_day_streak""}, {""day"": 19, ""milestone"": ""7_day_streak""}]",0,1
1808,consistent_user,64,hiit,2024-04-25,14,11,21.33,298.57,2,7,8,1,"[{""day"": 22, ""milestone"": ""10th_session""}]",0,1
1809,casual_user,41,strength,2024-02-03,8,7,9.27,74.12,3,2,3,1,"[{""day"": 15, ""milestone"": ""3_day_streak""}]",0,0
1810,casual_user,49,rehabilitation,2024-05-16,7,7,8.62,60.31,2,4,2,0,[],0,0
1811,casual_user,54,hiit,2024-04-09,4,4,6.78,27.11,1,1,2,0,[],0,0
1812,consistent_user,33,strength,2024-01-05,17,14,20.46,347.9,4,4,13,3,"[{""day"": 10, ""milestone"": ""3_day_streak""}, {""day"": 16, ""milestone"": ""10th_session""}, {""day"": 28, ""milestone"": ""3_day_streak""}]",0,1
1813,casual_user,45,mixed,2024-04-01,8,7,9.06,72.48,2,2,3,0,[],0,0
1814,at_risk_user,60,rehabilitation,2024-04-02,3,3,4.13,12.38,2,0,0,0,[],1,0
1815,at_risk_user,59,strength,2024-06-07,1,1,6.6,6.6,1,0,0,0,[],1,0
1816,power_user,24,mixed,2024-04-05,16,12,35.08,561.26,5,15,15,3,"[{""day"": 11, ""milestone"": ""3_day_streak""}, {""day"": 17, ""milestone"": ""10th_session""}, {""day"": 28, ""milestone"": ""3_day_streak""}]",0,1
1817,casual_user,65,cardio,2024-03-03,3,3,13.51,40.52,1,0,1,0,[],1,0
1818,casual_user,23,yoga,2024-02-21,7,6,9.05,63.34,1,4,4,0,[],0,0
1819,casual_user,28,strength,2024-04-02,7,6,10.9,76.32,2,3,1,0,[],1,0
1820,casual_user,55,cardio,2024-04-14,9,7,8.83,79.51,1,5,5,0,[],0,0
1821,casual_user,28,yoga,2024-02-26,11,10,9.87,108.58,4,2,5,2,"[{""day"": 25, ""milestone"": ""3_day_streak""}, {""day"": 25, ""milestone"": ""10th_session""}]",0,0
1822,consistent_user,48,yoga,2024-06-08,18,14,23.44,421.9,3,10,16,3,"[{""day"": 19, ""milestone"": ""10th_session""}, {""day"": 21, ""milestone"": ""3_day_streak""}, {""day"": 26, ""milestone"": ""3_day_streak""}]",0,1
1823,at_risk_user,57,hiit,2024-01-31,1,1,4.09,4.09,1,0,1,0,[],1,0
1824,power_user,36,rehabilitation,2024-02-20,11,10,32.95,362.4,2,8,10,1,"[{""day"": 26, ""milestone"": ""10th_session""}]",0,1
1825,power_user,65,strength,2024-02-01,9,7,36.37,327.3,2,6,9,0,[],1,0
1826,at_risk_user,38,mixed,2024-01-29,4,4,4.03,16.13,1,2,1,0,[],0,0
1827,power_user,22,yoga,2024-06-11,27,24,32.77,884.83,9,17,27,6,"[{""day"": 3, ""milestone"": ""3_day_streak""}, {""day"": 7, ""milestone"": ""7_day_streak""}, {""day"": 8, ""milestone"": ""10th_session""}, {""day"": 13, ""milestone"": ""3_day_streak""}, {""day"": 21, ""milestone"": ""3_day_streak""}, {""day"": 27, ""milestone"": ""3_day_streak""}]",0,1
1828,consistent_user,44,hiit,2024-05-07,7,6,19.63,137.44,2,4,5,0,[],1,0
1829,power_user,60,rehabilitation,2024-02-07,18,15,32.99,593.9,3,17,17,3,"[{""day"": 14, ""milestone"": ""3_day_streak""}, {""day"": 14, ""milestone"": ""10th_session""}, {""day"": 30, ""milestone"": ""3_day_streak""}]",0,1
1830,at_risk_user,43,yoga,2024-02-10,3,3,5.08,15.23,2,0,0,0,[],1,0
1831,power_user,39,mixed,2024-05-16,16,12,34.19,547.06,3,11,16,1,"[{""day"": 15, ""milestone"": ""3_day_streak""}]",0,1
1832,casual_user,50,hiit,2024-05-31,11,10,9.26,101.87,4,3,4,1,"[{""day"": 3, ""milestone"": ""3_day_streak""}]",0,0
1833,consistent_user,62,cardio,2024-04-26,14,12,20.6,288.38,3,3,13,3,"[{""day"": 9, ""milestone"": ""3_day_streak""}, {""day"": 17, ""milestone"": ""10th_session""}, {""day"": 18, ""milestone"": ""3_day_streak""}]",0,1
1834,consistent_user,46,cardio,2024-03-14,13,10,22.72,295.34,3,7,9,1,"[{""day"": 17, ""milestone"": ""3_day_streak""}]",0,1
1835,at_risk_user,49,cardio,2024-01-22,3,3,5.79,17.36,1,1,2,0,[],0,0
1836,consistent_user,60,hiit,2024-04-04,7,7,22.53,157.7,2,6,6,0,[],0,1
1837,power_user,59,hiit,2024-03-14,15,14,33.0,494.98,5,14,12,3,"[{""day"": 5, ""milestone"": ""3_day_streak""}, {""day"": 11, ""milestone"": ""3_day_streak""}, {""day"": 13, ""milestone"": ""10th_session""}]",0,1
1838,power_user,58,rehabilitation,2024-02-02,17,12,34.34,583.85,4,12,17,1,"[{""day"": 3, ""milestone"": ""3_day_streak""}]",0,1
1839,casual_user,38,mixed,2024-03-02,6,5,12.13,72.77,1,3,2,0,[],0,0
1840,casual_user,59,mixed,2024-03-27,5,5,10.47,52.35,1,1,3,0,[],0,0
1841,casual_user,41,mixed,2024-03-16,7,5,7.14,49.99,1,0,5,0,[],0,0
1842,consistent_user,61,mixed,2024-04-17,12,10,21.57,258.78,3,10,7,2,"[{""day"": 3, ""milestone"": ""3_day_streak""}, {""day"": 20, ""milestone"": ""10th_session""}]",0,1
1843,consistent_user,46,yoga,2024-04-26,8,8,19.52,156.19,3,5,4,1,"[{""day"": 24, ""milestone"": ""3_day_streak""}]",0,1
1844,at_risk_user,42,strength,2024-01-24,1,1,4.22,4.22,1,1,1,0,[],1,0
1845,consistent_user,25,rehabilitation,2024-04-04,14,11,23.88,334.3,4,3,10,2,"[{""day"": 22, ""milestone"": ""10th_session""}, {""day"": 24, ""milestone"": ""3_day_streak""}]",0,1
1846,consistent_user,30,hiit,2024-02-15,9,8,23.34,210.02,2,4,8,0,[],0,1
1847,consistent_user,44,cardio,2024-05-10,10,10,22.08,220.8,2,5,10,1,"[{""day"": 29, ""milestone"": ""10th_session""}]",0,1
1848,at_risk_user,49,mixed,2024-05-22,2,2,4.05,8.11,1,1,1,0,[],1,0
1849,casual_user,45,strength,2024-05-01,11,9,9.89,108.82,2,1,8,0,[],0,0
1850,casual_user,54,mixed,2024-03-26,7,6,9.89,69.23,2,4,5,0,[],0,0
1851,at_risk_user,50,hiit,2024-05-22,1,1,7.55,7.55,1,0,0,0,[],1,0
1852,consistent_user,48,yoga,2024-03-12,10,9,22.44,224.38,2,5,7,1,"[{""day"": 29, ""milestone"": ""10th_session""}]",0,1
1853,consistent_user,53,rehabilitation,2024-01-15,13,11,21.65,281.46,4,5,11,3,"[{""day"": 23, ""milestone"": ""3_day_streak""}, {""day"": 26, ""milestone"": ""10th_session""}, {""day"": 30, ""milestone"": ""3_day_streak""}]",0,1
1854,consistent_user,27,rehabilitation,2024-01-26,16,14,21.96,351.36,3,9,12,2,"[{""day"": 4, ""milestone"": ""3_day_streak""}, {""day"": 17, ""milestone"": ""10th_session""}]",0,1
1855,consistent_user,48,cardio,2024-04-18,12,10,22.67,272.02,2,5,8,1,"[{""day"": 22, ""milestone"": ""10th_session""}]",0,1
1856,casual_user,54,strength,2024-06-17,1,1,8.93,8.93,1,1,0,0,[],1,0
1857,at_risk_user,46,cardio,2024-01-09,4,4,4.09,16.36,1,1,3,0,[],0,0
1858,power_user,58,yoga,2024-06-20,9,8,33.38,300.42,3,8,8,1,"[{""day"": 29, ""milestone"": ""3_day_streak""}]",0,1
1859,casual_user,65,mixed,2024-06-24,8,7,9.88,79.07,2,0,5,0,[],0,0
1860,casual_user,42,rehabilitation,2024-01-22,9,8,9.43,84.86,3,2,5,1,"[{""day"": 24, ""milestone"": ""3_day_streak""}]",0,0
1861,casual_user,53,strength,2024-03-20,3,3,13.65,40.95,2,2,3,0,[],1,0
1862,consistent_user,36,cardio,2024-03-04,4,4,20.42,81.68,1,4,2,0,[],1,0
1863,casual_user,49,rehabilitation,2024-01-07,10,8,10.62,106.24,2,1,8,1,"[{""day"": 29, ""milestone"": ""10th_session""}]",0,0
1864,at_risk_user,62,rehabilitation,2024-03-05,2,2,4.24,8.47,1,1,0,0,[],0,0
1865,casual_user,39,cardio,2024-05-17,6,5,11.71,70.23,1,0,6,0,[],0,0
1866,at_risk_user,47,yoga,2024-01-07,4,4,5.0,20.01,1,0,3,0,[],1,0
1867,consistent_user,24,strength,2024-05-27,16,15,23.7,379.21,4,9,13,2,"[{""day"": 20, ""milestone"": ""10th_session""}, {""day"": 22, ""milestone"": ""3_day_streak""}]",0,1
1868,casual_user,32,yoga,2024-04-14,9,8,10.31,92.82,1,2,7,0,[],0,0
1869,power_user,38,hiit,2024-04-22,13,13,36.21,470.79,3,10,13,3,"[{""day"": 10, ""milestone"": ""3_day_streak""}, {""day"": 25, ""milestone"": ""10th_session""}, {""day"": 27, ""milestone"": ""3_day_streak""}]",0,1
1870,consistent_user,28,mixed,2024-06-11,18,13,21.5,387.02,2,11,17,1,"[{""day"": 13, ""milestone"": ""10th_session""}]",0,1
1871,consistent_user,39,mixed,2024-04-19,6,6,21.93,131.56,6,4,4,1,"[{""day"": 4, ""milestone"": ""3_day_streak""}]",1,0
1872,at_risk_user,23,rehabilitation,2024-05-26,1,1,4.65,4.65,1,0,1,0,[],1,0
1873,casual_user,28,mixed,2024-05-04,5,4,11.13,55.63,1,0,4,0,[],0,0
1874,casual_user,41,strength,2024-04-30,8,7,9.71,77.68,2,4,7,0,[],0,0
1875,at_risk_user,42,hiit,2024-01-29,0,0,0.0,0.0,0,0,0,0,[],1,0
1876,at_risk_user,28,rehabilitation,2024-04-08,1,1,7.91,7.91,1,1,0,0,[],1,0
1877,casual_user,56,hiit,2024-03-07,7,6,11.47,80.26,2,0,6,0,[],0,0
1878,power_user,65,yoga,2024-02-21,15,13,34.53,517.9,3,12,15,4,"[{""day"": 5, ""milestone"": ""3_day_streak""}, {""day"": 17, ""milestone"": ""10th_session""}, {""day"": 18, ""milestone"": ""3_day_streak""}, {""day"": 30, ""milestone"": ""3_day_streak""}]",0,1
1879,consistent_user,46,rehabilitation,2024-04-01,12,10,19.72,236.61,2,8,10,1,"[{""day"": 25, ""milestone"": ""10th_session""}]",0,1
1880,casual_user,64,rehabilitation,2024-02-07,9,8,9.1,81.93,5,1,6,1,"[{""day"": 13, ""milestone"": ""3_day_streak""}]",1,0
1881,consistent_user,36,cardio,2024-04-12,12,11,20.63,247.59,3,8,12,2,"[{""day"": 7, ""milestone"": ""3_day_streak""}, {""day"": 24, ""milestone"": ""10th_session""}]",0,1
1882,power_user,43,hiit,2024-03-16,18,14,34.77,625.83,2,15,18,1,"[{""day"": 13, ""milestone"": ""10th_session""}]",0,1
1883,casual_user,41,cardio,2024-02-25,4,3,10.93,43.71,1,0,1,0,[],1,0
1884,consistent_user,50,mixed,2024-01-02,10,9,22.74,227.44,1,3,6,1,"[{""day"": 30, ""milestone"": ""10th_session""}]",0,1
1885,power_user,37,cardio,2024-05-27,19,17,35.02,665.29,6,18,19,2,"[{""day"": 6, ""milestone"": ""3_day_streak""}, {""day"": 13, ""milestone"": ""10th_session""}]",0,1
1886,consistent_user,29,hiit,2024-05-02,9,9,21.85,196.66,3,3,7,1,"[{""day"": 3, ""milestone"": ""3_day_streak""}]",0,1
1887,at_risk_user,20,mixed,2024-06-12,1,1,2.77,2.77,1,0,1,0,[],1,0
1888,power_user,19,yoga,2024-01-07,12,10,34.12,409.48,1,10,11,0,[],0,1
1889,casual_user,54,mixed,2024-05-15,11,11,10.37,114.02,2,6,8,1,"[{""day"": 28, ""milestone"": ""10th_session""}]",0,0
1890,casual_user,40,mixed,2024-01-06,3,3,8.39,25.17,2,1,1,0,[],1,0
1891,consistent_user,56,mixed,2024-01-18,10,9,21.84,218.41,2,5,8,1,"[{""day"": 20, ""milestone"": ""10th_session""}]",0,1
1892,casual_user,45,yoga,2024-02-20,8,6,11.15,89.2,2,0,6,0,[],0,0
1893,consistent_user,49,mixed,2024-06-12,5,4,22.75,113.74,2,5,2,0,[],1,0
1894,power_user,31,mixed,2024-01-27,14,13,33.52,469.34,3,10,14,3,"[{""day"": 18, ""milestone"": ""3_day_streak""}, {""day"": 25, ""milestone"": ""10th_session""}, {""day"": 27, ""milestone"": ""3_day_streak""}]",0,1
1895,casual_user,59,strength,2024-05-09,4,4,9.7,38.79,2,2,2,0,[],1,0
1896,casual_user,24,yoga,2024-06-14,10,10,10.35,103.46,6,2,8,2,"[{""day"": 4, ""milestone"": ""3_day_streak""}, {""day"": 28, ""milestone"": ""10th_session""}]",0,0
1897,at_risk_user,56,rehabilitation,2024-01-31,2,2,6.53,13.05,1,0,1,0,[],1,0
1898,casual_user,61,mixed,2024-01-25,5,3,10.91,54.53,1,2,0,0,[],1,0
1899,at_risk_user,35,mixed,2024-05-02,2,2,6.25,12.51,2,0,2,0,[],1,0
1900,casual_user,58,yoga,2024-04-04,0,0,0.0,0.0,0,0,0,0,[],1,0
1901,casual_user,23,rehabilitation,2024-02-05,10,7,10.94,109.36,2,4,2,1,"[{""day"": 24, ""milestone"": ""10th_session""}]",0,0
1902,casual_user,38,hiit,2024-02-25,10,8,10.48,104.82,2,5,2,1,"[{""day"": 29, ""milestone"": ""10th_session""}]",0,0
1903,casual_user,48,rehabilitation,2024-04-23,11,11,8.67,95.32,3,6,5,2,"[{""day"": 5, ""milestone"": ""3_day_streak""}, {""day"": 27, ""milestone"": ""10th_session""}]",0,0
1904,consistent_user,36,rehabilitation,2024-02-08,15,12,22.04,330.6,3,11,11,2,"[{""day"": 19, ""milestone"": ""3_day_streak""}, {""day"": 26, ""milestone"": ""3_day_streak""}]",0,1
1905,consistent_user,62,rehabilitation,2024-03-03,12,10,19.32,231.85,3,7,9,2,"[{""day"": 8, ""milestone"": ""3_day_streak""}, {""day"": 20, ""milestone"": ""10th_session""}]",0,1
1906,casual_user,64,yoga,2024-01-02,5,3,8.74,43.72,1,0,3,0,[],1,0
1907,casual_user,31,yoga,2024-03-01,4,3,7.91,31.65,2,4,1,0,[],1,0
1908,at_risk_user,61,cardio,2024-04-08,1,1,4.0,4.0,1,0,0,0,[],1,0
1909,power_user,63,mixed,2024-04-01,25,18,35.29,882.31,6,19,24,4,"[{""day"": 3, ""milestone"": ""3_day_streak""}, {""day"": 8, ""milestone"": ""10th_session""}, {""day"": 22, ""milestone"": ""3_day_streak""}, {""day"": 28, ""milestone"": ""3_day_streak""}]",0,1
1910,casual_user,27,strength,2024-02-02,10,10,10.29,102.94,3,1,5,2,"[{""day"": 10, ""milestone"": ""3_day_streak""}, {""day"": 29, ""milestone"": ""10th_session""}]",0,0
1911,consistent_user,42,strength,2024-03-14,20,16,21.66,433.27,4,7,17,3,"[{""day"": 7, ""milestone"": ""3_day_streak""}, {""day"": 14, ""milestone"": ""10th_session""}, {""day"": 16, ""milestone"": ""3_day_streak""}]",0,1
1912,casual_user,60,cardio,2024-06-25,0,0,0.0,0.0,0,0,0,0,[],1,0
1913,power_user,20,rehabilitation,2024-03-07,12,12,35.81,429.75,4,9,12,3,"[{""day"": 4, ""milestone"": ""3_day_streak""}, {""day"": 19, ""milestone"": ""3_day_streak""}, {""day"": 22, ""milestone"": ""10th_session""}]",0,1
1914,casual_user,63,hiit,2024-02-03,8,8,8.03,64.27,1,3,4,0,[],0,0
1915,casual_user,55,yoga,2024-04-09,5,4,9.53,47.63,2,2,1,0,[],1,0
1916,power_user,65,hiit,2024-05-26,23,19,36.83,847.05,5,17,21,4,"[{""day"": 5, ""milestone"": ""3_day_streak""}, {""day"": 11, ""milestone"": ""10th_session""}, {""day"": 15, ""milestone"": ""3_day_streak""}, {""day"": 26, ""milestone"": ""3_day_streak""}]",0,1
1917,casual_user,57,strength,2024-01-03,2,2,5.98,11.96,1,0,0,0,[],1,0
1918,casual_user,47,hiit,2024-05-04,4,4,11.19,44.77,1,2,1,0,[],0,0
1919,consistent_user,43,rehabilitation,2024-04-08,11,9,23.41,257.48,2,2,9,0,[],0,1
1920,power_user,47,yoga,2024-02-16,16,12,34.63,554.06,3,12,16,1,"[{""day"": 19, ""milestone"": ""3_day_streak""}]",0,1
1921,power_user,46,yoga,2024-05-03,25,20,35.92,898.08,5,21,24,4,"[{""day"": 8, ""milestone"": ""3_day_streak""}, {""day"": 14, ""milestone"": ""3_day_streak""}, {""day"": 14, ""milestone"": ""10th_session""}, {""day"": 24, ""milestone"": ""3_day_streak""}]",0,1
1922,at_risk_user,26,rehabilitation,2024-04-29,0,0,0.0,0.0,0,0,0,0,[],1,0
1923,consistent_user,37,cardio,2024-06-06,11,10,21.13,232.39,2,5,5,1,"[{""day"": 28, ""milestone"": ""10th_session""}]",0,1
1924,casual_user,45,yoga,2024-04-09,2,2,6.75,13.5,1,1,1,0,[],1,0
1925,at_risk_user,19,strength,2024-02-23,5,3,6.96,34.8,1,0,3,0,[],1,0
1926,consistent_user,41,mixed,2024-06-05,18,14,23.57,424.21,4,7,14,2,"[{""day"": 18, ""milestone"": ""10th_session""}, {""day"": 29, ""milestone"": ""3_day_streak""}]",0,1
1927,casual_user,62,hiit,2024-06-14,5,4,9.47,47.33,1,0,0,0,[],1,0
1928,consistent_user,58,cardio,2024-02-02,14,12,23.32,326.48,3,7,10,2,"[{""day"": 8, ""milestone"": ""3_day_streak""}, {""day"": 19, ""milestone"": ""10th_session""}]",0,1
1929,at_risk_user,41,rehabilitation,2024-06-27,3,3,3.77,11.3,2,1,1,0,[],1,0
1930,consistent_user,56,yoga,2024-06-14,10,10,22.43,224.3,2,7,8,1,"[{""day"": 27, ""milestone"": ""10th_session""}]",0,1
1931,casual_user,61,rehabilitation,2024-02-09,4,4,11.35,45.4,2,1,2,0,[],1,0
1932,consistent_user,51,rehabilitation,2024-06-10,14,13,22.26,311.6,7,5,11,3,"[{""day"": 12, ""milestone"": ""3_day_streak""}, {""day"": 16, ""milestone"": ""7_day_streak""}, {""day"": 16, ""milestone"": ""10th_session""}]",0,1
1933,casual_user,33,cardio,2024-03-03,8,7,8.38,67.01,3,2,3,1,"[{""day"": 24, ""milestone"": ""3_day_streak""}]",0,0
1934,consistent_user,58,mixed,2024-06-23,9,8,20.74,186.67,2,2,6,0,[],0,1
1935,power_user,19,hiit,2024-03-03,13,9,34.99,454.84,3,12,13,1,"[{""day"": 27, ""milestone"": ""3_day_streak""}]",0,1
1936,consistent_user,45,rehabilitation,2024-03-24,13,10,22.53,292.86,2,8,11,0,[],0,1
1937,power_user,60,yoga,2024-04-22,15,11,33.86,507.94,3,13,15,1,"[{""day"": 29, ""milestone"": ""3_day_streak""}]",0,1
1938,casual_user,60,hiit,2024-05-02,7,6,10.06,70.45,2,1,2,0,[],0,0
1939,casual_user,58,mixed,2024-06-26,9,8,10.33,93.0,3,2,7,1,"[{""day"": 22, ""milestone"": ""3_day_streak""}]",0,0
1940,power_user,48,strength,2024-02-03,14,12,33.5,469.05,3,12,12,2,"[{""day"": 16, ""milestone"": ""3_day_streak""}, {""day"": 16, ""milestone"": ""10th_session""}]",0,1
1941,consistent_user,53,mixed,2024-02-24,14,13,23.36,327.09,7,4,11,3,"[{""day"": 12, ""milestone"": ""3_day_streak""}, {""day"": 15, ""milestone"": ""10th_session""}, {""day"": 16, ""milestone"": ""7_day_streak""}]",0,1
1942,casual_user,33,strength,2024-01-16,6,5,10.41,62.47,2,1,3,0,[],0,0
1943,power_user,61,cardio,2024-02-16,17,14,37.59,639.03,3,15,17,2,"[{""day"": 19, ""milestone"": ""10th_session""}, {""day"": 24, ""milestone"": ""3_day_streak""}]",0,1
1944,consistent_user,62,mixed,2024-06-28,14,13,23.62,330.65,4,6,10,3,"[{""day"": 8, ""milestone"": ""3_day_streak""}, {""day"": 14, ""milestone"": ""3_day_streak""}, {""day"": 14, ""milestone"": ""10th_session""}]",0,1
1945,casual_user,21,mixed,2024-03-26,10,8,10.64,106.45,3,3,5,2,"[{""day"": 27, ""milestone"": ""3_day_streak""}, {""day"": 27, ""milestone"": ""10th_session""}]",0,0
1946,consistent_user,64,strength,2024-03-12,11,10,22.34,245.75,2,4,9,1,"[{""day"": 28, ""milestone"": ""10th_session""}]",0,1
1947,consistent_user,43,yoga,2024-03-29,22,17,22.5,495.09,4,14,12,5,"[{""day"": 4, ""milestone"": ""3_day_streak""}, {""day"": 8, ""milestone"": ""3_day_streak""}, {""day"": 8, ""milestone"": ""10th_session""}, {""day"": 20, ""milestone"": ""3_day_streak""}, {""day"": 26, ""milestone"": ""3_day_streak""}]",0,1
1948,at_risk_user,41,hiit,2024-04-09,0,0,0.0,0.0,0,0,0,0,[],1,0
1949,consistent_user,22,rehabilitation,2024-01-17,13,13,20.99,272.84,2,5,11,1,"[{""day"": 21, ""milestone"": ""10th_session""}]",0,1
1950,consistent_user,62,cardio,2024-04-13,14,12,22.94,321.12,4,5,7,2,"[{""day"": 10, ""milestone"": ""3_day_streak""}, {""day"": 15, ""milestone"": ""10th_session""}]",0,1
1951,at_risk_user,53,rehabilitation,2024-06-29,2,2,7.33,14.66,1,0,1,0,[],1,0
1952,at_risk_user,62,yoga,2024-03-24,1,1,3.7,3.7,1,0,0,0,[],1,0
1953,casual_user,19,strength,2024-03-02,3,3,8.38,25.14,1,1,2,0,[],1,0
1954,casual_user,22,rehabilitation,2024-04-16,3,2,7.58,22.75,2,3,3,0,[],1,0
1955,casual_user,33,yoga,2024-03-19,5,5,11.31,56.54,1,2,4,0,[],0,0
1956,power_user,48,yoga,2024-03-22,15,12,31.81,477.22,3,9,15,3,"[{""day"": 16, ""milestone"": ""3_day_streak""}, {""day"": 21, ""milestone"": ""10th_session""}, {""day"": 26, ""milestone"": ""3_day_streak""}]",0,1
1957,at_risk_user,64,hiit,2024-01-25,2,2,5.0,10.0,1,0,2,0,[],1,0
1958,casual_user,28,cardio,2024-06-11,10,9,8.95,89.5,3,6,4,2,"[{""day"": 13, ""milestone"": ""3_day_streak""}, {""day"": 29, ""milestone"": ""10th_session""}]",0,0
1959,consistent_user,59,rehabilitation,2024-05-03,10,9,22.06,220.57,2,4,9,1,"[{""day"": 24, ""milestone"": ""10th_session""}]",0,1
1960,casual_user,47,yoga,2024-06-17,5,5,10.65,53.26,2,1,2,0,[],0,0
1961,at_risk_user,47,yoga,2024-03-13,2,2,5.19,10.37,1,1,0,0,[],1,0
1962,casual_user,34,cardio,2024-02-12,12,11,11.22,134.7,3,4,10,2,"[{""day"": 27, ""milestone"": ""10th_session""}, {""day"": 29, ""milestone"": ""3_day_streak""}]",0,0
1963,casual_user,29,hiit,2024-04-20,11,10,8.78,96.56,2,4,4,1,"[{""day"": 26, ""milestone"": ""10th_session""}]",0,0
1964,casual_user,55,rehabilitation,2024-01-20,5,5,9.79,48.94,2,3,2,0,[],1,0
1965,casual_user,58,yoga,2024-06-07,6,5,10.46,62.76,2,1,2,0,[],0,0
1966,consistent_user,39,strength,2024-03-07,14,13,22.67,317.34,4,6,8,3,"[{""day"": 13, ""milestone"": ""3_day_streak""}, {""day"": 14, ""milestone"": ""10th_session""}, {""day"": 30, ""milestone"": ""3_day_streak""}]",0,1
1967,power_user,56,hiit,2024-01-03,16,14,35.38,566.08,4,16,15,4,"[{""day"": 7, ""milestone"": ""3_day_streak""}, {""day"": 14, ""milestone"": ""3_day_streak""}, {""day"": 19, ""milestone"": ""10th_session""}, {""day"": 24, ""milestone"": ""3_day_streak""}]",0,1
1968,at_risk_user,35,mixed,2024-06-10,1,1,7.26,7.26,1,0,0,0,[],1,0
1969,consistent_user,55,mixed,2024-01-29,16,14,21.59,345.5,3,9,11,2,"[{""day"": 20, ""milestone"": ""10th_session""}, {""day"": 22, ""milestone"": ""3_day_streak""}]",0,1
1970,casual_user,62,mixed,2024-01-20,7,7,9.32,65.22,2,2,2,0,[],0,0
1971,at_risk_user,20,rehabilitation,2024-05-09,0,0,0.0,0.0,0,0,0,0,[],1,0
1972,at_risk_user,61,yoga,2024-03-25,2,2,5.31,10.63,1,0,1,0,[],0,0
1973,consistent_user,55,hiit,2024-05-24,15,10,23.26,348.92,3,9,14,2,"[{""day"": 18, ""milestone"": ""10th_session""}, {""day"": 19, ""milestone"": ""3_day_streak""}]",0,1
1974,at_risk_user,56,strength,2024-06-21,2,2,4.92,9.83,1,0,2,0,[],1,0
1975,consistent_user,22,mixed,2024-01-17,17,15,23.81,404.81,4,7,15,3,"[{""day"": 3, ""milestone"": ""3_day_streak""}, {""day"": 16, ""milestone"": ""10th_session""}, {""day"": 20, ""milestone"": ""3_day_streak""}]",0,1
1976,consistent_user,46,yoga,2024-01-01,11,9,25.08,275.9,3,6,9,2,"[{""day"": 7, ""milestone"": ""3_day_streak""}, {""day"": 23, ""milestone"": ""10th_session""}]",0,1
1977,at_risk_user,40,rehabilitation,2024-02-26,0,0,0.0,0.0,0,0,0,0,[],1,0
1978,power_user,47,mixed,2024-06-14,13,11,35.66,463.6,3,7,13,2,"[{""day"": 9, ""milestone"": ""3_day_streak""}, {""day"": 25, ""milestone"": ""10th_session""}]",0,1
1979,power_user,55,strength,2024-02-04,22,18,36.41,801.1,3,20,21,4,"[{""day"": 3, ""milestone"": ""3_day_streak""}, {""day"": 12, ""milestone"": ""10th_session""}, {""day"": 24, ""milestone"": ""3_day_streak""}, {""day"": 30, ""milestone"": ""3_day_streak""}]",0,1
1980,power_user,49,mixed,2024-02-17,10,10,33.87,338.66,2,9,10,1,"[{""day"": 30, ""milestone"": ""10th_session""}]",0,1
1981,consistent_user,58,mixed,2024-01-13,11,9,25.82,283.97,4,9,10,1,"[{""day"": 6, ""milestone"": ""3_day_streak""}]",0,1
1982,consistent_user,28,yoga,2024-05-01,11,9,22.91,251.96,3,1,9,2,"[{""day"": 3, ""milestone"": ""3_day_streak""}, {""day"": 28, ""milestone"": ""10th_session""}]",0,1
1983,at_risk_user,57,hiit,2024-06-29,1,1,4.53,4.53,1,0,1,0,[],1,0
1984,casual_user,28,hiit,2024-04-07,10,8,10.47,104.67,2,5,3,1,"[{""day"": 25, ""milestone"": ""10th_session""}]",0,0
1985,consistent_user,26,yoga,2024-01-24,10,8,21.39,213.92,1,5,6,1,"[{""day"": 26, ""milestone"": ""10th_session""}]",0,1
1986,casual_user,41,strength,2024-05-18,3,3,10.56,31.68,1,1,1,0,[],1,0
1987,power_user,44,strength,2024-03-13,20,17,33.79,675.74,4,15,20,4,"[{""day"": 7, ""milestone"": ""3_day_streak""}, {""day"": 16, ""milestone"": ""10th_session""}, {""day"": 18, ""milestone"": ""3_day_streak""}, {""day"": 28, ""milestone"": ""3_day_streak""}]",0,1
1988,at_risk_user,37,hiit,2024-02-01,3,3,4.01,12.02,1,1,1,0,[],0,0
1989,consistent_user,23,strength,2024-05-05,12,11,22.05,264.63,3,4,10,2,"[{""day"": 15, ""milestone"": ""3_day_streak""}, {""day"": 23, ""milestone"": ""10th_session""}]",0,1
1990,at_risk_user,60,hiit,2024-05-28,4,4,6.33,25.34,2,2,2,0,[],1,0
1991,at_risk_user,58,mixed,2024-02-03,5,5,5.61,28.07,2,2,1,0,[],0,0
1992,casual_user,37,cardio,2024-02-24,9,7,10.32,92.87,2,1,4,0,[],0,0
1993,consistent_user,56,cardio,2024-05-05,11,11,22.84,251.27,4,5,8,2,"[{""day"": 17, ""milestone"": ""3_day_streak""}, {""day"": 29, ""milestone"": ""10th_session""}]",0,1
1994,casual_user,36,mixed,2024-04-15,4,4,9.23,36.91,2,1,1,0,[],1,0
1995,consistent_user,49,cardio,2024-06-26,21,17,21.22,445.55,7,10,18,3,"[{""day"": 11, ""milestone"": ""3_day_streak""}, {""day"": 12, ""milestone"": ""10th_session""}, {""day"": 15, ""milestone"": ""7_day_streak""}]",0,1
1996,consistent_user,27,cardio,2024-01-20,14,14,23.81,333.4,3,6,13,3,"[{""day"": 3, ""milestone"": ""3_day_streak""}, {""day"": 13, ""milestone"": ""3_day_streak""}, {""day"": 18, ""milestone"": ""10th_session""}]",0,1
1997,consistent_user,59,yoga,2024-06-08,15,13,19.93,298.96,4,8,8,2,"[{""day"": 9, ""milestone"": ""3_day_streak""}, {""day"": 12, ""milestone"": ""10th_session""}]",0,1
1998,casual_user,20,yoga,2024-04-14,2,2,9.68,19.35,1,0,1,0,[],1,0
1999,consistent_user,29,yoga,2024-01-15,20,16,22.05,440.98,5,11,19,3,"[{""day"": 3, ""milestone"": ""3_day_streak""}, {""day"": 7, ""milestone"": ""3_day_streak""}, {""day"": 12, ""milestone"": ""3_day_streak""}]",0,1
2000,consistent_user,64,hiit,2024-04-30,15,11,21.45,321.69,3,10,10,2,"[{""day"": 7, ""milestone"": ""3_day_streak""}, {""day"": 16, ""milestone"": ""3_day_streak""}]",0,1
